breached_by_minutes,status_history_id,ticket_id,updated_by,previous_status,current_status,timestamp,sla_flag,remark,timestamp_utc,created_at_utc
5670,1cdf5127-8c91-43da-ad67-3bfe48377716,TKT-1-202607-00002,umesh.k,2,3,"2026-07-14 14:20:00",0,"Dear sir, once will get the mail, we can take necessary action for the report.","2026-07-14 08:50:00.098862","2026-07-14 08:50:00.098862"
5670,0686c6e4-a1af-4e0c-8868-c130c4722537,TKT-1-202607-00002,285106,3,2,"2026-07-14 13:48:08",0,"E-mail has been sent from depot end","2026-07-14 08:18:07.636392","2026-07-14 08:18:07.636392"
5670,dfdb355e-60d4-4bd0-a626-5830d5844e35,TKT-1-202607-00002,umesh.k,2,3,"2026-07-07 10:09:51",0,"Dear sir, kindly send an official mail from FCI to coforge with updated formula, so that we can necessary action.","2026-07-07 04:39:51.237329","2026-07-07 04:39:51.237329"
5670,cbaec76a-a601-4bcb-b9b7-5dded16d2c9f,TKT-1-202607-00002,vikram6singh,1,2,"2026-07-01 08:57:31",1,"Please check.","2026-07-01 03:27:31.000000","2026-07-01 03:27:31.000000"
5670,c8515be1-c346-43f2-a147-6440b2a98ecc,TKT-1-202607-00002,285106,7,10,"2026-07-14 18:23:42",0,"TKT-1-202607-00001 pertains to mismatch in 29.10 statements of rice, whereas TKT-1-202607-00002 pertains to mismatch in 29.10 statements of wheat. Therefore, this ticket cannot be closed as duplicate.","2026-07-14 12:53:41.666793","2026-07-14 12:53:41.666793"
5670,c797f6f4-eca4-46d7-8d6d-dde0e3c89966,TKT-1-202607-00002,umesh.k,2,3,"2026-07-01 12:14:07",0,"kindly refer comment section for more information.","2026-07-01 06:44:07.000000","2026-07-01 06:44:07.000000"
5670,bd2c108f-3a1e-496f-98cb-75ca8084868c,TKT-1-202607-00002,285106,3,2,"2026-07-14 15:10:54",0,"Since the resolution of the mismatch has to be provided from your end, the ticket may be kept pending at your end please","2026-07-14 09:40:53.948720","2026-07-14 09:40:53.948720"
5670,b900e1ab-5c2b-4de7-b602-cb44b0258deb,TKT-1-202607-00002,umesh.k,2,7,"2026-07-27 14:18:34",0,"This issue is already being tracked under master ticket TKT-1-202604-02629. so we are Closing this ticket.","2026-07-27 08:48:34.029283","2026-07-27 08:48:34.029283"
5670,9d5af677-c93e-4dcb-b20d-b8cd59006d94,TKT-1-202607-00002,vikram6singh,10,2,"2026-07-15 04:11:01",0,"Please check.","2026-07-15 04:11:00.713127","2026-07-15 04:11:00.713127"
5670,779cb4ec-2db5-41b9-b881-e158786d50fe,TKT-1-202607-00002,285106,3,2,"2026-07-06 17:02:24",0,"Mismatch in Column no. 4&8 (Received and Issued bags), Column no. 6 (Receipt moisture), Column no. 12, Column no. 15, Column no. 16, Column no. 17, Column no. 19, Column no. 20 & 21","2026-07-06 11:32:23.772351","2026-07-06 11:32:23.772351"
5670,6068720a-65b0-45b7-b4db-44e76c9f8790,TKT-1-202607-00002,umesh.k,2,7,"2026-07-14 16:26:25",0,"This issue has already being tracked under ticket TKT-1-202607-00001. So this ticket will be closed as a duplicate.","2026-07-14 10:56:24.503856","2026-07-14 10:56:24.503856"
5670,4f470dda-45b6-459c-af20-c632bdf23d70,TKT-1-202607-00002,285106,NULL,1,"2026-07-01 00:36:46",0,New,"2026-06-30 19:06:46.000000","2026-06-30 19:06:46.000000"
3620,631a35bc-3d2e-4d51-94a5-735423a5a5b6,TKT-1-202607-00014,mukeshkumar,2,7,"2026-07-10 14:38:15",0,"As per the user confirmation, marked the ticket as resolved.","2026-07-10 09:08:14.698142","2026-07-10 09:08:14.698142"
3620,f041d2f0-52a6-4999-bb84-ee601a4d4723,TKT-1-202607-00014,mukeshkumar,2,3,"2026-07-10 14:28:13",0,"As discussed over the call, kindly update the ticket","2026-07-10 08:58:13.484611","2026-07-10 08:58:13.484611"
3620,c231583c-501a-492a-bf10-43e0e8150ece,TKT-1-202607-00014,vikram6singh,1,2,"2026-07-01 13:03:16",1,"Please check","2026-07-01 07:33:16.000000","2026-07-01 07:33:16.000000"
3620,8507571b-0ea8-44bd-98b6-dcfe93904eeb,TKT-1-202607-00014,umesh.k,2,3,"2026-07-03 17:00:05",0,"Sir, seems like pv has been completed. Please check.","2026-07-03 11:30:05.000000","2026-07-03 11:30:05.000000"
3620,80410be5-d436-4bf9-b2f1-0e2a98506071,TKT-1-202607-00014,186669,3,2,"2026-07-09 16:01:53",0,"SIR,the matter has been intimated to FCI,DO MYSORE","2026-07-09 10:31:53.163188","2026-07-09 10:31:53.163188"
3620,755c0433-1766-4f1a-a925-a5f345e73b80,TKT-1-202607-00014,satish.d,2,3,"2026-07-09 14:41:43",0,"Please check provided comments","2026-07-09 09:11:42.965793","2026-07-09 09:11:42.965793"
3620,194d4a69-49ac-41aa-b6ce-c1ee656a2a97,TKT-1-202607-00014,186669,NULL,1,"2026-07-01 13:00:56",0,New,"2026-07-01 07:30:56.000000","2026-07-01 07:30:56.000000"
3620,170ecfca-ced5-4e91-b3ad-1c46d1290b6c,TKT-1-202607-00014,186669,3,2,"2026-07-04 11:50:35",0,"Sir,In Annadarpan all stacks were empty and stacks were not  not displaying in QPV and was not able to record PV and COMPLETE PV .Please rectify it as soon as possible.","2026-07-04 06:20:34.656129","2026-07-04 06:20:34.656129"
3620,016c2493-9bf3-48e9-87fb-568f53039427,TKT-1-202607-00014,186669,3,2,"2026-07-10 14:36:05",0,"SIR,The issues intimated to FCI,DO,Mysore and hereby the  ticket is closed","2026-07-10 09:06:04.700555","2026-07-10 09:06:04.700555"
2801,378ccf3d-30f6-43dc-a2b0-c812698626cb,TKT-1-202607-00068,richa.k,2,7,"2026-07-09 15:54:58",0,"Please refer the comment section, For further assistance, please contact our support team at: 1800-410-6688.","2026-07-09 10:24:57.565212","2026-07-09 10:24:57.565212"
2801,4d0d26c9-8c94-40fd-bcbb-f00dd16a9a3d,TKT-1-202607-00068,satish.d,2,3,"2026-07-01 20:57:03",0,"Please check provided comments","2026-07-01 15:27:03.000000","2026-07-01 15:27:03.000000"
2801,b5250032-0228-4ba9-a8b3-1bb5008db3d5,TKT-1-202607-00068,316906,3,2,"2026-07-02 15:50:04",0,"ISSUE NOT RESOLVED YET AND NECCESSARY INFORMATION PROVIDED","2026-07-02 10:20:04.000000","2026-07-02 10:20:04.000000"
2801,bd442c9e-2b43-40d6-9ab6-6118b0470769,TKT-1-202607-00068,satish.d,3,2,"2026-07-03 18:44:55",0,"Please check","2026-07-03 13:14:55.000000","2026-07-03 13:14:55.000000"
2801,c13e93f8-1e7c-4cd9-9bc3-8447a84d9f1d,TKT-1-202607-00068,satish.d,2,3,"2026-07-03 18:42:47",0,"Please check provided comments","2026-07-03 13:12:47.000000","2026-07-03 13:12:47.000000"
2801,c6c31c81-0d03-445e-a861-ac6c619bd4dc,TKT-1-202607-00068,,NULL,1,"2026-07-01 17:25:48",0,New,"2026-07-01 11:55:48.000000","2026-07-01 11:55:48.000000"
2801,cf4f064f-3be0-4d4c-b7c0-e1c74827d556,TKT-1-202607-00068,vikram6singh,1,2,"2026-07-01 17:33:41",0,"Please check","2026-07-01 12:03:41.000000","2026-07-01 12:03:41.000000"
340,76bb3d85-8bed-49ab-9a51-7bb80aa17e99,TKT-1-202607-00100,inish.d,3,2,"2026-07-14 16:32:08",0,"Assign back","2026-07-14 11:02:07.529138","2026-07-14 11:02:07.529138"
340,f34e67fb-3569-4fc2-969d-a7161ce7fa47,TKT-1-202607-00100,satish.d,2,3,"2026-07-03 14:47:25",0,"Dear Sir/Madam, Kindly provide the PV user credentials along with the depot details so that we can investigate the issue from our end.","2026-07-03 09:17:25.000000","2026-07-03 09:17:25.000000"
340,960147e5-3176-4c1f-a3e5-e6e3695d132e,TKT-1-202607-00100,sf15042_01,NULL,1,"2026-07-02 10:11:27",0,New,"2026-07-02 04:41:27.000000","2026-07-02 04:41:27.000000"
340,731a4049-b052-4ae4-be26-9ec7c0cc5719,TKT-1-202607-00100,inish.d,2,7,"2026-07-14 16:32:10",0,"we hope issue has been resolved we are closing the ticket please reopen if any issue still persists","2026-07-14 11:02:09.661912","2026-07-14 11:02:09.661912"
340,12595fb0-556a-42e5-97e6-474c05d2b83e,TKT-1-202607-00100,vikram6singh,1,2,"2026-07-02 10:21:48",0,"Please check","2026-07-02 04:51:48.000000","2026-07-02 04:51:48.000000"
17,2ae9cea7-fe0b-42aa-a2e9-721850021454,TKT-1-202607-00130,265776,NULL,1,"2026-07-02 11:11:52",0,New,"2026-07-02 05:41:52.000000","2026-07-02 05:41:52.000000"
17,41c6db84-2227-4765-8be7-79d1d0915d77,TKT-1-202607-00130,vikram6singh,1,2,"2026-07-02 11:19:40",1,"Please check","2026-07-02 05:49:40.000000","2026-07-02 05:49:40.000000"
17,6a5a61bc-27ca-444b-ad8e-b12be47b6ae2,TKT-1-202607-00130,kshitiz.s,2,3,"2026-07-02 11:21:20",0,"Please attach the relevant screenshot/document for the respective issue. For further assistance, please contact our support team at 1800-410-6688.","2026-07-02 05:51:20.000000","2026-07-02 05:51:20.000000"
17,73d9e51a-6630-4f72-a265-f49333da974c,TKT-1-202607-00130,265776,3,2,"2026-07-02 16:07:45",0,"please close the ticket . the same issue has been raised via TKT-1-202607-00140","2026-07-02 10:37:45.000000","2026-07-02 10:37:45.000000"
17,aebebd37-a7c1-4588-81ce-b463cf1b06c8,TKT-1-202607-00130,saroj.m,2,7,"2026-07-03 15:12:28",0,"As per user remarks issue has been closed , Hence we are closing this ticket . For any assistance, please contact our support team at: 1800-410-6688.","2026-07-03 09:42:28.000000","2026-07-03 09:42:28.000000"
4058,84788403-2d73-4bad-863d-7b60ddd3db21,TKT-1-202607-00140,satish.d,2,3,"2026-07-06 09:48:51",0,"B category will not be included in the upgradable stocks.","2026-07-06 04:18:50.753612","2026-07-06 04:18:50.753612"
4058,dc8bb0ad-986a-4de6-b9ea-8be0b29eb1b1,TKT-1-202607-00140,satish.d,2,3,"2026-07-03 09:48:35",0,"Please check the comment section.","2026-07-03 04:18:35.000000","2026-07-03 04:18:35.000000"
4058,aecbd46f-7104-417f-8861-7b9befbc4ced,TKT-1-202607-00140,265776,NULL,1,"2026-07-02 11:20:32",0,New,"2026-07-02 05:50:32.000000","2026-07-02 05:50:32.000000"
4058,9ddbf0df-bb1c-44b9-aaec-1d5b9abadb57,TKT-1-202607-00140,satish.d,2,7,"2026-07-13 16:41:47",0,"For rice, the category should be greater than A & less than or equal to C, and for other commodities, it should be greater than A & less than C. This is how the upgraded quantity is calculated","2026-07-13 11:11:46.885975","2026-07-13 11:11:46.885975"
4058,783a1dfa-6a2d-4ac7-89e1-ba8cd5a83c4d,TKT-1-202607-00140,265776,3,2,"2026-07-03 10:40:35",0,"sir/madam, 2,302.95728 (MT)  shown as uprgadeable stocks is FRK boiled rice B category stocks.  2302 MT should not be shown as upgradeable stocks. also 2302 MT is already included  in issuable rice tocks","2026-07-03 05:10:35.000000","2026-07-03 05:10:35.000000"
4058,56485342-9687-4b4e-8dd5-0190cf2b8088,TKT-1-202607-00140,265776,3,2,"2026-07-07 10:43:33",0,"sir, rice  b category stocks  2,302.95728 Mt  is still showing in  Upgradable Quantity (MT)  . it should be rectified","2026-07-07 05:13:33.135044","2026-07-07 05:13:33.135044"
4058,0dbe552d-bc36-4c31-a2a9-831550ddc0f3,TKT-1-202607-00140,vikram6singh,1,2,"2026-07-02 11:21:24",1,"Please check","2026-07-02 05:51:24.000000","2026-07-02 05:51:24.000000"
306,10489019-6895-426a-961b-91800030b295,TKT-1-202607-00147,vikram6singh,1,2,"2026-07-02 11:44:19",0,"Please check","2026-07-02 06:14:19.000000","2026-07-02 06:14:19.000000"
306,f91da1f1-c57a-4de3-81ef-79ed796a46cf,TKT-1-202607-00147,umesh.k,2,3,"2026-07-03 10:22:43",0,"Kindly check our comments.","2026-07-03 04:52:43.000000","2026-07-03 04:52:43.000000"
306,e4954575-bc53-47ab-8604-73b238f28565,TKT-1-202607-00147,119972,NULL,1,"2026-07-02 11:40:01",0,New,"2026-07-02 06:10:01.000000","2026-07-02 06:10:01.000000"
306,ba59838c-5934-401c-9cb3-5288b6d0ef21,TKT-1-202607-00147,119972,3,2,"2026-07-02 17:35:39",0,"copy of RO is attached.","2026-07-02 12:05:39.000000","2026-07-02 12:05:39.000000"
306,91a01f5f-470c-40a3-98b6-8e150356f14e,TKT-1-202607-00147,umesh.k,2,7,"2026-07-14 11:13:15",0,"Dear Sir/Madam, We hope the issue has been resolved. We are closing this ticket. If the issue still persists, please feel free to raise a new ticket, and we will be happy to assist you. Thank you.","2026-07-14 05:43:15.077766","2026-07-14 05:43:15.077766"
306,8efc25eb-cef6-4018-b3f1-f55ae4e4bb2c,TKT-1-202607-00147,119972,3,2,"2026-07-03 11:39:08",0,"create ro page screenshot attached","2026-07-03 06:09:08.000000","2026-07-03 06:09:08.000000"
306,8694cd69-2bb8-42b1-bd20-8d0890179715,TKT-1-202607-00147,119972,7,8,"2026-07-16 10:43:26",0,"policy closed","2026-07-16 05:13:25.651613","2026-07-16 05:13:25.651613"
306,66d1bafb-464f-44d7-afba-936cddf061ff,TKT-1-202607-00147,umesh.k,3,2,"2026-07-14 11:13:04",0,"Assigning to L2","2026-07-14 05:43:04.418239","2026-07-14 05:43:04.418239"
306,5006045e-9fea-4eb7-9fa0-37bb15a113b5,TKT-1-202607-00147,umesh.k,2,3,"2026-07-03 15:43:21",0,"Kindly check our comments.","2026-07-03 10:13:21.000000","2026-07-03 10:13:21.000000"
306,47a5b4c4-91ac-421f-9e8e-2e0971dacc96,TKT-1-202607-00147,inzemamul.h,2,3,"2026-07-02 17:29:02",0,"kindly share the supportive documents for our further investigation. For further assistance, please contact our support team at : 📞 1800-410-6688.","2026-07-02 11:59:02.000000","2026-07-02 11:59:02.000000"
306,1db2eb6d-14f1-48a3-a129-9fd79c849284,TKT-1-202607-00147,119972,3,2,"2026-07-10 15:47:07",0,"Please note that the Regional Office has already escalated this issue to Anna Darpan through mail and anna darpan ticket.","2026-07-10 10:17:07.197852","2026-07-10 10:17:07.197852"
306,1085513c-f68a-4647-9142-909b5f10f45f,TKT-1-202607-00147,umesh.k,2,3,"2026-07-10 17:09:36",0,"Dear Sir/Madam,kindly check our comments.Thanks.","2026-07-10 11:39:35.574279","2026-07-10 11:39:35.574279"
369,bad80f18-93bb-4649-b355-d8ef10394dee,TKT-1-202607-00196,237931,NULL,1,"2026-07-02 13:13:20",0,New,"2026-07-02 07:43:20.000000","2026-07-02 07:43:20.000000"
369,df411bc7-8dfe-469a-96d9-258fec9c99a2,TKT-1-202607-00196,satish.d,2,7,"2026-07-07 16:09:48",0,"Based on user comments, issue has been resolved we are closing the ticket","2026-07-07 10:39:47.588882","2026-07-07 10:39:47.588882"
369,dcfbb165-64ef-4fb1-8eae-9083f7e1637c,TKT-1-202607-00196,sanjeet.k,2,3,"2026-07-02 17:20:26",0,"kindly share the supporting documents/ screenshots related to your query for the further assistance","2026-07-02 11:50:26.000000","2026-07-02 11:50:26.000000"
369,8601e62b-62d7-4304-8c49-29dae1d3a222,TKT-1-202607-00196,vikram6singh,1,2,"2026-07-02 13:16:54",0,"Please check","2026-07-02 07:46:54.000000","2026-07-02 07:46:54.000000"
369,7e18df41-dc04-4995-9859-0437063a7000,TKT-1-202607-00196,237931,3,2,"2026-07-07 15:21:43",0,"Issue has been resolved , Please close the ticket .","2026-07-07 09:51:42.663840","2026-07-07 09:51:42.663840"
369,693d2b54-4e1c-472f-b169-42ebdd84fef9,TKT-1-202607-00196,237931,3,2,"2026-07-04 16:45:26",0,"Kindly reslove problem noticed during isi pv 03 stacks liquidated ISI PV Module of AD 5B03 3A09 3C03 and 3 stacks liquidated in sales issue token 5C03,5C02,5B01 and in complete PV module it is only reflecting ISI PV Method stacks variation in weight","2026-07-04 11:15:25.722723","2026-07-04 11:15:25.722723"
369,441bd9b0-18be-41eb-8189-733b0cea9335,TKT-1-202607-00196,satish.d,2,3,"2026-07-06 16:59:24",0,"Please check provided comments","2026-07-06 11:29:23.995525","2026-07-06 11:29:23.995525"
126,0d78e607-749d-4a26-af21-ae2644b5405d,TKT-1-202607-00210,satish.d,2,3,"2026-07-03 14:42:48",0,"Please check provided comments","2026-07-03 09:12:48.000000","2026-07-03 09:12:48.000000"
126,42bdeaea-8d83-467d-8f0d-e5567a68f84f,TKT-1-202607-00210,vikram6singh,1,2,"2026-07-02 14:10:01",0,"Please check","2026-07-02 08:40:01.000000","2026-07-02 08:40:01.000000"
126,580879f3-8bf9-4c51-9df8-90b3ce081bd4,TKT-1-202607-00210,satish.d,3,2,"2026-07-13 15:08:56",0,"Assign back","2026-07-13 09:38:55.643466","2026-07-13 09:38:55.643466"
126,69fa1019-8617-4f33-8e9e-4f7baec02d75,TKT-1-202607-00210,298260,NULL,1,"2026-07-02 13:40:25",0,New,"2026-07-02 08:10:25.000000","2026-07-02 08:10:25.000000"
126,c019f68a-fd8a-4af5-af4e-e0cd38eaae57,TKT-1-202607-00210,satish.d,2,7,"2026-07-13 15:08:59",0,"we hope issue has been resolved we are closing the ticket please, reopen if any issue still persists","2026-07-13 09:38:58.993647","2026-07-13 09:38:58.993647"
7965,6e4f4606-e9e3-4934-9597-a00183a62b52,TKT-1-202607-00211,umesh.k,2,3,"2026-09-02 15:50:25",0,"Addressed, Please check comments","2026-09-02 10:20:24.599710","2026-09-02 10:20:24.599710"
7965,d9e04097-f943-40f3-9c90-78e990888318,TKT-1-202607-00211,umesh.k,2,7,"2026-09-08 10:55:00",0,"Issue resolved. closing the ticket","2026-09-08 05:25:00.119704","2026-09-08 05:25:00.119704"
7965,71a15ebc-ac4b-4d1b-be41-b408bf9c4876,TKT-1-202607-00211,satish.d,2,3,"2026-07-02 15:26:20",0,"Please share the user credentials to check this issue","2026-07-02 09:56:20.000000","2026-07-02 09:56:20.000000"
7965,82bcc9a8-c117-4c90-bc26-c7fa59c86af0,TKT-1-202607-00211,satish.d,2,3,"2026-07-13 11:59:01",0,"mail from FCI HQ","2026-07-13 06:29:00.646060","2026-07-13 06:29:00.646060"
7965,873f4429-4ae2-4ff1-bee7-768761f9928d,TKT-1-202607-00211,188695,3,2,"2026-07-13 11:57:01",0,"Which mail are you referring to. Mail form us or mail from FCI HQ","2026-07-13 06:27:00.845053","2026-07-13 06:27:00.845053"
7965,9fdf0f81-01a5-42d5-81be-feec8866917e,TKT-1-202607-00211,satish.d,2,3,"2026-07-29 17:57:04",0,"once we get from them , we will check this","2026-07-29 12:27:03.779547","2026-07-29 12:27:03.779547"
7965,d9d6d6cf-97ee-4009-a832-36579c2fe2b5,TKT-1-202607-00211,188695,3,2,"2026-08-31 15:16:58",0,"It would be better if we could see the Release order pending quantity at the month end to verify whether the offtake has been updated correctly or not. Also there is no option for entering Release order under OMSS(with & without e auction).","2026-08-31 09:46:57.954623","2026-08-31 09:46:57.954623"
7965,e41ee96d-5164-42d5-8a11-dca3259b73d7,TKT-1-202607-00211,188695,3,2,"2026-07-06 17:58:51",0,"Tried, but the message " Record Already Exists" comes. I have attached the screenshot of the same.","2026-07-06 12:28:51.321297","2026-07-06 12:28:51.321297"
7965,e987278f-7762-4bcd-bb39-882c66a9d70a,TKT-1-202607-00211,188695,3,2,"2026-07-17 16:05:01",0,"Already informed to RO and HQ via mail.","2026-07-17 10:35:01.106886","2026-07-17 10:35:01.106886"
7965,ed04c06a-dff5-488e-b9d0-5184e6c3db0c,TKT-1-202607-00211,188695,3,2,"2026-08-07 11:47:33",0,"Still the issue is pending in our DO","2026-08-07 06:17:33.497892","2026-08-07 06:17:33.497892"
7965,fff91a6b-140e-4ab3-95e0-03b1b8e2feb4,TKT-1-202607-00211,188695,3,2,"2026-07-08 15:10:48",0,"Already mail was sent to AGM IT at HQ regarding the same issue on 04.07.2026.","2026-07-08 09:40:48.314571","2026-07-08 09:40:48.314571"
7965,60c9eb2c-450b-4716-b0b1-b0f7449af8f5,TKT-1-202607-00211,satish.d,2,3,"2026-07-07 14:29:39",0,"Once it is approved , it cant be edited, please send a mail to HQ about this issue","2026-07-07 08:59:39.452455","2026-07-07 08:59:39.452455"
7965,6d68165e-cfec-4a92-8f33-ea63eb7b9b25,TKT-1-202607-00211,188695,3,2,"2026-07-03 21:10:13",0,"id: 188695,,, password: AnnaDarpan@321","2026-07-03 15:40:13.289715","2026-07-03 15:40:13.289715"
7965,07ea0932-c96d-4815-9780-24e4d51bbbd2,TKT-1-202607-00211,vikram6singh,1,2,"2026-07-02 14:10:08",0,"Please check","2026-07-02 08:40:08.000000","2026-07-02 08:40:08.000000"
7965,11800d7a-19a4-453f-9743-e9a088a8f6e0,TKT-1-202607-00211,satish.d,2,3,"2026-08-17 14:45:27",0,"edit functionality has been enabled, so please check and do the edit of the data in AD itself for the approved data by raising request","2026-08-17 09:15:27.037070","2026-08-17 09:15:27.037070"
7965,24b7103c-5a67-4987-a7ed-a46b00a72c82,TKT-1-202607-00211,satish.d,2,3,"2026-07-17 16:34:57",0,"once we get the mail, we will check this","2026-07-17 11:04:57.361513","2026-07-17 11:04:57.361513"
7965,2e6d7277-9d67-446c-9167-01a6883dcd49,TKT-1-202607-00211,satish.d,2,3,"2026-07-20 12:37:52",0,"once we get from them , we will check this","2026-07-20 07:07:51.543692","2026-07-20 07:07:51.543692"
7965,02681ae5-13dd-4502-b583-b5f814cdd898,TKT-1-202607-00211,satish.d,2,3,"2026-07-06 17:14:32",0,"Please go to edit page and try to edit.","2026-07-06 11:44:32.399859","2026-07-06 11:44:32.399859"
7965,302e9622-3a8c-43f8-9539-e5474ee3ebb6,TKT-1-202607-00211,188695,3,2,"2026-09-08 10:49:06",0,"The matter is resolved","2026-09-08 05:19:05.994964","2026-09-08 05:19:05.994964"
7965,3407dd29-90af-4ee5-8899-7c10639b0310,TKT-1-202607-00211,188695,3,2,"2026-07-29 10:46:53",0,"Mail has been sent from the regional office for correction, kindly check.","2026-07-29 05:16:53.087373","2026-07-29 05:16:53.087373"
7965,34c4d524-bbaf-49e8-92b3-d536245e04f9,TKT-1-202607-00211,satish.d,2,3,"2026-07-09 16:53:16",0,"once we get mail, we will check this issue","2026-07-09 11:23:15.736173","2026-07-09 11:23:15.736173"
7965,49935c97-1ee4-4e74-98f3-f37854557496,TKT-1-202607-00211,188695,3,2,"2026-07-17 17:23:44",0,"Could you please check with FCI HQ?","2026-07-17 11:53:43.784949","2026-07-17 11:53:43.784949"
7965,4b7a268d-f174-4263-87df-3e9117bafdd5,TKT-1-202607-00211,188695,NULL,1,"2026-07-02 13:41:41",0,New,"2026-07-02 08:11:41.000000","2026-07-02 08:11:41.000000"
980,274abcce-87a9-4b83-ae1d-3bc9a52e337d,TKT-1-202607-00212,184639,NULL,1,"2026-07-02 13:47:37",0,New,"2026-07-02 08:17:37.000000","2026-07-02 08:17:37.000000"
980,67696885-2a2c-4fd1-ad3f-15d0282354e5,TKT-1-202607-00212,inish.d,2,5,"2026-07-06 11:03:47",0,"User is asking more security amount details to capture in contract screens,please check","2026-07-06 05:33:47.439653","2026-07-06 05:33:47.439653"
980,a9a34201-fb8c-4375-bfc5-0c2ceb57df9b,TKT-1-202607-00212,vikram6singh,1,2,"2026-07-02 14:10:15",0,"Please check","2026-07-02 08:40:15.000000","2026-07-02 08:40:15.000000"
694,ff396726-6bbc-42b9-982b-bed2464d8c5c,TKT-1-202607-00261,186586,NULL,1,"2026-07-02 15:32:07",0,New,"2026-07-02 10:02:07.000000","2026-07-02 10:02:07.000000"
694,ea16898f-799c-4d98-8d36-1bad218f77c2,TKT-1-202607-00261,186586,3,2,"2026-07-08 15:36:08",0,"Non generation of Monthly statement in portal","2026-07-08 10:06:08.250738","2026-07-08 10:06:08.250738"
694,44c8ebdb-7431-4c1c-8643-1f7a92273ec6,TKT-1-202607-00261,186586,3,2,"2026-07-21 13:11:43",0,"necessary action may kindly be taken to incorporate the above provisions in the system.","2026-07-21 07:41:43.430544","2026-07-21 07:41:43.430544"
694,e1486aca-7323-4bd1-8ff2-7ef2bd40b769,TKT-1-202607-00261,umesh.k,2,3,"2026-07-14 14:32:15",0,"Dear Sir,  Could you please share the format or a screenshot of these two reports(Monthly chemical consumption report and M5A statement) as generated in the DOS system? This will help us review the existing report structure and further investigation.","2026-07-14 09:02:14.595690","2026-07-14 09:02:14.595690"
694,d7f0d15f-afc0-44a2-9777-c4b1dbeaf269,TKT-1-202607-00261,umesh.k,2,3,"2026-07-21 16:59:56",0,"Dear sir, under Deadstock reports menu, you can get chemical consumption report. kindly check that report once.","2026-07-21 11:29:55.574081","2026-07-21 11:29:55.574081"
694,d19d23d2-5aa1-4c67-bb30-88535c46c799,TKT-1-202607-00261,186586,3,2,"2026-07-09 15:15:58",0,"Login Id - 186586 , Password-Depot@1234","2026-07-09 09:45:58.390750","2026-07-09 09:45:58.390750"
694,afa6aeba-ddd0-4f11-85e0-ef4392a46edd,TKT-1-202607-00261,186586,3,2,"2026-07-22 15:05:50",0,"Assigned back for further necessary action","2026-07-22 09:35:49.505055","2026-07-22 09:35:49.505055"
694,a733c815-5b97-48d8-ada2-a11977aed843,TKT-1-202607-00261,arti.1.t,2,3,"2026-07-02 15:56:40",0,"Kindly share the specific issue along with a proper screenshot for further investigation. For any assistance, please feel free to contact us at 1800-410-6688.","2026-07-02 10:26:40.000000","2026-07-02 10:26:40.000000"
694,8b321859-374f-4554-a7be-d2aef07df306,TKT-1-202607-00261,umesh.k,2,3,"2026-07-09 11:50:04",0,"kindly share the login details, so that we can proceed further.","2026-07-09 06:20:03.801384","2026-07-09 06:20:03.801384"
694,773493de-7996-4cbe-948d-6fe785701198,TKT-1-202607-00261,vikram6singh,1,2,"2026-07-02 15:39:55",0,"Please check","2026-07-02 10:09:55.000000","2026-07-02 10:09:55.000000"
694,71d79bab-e6f2-4b9e-9f99-0e7571f4cbff,TKT-1-202607-00261,umesh.k,2,3,"2026-07-10 10:17:08",0,"Sorry sir, we didnot get the exact issue what you are facing currently, kindly elaborate it once again, so that we can check the issue.","2026-07-10 04:47:08.132235","2026-07-10 04:47:08.132235"
694,18cf8ac7-b9bd-4236-8e0f-5051596de722,TKT-1-202607-00261,inish.d,2,12,"2026-07-23 11:01:34",0,"The requestor is requesting for M5S statement report.Kindly confirm us to implement this feature","2026-07-23 05:31:33.699372","2026-07-23 05:31:33.699372"
694,069db3eb-3c66-4917-98f5-488eb84e758c,TKT-1-202607-00261,186586,3,2,"2026-07-14 13:22:28",0,"Kindly take necessary action","2026-07-14 07:52:28.055045","2026-07-14 07:52:28.055045"
6402,8e8a4324-c16a-4a58-acab-8a1b3e49e126,TKT-1-202607-00286,vikram6singh,10,2,"2026-08-03 16:27:59",0,"Please check.","2026-08-03 10:57:58.699596","2026-08-03 10:57:58.699596"
6402,91b81fdf-2fcd-4cb7-bbbd-ebe0e9ab0f23,TKT-1-202607-00286,237791,3,2,"2026-07-10 16:44:54",0,"Already informed the issue to Higher Office. Please check","2026-07-10 11:14:53.979531","2026-07-10 11:14:53.979531"
6402,9827fa5a-0eab-4d64-b8a0-075580e38c1c,TKT-1-202607-00286,richa.k,2,3,"2026-08-04 13:44:36",0,"Please refer the comment section, For any further assistance, please contact our support team at:📞1800-410-6688.","2026-08-04 08:14:36.195951","2026-08-04 08:14:36.195951"
6402,9da83c09-379d-41ce-99ab-ec22f105cca9,TKT-1-202607-00286,237791,3,2,"2026-08-04 12:12:31",0,"Email is already sent to higher office","2026-08-04 06:42:31.090483","2026-08-04 06:42:31.090483"
6402,a192018e-4425-4205-893c-5e7c913b4c21,TKT-1-202607-00286,237791,3,2,"2026-07-08 12:21:15",0,"opening and closing balance report for both wheat and rice non issuable is again attached. and 1.496037 MT rice non issuable is reflected in report (first fortnight). please check","2026-07-08 06:51:15.009363","2026-07-08 06:51:15.009363"
6402,b8162d78-e16c-44ef-9cbc-f102cbd55e4c,TKT-1-202607-00286,satish.d,2,3,"2026-07-10 16:56:21",0,"once we get the mail, we will check this","2026-07-10 11:26:21.185769","2026-07-10 11:26:21.185769"
6402,bc17ff20-0129-4f34-9270-1bef8bc6d4c6,TKT-1-202607-00286,richa.k,2,3,"2026-08-03 16:48:09",0,"Kindly share the email subject line of the email sent to HQ so that we can coordinate with the concerned team and assist you further.","2026-08-03 11:18:09.326626","2026-08-03 11:18:09.326626"
6402,bf905ef4-9424-4f1e-aca3-f79a6e211d9f,TKT-1-202607-00286,satish.d,2,3,"2026-07-03 10:57:52",0,"Please check the comment section","2026-07-03 05:27:52.000000","2026-07-03 05:27:52.000000"
6402,cdbaa0ce-8b7b-4550-8486-87cd718d9930,TKT-1-202607-00286,vikram6singh,1,2,"2026-07-02 16:42:48",1,"Please check","2026-07-02 11:12:48.000000","2026-07-02 11:12:48.000000"
6402,d722f66f-39a8-4067-8f96-e52c59561150,TKT-1-202607-00286,satish.d,2,3,"2026-07-06 17:20:30",0,"you have not entered stock figure for rice non-issueable for first forthnight","2026-07-06 11:50:30.367485","2026-07-06 11:50:30.367485"
6402,df0a597b-9e3d-4207-8dcc-2a946a2507e6,TKT-1-202607-00286,satish.d,2,3,"2026-07-08 12:03:28",0,"no inflow outlfow transactions has been recorded so it is throwing error, in reports also no values are coming, if no values are there atleast submit with 0, so next step it can be forwarded","2026-07-08 06:33:28.215472","2026-07-08 06:33:28.215472"
6402,e294d1a3-3719-4da2-823b-632c819bf5a6,TKT-1-202607-00286,satish.d,2,3,"2026-07-21 15:46:36",0,"once we received the mail, we will check this again","2026-07-21 10:16:36.346442","2026-07-21 10:16:36.346442"
6402,eb7a24cc-407f-45a5-b8b6-e0d368bf0e5c,TKT-1-202607-00286,237791,NULL,1,"2026-07-02 16:38:18",0,New,"2026-07-02 11:08:18.000000","2026-07-02 11:08:18.000000"
6402,a4f8cb34-cb9a-4c0e-b97c-a7f7c9942477,TKT-1-202607-00286,umesh.k,2,3,"2026-07-09 18:51:36",0,"Addressed. Please check comments and do the needful","2026-07-09 13:21:35.545680","2026-07-09 13:21:35.545680"
6402,7a7098fa-271b-4bae-8fa8-39272f29333f,TKT-1-202607-00286,237791,3,2,"2026-08-04 14:28:36",0,"Copy of recent emails sent to higher offices regarding non-reflection of DISFM (non-issuable wheat & rice) data in Anna Darpan is attached. Hence it is requested to kindly do the needful and resolve the issue at the earliest.","2026-08-04 08:58:35.622978","2026-08-04 08:58:35.622978"
6402,82bdf039-54dc-4e6e-be94-5f3f63741ca7,TKT-1-202607-00286,satish.d,2,3,"2026-07-03 18:17:13",0,"share the user credentials we will check this issue","2026-07-03 12:47:13.000000","2026-07-03 12:47:13.000000"
6402,2130f414-9528-49dd-aaa0-0c5ff104d167,TKT-1-202607-00286,237791,3,2,"2026-07-03 17:06:24",0,"Stock figures entries for both rice and wheat (non issuable) was done in first fortnightly of june2026 and same is also reflected in statement of non issuable for first fortnight (photo attached). Still not able to do entries for non issuable stock.","2026-07-03 11:36:24.000000","2026-07-03 11:36:24.000000"
6402,2bf7ebed-298a-4393-889b-8218b14656fb,TKT-1-202607-00286,237791,3,2,"2026-07-22 15:21:44",0,"Email already done on 03.07.2026, 10.07.2026 & 17.07.2026. Due to above issue DISFM for non issuable could not be done within timeline of 2nd June &1st  July (fortnightly). Same is still pending. Kindly resolve the issue ASAP to ensure timely entries","2026-07-22 09:51:43.623010","2026-07-22 09:51:43.623010"
6402,38a4a14a-251f-4878-bdc7-8c5ef05df699,TKT-1-202607-00286,satish.d,2,3,"2026-07-08 12:32:33",0,"that is opening balance not the stock figures","2026-07-08 07:02:32.780983","2026-07-08 07:02:32.780983"
6402,399fd68c-0812-4f86-b703-de4049deb86d,TKT-1-202607-00286,237791,3,2,"2026-07-07 10:47:24",0,"Entry is done. Statement is already enclosed for non issuable (First Fortnight). Please check the enclosed","2026-07-07 05:17:24.280201","2026-07-07 05:17:24.280201"
6402,43c110b0-fcc0-47b4-9c92-b6dd8b1860b6,TKT-1-202607-00286,237791,3,2,"2026-07-09 17:36:34",0,"As there were no transaction during 1st fortnight, closing balance is also same and entries of 0 were done during that period","2026-07-09 12:06:33.977562","2026-07-09 12:06:33.977562"
6402,54942944-efb7-4e51-b499-7db81def52bd,TKT-1-202607-00286,237791,3,2,"2026-07-13 11:58:49",0,"It is informed that email was done on 10.07.2026. It is requested to kindly do the needful to resolve the issue so that the stock figures entries for the non issuable can be done for second fortnight of June 2026","2026-07-13 06:28:48.793130","2026-07-13 06:28:48.793130"
6402,666c7027-e677-4d4d-b1eb-e2f1711c787a,TKT-1-202607-00286,richa.k,2,5,"2026-08-04 14:38:29",0,"Please look into the user concern regarding the data entry for second fortnight (DISFM).","2026-08-04 09:08:29.287273","2026-08-04 09:08:29.287273"
6402,1526e6b0-c51b-4343-a9a7-ba6cfea5a688,TKT-1-202607-00286,satish.d,2,7,"2026-07-23 17:17:15",0,"ONCE HQ SEND THE MAIL WE WILL CHECK THIS ISSUE","2026-07-23 11:47:15.046641","2026-07-23 11:47:15.046641"
6402,6fe29a94-fd5d-4a76-9058-b33bc4cd206b,TKT-1-202607-00286,237791,3,2,"2026-07-04 10:34:10",0,"Id: 237791, Password:Rajni@123. Please resolve","2026-07-04 05:04:10.289791","2026-07-04 05:04:10.289791"
6402,796530e9-20b6-4491-b2f6-b1edb6228635,TKT-1-202607-00286,237791,3,2,"2026-07-03 11:17:23",0,"opening balance entry was done in the first fortnightly of june 2026 and the same is also reflected in statement of non issuable for the first fortnight (photo attached). Still not able to do entries. kindly resolve the same.","2026-07-03 05:47:23.000000","2026-07-03 05:47:23.000000"
6402,7a5c6334-f654-4586-9298-89817cba75d4,TKT-1-202607-00286,satish.d,2,3,"2026-07-03 15:12:29",0,"Stock figures for the rice,non issuable first fornight for the june has not be entered ,until that is done,we cant proceed further, so please check with HQ","2026-07-03 09:42:29.000000","2026-07-03 09:42:29.000000"
6402,5c3c6a55-a4c9-42d6-9717-95e9718dfa07,TKT-1-202607-00286,237791,7,10,"2026-08-03 16:23:03",0,"Issue still not resolved","2026-08-03 10:53:03.273871","2026-08-03 10:53:03.273871"
783,1ff4a6b8-f4d3-4a19-b311-2c8a1df697af,TKT-1-202607-00336,satish.d,2,7,"2026-07-10 12:18:08",0,"we hope issue has been resolved we are closing the ticket please reopen if any issue still persists","2026-07-10 06:48:07.833516","2026-07-10 06:48:07.833516"
783,d9b97804-6b39-416c-8403-853c45ef219d,TKT-1-202607-00336,satish.d,2,3,"2026-07-03 10:35:15",0,"Please check provided comments","2026-07-03 05:05:15.000000","2026-07-03 05:05:15.000000"
783,a2caf349-e12d-48cf-8b05-c8f3dbe720a0,TKT-1-202607-00336,206870,3,2,"2026-07-03 11:21:50",0,"Depot(ED15009) PEG Phase 2 Sahebganj, Jharkhand. Not a single stack showing for QPV as well as ISI PV. PV id is 206870 and 239051. waiting for resolution.","2026-07-03 05:51:50.000000","2026-07-03 05:51:50.000000"
783,5ffc0e78-8ed2-4ac8-bec2-ea2d981c943e,TKT-1-202607-00336,satish.d,2,3,"2026-07-06 12:28:36",0,"Please check provided comments","2026-07-06 06:58:36.316464","2026-07-06 06:58:36.316464"
783,46544372-659c-4424-ac09-ed2582c4e9f0,TKT-1-202607-00336,206870,NULL,1,"2026-07-02 17:41:58",0,New,"2026-07-02 12:11:58.000000","2026-07-02 12:11:58.000000"
783,15925eaa-212d-440c-bef0-7de752e67142,TKT-1-202607-00336,satish.d,3,2,"2026-07-10 12:18:06",0,"Assign back","2026-07-10 06:48:05.733937","2026-07-10 06:48:05.733937"
783,03401c0b-45f1-416b-b9cd-50106786a464,TKT-1-202607-00336,vikram6singh,1,2,"2026-07-02 17:44:30",1,"Please check","2026-07-02 12:14:30.000000","2026-07-02 12:14:30.000000"
124,f13b81aa-d996-4d6d-9edf-c7c708c16674,TKT-1-202607-00403,187689,3,2,"2026-07-03 16:29:36",0,"Depot- Naraina(NB12001), PV- Qtrly Physical Verification 01 April,2026 to 30 June,2026","2026-07-03 10:59:36.000000","2026-07-03 10:59:36.000000"
124,fda69a4f-ba43-4111-a8d1-ff14211eef73,TKT-1-202607-00403,187689,NULL,1,"2026-07-03 10:27:07",0,New,"2026-07-03 04:57:07.000000","2026-07-03 04:57:07.000000"
124,d67e5faa-5f41-482e-bc0c-9bb7b486e769,TKT-1-202607-00403,satish.d,2,3,"2026-07-03 14:57:48",0,"Please check provided comments","2026-07-03 09:27:48.000000","2026-07-03 09:27:48.000000"
124,ca4bd026-6d35-4d61-9218-ff1f5e45bb28,TKT-1-202607-00403,187689,3,2,"2026-07-07 14:44:23",0,"PV NAME AVAILABLE & ISSUE RESOLVED NOW.","2026-07-07 09:14:22.757348","2026-07-07 09:14:22.757348"
124,770e1888-0f9c-4f1c-a4cd-80833e4e82e7,TKT-1-202607-00403,187689,3,2,"2026-07-03 13:24:29",0,"Depot- Naraina(NB12001), PV- Qtrly Physical Verification 01 April,2026 to 30 June,2026","2026-07-03 07:54:29.000000","2026-07-03 07:54:29.000000"
124,6e6e9e02-d391-4061-88bf-aa2baeffc64f,TKT-1-202607-00403,satish.d,2,3,"2026-07-06 12:35:16",0,"Please check provided comments","2026-07-06 07:05:15.825512","2026-07-06 07:05:15.825512"
124,1b1e88dc-a497-42c5-926d-4dd1a57e2b84,TKT-1-202607-00403,satish.d,2,3,"2026-07-03 12:36:30",0,"Please let us know the Depot details and PV details required to investigate the issue further.","2026-07-03 07:06:30.000000","2026-07-03 07:06:30.000000"
124,419dacce-168b-4e25-8e29-9d83c0155dcb,TKT-1-202607-00403,satish.d,2,7,"2026-07-07 15:58:13",0,"Based on user comments, issue has been resolved we are closing the ticket","2026-07-07 10:28:12.852606","2026-07-07 10:28:12.852606"
124,824debd9-b5c1-4629-b2b0-fc0ca3b2cd8e,TKT-1-202607-00403,vikram6singh,1,2,"2026-07-03 10:27:49",1,"Please check","2026-07-03 04:57:49.000000","2026-07-03 04:57:49.000000"
141,af685fb1-7f91-4da5-95aa-599f2c2df976,TKT-1-202607-00421,276444,NULL,1,"2026-07-03 11:15:06",0,New,"2026-07-03 05:45:06.000000","2026-07-03 05:45:06.000000"
141,fa483617-6c7a-49b8-9e4b-7e7f1d1c10bd,TKT-1-202607-00421,inish.d,2,3,"2026-07-03 16:31:53",0,"Sir/Madam, Please Share the more details","2026-07-03 11:01:53.000000","2026-07-03 11:01:53.000000"
141,f12813bd-63e0-463c-b2b2-0cf72646b902,TKT-1-202607-00421,shivaniyadav091298,2,3,"2026-07-03 11:44:49",0,"Please share the Rake Movement no. and relevant Screenshot/Document so that we can assist you as earliest.","2026-07-03 06:14:49.000000","2026-07-03 06:14:49.000000"
141,dae20d74-e8ad-4248-8bb4-f0804b3dabe9,TKT-1-202607-00421,inish.d,2,3,"2026-07-10 16:38:50",0,"Sir/madam, As per requeriment we done the  steps below. Please check with HQ offical","2026-07-10 11:08:50.483174","2026-07-10 11:08:50.483174"
141,78a650cb-c28c-4fdc-91b1-d56342f8eaa9,TKT-1-202607-00421,276444,3,2,"2026-07-03 12:37:36",0,"Nature of ticket is urgent. Silo operation going on. Is module available for bag unloading from truck to in Silo bin?","2026-07-03 07:07:36.000000","2026-07-03 07:07:36.000000"
141,743a3ca5-70a0-4378-9eb6-ec4f07197cbb,TKT-1-202607-00421,amitabh.k,5,7,"2026-09-01 10:26:47",0,"Provision has been implemented.","2026-09-01 04:56:47.320367","2026-09-01 04:56:47.320367"
141,7416ac0d-2778-4d0d-9a79-5d633d23bd41,TKT-1-202607-00421,inish.d,2,3,"2026-07-09 14:25:11",0,"sir, Please follow the steps one by one as mentioned in the comment section.","2026-07-09 08:55:10.747569","2026-07-09 08:55:10.747569"
141,63592fcd-fb56-4bb5-af49-e7f760d14007,TKT-1-202607-00421,276444,3,2,"2026-07-09 13:13:43",0,"resolve the issue","2026-07-09 07:43:42.985993","2026-07-09 07:43:42.985993"
141,4f47a798-113b-452d-9359-cdc068de9be2,TKT-1-202607-00421,vikram6singh,1,2,"2026-07-03 11:19:02",0,"Please check","2026-07-03 05:49:02.000000","2026-07-03 05:49:02.000000"
141,437bc40d-0d5a-4ab5-9335-223c67a8123b,TKT-1-202607-00421,inish.d,2,3,"2026-07-13 10:24:10",0,"Sir/madam, As per requeriment we done the steps below. Please check with HQ offical","2026-07-13 04:54:09.731005","2026-07-13 04:54:09.731005"
141,1e8b0e8d-09c7-4d4b-9d77-904ac9782d5e,TKT-1-202607-00421,276444,3,2,"2026-07-13 09:07:04",0,"Issue not resolved.","2026-07-13 03:37:04.430956","2026-07-13 03:37:04.430956"
141,0b3ebf0a-d1cc-46fd-b888-3e53d1398bf6,TKT-1-202607-00421,inish.d,2,5,"2026-07-13 15:15:55",0,"Sir/Madam, Please check the ticket user is asking need flow details for Silo MBR","2026-07-13 09:45:55.486076","2026-07-13 09:45:55.486076"
141,01a8f635-2b52-4683-83a7-4c2d85d74c55,TKT-1-202607-00421,276444,3,2,"2026-07-13 13:45:59",0,"pls look into the matter.","2026-07-13 08:15:59.196227","2026-07-13 08:15:59.196227"
141,666204b6-1719-4eb8-9faa-057de228a63b,TKT-1-202607-00421,276444,3,2,"2026-07-10 14:41:43",0,"Issue not resolve from given procedure. Detailed query attached in word file. Look into it and resolve issue at earliest.","2026-07-10 09:11:42.682760","2026-07-10 09:11:42.682760"
4608,699f6fbf-0d5b-4e52-93e9-72a620a1dd75,TKT-1-202607-00428,105177,3,2,"2026-07-13 11:34:46",0,"please check and do needful as we are waiting for the response","2026-07-13 06:04:45.706249","2026-07-13 06:04:45.706249"
4608,7ce5e748-b5ed-44a0-a285-40accd80a888,TKT-1-202607-00428,vikram6singh,1,2,"2026-07-03 11:22:59",0,"Please check","2026-07-03 05:52:59.000000","2026-07-03 05:52:59.000000"
4608,85b6e3cc-3442-46ed-849f-d21cfa6fe1a9,TKT-1-202607-00428,105177,3,2,"2026-07-22 14:18:35",0,"ok sir please check and do needfull","2026-07-22 08:48:35.483894","2026-07-22 08:48:35.483894"
4608,a5cfb8df-5718-437d-90ae-6e2569ebfadc,TKT-1-202607-00428,satish.d,2,3,"2026-07-03 15:56:50",0,"No entry for first fortnight has been done, so this error, please check with HQ as the first fortnight entry window has been disabled now","2026-07-03 10:26:50.000000","2026-07-03 10:26:50.000000"
4608,b183e01c-53d1-46ef-841f-2f9ed8edb8f9,TKT-1-202607-00428,satish.d,2,3,"2026-07-07 16:07:47",0,"please share user credentials to check this issue","2026-07-07 10:37:47.266506","2026-07-07 10:37:47.266506"
4608,b7ca8ca5-2e4c-48e7-af1a-dc2406a0da66,TKT-1-202607-00428,105177,3,2,"2026-07-07 17:42:35",0,"ID: 105177, Password: Depot@123","2026-07-07 12:12:34.594323","2026-07-07 12:12:34.594323"
4608,c2a5aa6c-9bc0-40fc-8080-0c68c2b4de76,TKT-1-202607-00428,satish.d,2,7,"2026-07-23 17:17:24",0,"ONCE HQ SEND THE MAIL WE WILL CHECK THIS ISSUE","2026-07-23 11:47:24.320177","2026-07-23 11:47:24.320177"
4608,c3939ce7-f794-4f16-993f-9a2b43cf2874,TKT-1-202607-00428,105177,3,2,"2026-09-08 10:52:05",0,"issue resolved ticket can be closed","2026-09-08 05:22:04.722186","2026-09-08 05:22:04.722186"
4608,c86a0256-0f60-44fa-994f-adb2def19392,TKT-1-202607-00428,105177,3,2,"2026-07-22 11:07:29",0,"sir its been many days and we are waiting for the response .","2026-07-22 05:37:29.265597","2026-07-22 05:37:29.265597"
4608,e3650910-88dc-4d80-968a-85485aa9b847,TKT-1-202607-00428,105177,3,2,"2026-07-10 12:38:30",0,"Mail already given to HQrs (copy attached)","2026-07-10 07:08:30.444510","2026-07-10 07:08:30.444510"
4608,eb7a1989-2ab5-4e81-b425-fc1141045153,TKT-1-202607-00428,satish.d,2,3,"2026-07-13 12:03:14",0,"HQ will decide what to do on this","2026-07-13 06:33:14.037461","2026-07-13 06:33:14.037461"
4608,ef8b0fdf-63c5-48ac-8d98-9a97c9bfa692,TKT-1-202607-00428,105177,3,2,"2026-07-14 12:40:38",0,"Ok please do needfull","2026-07-14 07:10:38.268457","2026-07-14 07:10:38.268457"
4608,570cd819-6324-45e5-b7ca-36b83ec6e099,TKT-1-202607-00428,satish.d,2,3,"2026-07-21 15:46:23",0,"once we received the mail, we will check this again","2026-07-21 10:16:22.971314","2026-07-21 10:16:22.971314"
4608,5a72f58b-e53b-4f7c-86e3-54c9649c4c1b,TKT-1-202607-00428,satish.d,2,3,"2026-07-10 12:10:16",0,"even with 0 the values have not been recorded, if needs to be done please send a mail to HQ as the entry window has been closed,.","2026-07-10 06:40:15.764629","2026-07-10 06:40:15.764629"
4608,09b3fd6f-6903-4419-b5ea-87d8d596c411,TKT-1-202607-00428,satish.d,2,3,"2026-07-22 11:53:42",0,"HQ has to forward the mail to enable the entry for the fortnight, we didnt receive the mail yet","2026-07-22 06:23:41.521065","2026-07-22 06:23:41.521065"
4608,16106af6-6821-40dd-ac32-7f4652e92eb1,TKT-1-202607-00428,vikram6singh,10,2,"2026-09-03 10:25:50",0,"Please check.","2026-09-03 04:55:50.218486","2026-09-03 04:55:50.218486"
4608,1622ff04-88de-4942-a148-7425aa3c78e6,TKT-1-202607-00428,105177,NULL,1,"2026-07-03 11:19:54",0,New,"2026-07-03 05:49:54.000000","2026-07-03 05:49:54.000000"
4608,23a0f967-fda4-49ed-a274-49f68de75a3a,TKT-1-202607-00428,satish.d,2,3,"2026-07-08 12:19:14",0,"only for wheat offtake has been recorded , not for other commodity in first fortnight","2026-07-08 06:49:14.214763","2026-07-08 06:49:14.214763"
4608,28e5d3c8-e48b-4cfd-aa03-a41aac94cfb4,TKT-1-202607-00428,105177,7,10,"2026-09-03 10:19:22",0,"sir its been many days since issue raised please respond to this and we are waiting for solutions","2026-09-03 04:49:22.090763","2026-09-03 04:49:22.090763"
4608,2fe92ad3-337a-415e-850a-554759156133,TKT-1-202607-00428,satish.d,2,3,"2026-07-10 14:56:47",0,"once we received the mail, we will check this again","2026-07-10 09:26:46.742920","2026-07-10 09:26:46.742920"
4608,430bff2f-5d31-4a67-8eff-b6d3055f0ca6,TKT-1-202607-00428,105177,3,2,"2026-07-07 13:21:20",0,"we have already entered the data at that time.But not refelcting now and it showing as not feeded","2026-07-07 07:51:20.179321","2026-07-07 07:51:20.179321"
4608,46a0a131-3f88-42b3-bad7-9bf6e7a9ba63,TKT-1-202607-00428,umesh.k,2,3,"2026-09-03 10:51:58",0,"Addressed, Please check comments","2026-09-03 05:21:57.570555","2026-09-03 05:21:57.570555"
4608,497b340d-549d-4695-ad20-9a4c99c0c43e,TKT-1-202607-00428,umesh.k,2,7,"2026-09-08 10:55:50",0,"Issue resolved. closing the ticket","2026-09-08 05:25:49.986486","2026-09-08 05:25:49.986486"
4608,54e0943c-626a-40fb-bd21-2d2d412a9f5b,TKT-1-202607-00428,105177,3,2,"2026-07-10 11:28:46",0,"we have no trasantion at that time so we have mentioned it as 0 . so now we are not able to ebter please resolve the issue as soon as posiible","2026-07-10 05:58:45.601570","2026-07-10 05:58:45.601570"
1705,45cc5f25-98e0-4589-98b9-587c759b3db8,TKT-1-202607-00429,vikram6singh,10,2,"2026-07-15 10:57:18",0,"Please check.","2026-07-15 05:27:18.289348","2026-07-15 05:27:18.289348"
1705,fe86d7be-b176-47e4-8ea1-2f2e9bbfb922,TKT-1-202607-00429,satish.d,2,3,"2026-07-15 12:45:44",0,"Kindly check the comment section","2026-07-15 07:15:44.269066","2026-07-15 07:15:44.269066"
1705,d920bc75-f225-4d55-b3f0-5ae08c5000fd,TKT-1-202607-00429,satish.d,2,3,"2026-07-08 14:46:52",0,"Kindly check the comment section","2026-07-08 09:16:51.944616","2026-07-08 09:16:51.944616"
1705,d6fa767c-3e07-41a0-b13f-a3f8b032f819,TKT-1-202607-00429,vikram6singh,1,2,"2026-07-03 11:23:07",0,"Please check","2026-07-03 05:53:07.000000","2026-07-03 05:53:07.000000"
1705,cec91551-62cb-4822-9eed-732c81b3ac10,TKT-1-202607-00429,satish.d,2,12,"2026-07-16 14:24:18",0,"Dear Sir/Madam, Kindly review the comments provided and confirm the most suitable approach. Please provide your approval so that we can proceed with the implementation. Thanks,","2026-07-16 08:54:17.777367","2026-07-16 08:54:17.777367"
1705,940cbb25-ee5c-4cf9-bccc-9e6635345151,TKT-1-202607-00429,satish.d,2,3,"2026-07-06 15:13:57",0,"Kindly check the comment section","2026-07-06 09:43:56.581226","2026-07-06 09:43:56.581226"
1705,8cf27878-a697-499e-b516-6b321c361114,TKT-1-202607-00429,262396,NULL,1,"2026-07-03 11:21:16",0,New,"2026-07-03 05:51:16.000000","2026-07-03 05:51:16.000000"
1705,7f4e3475-daa1-4e8f-9217-ea6900e44ecd,TKT-1-202607-00429,shivaniyadav091298,3,2,"2026-07-10 11:26:22",0,"Please check","2026-07-10 05:56:21.867837","2026-07-10 05:56:21.867837"
1705,6a44e954-1159-4dd8-bd1c-3479b16f7087,TKT-1-202607-00429,262396,3,2,"2026-07-06 16:39:24",0,"Not resolved yet, kindly see the Asset Stock Details List - Quality","2026-07-06 11:09:23.840521","2026-07-06 11:09:23.840521"
1705,57e6fdcb-69e8-412e-8d80-229ad85dbe46,TKT-1-202607-00429,262396,3,2,"2026-07-16 10:37:32",0,"Multiple name of single chemical asset Deltamethrin Powder, Malathion liquid and AlPH3 tablet as well as DDVP which is already banned are available under the head of chemical asset needs to be removed pls see image as attached","2026-07-16 05:07:32.054718","2026-07-16 05:07:32.054718"
1705,410b1b9d-6b5b-4250-ae94-831b72554e3e,TKT-1-202607-00429,shivaniyadav091298,2,7,"2026-07-10 11:29:06",0,"Please check the comment section.","2026-07-10 05:59:06.102332","2026-07-10 05:59:06.102332"
1705,2fdfa1a7-5d35-4a79-a821-e302ee157810,TKT-1-202607-00429,262396,7,10,"2026-07-15 10:41:20",0,"Multiple name of Deltamethrin Powder, Malathion liquid and AlPH3 tablet as well as DDVP which is already banned are still available under the head of chemical asset needs to be removed","2026-07-15 05:11:20.096816","2026-07-15 05:11:20.096816"
1705,2a55df0e-f4e3-4912-99e6-2719b05dbdc7,TKT-1-202607-00429,satish.d,2,3,"2026-07-06 16:51:28",0,"Please provide depot/scope details","2026-07-06 11:21:27.777255","2026-07-06 11:21:27.777255"
1705,19523974-cfa5-4afd-b9f6-01abba0c4ca8,TKT-1-202607-00429,262396,3,2,"2026-07-07 15:05:35",0,"id 262396  pswrd- annAdarpaN@321","2026-07-07 09:35:34.935254","2026-07-07 09:35:34.935254"
92,c7d4a1f8-a9d9-4797-917d-a5fc18fda98f,TKT-1-202607-00433,262396,7,10,"2026-07-07 15:07:17",0,"Remarks as mentioned seems to be not relevant.","2026-07-07 09:37:17.264304","2026-07-07 09:37:17.264304"
92,e68b1e94-7dec-4863-be4d-c37d051c0541,TKT-1-202607-00433,262396,3,2,"2026-07-06 10:29:04",0,"please discuss/contact at 9680069399","2026-07-06 04:59:03.589465","2026-07-06 04:59:03.589465"
92,d5edbd7b-a022-4f5a-9477-7548bc4ca7fc,TKT-1-202607-00433,richa.k,2,3,"2026-07-03 11:37:39",0,"Kindly share the supporting documents for further investigation. For further assistance, contact the support team at 📞 1800‑410‑6688.","2026-07-03 06:07:39.000000","2026-07-03 06:07:39.000000"
92,bb3aa0fa-be67-4f25-9ecc-894e76e5f186,TKT-1-202607-00433,amitabh.k,5,7,"2026-09-01 10:28:47",0,"Instructions already incorporated as per policy in vogue.","2026-09-01 04:58:47.125916","2026-09-01 04:58:47.125916"
92,ada8487e-9c00-4d66-82c7-57ef50258b85,TKT-1-202607-00433,richa.k,2,5,"2026-07-06 11:18:45",0,"Dear respected team please look this as user wants mark issue (stacks operation may be assign to M(QC) only instead of Unit in charge/M(D) of the concerned depot to generate priority.","2026-07-06 05:48:45.354016","2026-07-06 05:48:45.354016"
92,abbeabb1-7949-43a1-a35b-1f57932a0e0c,TKT-1-202607-00433,richa.k,2,5,"2026-07-07 16:39:57",0,"Dear respected team please re-look this as user wants mark issue (stacks operation may be assign to M(QC) only instead of Unit in charge/M(D) of the concerned depot to generate priority.","2026-07-07 11:09:57.036846","2026-07-07 11:09:57.036846"
92,921ef8f7-2361-47ea-8c10-378b9912f9b3,TKT-1-202607-00433,richa.k,2,3,"2026-07-04 18:00:32",0,"You are kindly requested to please share the relevant screenshots and supporting documents, so that we may review the matter and determine the further course of action. For any assistance, please contact our support team at: 1800-410-6688.","2026-07-04 12:30:32.055896","2026-07-04 12:30:32.055896"
92,782aaec1-4bce-487c-a4b2-b0403beef09f,TKT-1-202607-00433,richa.k,2,5,"2026-07-15 17:36:56",0,"Forwarding to IT for necessary policy clarification.","2026-07-15 12:06:56.300110","2026-07-15 12:06:56.300110"
92,90a30de8-88ed-4747-aec6-2f20d99686c4,TKT-1-202607-00433,262396,3,2,"2026-07-04 10:37:18",0,"please contact at 9680069399","2026-07-04 05:07:18.488268","2026-07-04 05:07:18.488268"
92,02fd548c-ab99-4207-9cbd-b4901de57dbe,TKT-1-202607-00433,HA11_QC_ADMIN,5,2,"2026-07-15 17:27:39",0,"Instructions already incorporated as per policy in vogue.","2026-07-15 11:57:38.594960","2026-07-15 11:57:38.594960"
92,08c6ecb3-90b8-4eb0-ae7e-f4f3932543fd,TKT-1-202607-00433,vikram6singh,10,2,"2026-07-07 15:56:25",0,"Please check.","2026-07-07 10:26:25.112292","2026-07-07 10:26:25.112292"
92,214e7b65-5d64-4975-8bef-f0de2fe710fa,TKT-1-202607-00433,vikram6singh,1,2,"2026-07-03 11:32:03",0,"Please check","2026-07-03 06:02:03.000000","2026-07-03 06:02:03.000000"
92,3a52e62c-0740-4df2-8f2c-1ab9890b7843,TKT-1-202607-00433,HA11_QC_ADMIN,5,2,"2026-07-06 17:34:17",0,"Crop year mixing is not allowed. Please load the stocks in wagon as per instructions in vouge.","2026-07-06 12:04:16.721140","2026-07-06 12:04:16.721140"
92,68554c0d-d96e-425a-bbc8-824cb0bc7c65,TKT-1-202607-00433,richa.k,2,7,"2026-07-06 17:53:14",0,"As per confirmation from QC admin the Crop year mixing is not allowed. Please load the stocks in wagon as per instructions in vouge. For any further assistance, please contact our support team at : 1800-410-6688.","2026-07-06 12:23:13.601971","2026-07-06 12:23:13.601971"
92,6ce9a57a-9dc5-4a23-9832-2a606ea383b9,TKT-1-202607-00433,262396,NULL,1,"2026-07-03 11:30:27",0,New,"2026-07-03 06:00:27.000000","2026-07-03 06:00:27.000000"
8256,0272c24d-24b7-47ba-9de6-b124521287a9,TKT-1-202607-00444,saroj.m,2,3,"2026-07-03 11:56:03",0,"You are kindly requested to please share the relevant screenshots and supporting documents, so that we may review the matter and determine the further course of action. For any assistance, please contact our support team at: 1800-410-6688.","2026-07-03 06:26:03.000000","2026-07-03 06:26:03.000000"
8256,24a530af-f634-4f7f-8b10-d5415b71932d,TKT-1-202607-00444,262396,NULL,1,"2026-07-03 11:46:46",0,New,"2026-07-03 06:16:46.000000","2026-07-03 06:16:46.000000"
8256,3271e51e-b357-4a2f-812f-87cd69f3526c,TKT-1-202607-00444,satish.d,2,12,"2026-07-24 17:42:32",0,"Please check this ticket.","2026-07-24 12:12:31.717039","2026-07-24 12:12:31.717039"
8256,506e0bd9-d96c-4df8-9dfe-81f3663ed1b2,TKT-1-202607-00444,vikram6singh,1,2,"2026-07-03 11:51:42",0,"Please check","2026-07-03 06:21:42.000000","2026-07-03 06:21:42.000000"
8256,7a739fc6-4676-4704-b4c5-de24f1942782,TKT-1-202607-00444,262396,7,10,"2026-07-23 10:41:07",0,"matter still not resolved may please discuss at 9680069399","2026-07-23 05:11:06.891962","2026-07-23 05:11:06.891962"
8256,938a1e30-7aa5-40cc-af7d-a46dc7c6c223,TKT-1-202607-00444,satish.d,2,7,"2026-07-22 17:15:11",0,"Please check the inspection list which contains the inspections done by the user","2026-07-22 11:45:10.853646","2026-07-22 11:45:10.853646"
8256,aa7c218c-1456-4cf4-af29-ccbdd6d3e390,TKT-1-202607-00444,262396,3,2,"2026-07-08 10:59:52",0,"As DOS already discontinued. Therefore relevant screen shot can not be furnihsed. However it is requested that final submission of inspection of stacks a dialogue box must be shown with stacks number before disappearing of page.","2026-07-08 05:29:52.221564","2026-07-08 05:29:52.221564"
8256,e82a2086-59e8-4ee1-be9f-c9035c6ba0a5,TKT-1-202607-00444,vikram6singh,10,2,"2026-07-23 11:27:30",0,"Please check.","2026-07-23 05:57:29.571220","2026-07-23 05:57:29.571220"
8256,ed048c50-5434-4167-92d7-8ee6218c317f,TKT-1-202607-00444,262396,3,2,"2026-07-04 10:36:35",0,"please contact at 9680069399","2026-07-04 05:06:35.161753","2026-07-04 05:06:35.161753"
8256,f6114cd4-a4aa-479e-ad69-17eaea9e229f,TKT-1-202607-00444,saroj.m,2,3,"2026-07-06 17:30:19",0,"You are kindly requested to please share the relevant screenshots and supporting documents, so that we may review the matter and determine the further course of action. For any assistance, please contact our support team at: 1800-410-6688.","2026-07-06 12:00:18.922529","2026-07-06 12:00:18.922529"
1740,cc4e645f-42a9-4994-bf0a-ee782003f53e,TKT-1-202607-00452,262396,NULL,1,"2026-07-03 11:51:18",0,New,"2026-07-03 06:21:18.000000","2026-07-03 06:21:18.000000"
1740,7ad7f1ae-da8e-4837-a665-7066910407f4,TKT-1-202607-00452,anuj.s,2,12,"2026-07-16 13:12:24",0,"Please kindly approve it for CR consideration.","2026-07-16 07:42:23.743021","2026-07-16 07:42:23.743021"
1740,6c344a74-c050-43d4-b7ac-f50e8d180e1b,TKT-1-202607-00452,262396,3,2,"2026-07-04 10:36:59",0,"please contact at 9680069399","2026-07-04 05:06:59.466063","2026-07-04 05:06:59.466063"
1740,539e46da-abce-4695-9f17-c70cc65067db,TKT-1-202607-00452,vikram6singh,1,2,"2026-07-03 11:55:29",0,"Please check","2026-07-03 06:25:29.000000","2026-07-03 06:25:29.000000"
1740,4a72dfab-5c01-4187-88f2-ba0da649e65d,TKT-1-202607-00452,HA11_QC_ADMIN,5,2,"2026-07-15 16:52:25",0,"Coforge may please consider the suggestion","2026-07-15 11:22:24.697729","2026-07-15 11:22:24.697729"
1740,2e71b27f-cb1b-4e77-877c-9e2601203a8b,TKT-1-202607-00452,saroj.m,2,3,"2026-07-03 11:56:54",0,"You are kindly requested to please share the relevant screenshots and supporting documents, so that we may review the matter and determine the further course of action. For any assistance, please contact our support team at: 1800-410-6688.","2026-07-03 06:26:54.000000","2026-07-03 06:26:54.000000"
1740,55df6e47-69e1-4c3c-842f-17271afe031d,TKT-1-202607-00452,saroj.m,2,5,"2026-07-08 15:08:12",0,"Respected Sir , Please look into this suggestion.","2026-07-08 09:38:11.650886","2026-07-08 09:38:11.650886"
7909,00ddec49-0686-4998-b24e-03152a810cec,TKT-1-202607-00612,294766,NULL,1,"2026-07-03 12:07:54",0,New,"2026-07-03 06:37:54.000000","2026-07-03 06:37:54.000000"
7909,584184a6-61f1-47e4-8505-9683946810df,TKT-1-202607-00612,amitabh.k,5,7,"2026-09-01 10:30:25",0,"Currently under examination.","2026-09-01 05:00:25.437507","2026-09-01 05:00:25.437507"
7909,6e130666-ae3a-4bea-ac9e-9abc5aafc8c7,TKT-1-202607-00612,sanjeet.k,2,5,"2026-07-21 16:53:02",0,"please look into the given new requirement regarding inclusion of storage loss in previous month in special PV. however special PV on demand.","2026-07-21 11:23:01.907984","2026-07-21 11:23:01.907984"
7909,d6620293-4f16-43de-b01b-4889f4be658c,TKT-1-202607-00612,vikram6singh,1,2,"2026-07-03 12:25:24",0,"Please check","2026-07-03 06:55:24.000000","2026-07-03 06:55:24.000000"
8466,3a18390f-0c19-4eb5-9979-348bd68cff64,TKT-1-202607-00617,satish.d,2,5,"2026-07-22 17:17:01",0,"As the requirement mentioned was not mentioned while designing the system initially and was discussed with relevant authorities during that time, incorporating it would be a major redesign in the system, hence please advise on how to proceed.","2026-07-22 11:47:01.284915","2026-07-22 11:47:01.284915"
8466,ea4074d7-8220-4ba0-925c-70a849eb2707,TKT-1-202607-00617,262396,NULL,1,"2026-07-03 12:14:22",0,New,"2026-07-03 06:44:22.000000","2026-07-03 06:44:22.000000"
8466,5b751f30-2d78-486b-b932-4e3d678f9514,TKT-1-202607-00617,vikram6singh,1,2,"2026-07-03 12:26:07",0,"Please check","2026-07-03 06:56:07.000000","2026-07-03 06:56:07.000000"
26339,945391f7-80fb-4e7c-b3ef-0d80e3a2f21f,TKT-1-202607-00624,110281,3,2,"2026-09-09 12:14:28",0,"please close the tciket","2026-09-09 06:44:27.978830","2026-09-09 06:44:27.978830"
26339,9863c123-0be0-4ca4-8e7c-8091f02a59ca,TKT-1-202607-00624,inish.d,2,3,"2026-07-07 17:17:27",0,"contact region admin for password reset.","2026-07-07 11:47:26.595952","2026-07-07 11:47:26.595952"
26339,9b70a942-eb7a-41ec-b581-dc860d130359,TKT-1-202607-00624,inish.d,2,3,"2026-07-09 14:36:01",0,"you can proceed by select stacks at the gate. that is just a warning message. System will populate only empty state stacks only at the time of token creation.","2026-07-09 09:06:00.898221","2026-07-09 09:06:00.898221"
26339,9ed547f5-e644-430c-b04b-b15282e1a175,TKT-1-202607-00624,110281,3,2,"2026-07-13 12:06:44",0,"lot number: 123761.  cmr  is taking  only new stacks its not allowing to take only old stacks","2026-07-13 06:36:43.785132","2026-07-13 06:36:43.785132"
26339,a057b0f2-51c1-47cf-aec3-9c9ec99844f7,TKT-1-202607-00624,110281,3,2,"2026-07-14 12:45:18",0,"then what about the old stacks . how to resolve the issue for the oldstacks. DM is not allowing to do ot for the older stacks please try to rectify","2026-07-14 07:15:18.462522","2026-07-14 07:15:18.462522"
26339,ab3f62e0-5d1f-4ab1-bded-b4d9cc16b139,TKT-1-202607-00624,inish.d,2,3,"2026-07-22 17:53:06",0,"Since the data is scattered across different tables, it is difficult for us to correct it through the backend., please get approval from Division staff for OT.","2026-07-22 12:23:05.589757","2026-07-22 12:23:05.589757"
26339,b2792a8b-bf15-42e9-9ad5-278bd463864b,TKT-1-202607-00624,inish.d,2,7,"2026-09-10 15:33:47",0,"User asked to Close the Ticket.","2026-09-10 10:03:46.975832","2026-09-10 10:03:46.975832"
26339,bdd02ae8-8a82-47af-aa51-ede825e1a289,TKT-1-202607-00624,inish.d,2,3,"2026-07-14 18:13:22",0,"data edit can not be possible since it may lead to data inconsistency / data corruption, Please correct using OT.","2026-07-14 12:43:21.507556","2026-07-14 12:43:21.507556"
26339,c88f08fb-def4-49de-a5d5-f6ef1f40e74e,TKT-1-202607-00624,110281,3,2,"2026-07-09 11:04:11",0,"User id and password provided, Please resolve the problem","2026-07-09 05:34:11.097072","2026-07-09 05:34:11.097072"
26339,ef171eca-1b1e-4f0f-9695-487cf6e2bfc6,TKT-1-202607-00624,vikram6singh,10,2,"2026-07-03 16:32:31",0,"Please check.","2026-07-03 11:02:31.000000","2026-07-03 11:02:31.000000"
26339,f2e8c8ef-5dab-4cf8-acaa-9393b2dfcb38,TKT-1-202607-00624,inish.d,2,3,"2026-07-13 15:21:55",0,"yes, you can allocate stack at the time of token creation when the stack status is Empty, once stack status updated to receipt, you can not allocate at the time of token creation. please go thru the attached CMR_OT_FAQ.pdf","2026-07-13 09:51:55.036247","2026-07-13 09:51:55.036247"
26339,669504ea-8442-43e8-b8cb-2d9510f0019e,TKT-1-202607-00624,pooja.11,2,7,"2026-07-03 15:17:35",0,"Kindly refer the attached PDf, stsck allocation faq for the resolution of the issue. For Further assistance, please contact our Support team at: 1800 410 6688.","2026-07-03 09:47:35.000000","2026-07-03 09:47:35.000000"
26339,70fc4424-4ce4-4bd4-a88e-2bca94eea10b,TKT-1-202607-00624,vikram6singh,1,2,"2026-07-03 12:26:59",0,"Please check","2026-07-03 06:56:59.000000","2026-07-03 06:56:59.000000"
26339,8cece6ad-95ba-4bfc-b3d8-647f2482683f,TKT-1-202607-00624,inish.d,2,3,"2026-07-10 12:00:18",0,"Please provide the respective TEC number and lot number, because from the attachment we are not able to find TEC number.","2026-07-10 06:30:17.859337","2026-07-10 06:30:17.859337"
26339,2f846877-abae-4318-b653-881ec14d3bf6,TKT-1-202607-00624,110281,3,2,"2026-07-23 11:31:06",0,"pleas check once and as we are unable to take the cmr for old stacks","2026-07-23 06:01:06.151718","2026-07-23 06:01:06.151718"
26339,31d746e0-1689-485e-81b1-16a848345fc6,TKT-1-202607-00624,110281,NULL,1,"2026-07-03 12:25:52",0,New,"2026-07-03 06:55:52.000000","2026-07-03 06:55:52.000000"
26339,33a292b7-d774-4e94-bea7-8744dc4db38d,TKT-1-202607-00624,inish.d,2,3,"2026-08-15 11:47:52",0,"Since the data is scattered across different tables, it is difficult for us to correct it through the backend., please get approval from Division staff for OT.","2026-08-15 06:17:52.186886","2026-08-15 06:17:52.186886"
26339,374a77c7-3899-48d2-a35d-e58bae4ceb09,TKT-1-202607-00624,inish.d,2,3,"2026-07-06 09:21:35",0,"Only empty status stacks will be considered for stack allocation at the time of token creation. Anyway please provide your credentials, let us check.","2026-07-06 03:51:34.865175","2026-07-06 03:51:34.865175"
26339,3d8d6d1a-3f35-4771-8a4b-90b0cf3cc50d,TKT-1-202607-00624,110281,3,2,"2026-08-17 11:10:46",0,"ok but here dms are not allowing us to do ot ,otherwise please provide any letter to RO 's regardig Ot trasantion proceed fro your end.","2026-08-17 05:40:45.896576","2026-08-17 05:40:45.896576"
26339,4d3957fb-dabb-4aa9-bdd1-f9422452946d,TKT-1-202607-00624,110281,3,2,"2026-07-07 13:25:24",0,"Userid: sb13069_01       password: Anaparthi@123 and unable to login to ticket management also please check once from your end . user id : sb13069_01","2026-07-07 07:55:24.270850","2026-07-07 07:55:24.270850"
26339,5460420f-5347-41ad-a0aa-c199e6e2d155,TKT-1-202607-00624,110281,3,2,"2026-07-15 14:08:07",0,"ot is not possible as Dm sir is not allowing to do Other trsantions any alternative solutions","2026-07-15 08:38:06.860664","2026-07-15 08:38:06.860664"
26339,582cd8db-dcb8-42d0-9fad-5effa591b386,TKT-1-202607-00624,110281,3,2,"2026-07-10 10:57:58",0,"but there is no commodity edit option.so please try to resolve it soon.","2026-07-10 05:27:57.565534","2026-07-10 05:27:57.565534"
26339,16a0c1e6-e2ea-4385-b179-4490d7ca758f,TKT-1-202607-00624,110281,7,10,"2026-07-03 16:26:37",0,"sir stack is in recepit status only and we tried every possible step that provided in the pdf but resolution . still same error we are getting as stack is null please look into this.","2026-07-03 10:56:37.000000","2026-07-03 10:56:37.000000"
26339,6d5e209d-5da4-4532-8fa6-48942effe379,TKT-1-202607-00624,inish.d,2,3,"2026-09-08 18:10:21",0,"please check comments","2026-09-08 12:40:21.244623","2026-09-08 12:40:21.244623"
67,55792962-3aed-4ddb-ae43-9f400980b041,TKT-1-202607-00626,vikram6singh,1,2,"2026-07-03 12:39:48",0,"Please check","2026-07-03 07:09:48.000000","2026-07-03 07:09:48.000000"
67,f6b265f1-c9b7-4f34-9234-ee03f1a24272,TKT-1-202607-00626,122375,3,2,"2026-07-10 13:21:25",0,"Sir/Madam, It is submitted that there is some difference in the formulae used in column number 11, 19, 20, 21 22 in 29.10 Statements prepared by the depot in Excel Sheet and 29.10 Statements generated on Annadarpan Portal. Please share excel sheet .","2026-07-10 07:51:25.284990","2026-07-10 07:51:25.284990"
67,e5a90432-3e92-40ea-81e5-1e554ebf3bf4,TKT-1-202607-00626,umesh.k,2,7,"2026-07-14 04:28:36",0,"as per user's confirmation, we are proceeding to close the ticket.","2026-07-14 04:28:35.921051","2026-07-14 04:28:35.921051"
67,cbcd5d3e-c22b-43bb-b261-d963711f5c0f,TKT-1-202607-00626,122375,NULL,1,"2026-07-03 12:31:09",0,New,"2026-07-03 07:01:09.000000","2026-07-03 07:01:09.000000"
67,bd694e1e-1526-4be8-9c69-a368d86d5d42,TKT-1-202607-00626,saroj.m,2,3,"2026-07-03 14:27:52",0,"You are kindly requested to please share the relevant screenshots and supporting documents, so that we may review the matter and determine the further course of action. For any assistance, please contact our support team at: 1800-410-6688.","2026-07-03 08:57:52.000000","2026-07-03 08:57:52.000000"
67,93a422ee-4afe-4153-bcf5-ace1597ad802,TKT-1-202607-00626,122375,3,2,"2026-07-08 13:08:08",0,"Kindly find attached the storage gain statement for reference.","2026-07-08 07:38:07.788739","2026-07-08 07:38:07.788739"
67,7b54acbc-75d9-49dd-b038-128a57955c35,TKT-1-202607-00626,122375,3,2,"2026-07-13 14:49:09",0,"Kindly share the formula applied in Column number 16 (Storage Loss/Gain as per ICAR Formula) in both Wheat and Rice 29.10 Statement","2026-07-13 09:19:08.890743","2026-07-13 09:19:08.890743"
67,5f528f4c-c808-4481-8ab6-41fd84d021fa,TKT-1-202607-00626,umesh.k,2,3,"2026-07-08 15:03:50",0,"kindly refer comment section for more information.","2026-07-08 09:33:49.712134","2026-07-08 09:33:49.712134"
67,4b546286-e41f-4a38-a26d-58c18bb24e54,TKT-1-202607-00626,umesh.k,2,3,"2026-07-10 16:47:26",0,"Dear sir, kindly send an official mail from FCI to Coforge with updated formula, so that we can take necessary actions.","2026-07-10 11:17:26.018614","2026-07-10 11:17:26.018614"
67,4735fb3d-74ff-4fcd-86c4-1664c3475028,TKT-1-202607-00626,122375,3,2,"2026-07-13 16:47:18",0,"Kindly close the ticket as issue has been resolved","2026-07-13 11:17:18.460282","2026-07-13 11:17:18.460282"
67,1ec8f06e-107a-4daa-a724-9dc402c9057c,TKT-1-202607-00626,umesh.k,2,3,"2026-07-13 15:31:02",0,"Kindly refer the pdf attached by us names 29.10_formula.pdf, there we have mentioned the formula clearly.","2026-07-13 10:01:02.048737","2026-07-13 10:01:02.048737"
67,0d142cdd-4de8-4992-9c3a-9d311b25becd,TKT-1-202607-00626,122375,7,8,"2026-07-25 15:33:56",0,"closed it.","2026-07-25 10:03:56.201725","2026-07-25 10:03:56.201725"
379,09c2a338-9ff5-4995-a968-8794ffd318d5,TKT-1-202607-00627,HA11_QC_ADMIN,5,2,"2026-07-15 17:02:43",0,"suggestion noted","2026-07-15 11:32:42.828486","2026-07-15 11:32:42.828486"
379,2d650da4-3561-4456-8b95-519a8cb07321,TKT-1-202607-00627,vikram6singh,1,2,"2026-07-03 12:39:57",0,"Please check","2026-07-03 07:09:57.000000","2026-07-03 07:09:57.000000"
379,366bf01f-5fd5-4405-90a2-6875be2a27d3,TKT-1-202607-00627,pooja.11,2,5,"2026-07-08 15:35:19",0,"Kindly review the proposed enhancement to capture the Name of Centre and Type of Inspection only once during Fortnightly/MIR/QIR inspections instead of repeatedly for each stack, for reduce repetitive data entry, and improving operational efficiency.","2026-07-08 10:05:18.519835","2026-07-08 10:05:18.519835"
379,4773604c-ebff-4c5d-a376-dd854a6561a8,TKT-1-202607-00627,pooja.11,2,12,"2026-07-16 14:20:09",0,"Kindly consider for this CR.","2026-07-16 08:50:09.496817","2026-07-16 08:50:09.496817"
379,63cdd1bc-4a0e-4287-a388-0b843814eddb,TKT-1-202607-00627,262396,3,2,"2026-07-08 11:29:05",0,"Relevant screen shot attached, kindly remove repetitive asking the name of Depot and date of inspection. Once depot is selected for inspection there no requirement to asking the name and date of inspection in each and every stack's inspection.","2026-07-08 05:59:04.560958","2026-07-08 05:59:04.560958"
379,71a07562-c1e0-4e8b-b94a-7bbca84dcd77,TKT-1-202607-00627,262396,NULL,1,"2026-07-03 12:31:20",0,New,"2026-07-03 07:01:20.000000","2026-07-03 07:01:20.000000"
379,835fff5b-98de-4256-b649-a4651c986ee4,TKT-1-202607-00627,pooja.11,2,3,"2026-07-03 16:23:19",0,"You are kindly requested to please share the relevant screenshots and supporting documents, so that we may review the matter and determine the further course of action. For any assistance, please contact our support team at: 1800-410-6688.","2026-07-03 10:53:19.000000","2026-07-03 10:53:19.000000"
1608,6ce777a2-d073-4db0-993d-4c8e2ae202ca,TKT-1-202607-00644,inzemamul.h,2,5,"2026-07-08 11:56:59",0,"Respected sir, Kindly look into this suggestion.","2026-07-08 06:26:58.821466","2026-07-08 06:26:58.821466"
1608,d0d6ce34-f51a-40ef-bb30-d91524f76eda,TKT-1-202607-00644,132242,NULL,1,"2026-07-03 13:12:49",0,New,"2026-07-03 07:42:49.000000","2026-07-03 07:42:49.000000"
1608,38ef693e-dc7c-4958-a03b-c6de37d9b19d,TKT-1-202607-00644,vikram6singh,1,2,"2026-07-03 13:18:22",0,"Please check","2026-07-03 07:48:22.000000","2026-07-03 07:48:22.000000"
6676,327b80dc-e2e7-43ac-8a1c-02dc302eb24f,TKT-1-202607-00674,inish.d,2,3,"2026-07-23 11:06:52",0,"Dear Sir/Madam,Are you asking about ancilary labour workslip?","2026-07-23 05:36:51.620444","2026-07-23 05:36:51.620444"
6676,d390d9fb-db4f-4b75-8f55-a51959ac3d55,TKT-1-202607-00674,110115,3,2,"2026-07-24 17:10:24",0,"Sir, 5 Ancillary labours are working here. Their workslips are not working in Annadarpan system. Kindly resolve this issue.","2026-07-24 11:40:23.623190","2026-07-24 11:40:23.623190"
6676,bc9c7173-aa56-4fac-a434-3bbbfef95e74,TKT-1-202607-00674,110115,3,2,"2026-07-14 13:40:18",0,"Kindly reasolve the issue","2026-07-14 08:10:17.552058","2026-07-14 08:10:17.552058"
6676,a0c3ea73-5d6c-48f3-a80c-54247ae2b615,TKT-1-202607-00674,anuj.s,2,3,"2026-07-03 16:01:27",0,"Sir, kindly share the gang details and requested to provide the relevant screenshots and supporting documents so that we may review the matter and determine the appropriate further course of action at the earliest.","2026-07-03 10:31:27.000000","2026-07-03 10:31:27.000000"
6676,8d022ee6-399e-4e42-9efd-4ed431fa541f,TKT-1-202607-00674,IRL_admin,5,2,"2026-09-07 17:35:23",0,"Technical matter, SI to resolve this.","2026-09-07 12:05:22.683677","2026-09-07 12:05:22.683677"
6676,875958b3-85a8-42b2-8b09-55751e9e720f,TKT-1-202607-00674,110115,NULL,1,"2026-07-03 14:57:58",0,New,"2026-07-03 09:27:58.000000","2026-07-03 09:27:58.000000"
6676,6283cb75-808c-40d5-9446-fd97d29270d1,TKT-1-202607-00674,inish.d,2,5,"2026-07-25 11:29:54",0,"User is asking for ancillary labour usage and ancillary labour workslip please look into it","2026-07-25 05:59:53.960085","2026-07-25 05:59:53.960085"
6676,5642bcae-93fd-4498-b644-ca6c94e9949f,TKT-1-202607-00674,vikram6singh,1,2,"2026-07-03 15:16:43",0,"Please check.","2026-07-03 09:46:43.000000","2026-07-03 09:46:43.000000"
1617,aba087e0-31e7-40ac-85e0-b82c8868b10f,TKT-1-202607-00690,vikram6singh,10,2,"2026-07-22 17:24:10",0,"Please check.","2026-07-22 11:54:10.330073","2026-07-22 11:54:10.330073"
1617,fdd36ed5-cf94-41ec-b2bb-3bedf326b81d,TKT-1-202607-00690,anuj.s,2,7,"2026-07-25 16:57:15",0,"As per the user’s remarks, the issue has been resolved; hence, the ticket has been closed. For any further assistance, kindly contact our Support Team at 1800‑410‑6688.","2026-07-25 11:27:14.754628","2026-07-25 11:27:14.754628"
1617,fd90fe8f-fd19-4957-8ad9-2a71a7111feb,TKT-1-202607-00690,vikram6singh,1,2,"2026-07-03 16:08:48",0,"Please  check.","2026-07-03 10:38:48.000000","2026-07-03 10:38:48.000000"
1617,fac6a2d7-1d63-4680-ac08-808b17856b70,TKT-1-202607-00690,umesh.k,2,3,"2026-07-22 18:33:22",0,"Dear sir/madam, please mark the wagon as missing and perform the inward. we cannot delete the container from the backend. Thank you","2026-07-22 13:03:21.728672","2026-07-22 13:03:21.728672"
1617,f1ee7a58-7837-457f-97a7-e91f6928ffa3,TKT-1-202607-00690,276499,3,2,"2026-07-10 12:37:11",0,"Please find enclosed movement no. 060519052022601-11384","2026-07-10 07:07:11.161071","2026-07-10 07:07:11.161071"
1617,d3024259-e2e2-49fe-82be-d3e2dd3298a2,TKT-1-202607-00690,umesh.k,2,7,"2026-07-20 16:34:38",0,"Dear sir/madam, Hope this issue has been resolved, If not please create new ticket. Thank you","2026-07-20 11:04:37.600940","2026-07-20 11:04:37.600940"
1617,cfe9430b-2266-4fad-a1d3-e08d0f036a76,TKT-1-202607-00690,umesh.k,2,3,"2026-07-13 12:18:49",0,"Dear sir/madam, Please refer the comments, Thank you","2026-07-13 06:48:48.565161","2026-07-13 06:48:48.565161"
1617,c1829eaf-95ed-44c1-b5fb-ad16daee88da,TKT-1-202607-00690,shrutipan966,2,7,"2026-07-24 17:50:41",0,"Please refer the comment section.","2026-07-24 12:20:40.599350","2026-07-24 12:20:40.599350"
1617,b9a4c4bf-7308-413f-b166-72b260c737ea,TKT-1-202607-00690,276499,7,10,"2026-07-22 17:12:06",0,"it is requested that the data for container CXNU2410345 be deleted from Movement ID 06051905202601-11384, so that Movement No. 06051905202601-11384 can be released. Kindly do the needful at the earliest.","2026-07-22 11:42:06.419828","2026-07-22 11:42:06.419828"
1617,b59482dc-20f1-4b8c-9431-4331cc32b642,TKT-1-202607-00690,276499,NULL,1,"2026-07-03 16:01:24",0,New,"2026-07-03 10:31:24.000000","2026-07-03 10:31:24.000000"
1617,ab114791-0298-4975-984b-886fd2dbee41,TKT-1-202607-00690,umesh.k,2,3,"2026-07-17 17:40:17",0,"Dear sir/madam, please check now the crop year has been updated. Thank you","2026-07-17 12:10:16.885380","2026-07-17 12:10:16.885380"
1617,985da246-0c81-4e3d-b4a0-bf40d2829235,TKT-1-202607-00690,vikram6singh,10,2,"2026-07-25 16:20:22",0,"Please check.","2026-07-25 10:50:21.710820","2026-07-25 10:50:21.710820"
1617,844f1cd8-6e25-46cf-85b1-c4eb7ca2f257,TKT-1-202607-00690,umesh.k,3,2,"2026-07-20 16:34:31",0,"Assigning to L2 Team","2026-07-20 11:04:31.026356","2026-07-20 11:04:31.026356"
1617,6be6744d-6c52-40aa-93bf-1a74ca33b42f,TKT-1-202607-00690,276499,3,2,"2026-07-16 11:30:34",0,"KINDLY SEE THE POST","2026-07-16 06:00:34.370091","2026-07-16 06:00:34.370091"
1617,584327c9-c643-426f-9b45-3ed3cbc377d4,TKT-1-202607-00690,shrutipan966,3,2,"2026-07-24 17:49:58",0,"Please check","2026-07-24 12:19:58.392960","2026-07-24 12:19:58.392960"
1617,27718163-d8c4-457e-aadc-5c02ed08d199,TKT-1-202607-00690,276499,7,10,"2026-07-25 12:33:11",0,"Your previous remarks not shown at this time. So, please send the previous remarks for the further references.","2026-07-25 07:03:11.469893","2026-07-25 07:03:11.469893"
1617,0c764254-b11e-4457-a39e-4f804bee7a05,TKT-1-202607-00690,pooja.11,2,3,"2026-07-03 16:53:34",0,"You are kindly requested to please share the relevant screenshots and supporting documents, so that we may review the matter and determine the further course of action. For any assistance, please contact our support team at: 1800-410-6688.","2026-07-03 11:23:34.000000","2026-07-03 11:23:34.000000"
1951,128334f9-4f98-4183-8454-0c46bc9565fe,TKT-1-202607-00700,shivaniyadav091298,2,7,"2026-07-29 13:16:17",0,"As discussed with the user over the call (8962266542), the user was advised to coordinate with the concerned Regional Office regarding this issue. After informing the user and receiving confirmation, this ticket is being marked as resolved.","2026-07-29 07:46:16.797724","2026-07-29 07:46:16.797724"
1951,f3dcff52-d406-4762-b149-71a35a72d611,TKT-1-202607-00700,inzemamul.h,2,3,"2026-07-27 15:10:05",0,"kindly refer to the comment box.","2026-07-27 09:40:05.142665","2026-07-27 09:40:05.142665"
1951,d69920f4-9d64-41a8-bced-ea5d92b53e4e,TKT-1-202607-00700,218511,7,8,"2026-07-29 16:15:41",0,"अन्न दर्पण हेल्पडेस्क से दूरभाष पर हुई चर्चा के दौरान भी अवगत कराया गया कि आवश्यक कार्यवाही क्षेत्रीय कार्यालय स्तर पर की जानी है तथा उक्त समस्या का समाधान मुख्यालय स्तर से संभव न होने के कारण टिकट को बंद (Close) किया जा रहा है।","2026-07-29 10:45:40.989866","2026-07-29 10:45:40.989866"
1951,c73bdce0-aab8-4188-b4d4-602f02d3f898,TKT-1-202607-00700,umesh.k,2,3,"2026-07-06 12:58:13",0,"Kindly check our comments.","2026-07-06 07:28:12.598707","2026-07-06 07:28:12.598707"
1951,bf5c7b44-22d7-4deb-af8d-ec0e086aa363,TKT-1-202607-00700,218511,3,2,"2026-07-06 11:13:27",0,"Allocation period from january 2026 to march 2026 is not showing in the drop down, how will they do commodity distribution , it's either not allocated from HQ that's why it's not showing","2026-07-06 05:43:27.010160","2026-07-06 05:43:27.010160"
1951,beb5cffa-97a3-4547-b5f0-02581f8502d3,TKT-1-202607-00700,218511,3,2,"2026-07-13 13:21:44",0,"Please contact on 8962266542 for further information","2026-07-13 07:51:44.018376","2026-07-13 07:51:44.018376"
1951,7c19f3f9-5d80-4599-b9e7-f84007eac582,TKT-1-202607-00700,umesh.k,2,3,"2026-07-03 16:59:51",0,"Kindly check our comments.","2026-07-03 11:29:51.000000","2026-07-03 11:29:51.000000"
1951,797fafbf-0e8c-4958-8d10-6d22cf5e1af6,TKT-1-202607-00700,shivaniyadav091298,3,2,"2026-07-29 13:03:50",0,"Please check","2026-07-29 07:33:49.834991","2026-07-29 07:33:49.834991"
1951,58f26510-49f5-48cb-a51e-7ec5f5f4a65e,TKT-1-202607-00700,vikram6singh,1,2,"2026-07-03 16:19:03",0,"Please  check.","2026-07-03 10:49:03.000000","2026-07-03 10:49:03.000000"
1951,25e0f8af-e6fc-47a8-89fd-ced97dcd1250,TKT-1-202607-00700,218511,3,2,"2026-07-27 12:40:26",0,"we've checked and talked with the RO this step has not been mentioned in the workflow, that's why if the provision is given to the GM id then it requested to you team please mail the same to RO office","2026-07-27 07:10:25.986732","2026-07-27 07:10:25.986732"
1951,0f9c8078-ecf3-42f2-8da4-43ee0b117c5a,TKT-1-202607-00700,inzemamul.h,2,3,"2026-07-17 12:42:04",0,"Kindly refer to the comment box.","2026-07-17 07:12:03.959151","2026-07-17 07:12:03.959151"
1951,9ed76e88-5964-47b5-974c-8ef4f3f7c341,TKT-1-202607-00700,218511,NULL,1,"2026-07-03 16:17:36",0,New,"2026-07-03 10:47:36.000000","2026-07-03 10:47:36.000000"
2252,1c909b45-df80-484c-9b2a-38e6c2819605,TKT-1-202607-00701,119215,NULL,1,"2026-07-03 16:21:50",0,New,"2026-07-03 10:51:50.000000","2026-07-03 10:51:50.000000"
2252,29c16b6b-1328-45d8-be90-5502b0b41021,TKT-1-202607-00701,satish.d,2,7,"2026-07-10 11:41:34",0,"as per requestor comment, i am resolving this ticket","2026-07-10 06:11:33.849207","2026-07-10 06:11:33.849207"
2252,4ce965e3-f902-42ac-8442-0985847fcbef,TKT-1-202607-00701,119215,3,2,"2026-07-10 11:34:17",0,"Please close the ticket .","2026-07-10 06:04:16.988419","2026-07-10 06:04:16.988419"
2252,555659d0-24c9-46f9-b656-d14092907cee,TKT-1-202607-00701,vikram6singh,1,2,"2026-07-03 16:32:02",0,"Please check.","2026-07-03 11:02:02.000000","2026-07-03 11:02:02.000000"
2252,763fefdb-0014-4298-846e-31f2cb4c8465,TKT-1-202607-00701,satish.d,2,3,"2026-07-09 16:52:35",0,"IT IS FIXED, PLEASE CHECK NOW","2026-07-09 11:22:34.567432","2026-07-09 11:22:34.567432"
12446,ec8a38c7-edb1-4fee-aee3-b2a9ea1dd234,TKT-1-202607-00714,vikram6singh,1,2,"2026-07-03 17:17:13",1,"Please check.","2026-07-03 11:47:13.000000","2026-07-03 11:47:13.000000"
12446,f59ff4e8-3863-445b-aed8-3790d4b6ce17,TKT-1-202607-00714,umesh.k,2,3,"2026-07-03 18:01:14",0,"Please share the screenshots and supporting documents where the discrepancies have been observed,","2026-07-03 12:31:14.000000","2026-07-03 12:31:14.000000"
12446,e9c9b733-9d9b-44e0-855d-b1defd6ac9fc,TKT-1-202607-00714,201374,3,2,"2026-07-15 12:55:21",0,"The mismatch in the figures pertaining to the data of the 2nd fortnight of June is still being reflected in the ID of the Divisional Manager, FCI, Bankura . Already shared screenshots . please check","2026-07-15 07:25:20.568266","2026-07-15 07:25:20.568266"
12446,26849f65-1b8f-4d87-8415-a908a401900a,TKT-1-202607-00714,arti.1.t,2,7,"2026-08-14 11:58:50",0,"Kindly refer to the comment box.For further assistance, please contact our support team at: 1800-410-6688","2026-08-14 06:28:50.003216","2026-08-14 06:28:50.003216"
12446,13126b67-e5cd-4ac3-966d-cd43c3326f42,TKT-1-202607-00714,201374,3,2,"2026-08-06 15:19:25",0,"PLEASE CALL ME MY CONT. NO 9641064699","2026-08-06 09:49:25.010179","2026-08-06 09:49:25.010179"
12446,19592a87-c378-450d-bb19-1b60832ad70a,TKT-1-202607-00714,201374,NULL,1,"2026-07-03 17:15:00",0,New,"2026-07-03 11:45:00.000000","2026-07-03 11:45:00.000000"
12446,b522fe64-fae7-4e7e-a92d-1c6e1d9d8d5a,TKT-1-202607-00714,umesh.k,2,3,"2026-08-05 14:53:39",0,"Addressed, Pls check comments","2026-08-05 09:23:38.814648","2026-08-05 09:23:38.814648"
705,1d51e3c9-dba8-4c8d-98d3-4a2ba3969fd1,TKT-1-202607-00760,vikram6singh,1,2,"2026-07-04 10:01:17",0,"Please check","2026-07-04 04:31:17.361936","2026-07-04 04:31:17.361936"
705,441d760c-2ae7-4ab2-86fb-ce0fc0eb746e,TKT-1-202607-00760,nh22011_01,NULL,1,"2026-07-04 09:56:42",0,New,"2026-07-04 04:26:42.242275","2026-07-04 04:26:42.242275"
705,805f5abf-890e-4b27-a07b-0d32d2a7e826,TKT-1-202607-00760,umesh.k,2,7,"2026-07-07 11:41:58",0,"kindly refer comment section for more information.","2026-07-07 06:11:57.736206","2026-07-07 06:11:57.736206"
362,67706f24-131e-40cb-adcb-06d245b75b23,TKT-1-202607-00764,inish.d,3,2,"2026-07-14 16:35:35",0,"Assign back","2026-07-14 11:05:35.304271","2026-07-14 11:05:35.304271"
362,bded2523-824d-4d67-a091-539493de640d,TKT-1-202607-00764,satish.d,2,3,"2026-07-07 20:17:59",0,"Please check","2026-07-07 14:47:59.331255","2026-07-07 14:47:59.331255"
362,b8732c0f-f8f7-4964-9125-d07be1c3b11b,TKT-1-202607-00764,168974,3,2,"2026-07-06 12:28:32",0,"Could not find the comments you are reffering to.kindly tell what to do. already QPV report generated.","2026-07-06 06:58:32.390633","2026-07-06 06:58:32.390633"
362,a8e29b3a-2282-4d8d-85a5-d5397d944611,TKT-1-202607-00764,satish.d,2,3,"2026-07-04 17:28:40",0,"Please check provided comments","2026-07-04 11:58:39.733784","2026-07-04 11:58:39.733784"
362,6cdeadfc-d86e-4d3c-ae10-091f3da47a3e,TKT-1-202607-00764,inish.d,2,7,"2026-07-14 16:35:37",0,"we hope issue has been resolved we are closing the ticket please reopen if any issue still persists","2026-07-14 11:05:37.445224","2026-07-14 11:05:37.445224"
362,5fe963db-3ca8-43e5-838c-4f82b649d144,TKT-1-202607-00764,168974,NULL,1,"2026-07-04 10:52:24",0,New,"2026-07-04 05:22:24.062822","2026-07-04 05:22:24.062822"
362,3d810e58-c701-4c5c-8ee5-d58c07eb88bd,TKT-1-202607-00764,vikram6singh,1,2,"2026-07-04 10:54:55",1,"Please check","2026-07-04 05:24:55.251222","2026-07-04 05:24:55.251222"
357,1cb52f55-48c5-4aa3-b1b7-b88732b5375f,TKT-1-202607-00768,298256,3,2,"2026-07-16 11:24:17",0,"Kindly contact me on 9754897207 so that i can further elaborate the issue","2026-07-16 05:54:17.389764","2026-07-16 05:54:17.389764"
357,fc58d453-438d-47ce-9076-e4dbbe7071ba,TKT-1-202607-00768,298256,3,2,"2026-07-23 11:54:11",0,"Mail has been Sent to HQ please do the needfull","2026-07-23 06:24:10.943373","2026-07-23 06:24:10.943373"
357,e7926ace-c309-457b-9bd0-b59b0b3b76f3,TKT-1-202607-00768,vikram6singh,1,2,"2026-07-04 11:30:12",1,"Please check","2026-07-04 06:00:11.818547","2026-07-04 06:00:11.818547"
357,d5409b91-e07a-4145-95a8-41a715258f72,TKT-1-202607-00768,298256,NULL,1,"2026-07-04 11:27:50",0,New,"2026-07-04 05:57:50.228855","2026-07-04 05:57:50.228855"
357,53407932-4945-4518-8afa-b4ec04d6e817,TKT-1-202607-00768,umesh.k,2,3,"2026-07-04 11:48:58",0,"Addressed. Pls check comments","2026-07-04 06:18:57.953968","2026-07-04 06:18:57.953968"
357,35185636-cfea-4800-9f8a-63e352f54cd3,TKT-1-202607-00768,sanjeet.k,2,3,"2026-07-17 17:05:55",0,"kindly check the comment section and do as informed.","2026-07-17 11:35:55.005409","2026-07-17 11:35:55.005409"
357,ce40a142-292a-463a-a88b-0dd0e2f53c7f,TKT-1-202607-00768,satish.d,2,7,"2026-07-23 17:17:37",0,"ONCE HQ SEND THE MAIL WE WILL CHECK THIS ISSUE","2026-07-23 11:47:36.925384","2026-07-23 11:47:36.925384"
232,6c976fbd-59bc-443e-81b5-b2cadb1db2fe,TKT-1-202607-00770,vikram6singh,1,2,"2026-07-04 11:39:25",0,"Please check","2026-07-04 06:09:24.934434","2026-07-04 06:09:24.934434"
232,a6b644ef-a2b0-49d2-94a8-2db7453ffabf,TKT-1-202607-00770,173314,NULL,1,"2026-07-04 11:38:09",0,New,"2026-07-04 06:08:08.506544","2026-07-04 06:08:08.506544"
232,d0bfb88a-e18e-4bef-98ea-f28f3c02e958,TKT-1-202607-00770,saroj.m,2,7,"2026-07-06 14:27:08",0,"Please be informed that the liquidation of the stack allowed only for the baby stack in the QPV, kindly perform the operation accordingly in order to complete the PV operation.  For any assistance, please contact our support team at: 1800-410-6688.","2026-07-06 08:57:08.292883","2026-07-06 08:57:08.292883"
438,0f541f6a-d396-409b-8a26-dc88815ba6d0,TKT-1-202607-00771,satish.d,2,7,"2026-07-10 14:51:53",0,"Based on user comments, issue has been resolved we are closing the ticket","2026-07-10 09:21:53.040857","2026-07-10 09:21:53.040857"
438,21cd28a6-80ba-4c81-a590-d9fbdfda963b,TKT-1-202607-00771,vikram6singh,1,2,"2026-07-04 11:39:47",1,"Please check","2026-07-04 06:09:46.922696","2026-07-04 06:09:46.922696"
438,39284db6-a806-4c40-988d-851bd933f65a,TKT-1-202607-00771,115221,3,2,"2026-07-10 12:31:08",0,"ok then close the ticket","2026-07-10 07:01:08.093602","2026-07-10 07:01:08.093602"
438,c7e3f11e-6498-4d7a-8764-9c7633cca916,TKT-1-202607-00771,satish.d,2,3,"2026-07-07 12:54:05",0,"Please check provided comments","2026-07-07 07:24:04.570536","2026-07-07 07:24:04.570536"
438,f82aee2e-61cb-462e-91c4-3c13bf7557d5,TKT-1-202607-00771,115221,NULL,1,"2026-07-04 11:38:37",0,New,"2026-07-04 06:08:36.531257","2026-07-04 06:08:36.531257"
658,7b63d6a3-6f68-4064-87e7-764bd007e7fd,TKT-1-202607-00773,vikram6singh,1,2,"2026-07-04 11:50:31",1,"Please check","2026-07-04 06:20:31.474923","2026-07-04 06:20:31.474923"
658,850f2bbc-2490-43c7-8d5c-4ce9fd3129e7,TKT-1-202607-00773,umesh.k,2,7,"2026-07-08 09:54:10",0,"issue has been resolved.","2026-07-08 04:24:10.045002","2026-07-08 04:24:10.045002"
658,125cae5c-5641-4ba2-8d01-94504644dc88,TKT-1-202607-00773,ee13004_01,NULL,1,"2026-07-04 11:49:20",0,New,"2026-07-04 06:19:19.772451","2026-07-04 06:19:19.772451"
2506,fd3c461b-07d2-4854-8605-22451d7d428d,TKT-1-202607-00778,196702,NULL,1,"2026-07-04 12:01:32",0,New,"2026-07-04 06:31:31.728880","2026-07-04 06:31:31.728880"
2506,f5e59129-52ad-4a42-8e8d-2706b1d3a491,TKT-1-202607-00778,inish.d,2,3,"2026-07-22 17:52:49",0,"Since the data is scattered across different tables, it is difficult for us to correct it through the backend., please get approval from Division staff for OT.","2026-07-22 12:22:48.901982","2026-07-22 12:22:48.901982"
2506,f546b07e-d3a5-4ffd-8824-8e1b1dd1d970,TKT-1-202607-00778,inish.d,2,3,"2026-07-06 12:43:46",0,"Have you performing UAT ? if so there is a option for CMR contract creation in Area procurement Login. please create Contract and do approve from Divisional manager. once its done, miller can start book TEC's for created contract.","2026-07-06 07:13:45.955732","2026-07-06 07:13:45.955732"
2506,d068c64a-1b40-4b16-9b4b-3cf526b73eca,TKT-1-202607-00778,anshu.r,2,3,"2026-07-06 11:02:09",0,"kindly share the exact details of the issue with screenshot for our further investigation. For further assistance, please contact our support team at : 1800-410-6688","2026-07-06 05:32:08.580085","2026-07-06 05:32:08.580085"
2506,ccc753fe-4a67-45f1-b256-08a139d8cc1f,TKT-1-202607-00778,196702,3,2,"2026-07-10 20:56:03",0,"The OT entry through inward by CMR option requires eTEC no. Since, no millers were generating eTEC through Wings, the lots were received through OT-other options only. Is there any way to receive CMR in these stacks except through OT?","2026-07-10 15:26:03.268412","2026-07-10 15:26:03.268412"
2506,cc48173f-2092-4b93-b84a-b8848acbd068,TKT-1-202607-00778,inish.d,2,7,"2026-07-28 14:28:31",0,"closing as per user conformation.","2026-07-28 08:58:30.576761","2026-07-28 08:58:30.576761"
2506,c57a4b37-d79b-4c9f-a087-d0d5e5d7de5e,TKT-1-202607-00778,inish.d,2,3,"2026-07-13 11:34:28",0,"No sir, we have to proceed with OT if stack is in Receipt state .","2026-07-13 06:04:28.424608","2026-07-13 06:04:28.424608"
2506,a65b7e72-5057-4a94-9902-51db8bece074,TKT-1-202607-00778,vikram6singh,1,2,"2026-07-04 12:01:59",0,"Please check","2026-07-04 06:31:59.053868","2026-07-04 06:31:59.053868"
2506,a5716415-6da8-42f6-b21d-b07962bf86c8,TKT-1-202607-00778,inish.d,2,3,"2026-07-10 11:29:03",0,"please check comments","2026-07-10 05:59:03.123215","2026-07-10 05:59:03.123215"
2506,9a196ab2-bf48-47d5-bcfb-e5fd8af36b5b,TKT-1-202607-00778,inish.d,3,2,"2026-07-06 11:43:01",0,.,"2026-07-06 06:13:01.018357","2026-07-06 06:13:01.018357"
2506,0525be7f-207d-4838-bfda-8fe8e75c1a6b,TKT-1-202607-00778,196702,7,8,"2026-08-04 14:27:01",0,ok,"2026-08-04 08:57:01.417180","2026-08-04 08:57:01.417180"
2506,9321d978-5e49-4ede-9425-a61a4af7ee3e,TKT-1-202607-00778,196702,3,2,"2026-07-10 11:51:03",0,"That means we can not assign receipt to a stack during token creation, where lot(s) was/were already received via OT on earlier ocassion","2026-07-10 06:21:03.317678","2026-07-10 06:21:03.317678"
2506,0ff6b078-8b15-4cc2-891e-80c1550c93a9,TKT-1-202607-00778,196702,3,2,"2026-07-28 13:43:34",0,"Please closed the ticket","2026-07-28 08:13:33.561011","2026-07-28 08:13:33.561011"
2506,1b6a1e87-b908-4a91-b840-c61e8030f82f,TKT-1-202607-00778,inish.d,2,3,"2026-07-10 17:40:07",0,"Even if you perform OT, you should follow Other Transaction -> inward by CMR. so that further stacks can be received in AD proper flow. if you would have selected Other transactions -> Other , further transactions also has to be done via OT only.","2026-07-10 12:10:07.046499","2026-07-10 12:10:07.046499"
2506,1d13e14c-34b5-4719-985f-329702a853ab,TKT-1-202607-00778,196702,3,2,"2026-07-10 12:29:30",0,"It is requested to kindly suggest ways to receive lots through CMR module of Anna Darpan in stacks where some lots were already received through OT","2026-07-10 06:59:29.752067","2026-07-10 06:59:29.752067"
2506,33a73afa-f25c-41c8-b174-c0e5a8d2ca0f,TKT-1-202607-00778,196702,3,2,"2026-07-20 16:04:59",0,"please resume the ticket","2026-07-20 10:34:59.038633","2026-07-20 10:34:59.038633"
2506,503d4f51-f14e-4a73-96f4-a1da62aadc89,TKT-1-202607-00778,inish.d,2,3,"2026-07-25 13:29:32",0,"Since the data is scattered across different tables, it is difficult for us to correct it through the backend., please get approval from Division staff for OT.","2026-07-25 07:59:31.510681","2026-07-25 07:59:31.510681"
2506,52275a10-35fa-4451-a694-a1757b8514c4,TKT-1-202607-00778,196702,3,2,"2026-07-09 20:14:24",0,"Kindly clarify whether we can receipt a lot in CMR module through live option in an already built stack where another lot/lot(s) was/were already received through OT (other transaction), due to non generation of eTEC by millers.","2026-07-09 14:44:24.339012","2026-07-09 14:44:24.339012"
2506,54b88dc5-75cc-457d-91cb-8df9ce39e99d,TKT-1-202607-00778,196702,3,2,"2026-07-25 12:52:12",0,"Please Resume the ticket","2026-07-25 07:22:11.649176","2026-07-25 07:22:11.649176"
2506,75eda411-ee91-43ec-b575-3618f96f8d88,TKT-1-202607-00778,inish.d,2,3,"2026-07-10 12:11:52",0,"Yes, its not suggested to perform OT since Lot generation provision available in AD.","2026-07-10 06:41:51.831507","2026-07-10 06:41:51.831507"
370,1e2ca127-1e90-4f89-a69c-88479bc2b699,TKT-1-202607-00779,inish.d,2,3,"2026-07-06 10:16:31",0,"Sir/Madam,  Please provide the login credentials so that we can proceed further.","2026-07-06 04:46:31.457136","2026-07-06 04:46:31.457136"
370,2f3c3efc-8471-4915-963f-973197a5c55e,TKT-1-202607-00779,283278,NULL,1,"2026-07-04 12:01:41",0,New,"2026-07-04 06:31:41.242398","2026-07-04 06:31:41.242398"
370,3287b32f-ec78-45fb-a5a3-50f6435b0633,TKT-1-202607-00779,283278,3,2,"2026-07-16 13:21:59",0,"please closed the ticket","2026-07-16 07:51:58.783214","2026-07-16 07:51:58.783214"
370,4cd9975d-19f1-4028-96d5-e8da2949f391,TKT-1-202607-00779,vikram6singh,1,2,"2026-07-04 12:02:14",0,"Please check","2026-07-04 06:32:13.775999","2026-07-04 06:32:13.775999"
370,8a1657d9-dff3-47ca-a301-d7871736ac92,TKT-1-202607-00779,283278,3,2,"2026-07-10 12:03:50",0,"Login Id - 283278 Password - AnnaDarpan@123","2026-07-10 06:33:50.351154","2026-07-10 06:33:50.351154"
370,8e9f1af3-7a51-4f70-a64a-8d961a19760e,TKT-1-202607-00779,inish.d,2,7,"2026-07-16 16:02:52",0,"closing the ticket as per user's comment","2026-07-16 10:32:52.258388","2026-07-16 10:32:52.258388"
370,c8b647a4-91ea-4e84-822d-aed0d58a6bf7,TKT-1-202607-00779,inish.d,2,3,"2026-07-10 16:15:00",0,"Sir/Madam, Please contact the manage to update the capacity in Edit stack menu.","2026-07-10 10:45:00.354215","2026-07-10 10:45:00.354215"
1577,8f498156-a8a7-4851-8699-009b427e206f,TKT-1-202607-00780,242871,NULL,1,"2026-07-04 12:05:38",0,New,"2026-07-04 06:35:38.404727","2026-07-04 06:35:38.404727"
1577,663cfa9c-11b8-4752-b675-4de603fa4cdf,TKT-1-202607-00780,satish.d,2,7,"2026-07-09 16:16:34",0,"we hope issue has been resolved so we are closing the ticket if not please reopen","2026-07-09 10:46:33.582858","2026-07-09 10:46:33.582858"
1577,0781161a-3366-4969-9f55-6a4810bfe735,TKT-1-202607-00780,vikram6singh,1,2,"2026-07-04 12:09:40",1,"Please check","2026-07-04 06:39:40.275367","2026-07-04 06:39:40.275367"
113,0c6b1df4-7f11-4114-8b2c-ea37c78ce721,TKT-1-202607-00788,242871,3,2,"2026-07-10 13:58:27",0,"ok then close the ticket.","2026-07-10 08:28:26.625438","2026-07-10 08:28:26.625438"
113,413965b4-481c-4be0-90ed-2cef5c50a75c,TKT-1-202607-00788,vikram6singh,1,2,"2026-07-04 12:10:59",1,"Please check","2026-07-04 06:40:58.956225","2026-07-04 06:40:58.956225"
113,5b92870a-5678-4078-abb8-2392cd77dffe,TKT-1-202607-00788,satish.d,2,3,"2026-07-06 19:09:58",0,"Please check provided comments","2026-07-06 13:39:57.865820","2026-07-06 13:39:57.865820"
113,8b6c3b9a-7584-4169-8936-17bbc02ecdc8,TKT-1-202607-00788,242871,NULL,1,"2026-07-04 12:05:50",0,New,"2026-07-04 06:35:49.509223","2026-07-04 06:35:49.509223"
113,c65e8d8f-91ff-4377-90fd-79f7618257d8,TKT-1-202607-00788,satish.d,2,7,"2026-07-10 14:52:01",0,"Based on user comments, issue has been resolved we are closing the ticket","2026-07-10 09:22:00.927834","2026-07-10 09:22:00.927834"
81,53f7beef-738c-4f92-a466-ebce64837b48,TKT-1-202607-00800,160229,3,2,"2026-07-10 11:38:56",0,"CLOSE THE TICKET AS THE ISSUE HAS BEEN RESOLVED","2026-07-10 06:08:56.483910","2026-07-10 06:08:56.483910"
81,7cbece92-1167-4089-b1bd-56fde0d8cc92,TKT-1-202607-00800,vikram6singh,1,2,"2026-07-04 12:28:20",0,"Please check","2026-07-04 06:58:20.246378","2026-07-04 06:58:20.246378"
81,8fbb04c7-c8c1-4573-9d1c-e06617375606,TKT-1-202607-00800,satish.d,2,3,"2026-07-04 13:42:29",0,"Could you please share the depot code and the PV team credentials? We need them to investigate the issue from our side.","2026-07-04 08:12:29.019469","2026-07-04 08:12:29.019469"
81,e07e669b-f43a-40b8-92d3-b67cc86c3ee7,TKT-1-202607-00800,160229,NULL,1,"2026-07-04 12:21:51",0,New,"2026-07-04 06:51:51.097021","2026-07-04 06:51:51.097021"
81,e136f2a6-2ee2-41be-beb7-50047f3823e0,TKT-1-202607-00800,satish.d,2,7,"2026-07-11 10:35:07",0,"issue has been resolved","2026-07-11 05:05:06.661466","2026-07-11 05:05:06.661466"
2011,893ff6a8-a833-4d9b-9f76-8c5288c7bc04,TKT-1-202607-00802,saroj.m,2,7,"2026-07-08 15:00:22",0,"Dear Sir , As per telephonic discussion Please do accordingly . For any assistance, please contact our support team at: 1800-410-6688.","2026-07-08 09:30:22.130908","2026-07-08 09:30:22.130908"
2011,9049b0d0-64ba-4dd4-a5eb-cf6d54d56f5c,TKT-1-202607-00802,vikram6singh,10,2,"2026-07-08 10:40:27",0,"Please check.","2026-07-08 05:10:27.195262","2026-07-08 05:10:27.195262"
2011,a3559b4c-fb1a-4821-9774-659cd4e2806e,TKT-1-202607-00802,saroj.m,2,7,"2026-07-08 10:23:39",0,"Dear Sir/Ma'am ,  As per telephonic discussion If you want Re-create the PV then please do the mail to HQrs through RO/DO. For any assistance, please contact our support team at: 1800-410-6688.","2026-07-08 04:53:39.152793","2026-07-08 04:53:39.152793"
2011,ad2cb0a8-d764-41fe-984a-732c87461ce3,TKT-1-202607-00802,vikram6singh,10,2,"2026-07-08 09:04:19",0,"Please check.","2026-07-08 03:34:19.385445","2026-07-08 03:34:19.385445"
2011,ae3b8b67-0b72-4ae3-a8c9-c5b228151879,TKT-1-202607-00802,vikram6singh,10,2,"2026-07-08 16:25:46",0,"Please check.","2026-07-08 10:55:46.196365","2026-07-08 10:55:46.196365"
2011,f1e7fd8b-a254-43d4-aaf2-bd3791df0879,TKT-1-202607-00802,vikram6singh,1,2,"2026-07-04 12:29:32",0,"Please check","2026-07-04 06:59:32.223595","2026-07-04 06:59:32.223595"
2011,f8e7a9ca-cb71-4716-adc7-df2b3882c2e0,TKT-1-202607-00802,saroj.m,2,3,"2026-07-09 16:34:23",0,"Dear Sir/Ma'am , As discuss on call please update the comment . For any assistance, please contact our support team at: 1800-410-6688","2026-07-09 11:04:22.983885","2026-07-09 11:04:22.983885"
2011,fdcf266f-8c6a-4d84-8383-c460ead1f5ef,TKT-1-202607-00802,sanjeet.k,2,7,"2026-07-13 11:32:35",0,"kindly check the comment section.","2026-07-13 06:02:35.038992","2026-07-13 06:02:35.038992"
2011,6958a697-0d0e-4ffa-96ea-601f7835c8e5,TKT-1-202607-00802,132441,7,10,"2026-07-08 16:13:35",0,"as per telephonic convertation you have told to generate special PV through DO,you are requsted to kindly mail the same to DO FZR for the same.","2026-07-08 10:43:35.193829","2026-07-08 10:43:35.193829"
2011,85eede59-6a5c-46a1-9099-18745d3f0a5a,TKT-1-202607-00802,132441,7,10,"2026-07-07 16:58:32",0,"SIR WE HAVE EMAIL TO AGM SA DOS/ Anna Darpan RO Punjab <agmsacpb@fci.gov.in>, Anna Darpan HQ <annadarp@fci.gov.in>THROUGH DO FZR.","2026-07-07 11:28:31.653386","2026-07-07 11:28:31.653386"
2011,1364edaf-de09-4c30-bbb3-85092b1b1165,TKT-1-202607-00802,saroj.m,2,7,"2026-07-07 16:35:24",0,"Dear Sir/Ma'am , As per telephonic Discussion after approval the HQRS then it will be create. For any assistance, please contact our support team at: 1800-410-6688.","2026-07-07 11:05:23.909375","2026-07-07 11:05:23.909375"
2011,61b5d334-3182-4cdb-b919-a8bcccc8eaef,TKT-1-202607-00802,132441,3,2,"2026-07-09 16:51:18",0,"Fwd: FSD GHS//To regenerate ISI PV in AnnaDarpan for PWS Tajinder Singh,Guruharsahai(NF15074)","2026-07-09 11:21:18.467580","2026-07-09 11:21:18.467580"
2011,606a7730-e44e-49f4-8a2e-5c45b8cd4964,TKT-1-202607-00802,vikram6singh,10,2,"2026-07-07 16:21:04",0,"Please check.","2026-07-07 10:51:04.061640","2026-07-07 10:51:04.061640"
2011,5b21e19b-b466-4b46-911f-306faceb997a,TKT-1-202607-00802,132441,7,10,"2026-07-08 10:35:43",0,"sir we have already mail to Hqrs through DO","2026-07-08 05:05:43.477265","2026-07-08 05:05:43.477265"
2011,5692fba6-b38c-4aa9-b4e9-4b6771ff2110,TKT-1-202607-00802,132441,7,10,"2026-07-07 16:15:55",0,"sir,mail has been sent but still not resolved.","2026-07-07 10:45:54.974212","2026-07-07 10:45:54.974212"
2011,545d649c-04da-4c13-b100-cd588b905a3c,TKT-1-202607-00802,saroj.m,2,7,"2026-07-04 17:15:14",0,"Dear Sir/Ma'am , If you want Re-create the PV then please do the mail to HQrs through RO/DO. For any assistance, please contact our support team at: 1800-410-6688.","2026-07-04 11:45:14.057489","2026-07-04 11:45:14.057489"
2011,88b74b20-c780-43ea-a52d-2072b597a66b,TKT-1-202607-00802,132441,NULL,1,"2026-07-04 12:27:59",0,New,"2026-07-04 06:57:59.428777","2026-07-04 06:57:59.428777"
634,674eb7ce-e8d2-4c4a-b41a-f1c4e7db4c25,TKT-1-202607-00804,satish.d,2,3,"2026-07-13 14:23:23",0,"Kindly check the comment section","2026-07-13 08:53:23.077041","2026-07-13 08:53:23.077041"
634,ff722895-f26b-4663-aaa8-53bd355ae022,TKT-1-202607-00804,satish.d,2,3,"2026-07-09 11:03:45",0,"Kindly check the comment section","2026-07-09 05:33:45.403107","2026-07-09 05:33:45.403107"
634,eeac2ed7-f600-41dd-813a-7885da21d18b,TKT-1-202607-00804,315808,3,2,"2026-07-08 15:13:09",0,"Sir Because of this raised issue, there is a mismatch in the asset stock details list in Anna Darpan & Records, So  tried to dispose the chemical to tally with current asset balance, but in the dispose quantity it is showing decimals are not allowed.","2026-07-08 09:43:08.850738","2026-07-08 09:43:08.850738"
634,e671f7e3-0c37-47bb-8c27-7520fb6e1c29,TKT-1-202607-00804,315808,3,2,"2026-07-13 12:00:26",0,"FSD Tadepalligudem, Depot code SB25006, Login credentials of Manager (QC) - 282341, Password - Vijay@1986","2026-07-13 06:30:25.796265","2026-07-13 06:30:25.796265"
634,d5493548-4a14-419f-8ecf-86d4ea4734d7,TKT-1-202607-00804,satish.d,2,7,"2026-07-15 14:08:16",0,"Issue has been resolved, closing this ticket","2026-07-15 08:38:16.149337","2026-07-15 08:38:16.149337"
634,bb74fd60-a7e8-4670-a5f2-cb1ce1e1b100,TKT-1-202607-00804,315808,NULL,1,"2026-07-04 12:32:13",0,New,"2026-07-04 07:02:13.047237","2026-07-04 07:02:13.047237"
634,6f30a0fd-9852-4c94-abfa-c6fd130ae6d7,TKT-1-202607-00804,satish.d,2,3,"2026-07-06 14:38:32",0,"Please check the comment section.","2026-07-06 09:08:32.169200","2026-07-06 09:08:32.169200"
634,4eb8a420-876d-44cd-858e-97f439b46aaf,TKT-1-202607-00804,315808,3,2,"2026-07-15 13:53:21",0,"Resolved , close the ticket.","2026-07-15 08:23:20.777916","2026-07-15 08:23:20.777916"
634,30ed64a0-7d1e-4007-8085-6a16f266f8ed,TKT-1-202607-00804,vikram6singh,1,2,"2026-07-04 12:35:02",0,"Please check","2026-07-04 07:05:01.747654","2026-07-04 07:05:01.747654"
841,14fe7f4d-159d-414e-8b83-9a11fe0102a7,TKT-1-202607-00806,107924,NULL,1,"2026-07-04 12:37:35",0,New,"2026-07-04 07:07:35.111313","2026-07-04 07:07:35.111313"
841,f89557e1-4358-48f0-b01d-ef0b950a8f74,TKT-1-202607-00806,107924,3,2,"2026-07-06 12:47:40",0,"Login Credential is Login ID - 107924 Password Depot@123","2026-07-06 07:17:39.652394","2026-07-06 07:17:39.652394"
841,a4662f04-fb50-4e02-a7a5-28affda081fd,TKT-1-202607-00806,vikram6singh,1,2,"2026-07-04 12:53:13",0,"Please check","2026-07-04 07:23:13.092427","2026-07-04 07:23:13.092427"
841,959ac653-2377-4f20-882e-28c1268142ff,TKT-1-202607-00806,umesh.k,2,3,"2026-07-06 10:44:23",0,"Could you please share the login credentials so that we can further investigate the issue.","2026-07-06 05:14:22.996441","2026-07-06 05:14:22.996441"
841,5f43fbe0-9063-4123-9d02-2a33c1f27b62,TKT-1-202607-00806,umesh.k,2,7,"2026-07-08 09:53:32",0,"issue has been resolved.","2026-07-08 04:23:32.286128","2026-07-08 04:23:32.286128"
26896,f18399dc-585b-4ba4-ad42-1a7d5fb9e5e0,TKT-1-202607-00808,umesh.k,2,3,"2026-07-13 14:53:44",0,"Kindly refer the comment section.","2026-07-13 09:23:44.135802","2026-07-13 09:23:44.135802"
26896,f0ce13d0-47b8-4d0f-a720-644472eebaa8,TKT-1-202607-00808,100876,7,10,"2026-07-30 10:39:41",0,"Issue has been partially resolved. At present, gunny stock is showing correctly in gunny register but daily issue figure of gunnies is not incorporated in the gunny register.screenshot-WhatsApp Image 2026-07-30 at 10.37.42","2026-07-30 05:09:41.119284","2026-07-30 05:09:41.119284"
26896,eef89d09-bc0f-499d-b34d-c20418fcd36f,TKT-1-202607-00808,100876,3,2,"2026-07-22 15:02:05",0,"SCREENSHOT NAME: WhatsApp_Image_2026-07-21_at_16.30.30; GUNNY REGISTER IS NOT SHOWING DAILY ISSUE FIGURE OF GUNNIES AND ACTUAL OPENING BALANCE/CLOSING BALANCE AS WELL.","2026-07-22 09:32:04.703697","2026-07-22 09:32:04.703697"
26896,1aa52b56-e98e-4c3a-b53f-0c211974b0f6,TKT-1-202607-00808,100876,3,2,"2026-08-14 12:04:43",0,"IT IS REQUESTED TO KINLDY GO THROUGH THE COMMENTS FROM COMMENT SECTION & STATUS HISTORY OF THE TICKET AS ALL THE DETAILS REGRDING THE ISSUE HAVE ALREADY BEEN MENTIONED MULTIPLE TIMES. STILL IF YOU WANT SOME MORE DETAILS KINLDY BE SPECIFIC ABOUT THAT.","2026-08-14 06:34:42.704998","2026-08-14 06:34:42.704998"
26896,e72ed476-7e9c-483c-8cc5-24867e1f206d,TKT-1-202607-00808,vikram6singh,10,2,"2026-07-30 11:02:23",0,"Please check.","2026-07-30 05:32:23.413121","2026-07-30 05:32:23.413121"
26896,d58ec778-85ba-4835-973d-e8efbe937b50,TKT-1-202607-00808,100876,3,2,"2026-07-24 15:41:33",0,"Issue still persists. Once again, describing that the gunny figure and daily gunny operations are not showing in gunny register correctly. Hence kindly fix it at earliest.","2026-07-24 10:11:32.512384","2026-07-24 10:11:32.512384"
26896,d1ad7325-c721-4320-8442-3c7cc73891e4,TKT-1-202607-00808,umesh.k,2,3,"2026-07-15 16:21:10",0,"Dear sir, could you please kindly let us know which one shows the correct stock figures.","2026-07-15 10:51:10.488528","2026-07-15 10:51:10.488528"
26896,d0c536bf-8900-4a0b-96ff-2fba1a712a39,TKT-1-202607-00808,100876,3,2,"2026-07-24 17:11:50",0,"Log in ID:100876 Password: AnnaDarpan@345","2026-07-24 11:41:50.446908","2026-07-24 11:41:50.446908"
26896,bd224d9d-e13a-4528-90bf-8cb69f826f01,TKT-1-202607-00808,100876,3,2,"2026-08-01 14:00:55",0,"The page is not under the gunny management. It is under the sales module, to be specifice "Bagging" and "Loading" which is used during day-to-day issue operation of PDS.Kindly check the comment section for more information.","2026-08-01 08:30:54.581224","2026-08-01 08:30:54.581224"
26896,bc2efe0d-fb0b-471d-9de6-73bdac34cdd4,TKT-1-202607-00808,inish.d,2,3,"2026-08-14 11:09:10",0,"Sir/Madam, please share the more details about these issue.","2026-08-14 05:39:09.665641","2026-08-14 05:39:09.665641"
26896,8e633092-2d59-4ea5-97b7-96ccba1fe425,TKT-1-202607-00808,inish.d,2,3,"2026-07-22 13:09:09",0,"Sir/Madam, Please mark the issue in screenshot along with screenshot names.","2026-07-22 07:39:08.935028","2026-07-22 07:39:08.935028"
26896,85467b22-9caf-4582-971f-991499470e34,TKT-1-202607-00808,vikram6singh,1,2,"2026-07-04 12:53:31",1,"Please check","2026-07-04 07:23:31.455439","2026-07-04 07:23:31.455439"
26896,6fc4dfff-d12e-45df-bb93-56b65a6e95a2,TKT-1-202607-00808,inish.d,2,3,"2026-07-22 16:54:32",0,"Sir/Madam,  Please provide the login credentials so that we can proceed further.","2026-07-22 11:24:31.998591","2026-07-22 11:24:31.998591"
26896,7746d91a-2cc1-4adb-88f9-6e9eb3ef3208,TKT-1-202607-00808,100876,3,2,"2026-07-16 13:30:09",0,"In **Asset Management → Asset Stock Detail List**","2026-07-16 08:00:08.730197","2026-07-16 08:00:08.730197"
26896,04f5b611-f295-4d3a-bf02-4f1802e7b520,TKT-1-202607-00808,inish.d,2,3,"2026-07-24 16:39:58",0,"Sir/Madam, Please provide the login credentials so that we can proceed further.","2026-07-24 11:09:57.730666","2026-07-24 11:09:57.730666"
26896,1949f009-f18f-45b9-addf-44c25cc0319d,TKT-1-202607-00808,satish.d,2,3,"2026-07-31 17:13:42",0,"Kindly check the comment section","2026-07-31 11:43:41.578208","2026-07-31 11:43:41.578208"
26896,1a1984a1-7354-4408-a963-dd8ddee128a3,TKT-1-202607-00808,umesh.k,2,7,"2026-07-29 09:58:41",0,"Issue has been resolved.","2026-07-29 04:28:41.416077","2026-07-29 04:28:41.416077"
26896,1c601fe3-edb8-4fa1-8d7f-6c862cec268b,TKT-1-202607-00808,100876,3,2,"2026-07-15 13:48:05",0,"Discrepancies are there. Screenshots are attached for ready reference.","2026-07-15 08:18:04.774701","2026-07-15 08:18:04.774701"
26896,3cbdbd62-f5e0-46bd-9770-255265666c5d,TKT-1-202607-00808,100876,3,2,"2026-07-21 16:31:17",0,"Issue is not resolved yet. Kindly find the screenshot herewith for reference.","2026-07-21 11:01:16.574353","2026-07-21 11:01:16.574353"
26896,3d5d92e7-258c-4231-9c2b-628e1041ab35,TKT-1-202607-00808,inish.d,2,3,"2026-07-21 14:59:57",0,"Sir/Madam, Issue is fixed. Please check it","2026-07-21 09:29:56.587358","2026-07-21 09:29:56.587358"
26896,5c819f4e-50de-42a8-9a86-1fb71507ed00,TKT-1-202607-00808,100876,NULL,1,"2026-07-04 12:40:33",0,New,"2026-07-04 07:10:32.906008","2026-07-04 07:10:32.906008"
26896,67ecb95e-3c28-4c66-8fdd-60ec948872b3,TKT-1-202607-00808,umesh.k,2,3,"2026-07-30 15:33:00",0,"Could you please clarify which issue transaction you're unable to see? Also, please mention the date on which the transaction occurred.","2026-07-30 10:02:59.810206","2026-07-30 10:02:59.810206"
26896,2fb9b778-2014-4126-b0fe-ec8bf6ed9853,TKT-1-202607-00808,100876,3,2,"2026-07-31 11:43:14",0,"The gunny issue figure of day to day issue operation (PDS) is not available in the gunny register .","2026-07-31 06:13:13.999648","2026-07-31 06:13:13.999648"
429,79989f8e-544b-4f37-9cc0-6ef19afcbb3a,TKT-1-202607-00809,168256,NULL,1,"2026-07-04 12:40:47",0,New,"2026-07-04 07:10:47.303618","2026-07-04 07:10:47.303618"
429,cb2adb9c-3adb-4163-906b-72956dc7da9e,TKT-1-202607-00809,vikram6singh,1,2,"2026-07-04 12:53:40",0,"Please check","2026-07-04 07:23:39.996029","2026-07-04 07:23:39.996029"
429,b11c854a-7208-4653-96af-2d57c58643fe,TKT-1-202607-00809,168256,3,2,"2026-07-08 12:52:09",0,"The said matter has resolved and selected stacks provided us. Thanks a lot","2026-07-08 07:22:09.335733","2026-07-08 07:22:09.335733"
429,9a934e98-1b4d-47a0-9cb8-55007e12fb62,TKT-1-202607-00809,satish.d,2,7,"2026-07-08 16:49:36",0,"Based on user comments, issue has been resolved we are closing the ticket","2026-07-08 11:19:35.577668","2026-07-08 11:19:35.577668"
429,9377fde5-6509-48e6-ae4c-27d1b54102e3,TKT-1-202607-00809,satish.d,3,2,"2026-07-07 16:48:01",0,"Resuming to update assign-back remark after DB correction.","2026-07-07 11:18:00.915312","2026-07-07 11:18:00.915312"
429,7f898f30-60a8-4d02-92a1-f54a128c7db7,TKT-1-202607-00809,satish.d,2,3,"2026-07-07 15:51:11",0,"Checked from system side. No ISI PV is currently available/created for FSD Chanpatia in Anna Darpan. Kindly confirm the RO selection details / selected stack list for further necessary action.","2026-07-07 10:21:10.745369","2026-07-07 10:21:10.745369"
429,7f205766-5c91-49f1-89b8-f3bf1402b114,TKT-1-202607-00809,168256,3,2,"2026-07-06 12:10:01",0,"Stacks for ISI PV at FSD Chanpatia are not viewing, therefore kindly resolve the same for earliest completion of ISI PV at FSD Chanpatia.","2026-07-06 06:40:01.339454","2026-07-06 06:40:01.339454"
429,7d167e1a-d738-4829-bca4-6975fe452bc1,TKT-1-202607-00809,satish.d,3,2,"2026-07-07 12:59:36",0,"we are checking","2026-07-07 07:29:35.564825","2026-07-07 07:29:35.564825"
429,7b8ff71c-f40d-469e-9936-0b0f14c44499,TKT-1-202607-00809,168256,3,2,"2026-07-06 18:04:30",0,"Verbal communication with RO, Patna,that ,stacks has been selected for ISI PV by Regional Office Patna for FSD Chanpatia.But it is not viewing at Anna Darpan portal to till for further completion of ISI PV .Kindly resolve the said matter.","2026-07-06 12:34:30.133971","2026-07-06 12:34:30.133971"
429,5cdade60-a73d-4398-a11c-0cf137ad0a2a,TKT-1-202607-00809,satish.d,2,3,"2026-07-07 12:57:36",0,"As we are seeing the QPV has been completed please check","2026-07-07 07:27:35.748334","2026-07-07 07:27:35.748334"
429,4c4dc226-4831-456a-a219-100e5e71850b,TKT-1-202607-00809,satish.d,2,3,"2026-07-07 16:49:54",0,"RO stack selection (1D04, 1C06, 1C08) was correct. Depot ISI PV instance was missing and has been created with these stacks. Please complete Record Stack PV at FSD Chanpatia and confirm.","2026-07-07 11:19:53.933472","2026-07-07 11:19:53.933472"
429,255a9e22-8cf3-4210-b6d4-2fd7cbee5172,TKT-1-202607-00809,satish.d,2,3,"2026-07-06 19:17:18",0,"Please check provided comments","2026-07-06 13:47:17.566080","2026-07-06 13:47:17.566080"
429,2545dc9a-c283-419f-ac85-a6d8fbb7a06a,TKT-1-202607-00809,168256,3,2,"2026-07-07 12:02:21",0,"Depot - FSD Chanpatia, Code- EC23001,Login id-168256, Pass..d- AnnaDarpan@1515, confirmation letter uploaded in this portal as screenshort.","2026-07-07 06:32:20.748625","2026-07-07 06:32:20.748625"
429,0390f91b-b6e7-47ed-837d-7833c70eabd3,TKT-1-202607-00809,satish.d,2,3,"2026-07-05 22:20:08",0,"Please check provided comments","2026-07-05 16:50:08.047624","2026-07-05 16:50:08.047624"
429,033bf759-7c09-4730-bcd6-83221722500a,TKT-1-202607-00809,satish.d,2,3,"2026-07-06 14:24:58",0,"Please check provided comments","2026-07-06 08:54:57.955233","2026-07-06 08:54:57.955233"
52,fd8dbde8-5adb-45e1-b169-68baf9522cd7,TKT-1-202607-00814,shivaniyadav091298,3,2,"2026-07-13 11:53:49",0,"Please check","2026-07-13 06:23:49.266219","2026-07-13 06:23:49.266219"
52,93c22979-1eb4-4d8b-a3d3-b3bc8fbfe6f1,TKT-1-202607-00814,vikram6singh,1,2,"2026-07-04 13:10:11",1,"Please check","2026-07-04 07:40:11.449020","2026-07-04 07:40:11.449020"
52,723e3c12-c15c-4b74-a490-28e6aa840e85,TKT-1-202607-00814,shivaniyadav091298,2,7,"2026-07-13 11:54:38",0,"Tried to contact the user but number not available, kindly update the correct contact details and if issue persists then ticket can be reopened and marking this as resolved,For any further assistance, please contact our support team at: 1800-410-6688","2026-07-13 06:24:38.145180","2026-07-13 06:24:38.145180"
52,27648205-b2b6-48f6-bf56-01349f066d8a,TKT-1-202607-00814,nc15025_01,NULL,1,"2026-07-04 12:57:57",0,New,"2026-07-04 07:27:56.532675","2026-07-04 07:27:56.532675"
52,5e74d218-c9d3-4248-921c-719159351a38,TKT-1-202607-00814,umesh.k,2,3,"2026-07-06 19:59:35",0,"Dear sir/madam, could you please share us for which stack is not available and for the which token also option for generating the truck chit and stackwise weight breakup is already available for the railhead tokens. please check, Thank you","2026-07-06 14:29:34.952151","2026-07-06 14:29:34.952151"
195,ccddfd70-763b-434f-b40b-5a518e1cdf15,TKT-1-202607-00819,ni13009_01,3,2,"2026-07-06 10:58:33",1,"Updates us","2026-07-06 05:28:33.178679","2026-07-06 05:28:33.178679"
195,f1f0e476-9b0f-4da5-861a-128dfc7df4bf,TKT-1-202607-00819,inish.d,2,3,"2026-07-06 16:04:25",0,"1747380 - cancelled by RAMESH CHANDRA SINGH PARIHAR  on Sat Jul 04 12:34:26, so please proceed with OT.","2026-07-06 10:34:24.942431","2026-07-06 10:34:24.942431"
195,e4e5c0f0-d6df-4e82-b477-840b115e8e04,TKT-1-202607-00819,inish.d,2,3,"2026-07-20 19:19:58",0,"As mentioned in previous comment, Since TEC has been cancelled, LOT's will not be created further.","2026-07-20 13:49:58.447913","2026-07-20 13:49:58.447913"
195,e14dd366-d156-41f3-ae9e-46f4ecdb2224,TKT-1-202607-00819,vikram6singh,1,2,"2026-07-04 15:12:34",1,"Please check","2026-07-04 09:42:33.661389","2026-07-04 09:42:33.661389"
195,c6e9a69d-ec6b-4b33-b378-37d57c498b0e,TKT-1-202607-00819,anuj.s,2,3,"2026-07-06 11:01:20",0,"Sir kindly share the correct contact details so that we may assist you as earliest.","2026-07-06 05:31:20.316054","2026-07-06 05:31:20.316054"
195,9ec208f4-20b4-442d-a380-fedc07cc15f2,TKT-1-202607-00819,shivaniyadav091298,3,2,"2026-08-18 11:52:58",0,"Please check","2026-08-18 06:22:57.644614","2026-08-18 06:22:57.644614"
195,92d56427-b8bf-4f52-afd9-d4756fcecc0d,TKT-1-202607-00819,inish.d,2,3,"2026-08-03 11:39:50",0,"1747380 - cancelled by RAMESH CHANDRA SINGH PARIHAR on Sat Jul 04 12:34:26, so lots can not be created further.","2026-08-03 06:09:49.599033","2026-08-03 06:09:49.599033"
195,768c5588-f51f-4b96-81fc-7197d9aa8a74,TKT-1-202607-00819,ni13009_01,3,2,"2026-07-20 16:40:26",0,"TEC no. is not fetching. This will cause us issues in the future. Please resolve this problem.","2026-07-20 11:10:26.233137","2026-07-20 11:10:26.233137"
195,66d17919-1d22-4f53-8044-db96c26e8029,TKT-1-202607-00819,arti.1.t,2,3,"2026-07-04 15:23:16",0,"TEC no. 1747380 was not fetched in AD and cancellation of a token itself.Kindly do the needful","2026-07-04 09:53:15.632871","2026-07-04 09:53:15.632871"
195,4f5fc547-15e9-4003-bffd-60c7eafdf0e5,TKT-1-202607-00819,ni13009_01,NULL,1,"2026-07-04 13:15:22",0,New,"2026-07-04 07:45:22.121747","2026-07-04 07:45:22.121747"
195,30743203-7ed2-4aa4-a685-159031f6fda7,TKT-1-202607-00819,ni13009_01,3,2,"2026-07-06 11:05:34",0,"Harish Contact no. - 9536345045","2026-07-06 05:35:34.228082","2026-07-06 05:35:34.228082"
195,2547514c-5bdc-48d1-95d7-2998febee7e1,TKT-1-202607-00819,anuj.s,3,2,"2026-07-06 11:00:37",0,"Please check","2026-07-06 05:30:37.016755","2026-07-06 05:30:37.016755"
195,1a239a8c-31c7-40f3-a8fa-287d36512151,TKT-1-202607-00819,ni13009_01,3,2,"2026-08-01 11:13:49",0,"issue  unresolved and tec no is not fetch when first lot token was cancelled","2026-08-01 05:43:48.829993","2026-08-01 05:43:48.829993"
195,10d860dc-4662-4332-84f8-8d8bff0f2269,TKT-1-202607-00819,anuj.s,2,3,"2026-07-06 11:00:01",0,"Sir kindly share the correct contact details so that we may assist you as earliest.","2026-07-06 05:30:00.823697","2026-07-06 05:30:00.823697"
195,8a1603b3-6fbd-4136-8a59-b0856ef2e3b8,TKT-1-202607-00819,shivaniyadav091298,2,7,"2026-08-18 11:53:54",0,"As per telephonic conversation on (9536345045), the concerned user has confirmed that issue has been resolved and hence this ticket is marked as resolved. For any further assistance, please contact our support team at : 1800-410-6688.","2026-08-18 06:23:54.196725","2026-08-18 06:23:54.196725"
150,8534a4ac-9956-48f7-8f7d-447c98ca556d,TKT-1-202607-00820,vikram6singh,1,2,"2026-07-04 15:12:40",0,"Please check","2026-07-04 09:42:39.776637","2026-07-04 09:42:39.776637"
150,d9d1381f-e014-40eb-bbc7-9bf71835e62e,TKT-1-202607-00820,268657,NULL,1,"2026-07-04 13:28:49",0,New,"2026-07-04 07:58:48.665978","2026-07-04 07:58:48.665978"
150,3537d210-0180-42ff-9615-49880be552ef,TKT-1-202607-00820,satish.d,2,7,"2026-07-06 16:38:16",0,"Based on user comments , issue has been resoleved so closing the ticket","2026-07-06 11:08:16.201539","2026-07-06 11:08:16.201539"
232,1503862e-eca9-4f23-ba02-0abf90e043b2,TKT-1-202607-00822,vikram6singh,1,2,"2026-07-04 15:12:57",0,"Please check","2026-07-04 09:42:56.600149","2026-07-04 09:42:56.600149"
232,49cd2ddd-6336-4a02-8836-123c109acbf9,TKT-1-202607-00822,satish.d,2,7,"2026-07-06 18:41:51",0,"ISI PV stacks corrected. Wrong stacks replaced with 17A07, 11A02, 9A01. Done.","2026-07-06 13:11:50.749423","2026-07-06 13:11:50.749423"
232,89ddbe11-0017-4b79-9cde-56e0924e639d,TKT-1-202607-00822,115221,NULL,1,"2026-07-04 13:33:41",0,New,"2026-07-04 08:03:41.299524","2026-07-04 08:03:41.299524"
308,fa54df18-ab6b-4e5d-a058-d7b56bd43d7e,TKT-1-202607-00823,239851,3,2,"2026-07-10 14:03:11",0,"Yes fixed.","2026-07-10 08:33:10.896067","2026-07-10 08:33:10.896067"
308,f5051804-ce4c-4557-931f-db52f3769c41,TKT-1-202607-00823,239851,3,2,"2026-07-07 14:33:59",0,"While procuring Chemical in Asset Procurement 'No option available' in Department Column and this issue is occurring in SWC Gopiganj depot. Credentials (Id: 239851, Password: Depot@123)","2026-07-07 09:03:58.517403","2026-07-07 09:03:58.517403"
308,d44ff1b8-2c25-4df5-84ec-99337dcc9540,TKT-1-202607-00823,vikram6singh,1,2,"2026-07-04 15:13:02",0,"Please check","2026-07-04 09:43:02.326996","2026-07-04 09:43:02.326996"
308,d192a15c-1185-45e7-861c-7fb3486cb9ee,TKT-1-202607-00823,umesh.k,2,3,"2026-07-08 11:40:28",0,"Kindly check our comments.","2026-07-08 06:10:27.596660","2026-07-08 06:10:27.596660"
308,8317baa5-ccb8-4eb6-8ece-620166a3cb02,TKT-1-202607-00823,pooja.11,2,3,"2026-07-04 16:20:24",0,"Dear Sir/Madam, Can you kindly provide your depot/login details so that we can check and resolve the issue. For Further assistance, please contact our Support team. PH: 1800 410 6688.","2026-07-04 10:50:24.244958","2026-07-04 10:50:24.244958"
308,7ea4a045-415d-43e1-a3e0-2d2dad36c936,TKT-1-202607-00823,239851,NULL,1,"2026-07-04 13:34:25",0,New,"2026-07-04 08:04:24.966800","2026-07-04 08:04:24.966800"
308,53e7ccd4-b222-471e-a8c3-73e255689076,TKT-1-202607-00823,umesh.k,2,7,"2026-07-10 14:30:25",0,"As per requester confirmation,we are closing this ticket.","2026-07-10 09:00:24.696819","2026-07-10 09:00:24.696819"
308,35d00d03-e6ac-461b-bc95-32e09ed06971,TKT-1-202607-00823,umesh.k,2,3,"2026-07-09 18:46:02",0,"Kindly check our comments.","2026-07-09 13:16:01.748621","2026-07-09 13:16:01.748621"
308,b3488cbc-40e5-45ad-a149-50380bc29284,TKT-1-202607-00823,239851,3,2,"2026-07-09 12:36:13",0,"Still department name is not visible, issue is not resolved. Please check at earliest.","2026-07-09 07:06:13.148926","2026-07-09 07:06:13.148926"
197,c20cbaf2-8d10-4356-855e-86419fea327d,TKT-1-202607-00824,pooja.11,2,7,"2026-07-08 14:09:44",0,"Kindly refer the comment box. For Further assistance, please contact our Support team at: 1800 410 6688.","2026-07-08 08:39:44.127462","2026-07-08 08:39:44.127462"
197,be76a1eb-5f59-4a87-b7fc-4be26e9e65b0,TKT-1-202607-00824,vikram6singh,1,2,"2026-07-04 15:13:08",0,"Please check","2026-07-04 09:43:08.438462","2026-07-04 09:43:08.438462"
197,be0b3f4b-b4c8-451c-a917-b5e9ab35d6a4,TKT-1-202607-00824,vikram6singh,7,2,"2026-07-08 14:07:11",0,"Please check.","2026-07-08 08:37:11.133236","2026-07-08 08:37:11.133236"
197,7afd1e26-8205-4343-a990-d67c0c9f0ed8,TKT-1-202607-00824,pooja.11,2,7,"2026-07-06 17:25:13",0,"Kindly refer the comment box. For Further assistance, please contact our Support team at: 1800 410 6688.","2026-07-06 11:55:12.629710","2026-07-06 11:55:12.629710"
197,2786887e-2d22-46fe-b180-feaa21f87d7a,TKT-1-202607-00824,312492,NULL,1,"2026-07-04 13:35:23",0,New,"2026-07-04 08:05:23.482991","2026-07-04 08:05:23.482991"
927,4dc38ace-2882-4293-9130-8b74b6327f26,TKT-1-202607-00825,umesh.k,2,3,"2026-07-07 16:41:31",0,"Dear sir/madam, provision for the entering of weight along with the bags is completely a new requirement and also we will keep the validation to not to allow to exceed the maximum capacity of a wagon. Thank you","2026-07-07 11:11:30.767045","2026-07-07 11:11:30.767045"
927,d0c47db4-dfac-4613-a4e6-a2a7eb492838,TKT-1-202607-00825,126554,7,10,"2026-07-27 13:20:53",0,"Problem yet not resolved, kindly look into the matter. Please see the reports of rake loaded as on 20/21-07-2026 from AKT to RC.","2026-07-27 07:50:52.526162","2026-07-27 07:50:52.526162"
927,cbad1b66-b855-41bf-a12d-a0eba7bd6929,TKT-1-202607-00825,inzemamul.h,2,7,"2026-08-12 16:22:50",0,"kindly refer to the comment box.","2026-08-12 10:52:50.205946","2026-08-12 10:52:50.205946"
927,c47e3520-d9f5-4a31-b8e6-3d21be1700ea,TKT-1-202607-00825,umesh.k,2,3,"2026-07-28 16:38:39",0,"Dear sir/madam, kindly check the comments added. Thank you","2026-07-28 11:08:38.649508","2026-07-28 11:08:38.649508"
927,ae4ca59b-a1b5-4881-9d71-6d6741b42f69,TKT-1-202607-00825,126554,3,2,"2026-07-07 15:56:25",0,"already attached  please check","2026-07-07 10:26:24.940382","2026-07-07 10:26:24.940382"
927,a7065d4b-8550-41f8-b1a5-53d7d62e026b,TKT-1-202607-00825,vikram6singh,10,2,"2026-07-27 14:27:37",0,"Please check.","2026-07-27 08:57:37.153376","2026-07-27 08:57:37.153376"
927,95d9e0c8-205a-4f0b-9da3-cb359b0990b2,TKT-1-202607-00825,126554,NULL,1,"2026-07-04 13:36:44",0,New,"2026-07-04 08:06:44.267112","2026-07-04 08:06:44.267112"
927,73295a23-82e7-41a4-b6b5-018850488025,TKT-1-202607-00825,126554,3,2,"2026-07-31 16:37:30",0,ok,"2026-07-31 11:07:30.269249","2026-07-31 11:07:30.269249"
927,6baa832d-e777-402a-993b-ede13dd8f00c,TKT-1-202607-00825,126554,7,10,"2026-08-12 15:24:40",0,"yet not resolved","2026-08-12 09:54:39.747794","2026-08-12 09:54:39.747794"
927,653f9cc4-ba48-4b24-ac07-d1defae760e7,TKT-1-202607-00825,umesh.k,2,3,"2026-07-30 10:43:52",0,"Dear Sir/Madam,  As per your suggestion, we will add a restriction to ensure that loading into wagons does not exceed their defined capacity.  This requirement will be discussed internally and is planned to be implemented soon.  Thank you.","2026-07-30 05:13:51.965337","2026-07-30 05:13:51.965337"
927,5b0162bd-a973-4c5b-9a53-a572528b4bf0,TKT-1-202607-00825,umesh.k,2,7,"2026-07-31 16:56:12",0,"Closing this ticket, once after discussion the validation will be implemented and released soon..","2026-07-31 11:26:12.381317","2026-07-31 11:26:12.381317"
927,4fc3ecd6-d648-4ac0-a46b-08f664c6877f,TKT-1-202607-00825,vikram6singh,1,2,"2026-07-04 15:13:15",0,"Please check","2026-07-04 09:43:14.921651","2026-07-04 09:43:14.921651"
927,4994f8b9-5666-4848-b82e-d80ecbe86ad4,TKT-1-202607-00825,126554,3,2,"2026-07-15 13:30:13",0,"Ok, will check after a rake loading in comming days","2026-07-15 08:00:12.607142","2026-07-15 08:00:12.607142"
927,49053021-7b2a-41b1-8905-cd12db0a0893,TKT-1-202607-00825,umesh.k,2,7,"2026-07-15 14:24:55",0,"Dear sir/madam, we are closing this ticket, if till the issue comes again , please reopen it. Thank you","2026-07-15 08:54:54.804283","2026-07-15 08:54:54.804283"
927,3ed49c0d-0d45-4043-b784-974905af7459,TKT-1-202607-00825,umesh.k,2,3,"2026-07-06 10:49:38",0,"Dear sir/madam, Can you please share the wagon details in which you are getting the mismatch, so that we can able to investigate on this. Thank You","2026-07-06 05:19:37.525874","2026-07-06 05:19:37.525874"
927,06635962-de38-4969-8789-a35df294637b,TKT-1-202607-00825,vikram6singh,10,2,"2026-08-12 16:06:01",0,"Please check.","2026-08-12 10:36:00.685766","2026-08-12 10:36:00.685766"
927,05f42435-2d97-4fd5-9308-5054904038f7,TKT-1-202607-00825,126554,3,2,"2026-07-29 14:20:57",0,"Please see the remark","2026-07-29 08:50:57.292503","2026-07-29 08:50:57.292503"
367,c371784b-d385-4c67-ba4b-1ed7e37c3850,TKT-1-202607-00827,satish.d,2,3,"2026-07-05 22:15:45",0,"Please check provided comments","2026-07-05 16:45:44.693269","2026-07-05 16:45:44.693269"
367,e5a3f146-3a2e-4ed7-8c8b-461bbb59f769,TKT-1-202607-00827,vikram6singh,1,2,"2026-07-04 15:13:30",1,"Please check","2026-07-04 09:43:30.270635","2026-07-04 09:43:30.270635"
367,d1d99b30-a515-42e4-90ac-760cdbad1039,TKT-1-202607-00827,satish.d,2,3,"2026-07-07 17:02:16",0,"can we close the ticket","2026-07-07 11:32:15.506657","2026-07-07 11:32:15.506657"
367,b10ba5ee-dc07-4d3d-b537-1e86fd24914e,TKT-1-202607-00827,126249,7,8,"2026-07-16 10:34:41",0,"ISI PV stock issued under normal operation through Sales as per guidence.","2026-07-16 05:04:41.379308","2026-07-16 05:04:41.379308"
367,a2b13a25-e4b7-46eb-bb10-b9fcd2f5858d,TKT-1-202607-00827,126249,3,2,"2026-07-06 13:21:10",0,"Comment checked and doing the same process while issuing Rice under NFSA AAY","2026-07-06 07:51:10.086149","2026-07-06 07:51:10.086149"
367,a269ae62-dc63-4837-9c4f-46b718f98f10,TKT-1-202607-00827,satish.d,2,7,"2026-07-10 14:52:18",0,"Based on user comments, issue has been resolved we are closing the ticket","2026-07-10 09:22:18.448311","2026-07-10 09:22:18.448311"
367,186b877d-2fa4-48ab-88c0-3a147bb2e077,TKT-1-202607-00827,126249,3,2,"2026-07-10 12:10:04",0,Resolved,"2026-07-10 06:40:04.300105","2026-07-10 06:40:04.300105"
367,0625924e-1906-4f6f-9451-242505627ae1,TKT-1-202607-00827,126249,NULL,1,"2026-07-04 13:52:25",0,New,"2026-07-04 08:22:24.651455","2026-07-04 08:22:24.651455"
975,0ab70ef7-703d-4be2-ab38-23a68c892c7e,TKT-1-202607-00828,inish.d,2,3,"2026-07-10 12:54:30",0,"please refer comments","2026-07-10 07:24:30.421417","2026-07-10 07:24:30.421417"
975,101e7ed1-edbf-4395-a53a-14344a285999,TKT-1-202607-00828,inish.d,2,7,"2026-07-10 17:01:50",0,"As user suggested,resolving the ticket","2026-07-10 11:31:50.075434","2026-07-10 11:31:50.075434"
975,3e3071a8-ef0b-4c8f-b741-7bca7f716810,TKT-1-202607-00828,117514,3,2,"2026-07-10 13:16:10",0,"please closed the Ticket","2026-07-10 07:46:10.332231","2026-07-10 07:46:10.332231"
975,7fbb3df1-8fbc-4735-9f40-1c11a3eaedcd,TKT-1-202607-00828,117514,NULL,1,"2026-07-04 13:54:09",0,New,"2026-07-04 08:24:09.117511","2026-07-04 08:24:09.117511"
975,9044ff0c-fded-4885-a301-f77ef8ede9bb,TKT-1-202607-00828,vikram6singh,1,2,"2026-07-04 15:13:41",0,"Please check","2026-07-04 09:43:40.569803","2026-07-04 09:43:40.569803"
975,c0b800e6-02dc-4002-bd06-04f93a242401,TKT-1-202607-00828,117514,3,2,"2026-07-07 14:25:23",0,"Region :- RO RAIPUR Division :- DO DURG(SWC BEMETARA & SWC SONDH BERLA) Contractor Name :- MANISH BINDAL SOURCE :- SWC BIJABHATA BEMETARA(WF13027) & SWC SONDH BERLA(WF13031) DESTINATION :- TILDA NEORA(TLD)","2026-07-07 08:55:23.095603","2026-07-07 08:55:23.095603"
975,d252851b-93f9-49ee-b66d-40d793ac030c,TKT-1-202607-00828,inish.d,2,3,"2026-07-08 12:07:36",0,"Dear Sir/Madam,please mention the screen name where transport contractor is not populating?","2026-07-08 06:37:36.065280","2026-07-08 06:37:36.065280"
975,d3c092f8-af03-46d6-8e0b-5730cca414fc,TKT-1-202607-00828,117514,3,2,"2026-07-08 17:27:31",0,"still problem not resolved yet. contractor name is not showing in annadarpan while generatiing token. please do the needful.","2026-07-08 11:57:31.216458","2026-07-08 11:57:31.216458"
975,f302ed83-bde7-431c-bca8-50ecbba7a2c5,TKT-1-202607-00828,richa.k,2,3,"2026-07-04 15:31:07",0,"Please refer the comment section, For any further assistance, please contact our support team at : 1800-410-6688.","2026-07-04 10:01:06.701506","2026-07-04 10:01:06.701506"
193,bbeda9bb-0455-4a6f-b108-bbb167d00ff0,TKT-1-202607-00829,richa.k,2,7,"2026-07-06 17:22:32",0,"Please refer the comment section, For any further assistance, please contact our support team at : 1800-410-6688.","2026-07-06 11:52:31.992510","2026-07-06 11:52:31.992510"
193,58546ee2-ee5a-46ba-9234-c66440ec5000,TKT-1-202607-00829,vikram6singh,1,2,"2026-07-04 15:13:47",0,"Please check","2026-07-04 09:43:46.743645","2026-07-04 09:43:46.743645"
193,17fbb30a-ba30-4b3a-8daf-96736442a1cd,TKT-1-202607-00829,312492,NULL,1,"2026-07-04 13:59:07",0,New,"2026-07-04 08:29:07.158406","2026-07-04 08:29:07.158406"
676,02949493-c47f-4228-baa5-ef4657f545d8,TKT-1-202607-00830,276377,NULL,1,"2026-07-04 13:59:31",0,New,"2026-07-04 08:29:31.459727","2026-07-04 08:29:31.459727"
676,7a9ca29c-ad71-42f7-a7e6-88215ae95973,TKT-1-202607-00830,sanjeet.k,2,7,"2026-07-07 16:25:38",0,"As per the sop mixing of crop year is not allowed in the system. kindly perform the operation accordingly. For any further assistance, please contact our support team at 📞 1800-410-6688.","2026-07-07 10:55:38.326886","2026-07-07 10:55:38.326886"
676,85baa842-2f31-4675-8a39-00c567d62f0b,TKT-1-202607-00830,vikram6singh,1,2,"2026-07-04 15:13:52",0,"Please check","2026-07-04 09:43:52.365632","2026-07-04 09:43:52.365632"
1843,1ea6d45a-c487-4364-949d-1b186ab9e7db,TKT-1-202607-00831,inish.d,2,3,"2026-07-07 10:14:05",0,"Sir/Madam,  Please provide the login credentials so that we can proceed further.","2026-07-07 04:44:04.554046","2026-07-07 04:44:04.554046"
1843,37543c0c-c9dc-4b89-ac90-5a65fc53ae3a,TKT-1-202607-00831,vikram6singh,1,2,"2026-07-04 15:13:58",0,"Please check","2026-07-04 09:43:57.553204","2026-07-04 09:43:57.553204"
1843,6e14a7a1-6d49-4005-af46-c97312ac5be7,TKT-1-202607-00831,inish.d,2,12,"2026-07-21 12:06:17",0,"Sir/Madam, User is asking to delete the shed to update capacity in that depot.Please check and provide the requirement for implemeneting shed deletion.","2026-07-21 06:36:16.522442","2026-07-21 06:36:16.522442"
1843,a5ad275c-9f7a-449f-ad1e-2ae8574d52f8,TKT-1-202607-00831,117510,3,2,"2026-07-16 14:40:04",0,"login id 117510 pswrd AnnaDarpan@4321","2026-07-16 09:10:03.924773","2026-07-16 09:10:03.924773"
1843,d0360934-0c39-4946-ac60-25a1a42a76c8,TKT-1-202607-00831,117510,NULL,1,"2026-07-04 14:01:08",0,New,"2026-07-04 08:31:07.794797","2026-07-04 08:31:07.794797"
271,1c89dc00-5120-411b-8076-6e02510720cc,TKT-1-202607-00832,120041,3,2,"2026-07-07 15:19:45",0,"close this ticket","2026-07-07 09:49:45.122830","2026-07-07 09:49:45.122830"
271,1e06ff6c-48b9-444b-adc2-8ab414b48697,TKT-1-202607-00832,120041,NULL,1,"2026-07-04 14:17:33",0,New,"2026-07-04 08:47:33.104668","2026-07-04 08:47:33.104668"
271,3b42a745-b439-4913-85cf-cb0b783134fa,TKT-1-202607-00832,vikram6singh,1,2,"2026-07-04 15:14:03",1,"Please check","2026-07-04 09:44:03.435593","2026-07-04 09:44:03.435593"
271,444e8795-3cbc-4fbf-912a-cd04276dac0c,TKT-1-202607-00832,satish.d,2,3,"2026-07-07 10:59:13",0,"Please check the comments and revert back if any issues.","2026-07-07 05:29:13.329787","2026-07-07 05:29:13.329787"
271,6106a67b-1641-4090-8643-764fc0d8048c,TKT-1-202607-00832,satish.d,2,7,"2026-07-07 17:43:09",0,"Based on user comments, issue has been resolved we are closing the ticket","2026-07-07 12:13:08.926856","2026-07-07 12:13:08.926856"
6683,c5ca856c-31d7-4195-9c33-200f31f4e3ea,TKT-1-202607-00835,anshu.r,2,3,"2026-07-06 10:59:26",0,"kindly share the exact details of the issue with screenshot for our further investigation. For further assistance, please contact our support team at : 1800-410-6688","2026-07-06 05:29:25.527741","2026-07-06 05:29:25.527741"
6683,a2bab20b-62ab-41ed-a29a-f82c5423bc73,TKT-1-202607-00835,anshu.r,2,5,"2026-07-21 12:54:21",0,"Please do confirm to take the further course of action as per the user request. However, the mentioned ticket TKT-1-202606-02035 resolved as per the user confirmation.","2026-07-21 07:24:20.897985","2026-07-21 07:24:20.897985"
6683,dee568dd-0df1-4522-ad5d-8b6c7b3df0b5,TKT-1-202607-00835,158725,3,2,"2026-07-06 15:22:40",0,"Kindly check screenshots, pdf and comment.","2026-07-06 09:52:39.687951","2026-07-06 09:52:39.687951"
6683,a8e67ed5-6e21-495d-94da-4f1786bba20b,TKT-1-202607-00835,158725,NULL,1,"2026-07-04 14:27:21",0,New,"2026-07-04 08:57:20.617141","2026-07-04 08:57:20.617141"
6683,946b99e6-9af2-4733-91a3-0ab192455003,TKT-1-202607-00835,satish.d,2,7,"2026-08-05 11:58:24",0,"1B06 Stack status has been updated. Kindly check now. Feel free to reopen this ticket incase of any issues. Thanks","2026-08-05 06:28:24.170456","2026-08-05 06:28:24.170456"
6683,20777df5-4588-46ee-a157-6889bc7072d0,TKT-1-202607-00835,vikram6singh,1,2,"2026-07-04 15:14:25",0,"Please check","2026-07-04 09:44:24.945932","2026-07-04 09:44:24.945932"
6683,1bc02cf6-6509-4f93-a3a1-485565522ed0,TKT-1-202607-00835,satish.d,5,2,"2026-08-05 11:56:19",0,"Issue has been resolved. Kindly check now","2026-08-05 06:26:19.107415","2026-08-05 06:26:19.107415"
6683,0f542e66-e4fc-4fb1-9ab1-6f234358a6b1,TKT-1-202607-00835,158725,7,8,"2026-08-06 12:44:37",0,"Issue has been resolved and the ticket can be closed. Thank you","2026-08-06 07:14:37.266135","2026-08-06 07:14:37.266135"
1222,29298919-7b9c-4f9f-bb12-58d16c5a0c6b,TKT-1-202607-00838,238672,3,2,"2026-07-16 12:05:40",0,resolve,"2026-07-16 06:35:39.705907","2026-07-16 06:35:39.705907"
1222,3a849c0f-6c74-4863-9d19-f7300bb96c48,TKT-1-202607-00838,umesh.k,2,3,"2026-07-06 19:41:00",0,"Dear sir/madam, could you please share us the actual stock position in IRRS for Wheat and Rice so that we will compare and let you know why this mismatch has occured. Thank you","2026-07-06 14:10:59.700152","2026-07-06 14:10:59.700152"
1222,4cfaafdc-07ad-40bb-8b87-dea0a3d259d2,TKT-1-202607-00838,238672,3,2,"2026-07-07 15:47:10",0,"Document attached for the furthur query kindly connect on 8878848189","2026-07-07 10:17:09.754987","2026-07-07 10:17:09.754987"
1222,63034912-38c2-496a-ae83-162059c129a8,TKT-1-202607-00838,umesh.k,2,7,"2026-07-17 11:54:11",0,"Closing this ticket as per the remarked "resolve"","2026-07-17 06:24:10.901622","2026-07-17 06:24:10.901622"
1222,6ae16102-dcda-4e57-9a99-cb09368d263e,TKT-1-202607-00838,vikram6singh,1,2,"2026-07-04 15:14:47",1,"Please check","2026-07-04 09:44:46.674641","2026-07-04 09:44:46.674641"
1222,9e08f8f5-5c80-4201-b832-67eb28ee6ced,TKT-1-202607-00838,238672,NULL,1,"2026-07-04 14:31:05",0,New,"2026-07-04 09:01:05.083159","2026-07-04 09:01:05.083159"
1222,b32729c2-86e4-4869-8baf-7ccbe30293fe,TKT-1-202607-00838,umesh.k,2,3,"2026-07-08 18:49:36",0,"Dear sir/madam, we have verified and attached the pdfs which contains the stock positions of all the depots under your division. please refer those, any discrapencies is due to the transactions that are not performed in Anna Darpan. Thank you","2026-07-08 13:19:36.052739","2026-07-08 13:19:36.052739"
395,eeeae1cf-cfc9-4f4a-ad87-59eb99638049,TKT-1-202607-00839,vikram6singh,1,2,"2026-07-04 15:14:53",1,"Please check","2026-07-04 09:44:53.411999","2026-07-04 09:44:53.411999"
395,da281300-020d-408f-ba92-08fae29c748e,TKT-1-202607-00839,satish.d,2,3,"2026-07-06 15:16:26",0,"Kindly check the comment section","2026-07-06 09:46:25.510093","2026-07-06 09:46:25.510093"
395,b4af001f-0527-4627-b544-b75ba17833a4,TKT-1-202607-00839,314576,3,2,"2026-07-14 15:54:18",0,solved,"2026-07-14 10:24:18.183180","2026-07-14 10:24:18.183180"
395,7ee5c299-4c5a-47aa-8b8c-a43c643a43f3,TKT-1-202607-00839,satish.d,2,3,"2026-07-08 14:52:47",0,"Kindly check the comment section","2026-07-08 09:22:46.846299","2026-07-08 09:22:46.846299"
395,6fbf7cb0-1ba1-4b95-a58a-5b526c9865ea,TKT-1-202607-00839,314576,3,2,"2026-07-07 17:01:05",0,"User ID- 314576 and password- Depot@321","2026-07-07 11:31:05.162174","2026-07-07 11:31:05.162174"
395,25594083-5736-46d2-8cee-d8db3a1415df,TKT-1-202607-00839,satish.d,2,7,"2026-07-14 17:59:11",0,"Issue has been resolved, closing this ticket","2026-07-14 12:29:11.180374","2026-07-14 12:29:11.180374"
395,996c133f-8784-4d79-97e2-758f3400c938,TKT-1-202607-00839,314576,NULL,1,"2026-07-04 14:33:33",0,New,"2026-07-04 09:03:33.480958","2026-07-04 09:03:33.480958"
1749,360f92b4-1aea-4a5d-ba56-6cc1c3df9e12,TKT-1-202607-00842,vikram6singh,1,2,"2026-07-04 15:16:12",1,"Please check","2026-07-04 09:46:11.584085","2026-07-04 09:46:11.584085"
1749,7845b725-fbc7-4fee-a347-1adef56b71d3,TKT-1-202607-00842,130042,NULL,1,"2026-07-04 14:44:10",0,New,"2026-07-04 09:14:09.721925","2026-07-04 09:14:09.721925"
1749,9693152d-4381-4f55-847e-cdcab18705a7,TKT-1-202607-00842,satish.d,2,7,"2026-07-10 10:35:37",0,"we hope issue has been resolved so we are closing the ticket if not please reopen","2026-07-10 05:05:37.364854","2026-07-10 05:05:37.364854"
1749,ebff6fbf-f897-4c7d-8fb7-3bf56a5c5920,TKT-1-202607-00842,130042,7,8,"2026-07-10 13:06:33",0,"Please close","2026-07-10 07:36:32.911638","2026-07-10 07:36:32.911638"
163,d5e974d9-221e-4a45-8cc9-30fcfb4d7f08,TKT-1-202607-00844,vikram6singh,1,2,"2026-07-04 15:16:27",1,"Please check","2026-07-04 09:46:26.745328","2026-07-04 09:46:26.745328"
163,31fc775b-d02d-44b4-935c-af2a3d3d79d0,TKT-1-202607-00844,satish.d,2,7,"2026-07-07 10:56:59",0,"user requested the ticket to be closed as the issue has been resolved. Closing the ticket based on the user's confirmation.","2026-07-07 05:26:59.160063","2026-07-07 05:26:59.160063"
163,2654371a-f061-4dcb-a944-0993734a3134,TKT-1-202607-00844,224371,NULL,1,"2026-07-04 14:57:28",0,New,"2026-07-04 09:27:28.002995","2026-07-04 09:27:28.002995"
756,54b2c043-73b6-4218-955e-d7edf2d0d65f,TKT-1-202607-00845,108875,NULL,1,"2026-07-04 15:02:37",0,New,"2026-07-04 09:32:37.309619","2026-07-04 09:32:37.309619"
756,792420c6-2b8f-4145-a143-961302d97c1e,TKT-1-202607-00845,satish.d,3,2,"2026-07-08 09:29:16",0,"Assign back","2026-07-08 03:59:15.697318","2026-07-08 03:59:15.697318"
756,b394489f-5bdb-4d15-ae67-b305cc31ad9c,TKT-1-202607-00845,satish.d,2,7,"2026-07-08 09:29:18",0,"we hope issue has been resolved we are closing the ticket please reopen if any issue still persists","2026-07-08 03:59:18.291375","2026-07-08 03:59:18.291375"
756,bc3dfdb3-73eb-4712-bdbe-8884a63d8be5,TKT-1-202607-00845,vikram6singh,1,2,"2026-07-04 15:16:34",0,"Please check","2026-07-04 09:46:34.184598","2026-07-04 09:46:34.184598"
756,e9c52e0e-1e41-4ce8-b8f8-86ecf0e9f9dd,TKT-1-202607-00845,satish.d,2,3,"2026-07-07 17:47:46",0,"Please check provided comments","2026-07-07 12:17:45.706276","2026-07-07 12:17:45.706276"
2822,1512ac45-9a7f-43a9-9b56-6016b62e921a,TKT-1-202607-00846,satish.d,2,7,"2026-07-18 11:55:27",0,"Closing this ticket as per user's confirmation","2026-07-18 06:25:27.014979","2026-07-18 06:25:27.014979"
2822,efb13362-605d-4bc0-8bb8-c13727b8faa8,TKT-1-202607-00846,FB13_ADMIN,3,2,"2026-07-15 14:06:39",0,"Okay close the ticket for now","2026-07-15 08:36:38.877507","2026-07-15 08:36:38.877507"
2822,ecb1031c-7cda-4237-a3b0-af6203126806,TKT-1-202607-00846,FB13_ADMIN,3,2,"2026-07-10 15:34:14",0,"But the user is also assigned to Jorhat through Role and Scope Association","2026-07-10 10:04:14.222167","2026-07-10 10:04:14.222167"
2822,97e72bc9-083f-4349-b5ee-b3d7c5f8c899,TKT-1-202607-00846,umesh.k,2,3,"2026-07-14 17:07:32",0,"Dear sir/madam, please refer the comments added","2026-07-14 11:37:32.196560","2026-07-14 11:37:32.196560"
2822,33062c30-1a76-43a1-950e-4728f4013d7d,TKT-1-202607-00846,vikram6singh,1,2,"2026-07-04 15:17:23",1,"Please check","2026-07-04 09:47:23.466636","2026-07-04 09:47:23.466636"
2822,0d646fea-c981-4798-bea3-64739490fcbe,TKT-1-202607-00846,FB13_ADMIN,NULL,1,"2026-07-04 15:03:28",0,New,"2026-07-04 09:33:28.472592","2026-07-04 09:33:28.472592"
2822,97cb54a8-9eaa-4639-aa44-80394abb740d,TKT-1-202607-00846,satish.d,2,3,"2026-07-06 10:50:18",0,"Solution has been updated in comment section Please check","2026-07-06 05:20:18.204392","2026-07-06 05:20:18.204392"
50,1311c683-585c-4f94-8990-07f5d507000f,TKT-1-202607-00847,anuj.s,2,3,"2026-07-04 16:00:29",0,"You are kindly requested to please share the relevant screenshots and supporting documents, so that we may review the matter and determine the further course of action.","2026-07-04 10:30:29.052482","2026-07-04 10:30:29.052482"
50,2dd6aded-5c16-44b7-a6c5-600f091ad7e3,TKT-1-202607-00847,131201,3,2,"2026-07-13 15:10:54",0,"PLEASE CLOSED THE TICKET","2026-07-13 09:40:53.755407","2026-07-13 09:40:53.755407"
50,529b5fe6-53f1-4c2c-84ad-0bfb0d98ceef,TKT-1-202607-00847,anuj.s,2,3,"2026-07-06 15:32:55",0,"Sir, kindly share the correct contact details, as the provided number is not reachable. This will help us review the issue and assist you at the earliest.","2026-07-06 10:02:54.801690","2026-07-06 10:02:54.801690"
50,6f39c6d7-f767-4e6c-8093-d1c590120031,TKT-1-202607-00847,vikram6singh,1,2,"2026-07-04 15:23:36",0,"Please check","2026-07-04 09:53:36.126481","2026-07-04 09:53:36.126481"
50,835e023e-3070-4c14-bc11-b6fdd6d31ebd,TKT-1-202607-00847,anuj.s,2,7,"2026-07-13 15:17:14",0,"As per the user’s remarks, the issue has been resolved; hence, the ticket has been closed. For any further assistance, kindly contact our Support Team at 1800‑410‑6688.","2026-07-13 09:47:14.469098","2026-07-13 09:47:14.469098"
50,8d4742c5-861e-4f69-8942-c92bff351744,TKT-1-202607-00847,131201,3,2,"2026-07-04 16:29:20",0,"in WINGS STACK ALLOTTED TO PARTY BUT ONLY ISSUE IS IN ANNADARPAN .......SO PLEASE RESOLVE ASAP","2026-07-04 10:59:19.976552","2026-07-04 10:59:19.976552"
50,fbefb5cc-432f-401d-bff4-31abcead8f8e,TKT-1-202607-00847,131201,NULL,1,"2026-07-04 15:22:57",0,New,"2026-07-04 09:52:57.134140","2026-07-04 09:52:57.134140"
603,b4f06e95-d227-47c2-92c2-7b07f23a3021,TKT-1-202607-00849,satish.d,2,3,"2026-07-07 17:51:02",0,"Could you please share depot details and relevant screenshots of the issue? The screenshots will help us understand the scenario better, verify the behavior observed in the system, and assist in identifying the root cause more accurately.","2026-07-07 12:21:01.502822","2026-07-07 12:21:01.502822"
603,e2fae17c-9a33-44cb-90cf-2c741c8f88a7,TKT-1-202607-00849,satish.d,2,7,"2026-07-10 15:41:57",0,"Based on user comments, issue has been resolved we are closing the ticket","2026-07-10 10:11:57.064901","2026-07-10 10:11:57.064901"
603,72887d18-89cf-4827-b052-fc967d859e5a,TKT-1-202607-00849,102420,NULL,1,"2026-07-04 15:37:06",0,New,"2026-07-04 10:07:05.909750","2026-07-04 10:07:05.909750"
603,5547f778-2ded-4972-b5d0-2db9d3957807,TKT-1-202607-00849,102420,7,8,"2026-07-13 14:55:51",0,Resolved,"2026-07-13 09:25:50.615223","2026-07-13 09:25:50.615223"
603,48def6da-21c8-4f21-a1d2-646b93da5a38,TKT-1-202607-00849,102420,3,2,"2026-07-10 15:25:34",0,"Kindly close the ticket.","2026-07-10 09:55:33.638888","2026-07-10 09:55:33.638888"
603,083dbd84-e329-48b1-8619-2f8c2740f996,TKT-1-202607-00849,vikram6singh,1,2,"2026-07-04 15:46:34",1,"Please check","2026-07-04 10:16:34.290818","2026-07-04 10:16:34.290818"
1851,4f7b9a7a-14c8-43e0-8fc7-008e786a7c32,TKT-1-202607-00853,inish.d,2,12,"2026-07-20 18:12:18",0,"Sir, currently we have provided the edit access for capacity but user is asking form max bags field edit.Please confirm this new change request","2026-07-20 12:42:18.407135","2026-07-20 12:42:18.407135"
1851,82827892-43a9-4aed-990b-615c1a26e117,TKT-1-202607-00853,vikram6singh,1,2,"2026-07-04 15:55:16",0,"Please check","2026-07-04 10:25:16.433911","2026-07-04 10:25:16.433911"
1851,9c86f765-7d1f-4cd6-bee8-d91083f801b4,TKT-1-202607-00853,vikram6singh,10,2,"2026-07-16 12:49:55",0,"Please check.","2026-07-16 07:19:55.138075","2026-07-16 07:19:55.138075"
1851,b4083bcc-cbd9-431f-ad45-4e97c498b9ee,TKT-1-202607-00853,inish.d,2,3,"2026-07-06 14:33:16",0,"Sir/Madam,  The maximum bag capacity for the stack is 2,700 bags, whereas the current bag count is 2,901 bags. Since the current quantity exceeds the maximum bags capacity, the stack is being displayed with the status "FULL."","2026-07-06 09:03:16.274822","2026-07-06 09:03:16.274822"
1851,c4353614-9d39-49fa-9286-f69d74475a53,TKT-1-202607-00853,298302,3,2,"2026-07-14 13:25:02",0,"Ticket Resolved","2026-07-14 07:55:01.706751","2026-07-14 07:55:01.706751"
1851,d61570bd-a6a4-411c-9040-70e339face88,TKT-1-202607-00853,298302,NULL,1,"2026-07-04 15:55:06",0,New,"2026-07-04 10:25:06.143231","2026-07-04 10:25:06.143231"
1851,dae7756e-6a99-4cd2-bde2-b513499b66d2,TKT-1-202607-00853,298302,7,10,"2026-07-16 12:19:53",0,"Sir, Telangana being a procurement region, each CMR consignment  consist of 580 bags in this way the stack will recieve 2900 bags in that specified stack hence we request to kindly change the capacity of stack to 2900bags instead of 2700Bags","2026-07-16 06:49:52.999230","2026-07-16 06:49:52.999230"
1851,db4cde6f-6aec-4f8c-a3d9-2b8d36f24af5,TKT-1-202607-00853,shivaniyadav091298,2,7,"2026-07-15 12:23:30",0,"As per the user’s remarks, the issue has been resolved.Therefore, this ticket is being marked as resolved.","2026-07-15 06:53:29.685346","2026-07-15 06:53:29.685346"
517,4d067fad-d0d3-47e8-99d9-a14c1568c5ee,TKT-1-202607-00857,satish.d,2,7,"2026-07-13 11:24:54",0,"we hope issue has been resolved so we are closing the ticket if not please reopen","2026-07-13 05:54:53.874280","2026-07-13 05:54:53.874280"
517,4f5e4302-3015-45b0-a308-c7e3d8170c1a,TKT-1-202607-00857,richa.k,3,2,"2026-07-07 14:35:35",0,"pl check","2026-07-07 09:05:35.202933","2026-07-07 09:05:35.202933"
517,5d98a2ed-972d-4887-b6ea-1d3e1560fd81,TKT-1-202607-00857,vikram6singh,1,2,"2026-07-04 16:20:06",1,"Please check","2026-07-04 10:50:05.896405","2026-07-04 10:50:05.896405"
517,75238d1f-3a71-4657-9405-0d000ae71bed,TKT-1-202607-00857,vikram6singh,10,2,"2026-07-09 16:30:51",0,"Please check.","2026-07-09 11:00:51.417724","2026-07-09 11:00:51.417724"
517,a3440333-0f47-49c6-91b1-b0d08cf3cd39,TKT-1-202607-00857,satish.d,2,3,"2026-07-09 17:56:35",0,"Please check provided comments","2026-07-09 12:26:34.996549","2026-07-09 12:26:34.996549"
517,a476be1e-9cee-48f6-a6ff-5ed98c087f81,TKT-1-202607-00857,richa.k,2,3,"2026-07-04 16:28:07",0,"Kindly share the supporting documents for further investigation. For further assistance, contact the support team at 📞 1800‑410‑6688.","2026-07-04 10:58:06.562757","2026-07-04 10:58:06.562757"
517,af2c4f64-7aae-4fee-9dd7-6e785e7d87f0,TKT-1-202607-00857,120237,7,10,"2026-07-10 15:32:06",0,"Token 5138 still appear in the Gate pass exit. Problem still persists. Please find the attached documents.","2026-07-10 10:02:05.502709","2026-07-10 10:02:05.502709"
517,b6ee75e7-b554-4a70-90d7-da211367dc88,TKT-1-202607-00857,120237,7,8,"2026-07-21 13:08:25",0,"Ticket closed","2026-07-21 07:38:24.816347","2026-07-21 07:38:24.816347"
517,3c20528b-33a1-46b5-930c-88ea406e7e0c,TKT-1-202607-00857,120237,NULL,1,"2026-07-04 16:16:49",0,New,"2026-07-04 10:46:48.650852","2026-07-04 10:46:48.650852"
517,481f5b84-1f74-49b1-bd9d-08a8a3c85243,TKT-1-202607-00857,vikram6singh,10,2,"2026-07-10 15:36:32",0,"Please check.","2026-07-10 10:06:32.098069","2026-07-10 10:06:32.098069"
517,3805490c-188c-46f6-87ff-6d8d5c2f823e,TKT-1-202607-00857,satish.d,2,7,"2026-07-10 15:15:26",0,"we hope issue has been resolved we are closing the ticket please reopen if any issue still persists","2026-07-10 09:45:25.996469","2026-07-10 09:45:25.996469"
517,32ce8e40-1c37-40f1-84a0-f73ebe545436,TKT-1-202607-00857,120237,7,10,"2026-07-10 16:32:09",0,"Ticket reopened as the complete PV not accepted. showing truck No KL11B3057 apearing two times as pending for "outweight, Stacking" & " Loading, OUtweight, Stacking". Plaese find the attached details.","2026-07-10 11:02:08.921608","2026-07-10 11:02:08.921608"
517,2d96b342-2de5-481a-b04f-3c830baeea62,TKT-1-202607-00857,richa.k,2,7,"2026-07-07 14:35:57",0,"Refer the comment section, For further assistance, please contact our support team at: 1800-410-6688. 6006874921.","2026-07-07 09:05:57.305991","2026-07-07 09:05:57.305991"
517,2054485d-a100-42fb-9a9e-61583034a59f,TKT-1-202607-00857,120237,3,2,"2026-07-10 11:36:15",0,"Details are provided for your cosideration and necessary action","2026-07-10 06:06:14.915567","2026-07-10 06:06:14.915567"
517,0ec1c2a2-8b38-42c8-8f41-69c42e797d41,TKT-1-202607-00857,120237,7,10,"2026-07-09 16:29:05",0,"The problem still persist and the ISI PV team couldn't Complete PV due to this duplicate token. Please resolve the issue or guide us to complete the issue. For further details, please contact- 9526888024","2026-07-09 10:59:04.588588","2026-07-09 10:59:04.588588"
517,03e3182c-899c-4812-99b4-1d7ac8957ee5,TKT-1-202607-00857,satish.d,2,7,"2026-07-10 16:05:24",0,"we hope issue has been resolved we are closing the ticket please reopen if any issue still persists","2026-07-10 10:35:23.603572","2026-07-10 10:35:23.603572"
517,0315d11a-46ef-4f3d-b637-2e04c064c789,TKT-1-202607-00857,vikram6singh,10,2,"2026-07-10 16:49:34",0,"Please check.","2026-07-10 11:19:33.780853","2026-07-10 11:19:33.780853"
429,3951b122-e17f-4c4d-ad14-106c19e38ea2,TKT-1-202607-00860,vikram6singh,1,2,"2026-07-04 16:33:59",0,"Please check","2026-07-04 11:03:59.174129","2026-07-04 11:03:59.174129"
429,f1aad4ec-731e-48a6-b87b-666de35f5cf1,TKT-1-202607-00860,236591,NULL,1,"2026-07-04 16:29:21",0,New,"2026-07-04 10:59:21.030079","2026-07-04 10:59:21.030079"
429,ee74a6f9-e933-43fd-945c-b0e1f369008e,TKT-1-202607-00860,satish.d,2,7,"2026-07-11 11:11:00",0,"issue resolved closing the ticket","2026-07-11 05:40:59.755344","2026-07-11 05:40:59.755344"
429,37044946-36b6-4a60-b5b7-5fa87e343593,TKT-1-202607-00860,satish.d,2,3,"2026-07-06 16:50:34",0,"Please check provided comments","2026-07-06 11:20:33.930459","2026-07-06 11:20:33.930459"
429,350a36bf-28dd-45a5-8851-000e0231f22b,TKT-1-202607-00860,236591,3,2,"2026-07-10 14:22:26",0,Resolved,"2026-07-10 08:52:25.818968","2026-07-10 08:52:25.818968"
2417,85a92fe2-3132-4941-a2c9-c95b25b02458,TKT-1-202607-00861,umesh.k,2,3,"2026-07-06 12:32:24",0,"Dear Sir/Madam,Kindly check our comments.","2026-07-06 07:02:24.392203","2026-07-06 07:02:24.392203"
2417,c31b2bea-c8d8-43ed-9f81-f7409deb5748,TKT-1-202607-00861,vikram6singh,1,2,"2026-07-04 16:34:09",0,"Please check","2026-07-04 11:04:09.146458","2026-07-04 11:04:09.146458"
2417,bea890ff-2746-43ad-96ed-f21b08b8293a,TKT-1-202607-00861,umesh.k,2,3,"2026-07-08 17:29:33",0,"Kindly check our comments.","2026-07-08 11:59:33.017322","2026-07-08 11:59:33.017322"
2417,b48ad5ee-aa20-42ca-9f48-3e56cb1f8e37,TKT-1-202607-00861,wc22008_10,NULL,1,"2026-07-04 16:30:24",0,New,"2026-07-04 11:00:24.396249","2026-07-04 11:00:24.396249"
2417,a2c4dcb2-68b8-4771-a6ce-513da66857e3,TKT-1-202607-00861,shrutipan966,3,2,"2026-07-30 12:21:23",0,"Please check","2026-07-30 06:51:23.107403","2026-07-30 06:51:23.107403"
2417,9af1e99d-6b9f-4e80-a1a9-0d83db77a986,TKT-1-202607-00861,wc22008_10,3,2,"2026-07-06 11:48:01",0,"Please find the supporting documents and resolve this as soon as possible. Thank you in advance.","2026-07-06 06:18:01.424219","2026-07-06 06:18:01.424219"
2417,92dfe250-9933-45f6-adc4-40fcf87477fe,TKT-1-202607-00861,inzemamul.h,2,3,"2026-07-04 17:38:19",0,"kindly share the supportive documents for our further investigation. For further assistance, please contact our support team at : 📞 1800-410-6688.","2026-07-04 12:08:18.542846","2026-07-04 12:08:18.542846"
2417,8aa66c84-d478-46da-987a-3342b133a3ee,TKT-1-202607-00861,inzemamul.h,2,3,"2026-07-06 11:22:30",0,"kindly share the supportive documents for our further investigation. For further assistance, please contact our support team at : 📞 1800-410-6688.","2026-07-06 05:52:29.714686","2026-07-06 05:52:29.714686"
2417,7163ca56-b455-43e0-ad32-96cceebeb05f,TKT-1-202607-00861,shrutipan966,2,7,"2026-07-30 12:21:39",0,"Please refer the comment section","2026-07-30 06:51:38.939619","2026-07-30 06:51:38.939619"
2417,6c936ae6-5946-4334-96af-e0c39f459ac1,TKT-1-202607-00861,satish.d,2,3,"2026-07-13 12:14:01",0,"Kindly check the comment section","2026-07-13 06:44:01.393728","2026-07-13 06:44:01.393728"
2417,4f5b5890-ad54-4e5f-a912-5e85af8afcdf,TKT-1-202607-00861,wc22008_10,3,2,"2026-07-06 10:52:08",0,ok,"2026-07-06 05:22:08.115589","2026-07-06 05:22:08.115589"
2417,4833ab0f-ea66-45e3-9d55-9a7ac5ad8256,TKT-1-202607-00861,wc22008_10,3,2,"2026-07-06 15:57:54",0,"Tokan number-183, RO no. WC22008/06-2026/WNA/PHH-0004, No of bags=380,weighment details (Inweight= 90.10000 qtls, outweight=283.20 qtls) , adopted weigh=190.896 qtls , and stack split weights=01A/09 74 bags =37.17 qtls & 01A/11=306 bags=153.726 qtls","2026-07-06 10:27:53.501653","2026-07-06 10:27:53.501653"
2417,19e19f16-f5e1-4cd5-b471-db2fe7803a85,TKT-1-202607-00861,wc22008_10,3,2,"2026-07-09 12:50:36",0,"Please resolve it on priority","2026-07-09 07:20:36.167845","2026-07-09 07:20:36.167845"
3704,5ea1853d-0421-4b9c-a72e-36374d29922a,TKT-1-202607-00864,278254,3,2,"2026-07-11 19:37:24",0,"Id :- 278254, Pwd:-  Radhe@1234","2026-07-11 14:07:23.553103","2026-07-11 14:07:23.553103"
3704,fc788de8-75bf-4161-b7ba-3a62c0a30687,TKT-1-202607-00864,satish.d,2,3,"2026-07-07 18:28:27",0,"Please share the screenshots","2026-07-07 12:58:27.284547","2026-07-07 12:58:27.284547"
3704,f8ac4479-30cd-46de-b67e-beb796d5c551,TKT-1-202607-00864,satish.d,2,3,"2026-07-21 12:02:21",0,"Please check","2026-07-21 06:32:21.191953","2026-07-21 06:32:21.191953"
3704,f625baf8-71bb-417b-96a5-0cba85029e73,TKT-1-202607-00864,278254,3,2,"2026-07-22 16:05:26",0,"Stack is showing with 624 bags =320.18080 but baby stack 3A08 that was killed duration QPV is still not showing in stack killed history.","2026-07-22 10:35:25.665035","2026-07-22 10:35:25.665035"
3704,eadb7216-f308-4de0-862a-44c7411b7a57,TKT-1-202607-00864,278254,3,2,"2026-07-09 13:07:15",0,"Stack kill history upload for further necessary action.","2026-07-09 07:37:14.701741","2026-07-09 07:37:14.701741"
3704,e596f8fc-4681-46f5-89b3-e1f9f2118d7e,TKT-1-202607-00864,278254,NULL,1,"2026-07-04 16:36:15",0,New,"2026-07-04 11:06:15.234160","2026-07-04 11:06:15.234160"
3704,e1be083b-921f-480b-885e-fd9fb579ba0a,TKT-1-202607-00864,satish.d,2,3,"2026-07-23 10:34:51",0,"Please check provided comments","2026-07-23 05:04:51.413914","2026-07-23 05:04:51.413914"
3704,dc3d36f7-f0ca-41fe-b872-40693ffbd305,TKT-1-202607-00864,satish.d,2,3,"2026-07-30 14:20:06",0,"Please check comment section","2026-07-30 08:50:06.064908","2026-07-30 08:50:06.064908"
3704,ce9cefb3-a847-4087-8690-2d4d8881cbad,TKT-1-202607-00864,278254,3,2,"2026-08-03 15:35:11",0,"problem solved","2026-08-03 10:05:11.222919","2026-08-03 10:05:11.222919"
3704,aca3a495-ad50-451e-adaa-a888f5172c15,TKT-1-202607-00864,shivaniyadav091298,2,7,"2026-08-03 15:41:46",0,"As per the user's remarks on this ticket, "The issue has been resolved now", this ticket is being marked as resolved. For further assistance, please contact our support team at 1800-410-6688.","2026-08-03 10:11:45.732948","2026-08-03 10:11:45.732948"
3704,a4b03c92-0167-4e18-81bf-fdaacbaa5d18,TKT-1-202607-00864,satish.d,2,3,"2026-07-09 16:13:08",0,"Please check provided comments","2026-07-09 10:43:08.319778","2026-07-09 10:43:08.319778"
3704,685fbe8f-bf59-4c9e-a40a-c2cbb3ac8254,TKT-1-202607-00864,satish.d,2,3,"2026-07-06 16:36:12",0,"Please check provided comments","2026-07-06 11:06:11.624924","2026-07-06 11:06:11.624924"
3704,68034b0d-739c-4e1d-95bf-923c24b5ac2f,TKT-1-202607-00864,278254,3,2,"2026-07-29 15:38:17",0,"problem not resolve because killed stack is not showing in the killed stack history","2026-07-29 10:08:16.737736","2026-07-29 10:08:16.737736"
3704,2046fd5e-35a4-46d7-876e-c9e64366c34a,TKT-1-202607-00864,278254,3,2,"2026-07-20 12:27:47",0,"sir, stack is showing but in stack killed history is showing nill and attached screenshort.","2026-07-20 06:57:46.782943","2026-07-20 06:57:46.782943"
3704,5732802b-4b19-4a94-9042-08abe8e7bbb7,TKT-1-202607-00864,satish.d,2,3,"2026-07-31 14:46:44",0,"Please check provided comments","2026-07-31 09:16:44.024227","2026-07-31 09:16:44.024227"
3704,4e150291-f848-4d5b-9d73-0d460e4710ec,TKT-1-202607-00864,278254,3,2,"2026-07-31 12:59:42",0,"Total Receive (QT)- 1680.50108 Total Issue (QT) -1380.40535 Total Storage Loss (QT) -320.18080 % of Storage Loss (%)-19.05 Average Period of Storage (Days) 701. This is showing in stack killed history summary which is not right.","2026-07-31 07:29:41.999438","2026-07-31 07:29:41.999438"
3704,4a483a72-579b-47e3-8492-c4b441cf134f,TKT-1-202607-00864,satish.d,2,3,"2026-07-16 16:00:24",0,"Please check","2026-07-16 10:30:24.397403","2026-07-16 10:30:24.397403"
3704,30ed361c-5901-4321-89cc-124eb28c6a02,TKT-1-202607-00864,278254,3,2,"2026-07-07 15:53:52",0,"after outweight stacking was not showing. only stacking remain all steps completed but due to not showing stacking bags and weight are not showing in the stack.","2026-07-07 10:23:52.335059","2026-07-07 10:23:52.335059"
3704,a5456f48-8e11-4da4-9424-e62fd30fd9b5,TKT-1-202607-00864,vikram6singh,1,2,"2026-07-04 16:44:50",0,"Please check","2026-07-04 11:14:49.580809","2026-07-04 11:14:49.580809"
2165,668687b2-853b-4092-8241-f63642acbdc7,TKT-1-202607-00865,shivaniyadav091298,2,7,"2026-07-15 12:31:57",0,"Please check the comment section.","2026-07-15 07:01:57.121304","2026-07-15 07:01:57.121304"
2165,e6a5b464-b05f-4ec5-aebb-042077951a9d,TKT-1-202607-00865,vikram6singh,10,2,"2026-07-21 11:10:15",0,"Please check.","2026-07-21 05:40:14.943013","2026-07-21 05:40:14.943013"
2165,aa3bd4af-7bdc-4e24-b68e-8c61c8ed1275,TKT-1-202607-00865,vikram6singh,1,2,"2026-07-04 16:45:06",0,"Please check","2026-07-04 11:15:06.082203","2026-07-04 11:15:06.082203"
2165,8980e798-adea-459e-a474-6df2db03426c,TKT-1-202607-00865,inish.d,2,3,"2026-07-23 15:41:57",0,"Sir, Please check whether the connected lwb service is active(running) and open inspect mode and check in the network tab whether the lwb url is failing.If so Please contact your respective lwb provider to check and fix the issue","2026-07-23 10:11:57.135758","2026-07-23 10:11:57.135758"
2165,80fcbb46-2451-43e5-8417-a71d01462bde,TKT-1-202607-00865,307571,3,2,"2026-07-27 17:15:16",0,"problem resolved thank you","2026-07-27 11:45:15.655365","2026-07-27 11:45:15.655365"
2165,7f4ffc4f-d442-4f20-bcdb-f5c1de19c4e7,TKT-1-202607-00865,shivaniyadav091298,3,2,"2026-07-15 12:30:17",0,"Please check","2026-07-15 07:00:16.501727","2026-07-15 07:00:16.501727"
2165,3bb711c6-9acd-4cb3-a86e-199dfd1df39e,TKT-1-202607-00865,307571,NULL,1,"2026-07-04 16:38:52",0,New,"2026-07-04 11:08:51.625182","2026-07-04 11:08:51.625182"
2165,35f360ab-3c21-4bb3-96a6-e8f6e1664620,TKT-1-202607-00865,arti.1.t,2,3,"2026-07-08 10:48:18",0,"I tried to coordinate with the user several times; however, we were unable to connect. Kindly contact us at 1800-410-6688 at your convenience so that we can assist you in resolving the issue. For any assistance, please feel free to reach out to us.","2026-07-08 05:18:17.527492","2026-07-08 05:18:17.527492"
2165,162835d3-27fa-4e23-bd27-60c1e64299d0,TKT-1-202607-00865,shivaniyadav091298,2,7,"2026-07-27 17:41:04",0,"As per the user's comment on this ticket, "The issue has been resolved now", this ticket is being marked as resolved. For further assistance, please contact our support team at 1800-410-6688.","2026-07-27 12:11:04.213245","2026-07-27 12:11:04.213245"
2165,0232d849-6775-453f-a81b-64246ea3bdb0,TKT-1-202607-00865,307571,7,10,"2026-07-21 11:07:21",0,"ISSUE NOT RESOLVED","2026-07-21 05:37:20.880276","2026-07-21 05:37:20.880276"
5830,9db8c302-88ea-4bbf-877c-55e95abd52a9,TKT-1-202607-00869,315996,3,2,"2026-07-08 12:09:36",0,"The document is attched now.","2026-07-08 06:39:36.226078","2026-07-08 06:39:36.226078"
5830,fe8d34db-b1b3-42eb-82d3-d3882eaf7cca,TKT-1-202607-00869,315996,NULL,1,"2026-07-04 17:13:47",0,New,"2026-07-04 11:43:46.708935","2026-07-04 11:43:46.708935"
5830,f6a9ca81-bd46-4e1b-99dc-702725505457,TKT-1-202607-00869,richa.k,2,3,"2026-07-22 14:56:53",0,"Trying to reach multiple times on this number #9623233006 but it's getting disconnected from your side please contact our support team at : 1800-410-6688 based on your availability to discussed about this case.","2026-07-22 09:26:53.215081","2026-07-22 09:26:53.215081"
5830,f2f677f5-5bbb-4d29-9758-07db46b14512,TKT-1-202607-00869,richa.k,2,3,"2026-07-21 15:13:09",0,"Trying to reach over call #9623233006 but not get response please share your availability to discussed about this case.For Further assistance, please contact our Support team. PH: 1800 410 6688.","2026-07-21 09:43:08.533504","2026-07-21 09:43:08.533504"
5830,e6d6293a-5e42-420d-8e2c-f06617a95763,TKT-1-202607-00869,315996,7,10,"2026-08-06 14:39:56",0,"The required document with name wagon wise quality was attached. kindly find it and please see the maximum value of moisture content to be filled is 12% which needs to be changed as it can exceed 12% at the time of reciept.","2026-08-06 09:09:56.430382","2026-08-06 09:09:56.430382"
5830,e529a017-9142-4e2a-be44-03a201565d01,TKT-1-202607-00869,richa.k,2,7,"2026-08-06 17:11:31",0,"Please refer the comment section, For any further assistance, kindly contact our Support Team at 1800‑410‑6688.","2026-08-06 11:41:30.759686","2026-08-06 11:41:30.759686"
5830,bdee7b60-d29a-44f6-89c3-ee6bb8de27de,TKT-1-202607-00869,richa.k,2,3,"2026-07-04 17:34:14",0,"Kindly share the supporting documents for further investigation. For further assistance, contact the support team at 📞 1800‑410‑6688.","2026-07-04 12:04:14.205293","2026-07-04 12:04:14.205293"
5830,8a4b6949-b93c-4c7d-98a6-7d83bfdbd801,TKT-1-202607-00869,vikram6singh,10,2,"2026-08-06 16:10:55",0,"Please check.","2026-08-06 10:40:55.449254","2026-08-06 10:40:55.449254"
5830,5cbd4402-0147-4432-a9b5-3c9a1051d70e,TKT-1-202607-00869,315996,3,2,"2026-07-22 13:12:12",0,"The requested file is attached, and tried to call back but didn't get any answer from the other side","2026-07-22 07:42:11.610595","2026-07-22 07:42:11.610595"
5830,4dcf6c69-a31f-40a7-a0b4-8e5fc9cb26df,TKT-1-202607-00869,vikram6singh,1,2,"2026-07-04 17:23:58",0,"Please check","2026-07-04 11:53:57.913484","2026-07-04 11:53:57.913484"
5830,461d13eb-9ac9-4f46-9f23-21ae4ea878df,TKT-1-202607-00869,richa.k,2,3,"2026-07-07 14:23:13",0,"Please refer the comment section, For Further assistance, please contact our Support team. PH: 1800 410 6688.","2026-07-07 08:53:12.945877","2026-07-07 08:53:12.945877"
5830,2809957f-0244-4ce7-b90b-3fa66c7d0265,TKT-1-202607-00869,315996,3,2,"2026-07-07 14:17:12",0,"The required supporting document is attached.","2026-07-07 08:47:11.576531","2026-07-07 08:47:11.576531"
5830,1b3615ff-4c67-49f0-bfc2-cb677c54d988,TKT-1-202607-00869,shivaniyadav091298,2,7,"2026-07-31 10:35:57",0,"Please check the comment section.","2026-07-31 05:05:56.970352","2026-07-31 05:05:56.970352"
5830,0c7cc7aa-1f74-4766-b79e-5ce04c1201e7,TKT-1-202607-00869,shivaniyadav091298,3,2,"2026-07-31 10:33:08",0,"Please check","2026-07-31 05:03:08.244177","2026-07-31 05:03:08.244177"
130,2898fa0b-795c-47a8-b124-ac08572e3c1b,TKT-1-202607-00870,inish.d,2,3,"2026-07-13 12:55:27",0,"Sir/Madam, ADD ASSET option is given only to system admin (administrator) at HQ. Only administrator can add masters so please contact Hq admin to add required assets using ADD ASSET Option.","2026-07-13 07:25:27.411804","2026-07-13 07:25:27.411804"
130,d3347e8e-a472-49e7-bc23-59ad428d898e,TKT-1-202607-00870,inish.d,2,3,"2026-07-10 10:46:17",0,"Sir/Madam, please refer the screenshot as TKT-1-202607-00870.png","2026-07-10 05:16:17.295829","2026-07-10 05:16:17.295829"
130,aa35cb73-8f74-4c3e-9c2c-dfb1cea72560,TKT-1-202607-00870,121010,3,2,"2026-07-15 14:01:58",0,"Thank you for the update. We will send an email to the HQ Administrator requesting them to add the required asset through the Add Asset option and Close the Ticket","2026-07-15 08:31:57.661516","2026-07-15 08:31:57.661516"
130,82e74890-9117-46fe-8693-315ba9d560de,TKT-1-202607-00870,inish.d,2,3,"2026-07-06 16:06:34",0,"Sir/Madam, Please share the more details.","2026-07-06 10:36:34.256746","2026-07-06 10:36:34.256746"
130,6c60c3cf-9ed5-4899-a87a-1f1b310c1f69,TKT-1-202607-00870,121010,3,2,"2026-07-13 11:41:22",0,"Please check the attached screenshot (**Screenshot_2026-07-13_112558**). I have tried with all the roles assigned to this ID, but the **Add Asset** option is still not visible. Kindly verify and advise.","2026-07-13 06:11:21.659342","2026-07-13 06:11:21.659342"
130,5da426d1-f528-4656-b4d7-9bb4afacf6e0,TKT-1-202607-00870,inish.d,2,7,"2026-07-15 14:15:07",0,"Closing the ticket as the user has confirmed that the issue has been resolved.","2026-07-15 08:45:06.818968","2026-07-15 08:45:06.818968"
130,5164eda4-6e4e-4fa8-8bab-5ccf63590867,TKT-1-202607-00870,inish.d,2,3,"2026-07-07 16:54:15",0,"SIR, Please contact administrator to add MBT[750]  gunny type in add asset > storage asset category.","2026-07-07 11:24:14.938981","2026-07-07 11:24:14.938981"
130,3e582dad-0f32-4b16-b49b-5c4a5d9c33ff,TKT-1-202607-00870,121010,3,2,"2026-07-07 16:12:21",0,"The Annadarpan Gunny Module currently does not provide options for following gunny bag categories:SBT Gunnies–580 gms(Unserviceable) MBT Gunnies – 750 grams (Serviceable) MBT Gunnies – 750 grams (SHS) MBT Gunnies – 750 grams , plz Check the Comments","2026-07-07 10:42:20.510540","2026-07-07 10:42:20.510540"
130,222f745f-703a-41f8-8abc-08acbed7b1a0,TKT-1-202607-00870,vikram6singh,1,2,"2026-07-04 17:24:11",0,"Please check","2026-07-04 11:54:11.067717","2026-07-04 11:54:11.067717"
130,1f062fe7-cacc-41e3-95ec-a50ea5be0365,TKT-1-202607-00870,121010,NULL,1,"2026-07-04 17:23:24",0,New,"2026-07-04 11:53:23.778900","2026-07-04 11:53:23.778900"
130,15414e96-e214-4186-bb6b-8cbd814c7efe,TKT-1-202607-00870,121010,3,2,"2026-07-10 10:30:23",0,"Sir, regarding the request to add **MBT [750]** gunny type, I could not find the **Add Asset** option under **Storage Asset Management**. Could you please let me know the correct module/path and the user ID/role required to perform this activity?","2026-07-10 05:00:23.033599","2026-07-10 05:00:23.033599"
513,2823feb1-3c5f-4fd3-8484-931ebb28ce2b,TKT-1-202607-00873,312124,3,2,"2026-07-09 11:40:00",0,"Please check comment","2026-07-09 06:09:59.862616","2026-07-09 06:09:59.862616"
513,633f8b73-f166-4ba2-baba-3128ae27c37c,TKT-1-202607-00873,vikram6singh,1,2,"2026-07-04 17:34:35",0,"Please check","2026-07-04 12:04:35.120739","2026-07-04 12:04:35.120739"
513,2e3587bc-cb12-4344-b500-355eb1b0aa73,TKT-1-202607-00873,satish.d,2,7,"2026-07-10 10:48:04",0,"we hope issue has been resolved so we are closing the ticket if not please reopen","2026-07-10 05:18:04.488599","2026-07-10 05:18:04.488599"
513,19845449-15d8-41ec-a23d-1b9357ae7dc4,TKT-1-202607-00873,312124,NULL,1,"2026-07-04 17:29:03",0,New,"2026-07-04 11:59:02.520424","2026-07-04 11:59:02.520424"
513,10804f8c-448c-4a0e-abed-bf2cc489996c,TKT-1-202607-00873,satish.d,2,3,"2026-07-06 16:54:56",0,"Please check provided comments","2026-07-06 11:24:56.165759","2026-07-06 11:24:56.165759"
10570,7a04cc59-b4bf-47b6-81de-59785a7869e3,TKT-1-202607-00882,satish.d,2,3,"2026-07-21 10:38:08",0,"ONCE WE RECEIVED THE MAIL, WE WILL CHECK THIS ISSUE","2026-07-21 05:08:07.723237","2026-07-21 05:08:07.723237"
10570,53b0d9a1-7878-4cc2-98bc-0f0d7c60e4b7,TKT-1-202607-00882,149243,3,2,"2026-07-14 15:08:41",0,"It is requested to clarify whether in next iteration the data for 2nd Fortnight of June'2026 could be entered under 2nd Fortnight June'26 OR the data for 2nd fortnight ofJune'26 along with data of 1st Fortnight July'26 has to be entered collectively?","2026-07-14 09:38:40.582833","2026-07-14 09:38:40.582833"
10570,7c100ae8-db4e-4c90-a38c-d6395c1ee6f1,TKT-1-202607-00882,satish.d,2,3,"2026-07-14 17:06:30",0,"only 2nd fortnight data entry needs to be done","2026-07-14 11:36:29.584030","2026-07-14 11:36:29.584030"
10570,81f1d278-3da0-45a9-b009-2c0764a3deb9,TKT-1-202607-00882,149243,3,2,"2026-07-15 11:33:02",0,"As the data entry for 2nd fortnight of June'26 could be done separately while entering data for 1st fortnight of July'26, the ticket may be closed. If the existing issue still arises, the ticket may be opened as per requirement.","2026-07-15 06:03:02.030825","2026-07-15 06:03:02.030825"
10570,89abcf81-dd99-473b-a472-e013f233ea97,TKT-1-202607-00882,vikram6singh,10,2,"2026-07-24 13:06:22",0,"Please check","2026-07-24 07:36:22.180817","2026-07-24 07:36:22.180817"
10570,934f14f4-9b50-4f91-8f4a-ddfed963d00d,TKT-1-202607-00882,satish.d,2,3,"2026-07-07 12:52:39",0,"For that cell value, it should not go beyond the sum of opening and inflow value .","2026-07-07 07:22:38.978232","2026-07-07 07:22:38.978232"
10570,93e9bc43-fbd8-4956-b309-6f52e7913961,TKT-1-202607-00882,149243,7,10,"2026-07-18 13:30:29",0,"Please resolve the issue for entering of stocks for 2nd fortnight of June","2026-07-18 08:00:29.237413","2026-07-18 08:00:29.237413"
10570,99f664bd-38ff-47d6-9793-cae22fcff572,TKT-1-202607-00882,satish.d,2,3,"2026-07-21 17:02:57",0,"ONCE WE RECEIVED THE MAIL, WE WILL CHECK THIS ISSUE","2026-07-21 11:32:56.753047","2026-07-21 11:32:56.753047"
10570,9d90961e-72a6-4dad-97bc-ceda5c2cadb3,TKT-1-202607-00882,149243,3,2,"2026-07-22 10:30:06",0,"An email regarding this has been sent again on 22.07.2026. An email regarding this was already sent on 20 Jul 2026 2:54:16 PM to "agm1it@fci.gov.in", "annadarp@fci.gov.in" with in CC- agmsalesodi@fci.gov.in.","2026-07-22 05:00:06.223247","2026-07-22 05:00:06.223247"
10570,9e6cbc0e-3ee7-4122-8964-23ffb8df7b88,TKT-1-202607-00882,satish.d,2,3,"2026-07-24 15:03:35",0,"HQ has to take action on this for the 2nd FN entry window","2026-07-24 09:33:34.873027","2026-07-24 09:33:34.873027"
10570,adcfa0bd-908c-4716-9507-c74bc9f71f8e,TKT-1-202607-00882,satish.d,2,3,"2026-07-13 12:17:47",0,"0.70 this storage loss was in which crop year?","2026-07-13 06:47:46.880899","2026-07-13 06:47:46.880899"
10570,b1f96ec1-4a05-4e14-8558-3c2a605a883b,TKT-1-202607-00882,149243,3,2,"2026-07-21 12:23:31",0,"While trying to do data entry for stock figures for 2nd Fortnight of June'2026, no option is coming as of now. Screenshot attached. Kindly resolve the issue.","2026-07-21 06:53:30.695087","2026-07-21 06:53:30.695087"
10570,c80b29c6-1a3b-4884-90f2-41dcbebf8b17,TKT-1-202607-00882,satish.d,2,7,"2026-07-23 17:16:40",0,"ONCE HQ SEND THE MAIL WE WILL CHECK THIS ISSUE","2026-07-23 11:46:39.972548","2026-07-23 11:46:39.972548"
10570,ce3ee0f7-53f7-4483-a817-88498c935864,TKT-1-202607-00882,satish.d,2,7,"2026-07-15 11:34:23",0,"closing this ticket","2026-07-15 06:04:22.998023","2026-07-15 06:04:22.998023"
10570,dc43e095-e498-47c7-bb63-65f46385084b,TKT-1-202607-00882,arti.1.t,2,3,"2026-07-20 16:58:36",0,"Kindly provide your user credentials for troubleshooting purposes and to assist in resolving the reported issue.","2026-07-20 11:28:35.540362","2026-07-20 11:28:35.540362"
10570,e3c33e00-92e5-4f8e-8c13-9b2f1a6536aa,TKT-1-202607-00882,149243,3,2,"2026-07-20 16:11:16",0,"A mail in this matter has been sent to AGM IT Hqrs., and Anna Darpan Hqrs. New Delhi on 20.07.2027 at 2.54 PM.","2026-07-20 10:41:16.176299","2026-07-20 10:41:16.176299"
10570,ffa643cd-bec3-4019-b741-120dabfbc8df,TKT-1-202607-00882,149243,NULL,1,"2026-07-04 18:25:46",0,New,"2026-07-04 12:55:46.283644","2026-07-04 12:55:46.283644"
10570,6efb4e51-9020-423f-87ac-71f52743472c,TKT-1-202607-00882,satish.d,2,3,"2026-07-20 12:46:07",0,"entry window for 2nd FN is closed, please send a mail to HQ","2026-07-20 07:16:06.645296","2026-07-20 07:16:06.645296"
10570,045eeef1-68ca-47fd-ad66-8547ec3a278e,TKT-1-202607-00882,vikram6singh,1,2,"2026-07-06 09:33:52",0,"Please check.","2026-07-06 04:03:52.355406","2026-07-06 04:03:52.355406"
10570,102b66ee-db49-4d7d-86ac-a05443ce62eb,TKT-1-202607-00882,149243,3,2,"2026-07-21 16:57:34",0,"An email regarding this has already been sent on 20 Jul 2026 2:54:16 PM to "agm1it@fci.gov.in", "annadarp@fci.gov.in" with in CC- agmsalesodi@fci.gov.in.","2026-07-21 11:27:34.114651","2026-07-21 11:27:34.114651"
10570,1606ee8e-3e56-4c4d-8c5e-6e4e6912cf49,TKT-1-202607-00882,satish.d,2,7,"2026-08-28 12:25:40",0,"CLOSING THIS TICKET","2026-08-28 06:55:39.844368","2026-08-28 06:55:39.844368"
10570,179f070f-869a-45c1-897e-c20171cea928,TKT-1-202607-00882,satish.d,2,3,"2026-07-10 16:59:26",0,"please share the credentials, we will check the issue","2026-07-10 11:29:25.512218","2026-07-10 11:29:25.512218"
10570,32402b60-66ac-4862-bba3-f77646b53b53,TKT-1-202607-00882,satish.d,2,3,"2026-08-26 18:30:32",0,"please check again, if still issue is there share the updated credetials to check this issue","2026-08-26 13:00:31.869690","2026-08-26 13:00:31.869690"
10570,34681f1d-a343-4198-ac3b-85207e81fbc7,TKT-1-202607-00882,149243,3,2,"2026-08-28 12:22:39",0,"Entry for 2nd fortnight June'2026 is completed. The ticket may be closed.","2026-08-28 06:52:38.605603","2026-08-28 06:52:38.605603"
10570,4a3a005c-ee69-4bd9-b7d8-836ca712c5b2,TKT-1-202607-00882,149243,3,2,"2026-07-10 16:17:09",0,"The inflow is nil during 2nd fortnight of Jun'26. The scheme wise issue was571.8966 Qtl and storage loss was0.70 qtl i.e the total outflow is 572.5966 Qtl is same as the Opening balance.The cell value is not greater than the opening and inflow value","2026-07-10 10:47:08.826672","2026-07-10 10:47:08.826672"
10570,535648da-1ec8-49af-a1a8-8dcd4622ff8a,TKT-1-202607-00882,149243,3,2,"2026-08-07 15:15:39",0,"Sir, entry for the 2ndFortnight July'2026 has been completed in Annadarpan.For Rice the C.B is showing as 270.16526 Qtls.while the actual C.B is 342875.13468 Qtls.Screenshot attached.The entry for 2nd fortnight Jun'2026 has not been done in Anadarpan","2026-08-07 09:45:38.788114","2026-08-07 09:45:38.788114"
10570,563e84f3-1bd2-4710-bb55-72cbd2770eba,TKT-1-202607-00882,vikram6singh,10,2,"2026-07-18 15:20:40",0,"Please check,","2026-07-18 09:50:39.891623","2026-07-18 09:50:39.891623"
10570,5f266470-db49-4016-aa62-74164b486008,TKT-1-202607-00882,149243,7,10,"2026-07-24 11:53:11",0,"As the matter is time bound for DISFM entry for 2nd fortnight of June'2026, please resolve the issue immediately so as enable this office to make entry for 1st quarter of July, 26 after making entry of 2nd quarter of June'2026.","2026-07-24 06:23:10.733697","2026-07-24 06:23:10.733697"
10570,623dc56a-9e49-4a26-b853-48c9caabe872,TKT-1-202607-00882,satish.d,2,3,"2026-07-21 15:35:29",0,"2ndFN entry window is closed, if entry needs to be done please send a mail to HQ","2026-07-21 10:05:29.419494","2026-07-21 10:05:29.419494"
10570,64e1d7a3-110e-4c3f-8290-5efa8b8a16f0,TKT-1-202607-00882,149243,3,2,"2026-07-13 13:16:58",0,"The storage loss of 0.70Qtls pertains to 2023-24 crop year","2026-07-13 07:46:57.816833","2026-07-13 07:46:57.816833"
10570,65695b7e-854a-4201-b955-9bd1cca20e68,TKT-1-202607-00882,satish.d,2,3,"2026-07-14 11:11:08",0,"it has been fixed, in next iteration you can able to do this operation","2026-07-14 05:41:08.068025","2026-07-14 05:41:08.068025"
10570,67df421d-43b2-4079-a567-67ffa7c7b333,TKT-1-202607-00882,149243,3,2,"2026-07-10 17:40:15",0,"ID-149243, PASSWORD- Debraj@149243","2026-07-10 12:10:14.504460","2026-07-10 12:10:14.504460"
10570,722aa79d-1122-4a97-982e-48ff2308a900,TKT-1-202607-00882,149243,3,2,"2026-07-20 18:00:31",0,"ID-149243, PASSWORD- Debraj@149243","2026-07-20 12:30:31.169335","2026-07-20 12:30:31.169335"
2084,71942908-45d9-4ad4-bd32-4a7c5372cee4,TKT-1-202607-00883,satish.d,2,7,"2026-07-10 16:13:22",0,"Based on user comments, issue has been resolved we are closing the ticket","2026-07-10 10:43:21.838676","2026-07-10 10:43:21.838676"
2084,a8aae510-8255-4965-98a3-bd17ae06d416,TKT-1-202607-00883,vikram6singh,1,2,"2026-07-06 09:34:00",0,"Please check.","2026-07-06 04:04:00.352729","2026-07-06 04:04:00.352729"
2084,f949e166-ba3c-4ed0-9d18-969ad174c977,TKT-1-202607-00883,249315,NULL,1,"2026-07-04 18:32:16",0,New,"2026-07-04 13:02:16.131215","2026-07-04 13:02:16.131215"
417,9a4316b5-851c-4d22-8292-2f363ae6d709,TKT-1-202607-00884,276390,3,2,"2026-07-16 10:45:01",0,"Pankaj Vaghela, Manager (Depot), Annadarpan ID: 276390 - SWC Chittod (WF13024)","2026-07-16 05:15:01.443995","2026-07-16 05:15:01.443995"
417,9a73e358-191a-4b03-aac6-fdfb4d2afc57,TKT-1-202607-00884,276390,3,2,"2026-07-20 16:07:57",0,"please closed the Ticket","2026-07-20 10:37:56.530171","2026-07-20 10:37:56.530171"
417,a65b8582-d947-43f6-a5b2-ae27969a0da8,TKT-1-202607-00884,276390,3,2,"2026-07-17 12:56:34",0,"Issue still unresolved. Shed No. 16 (12 MT), never hired by SWC Chittod (WF13024), still appears in Annadarpan. It cannot be edited/deleted from Manager (D) ID: 276390. Screenshots attached. Kindly verify the backend and resolve the issue.","2026-07-17 07:26:34.080046","2026-07-17 07:26:34.080046"
417,b2bafe55-3bb3-432e-97d1-5ccca5e3c38b,TKT-1-202607-00884,inish.d,2,3,"2026-07-17 14:16:38",0,"Sir/Madam,  Please provide the login credentials so that we can proceed further.","2026-07-17 08:46:37.907442","2026-07-17 08:46:37.907442"
417,bab84f8c-0d25-43cd-9753-275d9dcb3b47,TKT-1-202607-00884,inish.d,2,3,"2026-07-15 15:32:14",0,"sir/madam, Please share user credentials","2026-07-15 10:02:13.893654","2026-07-15 10:02:13.893654"
417,fe1c424c-ceb5-42f6-8edd-2032ceb3a03f,TKT-1-202607-00884,inish.d,2,3,"2026-07-17 18:21:09",0,"Sir/Madam, Issue is fixed. please check it","2026-07-17 12:51:09.405974","2026-07-17 12:51:09.405974"
417,4cf3e76b-8c46-4a12-9103-ba747072ec83,TKT-1-202607-00884,arti.1.t,2,3,"2026-07-06 16:37:47",0,"Kindly share the specific issue along with a proper screenshot for further investigation. For any assistance, please feel free to contact us at 1800-410-6688.","2026-07-06 11:07:46.738905","2026-07-06 11:07:46.738905"
417,4e36f54e-2277-43f2-a1be-6c8bc266e4db,TKT-1-202607-00884,inish.d,2,7,"2026-07-20 16:28:37",0,"User mentined as please closed the Ticket.ticket is resolved.","2026-07-20 10:58:37.017121","2026-07-20 10:58:37.017121"
417,43710d6f-18f7-42df-9975-b71dfa7d1f55,TKT-1-202607-00884,276390,3,2,"2026-07-17 14:26:52",0,"ID: 276390 PW:Anna@1305","2026-07-17 08:56:51.942875","2026-07-17 08:56:51.942875"
417,328029a7-daac-46e0-98cf-fb5f4fdde963,TKT-1-202607-00884,276390,3,2,"2026-07-15 13:39:59",0,"Unable to delete the 12 MT capacity at SWC Chittod(WF13025) from Manager (D) Annadarpan ID: 276390 under Manage Stacks → Edit Stack → Shed → Stack. The issue persists despite repeated attempts. Screenshot attached for ready reference.","2026-07-15 08:09:59.005045","2026-07-15 08:09:59.005045"
417,26a69779-8c7f-4ec5-9b68-d622ee44c76f,TKT-1-202607-00884,inish.d,2,3,"2026-07-16 11:29:44",0,"Sir/Madam, in case of any discrepancy, kindly contact the Depot Manager to update the stack capacity in the Edit Stack menu.","2026-07-16 05:59:43.917829","2026-07-16 05:59:43.917829"
417,0061139c-8367-460a-b695-443d357cc6b5,TKT-1-202607-00884,vikram6singh,1,2,"2026-07-06 09:34:07",0,"Please check.","2026-07-06 04:04:07.494533","2026-07-06 04:04:07.494533"
417,88b58c02-3835-4b11-a291-f3a8f0cabe1d,TKT-1-202607-00884,276390,NULL,1,"2026-07-04 18:35:14",0,New,"2026-07-04 13:05:13.938734","2026-07-04 13:05:13.938734"
1586,51acf964-e3f1-41f6-b26a-c106d3cf6f7f,TKT-1-202607-00886,197020,3,2,"2026-07-10 10:50:45",0,"ISI PV stacks are yet not been killed as PV is still pending to be COMPLETED in ANNA DARPAN.","2026-07-10 05:20:45.480341","2026-07-10 05:20:45.480341"
1586,f0672f32-f041-412b-9310-d3d9c20ebf0f,TKT-1-202607-00886,satish.d,2,3,"2026-07-10 12:51:34",0,"Sir follow the proper steps first complete the pv  after that try to kill the stacks","2026-07-10 07:21:33.520688","2026-07-10 07:21:33.520688"
1586,bba65ee1-317a-4a19-b8b4-c16c73cfd939,TKT-1-202607-00886,inzemamul.h,2,7,"2026-07-13 10:27:11",0,"The issue has been resolved, and the user has also confirmed the same in the remarks. I am closing the ticket.For further assistance, please contact our support team at : 1800-410-6688","2026-07-13 04:57:10.797820","2026-07-13 04:57:10.797820"
1586,b22606f6-f0a0-40b2-aa7d-496175313bdb,TKT-1-202607-00886,vikram6singh,1,2,"2026-07-06 09:34:22",0,"Please check.","2026-07-06 04:04:21.987496","2026-07-06 04:04:21.987496"
1586,ad4b602c-d65b-406f-b420-a3b4c79bf92c,TKT-1-202607-00886,197020,7,8,"2026-07-13 17:43:24",0,"Took a long time to resolve but any how treat ticket as closed.","2026-07-13 12:13:24.436761","2026-07-13 12:13:24.436761"
1586,72aec0ca-24a7-4cdc-a973-3e475d18800c,TKT-1-202607-00886,197020,NULL,1,"2026-07-04 19:03:53",0,New,"2026-07-04 13:33:53.147497","2026-07-04 13:33:53.147497"
1586,5188fe14-cd5b-474b-9180-16f18047c8a2,TKT-1-202607-00886,satish.d,2,3,"2026-07-07 19:01:11",0,"Please check provided comments","2026-07-07 13:31:10.770822","2026-07-07 13:31:10.770822"
1586,4de7688b-e5b2-4409-b603-5cbf1b7b7138,TKT-1-202607-00886,197020,3,2,"2026-07-10 13:30:26",0,"ISI PV not Completed in Anna Darpan yet. variation in weight remains.","2026-07-10 08:00:26.486095","2026-07-10 08:00:26.486095"
570,a11458cd-39cf-4032-9e19-d5cfe35505f0,TKT-1-202607-00887,vikram6singh,1,2,"2026-07-06 09:34:33",0,"Please check.","2026-07-06 04:04:32.760487","2026-07-06 04:04:32.760487"
570,fea4e62a-cfaf-4dd8-a72e-5a85899798fc,TKT-1-202607-00887,satish.d,2,7,"2026-07-08 09:27:10",0,"we hope issue has been resolved we are closing the ticket please reopen if any issue still persists","2026-07-08 03:57:10.362249","2026-07-08 03:57:10.362249"
570,d1d4e597-f9eb-48aa-861f-e2cfeccc201a,TKT-1-202607-00887,satish.d,3,2,"2026-07-08 09:27:08",0,"assign back","2026-07-08 03:57:08.046793","2026-07-08 03:57:08.046793"
570,73bea22e-723f-4f2c-bb87-d2559142195e,TKT-1-202607-00887,190948,NULL,1,"2026-07-04 19:13:37",0,New,"2026-07-04 13:43:36.510762","2026-07-04 13:43:36.510762"
570,090c362a-2fed-423e-a881-77d3f8fc4d6a,TKT-1-202607-00887,satish.d,2,3,"2026-07-07 18:02:18",0,"Please check provided comments","2026-07-07 12:32:17.584340","2026-07-07 12:32:17.584340"
2211,8c02e9ef-2e7f-4932-9e2f-896f64feac9f,TKT-1-202607-00888,satish.d,2,3,"2026-07-06 19:31:18",0,"please check provided comments","2026-07-06 14:01:18.472783","2026-07-06 14:01:18.472783"
2211,c5d520d4-b8fe-4d2a-837f-49e80ab853b3,TKT-1-202607-00888,pooja.11,2,3,"2026-07-09 17:44:14",0,"As discussed over the call, kindly elaborate your issue in the comment section. For Further assistance, please contact our Support team at: 1800 410 6688.","2026-07-09 12:14:14.489567","2026-07-09 12:14:14.489567"
2211,cd197bfa-8cfc-4437-9df9-9dabe6c4aa6a,TKT-1-202607-00888,293462,3,2,"2026-07-07 15:49:26",0,"Kindly call me at 7979773363 so that I can explain the issue in detail.","2026-07-07 10:19:25.612162","2026-07-07 10:19:25.612162"
2211,e1014802-3cbe-4a7b-88ec-d0dbc8a553dc,TKT-1-202607-00888,satish.d,2,7,"2026-07-13 10:15:12",0,"we hope issue has been resolved we are closing the ticket please reopen if any issue still persists","2026-07-13 04:45:11.769790","2026-07-13 04:45:11.769790"
2211,e261a44c-00e2-4809-afaf-994b0b1b8e11,TKT-1-202607-00888,293462,NULL,1,"2026-07-04 19:13:40",0,New,"2026-07-04 13:43:39.798312","2026-07-04 13:43:39.798312"
2211,e88bcbab-ccfc-4c7a-bdeb-3018d5a3bb15,TKT-1-202607-00888,vikram6singh,1,2,"2026-07-06 09:34:40",0,"Please check.","2026-07-06 04:04:39.946957","2026-07-06 04:04:39.946957"
2211,f55426f7-d83b-4b8e-a419-339e7b6f7df0,TKT-1-202607-00888,293462,3,2,"2026-07-10 11:47:22",0,"Please Check the ticket and clarify that DSI should be generated in ISI PV or not .","2026-07-10 06:17:22.187980","2026-07-10 06:17:22.187980"
320,467b8ac2-7836-4602-9606-751649ce760d,TKT-1-202607-00890,276395,3,2,"2026-07-07 13:09:06",0,"ok then close the ticket","2026-07-07 07:39:06.110972","2026-07-07 07:39:06.110972"
320,50ddef6d-6988-44dc-a518-9633e5b57862,TKT-1-202607-00890,276395,NULL,1,"2026-07-04 19:24:54",0,New,"2026-07-04 13:54:53.859848","2026-07-04 13:54:53.859848"
320,55965f01-785a-4c3a-b26c-dc93fbe352d9,TKT-1-202607-00890,vikram6singh,1,2,"2026-07-06 09:34:54",0,"Please check.","2026-07-06 04:04:54.264733","2026-07-06 04:04:54.264733"
320,602a2b96-1652-4779-91ce-23c3cebbbc13,TKT-1-202607-00890,satish.d,2,7,"2026-07-07 18:02:43",0,"Based on user comments, issue has been resolved we are closing the ticket","2026-07-07 12:32:43.367821","2026-07-07 12:32:43.367821"
320,f46d81e4-7831-4339-b8d9-b43657b93c8f,TKT-1-202607-00890,satish.d,2,3,"2026-07-06 19:28:12",0,"please check provided comments","2026-07-06 13:58:12.019227","2026-07-06 13:58:12.019227"
218,17e2b338-4554-41ce-bfcc-cc8ba1859938,TKT-1-202607-00893,satish.d,2,7,"2026-07-07 12:09:14",0,"Designation has been updated based on attached HRMS screenshot. Please check","2026-07-07 06:39:13.647085","2026-07-07 06:39:13.647085"
218,a909efcc-64af-4ac1-9a61-df2258846188,TKT-1-202607-00893,299081,7,8,"2026-07-07 12:37:33",0,"request solved","2026-07-07 07:07:32.920926","2026-07-07 07:07:32.920926"
218,1090732f-bbba-4264-bc79-2f06c24ade81,TKT-1-202607-00893,vikram6singh,1,2,"2026-07-06 09:35:17",0,"Please check.","2026-07-06 04:05:17.424130","2026-07-06 04:05:17.424130"
218,03afadce-b324-425a-a886-a0e85dfb1971,TKT-1-202607-00893,299081,NULL,1,"2026-07-04 20:11:17",0,New,"2026-07-04 14:41:17.113936","2026-07-04 14:41:17.113936"
226,0b65bddd-c359-4301-8556-9cd2f4e6091d,TKT-1-202607-00897,sanjeet.k,2,7,"2026-07-17 14:53:37",0,"As per the latest remarks from the user, the issue has been resolved, hence marking this ticket as resolved accordingly.","2026-07-17 09:23:37.377091","2026-07-17 09:23:37.377091"
226,398a6714-da03-4b61-a3d0-75b4c1121bf5,TKT-1-202607-00897,sanjeet.k,2,3,"2026-07-06 17:33:25",0,"We tried to contact you multiple times regarding the issue but no response was received from your end. kindly confirm us whether the issue has been resolved or not. if not kindly contact us on 📞 1800-410-6688 for the further assistance.","2026-07-06 12:03:24.518923","2026-07-06 12:03:24.518923"
226,4be0eacf-a167-49da-8e01-f8acdad7d88a,TKT-1-202607-00897,284889,NULL,1,"2026-07-04 23:06:01",0,New,"2026-07-04 17:36:00.713266","2026-07-04 17:36:00.713266"
226,affee6ba-56fa-48a4-8243-1015b9e3b395,TKT-1-202607-00897,vikram6singh,1,2,"2026-07-06 09:37:00",0,"Please check.","2026-07-06 04:07:00.168088","2026-07-06 04:07:00.168088"
226,be4f68a3-062d-4d63-886f-11a4ed717e50,TKT-1-202607-00897,284889,3,2,"2026-07-17 11:07:54",0,resolved,"2026-07-17 05:37:53.930382","2026-07-17 05:37:53.930382"
522,b3e18887-11ad-4c15-89b9-ee7d7026d7dd,TKT-1-202607-00901,shivaniyadav091298,3,2,"2026-07-13 12:29:55",0,"Please check","2026-07-13 06:59:55.036173","2026-07-13 06:59:55.036173"
522,d2eebe67-bdb9-4eee-9a36-1b35175d087c,TKT-1-202607-00901,ed15009_01,7,8,"2026-07-13 16:25:02",0,"Issue has been resolved. please close this ticket.","2026-07-13 10:55:01.941919","2026-07-13 10:55:01.941919"
522,cb234a70-0b70-47b6-b1b7-7eab8ced97be,TKT-1-202607-00901,sanjeet.k,2,3,"2026-07-07 16:37:48",0,"Please attach the supporting Documents for the further assistance.","2026-07-07 11:07:47.919598","2026-07-07 11:07:47.919598"
522,c6e1417d-63ba-4f6e-a310-102852a0cce2,TKT-1-202607-00901,ed15009_01,NULL,1,"2026-07-05 10:19:11",0,New,"2026-07-05 04:49:10.836493","2026-07-05 04:49:10.836493"
522,3eab038b-0dc1-400e-9f54-094f734eb6e2,TKT-1-202607-00901,vikram6singh,1,2,"2026-07-06 09:37:27",0,"Please check.","2026-07-06 04:07:27.341151","2026-07-06 04:07:27.341151"
522,0be37463-b5fa-45c6-93d7-0aa476e084ca,TKT-1-202607-00901,shivaniyadav091298,2,7,"2026-07-13 12:30:38",0,"Tried to contact the user but number not available, kindly update the correct contact details and if issue persists then ticket can be reopened and marking this as resolved,For any further assistance, please contact our support team at: 1800-410-6688","2026-07-13 07:00:38.179360","2026-07-13 07:00:38.179360"
1009,87491f58-0d69-48d7-a085-353cc58d9995,TKT-1-202607-00902,126249,NULL,1,"2026-07-05 10:35:34",0,New,"2026-07-05 05:05:33.900619","2026-07-05 05:05:33.900619"
1009,f48ae4c1-6c2c-462f-9336-5d9283409a25,TKT-1-202607-00902,vikram6singh,1,2,"2026-07-06 09:37:49",1,"Please check.","2026-07-06 04:07:49.448099","2026-07-06 04:07:49.448099"
1009,e78be639-604b-40fe-bc02-9e5bbec537a9,TKT-1-202607-00902,satish.d,2,3,"2026-07-06 10:41:28",0,"Please check provided comments","2026-07-06 05:11:27.760095","2026-07-06 05:11:27.760095"
1009,e5827712-70b4-4977-af45-841ea6959a89,TKT-1-202607-00902,126249,7,8,"2026-07-16 10:33:04",0,"Taken as per report generated through Anna Darpan and submitted too.","2026-07-16 05:03:03.743743","2026-07-16 05:03:03.743743"
1009,bfd4c165-c664-4e45-bc3e-d29dddb3d575,TKT-1-202607-00902,126249,3,2,"2026-07-06 15:27:43",0,"Please resolve as soon as possible as ISI PV is at halt","2026-07-06 09:57:42.656974","2026-07-06 09:57:42.656974"
1009,bc48b561-08fc-40f5-b15f-0406c5773f55,TKT-1-202607-00902,arti.1.t,2,3,"2026-07-06 11:07:20",0,"These two tickets (TKT-1-202607-00819, TKT-1-202607-00902) are related to the same issue and are interconnected. Kindly check and take the necessary action at your earliest convenience.","2026-07-06 05:37:20.281393","2026-07-06 05:37:20.281393"
1009,b823d470-88a2-4e1c-b702-353a47429aeb,TKT-1-202607-00902,satish.d,2,7,"2026-07-10 11:08:14",0,"we hope issue has been resolved so we are closing the ticket if not please reopen","2026-07-10 05:38:13.724791","2026-07-10 05:38:13.724791"
1009,94a18971-ae9c-4ba5-ad2f-cece847980ac,TKT-1-202607-00902,satish.d,2,3,"2026-07-07 18:08:27",0,"please check provided comments","2026-07-07 12:38:26.586865","2026-07-07 12:38:26.586865"
1009,80f33f45-7e1a-415a-8f22-ef530f8b5d82,TKT-1-202607-00902,126249,3,2,"2026-07-08 13:08:25",0,"Please check provided comment","2026-07-08 07:38:25.037275","2026-07-08 07:38:25.037275"
1009,65e3d143-1337-484a-93c1-4f4ad35cd1f3,TKT-1-202607-00902,126249,3,2,"2026-07-07 15:39:01",0,"please check comment section","2026-07-07 10:09:00.915682","2026-07-07 10:09:00.915682"
1009,6597b7b9-8deb-445b-9bc1-3e7fb2bc25cf,TKT-1-202607-00902,126249,3,2,"2026-07-06 11:03:48",0,"Please check comment","2026-07-06 05:33:48.259278","2026-07-06 05:33:48.259278"
1009,4f6e4787-d414-4dec-a204-6ff7b89db7aa,TKT-1-202607-00902,satish.d,2,3,"2026-07-07 11:10:23",0,"issue has been resolved please check now","2026-07-07 05:40:22.553267","2026-07-07 05:40:22.553267"
6382,18ff6a6d-befb-4a3f-941e-c1e20d8c335c,TKT-1-202607-00925,294766,NULL,1,"2026-07-06 11:04:22",0,New,"2026-07-06 05:34:21.535630","2026-07-06 05:34:21.535630"
6382,8b8fc550-d2db-4190-8f5f-ad435d77cabb,TKT-1-202607-00925,vikram6singh,1,2,"2026-07-06 11:12:26",0,"Please check.","2026-07-06 05:42:26.341694","2026-07-06 05:42:26.341694"
6382,b0334b1d-44a4-42d3-ae7b-8e274cf970f9,TKT-1-202607-00925,satish.d,2,12,"2026-07-21 15:17:19",0,"please check this requirement","2026-07-21 09:47:19.365412","2026-07-21 09:47:19.365412"
551,7f88e431-77b9-4acd-a634-9c7a2a31fe07,TKT-1-202607-00934,satish.d,2,7,"2026-07-17 15:39:38",0,"please send an mail via HQ.","2026-07-17 10:09:38.274354","2026-07-17 10:09:38.274354"
551,c67f4649-b533-4d7a-9b1e-91179ea55441,TKT-1-202607-00934,284116,3,2,"2026-07-16 15:10:21",0,"It is nowhere mentioned in the rules of the priority list shared in the comment section that "equal priorities can be given to the stacks received in the same week"","2026-07-16 09:40:20.813111","2026-07-16 09:40:20.813111"
551,bfdf16ba-dc67-4ae9-b1dd-c38bb07031c1,TKT-1-202607-00934,satish.d,2,3,"2026-07-07 10:21:21",0,"they both come in same week so the priority's are equal for both of them, for further information please check the comment section.","2026-07-07 04:51:20.902718","2026-07-07 04:51:20.902718"
551,af38206e-ad69-468f-83a0-4c1967d75672,TKT-1-202607-00934,vikram6singh,1,2,"2026-07-06 12:00:38",1,"Please check.","2026-07-06 06:30:37.627448","2026-07-06 06:30:37.627448"
551,9115f4d5-a02c-4629-bf16-4eb1ca68f293,TKT-1-202607-00934,vikram6singh,10,2,"2026-07-17 14:15:55",0,"Please check.","2026-07-17 08:45:55.281557","2026-07-17 08:45:55.281557"
551,8f11b460-a0a4-4604-8838-bc954edea7d9,TKT-1-202607-00934,satish.d,2,7,"2026-07-17 11:56:28",0,"Please check the latest comments.","2026-07-17 06:26:27.713639","2026-07-17 06:26:27.713639"
551,67e5c924-63aa-4975-9c3b-c7a70d3e5e62,TKT-1-202607-00934,284116,3,2,"2026-07-07 15:52:51",0,"Please see the point number two in the enclosed HQ circular dtd 13.03.2014.","2026-07-07 10:22:50.922640","2026-07-07 10:22:50.922640"
551,3ec1d09c-11d5-482b-9e11-4b8b6d9bed62,TKT-1-202607-00934,satish.d,2,3,"2026-07-07 17:53:42",0,"Please check the comment section we have priority how we are generating the priority list and this was approved by fci.","2026-07-07 12:23:41.993962","2026-07-07 12:23:41.993962"
551,26630f51-97ba-4f19-b499-02537b7e6ab8,TKT-1-202607-00934,284116,7,10,"2026-07-17 14:14:10",0,"As mentioned in the comment section, older one should have the highest priority. But grouping weekly receipts in a single serial number is not mentioned in SOP. The matter has been brought to the notice of DO to take up to the appropriate level.","2026-07-17 08:44:09.985127","2026-07-17 08:44:09.985127"
551,24d41e34-71f2-4f02-86b3-5742a9b5dc52,TKT-1-202607-00934,284116,3,2,"2026-07-13 15:58:04",0,"Requested to provide the circular/directions regarding the said criteria which is approved by the FCI. Please see the comment section.","2026-07-13 10:28:03.961073","2026-07-13 10:28:03.961073"
551,1f5f5c8f-6c56-4541-91d5-00ef27d11fd9,TKT-1-202607-00934,284116,NULL,1,"2026-07-06 11:36:02",0,New,"2026-07-06 06:06:01.886263","2026-07-06 06:06:01.886263"
551,0acb4d35-1bd5-4190-9126-58453349bec6,TKT-1-202607-00934,satish.d,2,3,"2026-07-13 16:11:48",0,"Please check the comment section, we have shared the rule's and limitation of priority list.","2026-07-13 10:41:47.589667","2026-07-13 10:41:47.589667"
5509,bf55dad5-6060-4988-afb8-ece6108b93d6,TKT-1-202607-00938,nf13091_01,NULL,1,"2026-07-06 11:41:56",0,New,"2026-07-06 06:11:55.993607","2026-07-06 06:11:55.993607"
5509,f5e1086c-2bff-470d-b494-ba9625960321,TKT-1-202607-00938,saroj.m,2,3,"2026-07-06 14:51:16",0,"Dear Sir/Ma'am , Please share the contact details for the further investigation. For any assistance, please contact our support team at: 1800-410-6688.","2026-07-06 09:21:16.064951","2026-07-06 09:21:16.064951"
5509,f351c47c-daa4-4ee3-96ef-c7bdbe57fb90,TKT-1-202607-00938,vikram6singh,1,2,"2026-07-06 12:01:06",0,"Please check.","2026-07-06 06:31:05.505189","2026-07-06 06:31:05.505189"
5509,1da5526f-8979-4057-af8a-8b8d572a2736,TKT-1-202607-00938,nf13091_01,3,2,"2026-07-07 11:35:55",0,8708868780,"2026-07-07 06:05:54.882091","2026-07-07 06:05:54.882091"
5509,154db67f-092a-4826-81f3-582a021d5be7,TKT-1-202607-00938,satish.d,2,5,"2026-07-20 15:29:02",0,"Sir,  Currently, there is no provision to update the moisture during PV (Waraferri) operations while shifting stacks from one location to another.If this functionality is required, please confirm so that we can provide the provision in system.","2026-07-20 09:59:02.472927","2026-07-20 09:59:02.472927"
5104,34700e42-9f41-4d84-8894-0a4f7ad89271,TKT-1-202607-00941,inish.d,2,3,"2026-07-07 13:02:19",0,"Sir/Madam,  Please provide the login credentials so that we can proceed further.","2026-07-07 07:32:18.905702","2026-07-07 07:32:18.905702"
5104,ef67722f-6cfa-4781-a75f-a9a1e2ac3f1d,TKT-1-202607-00941,283880,3,2,"2026-07-07 12:17:19",0,"DETAILS ARE PROVIDED EARLIER WITH DOCUMENTS.","2026-07-07 06:47:18.509357","2026-07-07 06:47:18.509357"
5104,e37b6cf3-f211-4092-85e1-53a2d35ffabf,TKT-1-202607-00941,283880,3,2,"2026-07-08 17:22:23",0,"Already attached here with this ticket.","2026-07-08 11:52:23.192896","2026-07-08 11:52:23.192896"
5104,c87b48a4-f4ad-4080-91d7-a9e128d840b5,TKT-1-202607-00941,283880,NULL,1,"2026-07-06 11:50:25",0,New,"2026-07-06 06:20:25.153609","2026-07-06 06:20:25.153609"
5104,9fad084e-a80e-4e07-a5c0-73d87b199cab,TKT-1-202607-00941,inish.d,2,3,"2026-07-08 12:07:55",0,"Sir/Madam, Please share the stack legder report in Anna Darpan report.","2026-07-08 06:37:54.686551","2026-07-08 06:37:54.686551"
5104,968db5bc-5099-4f4b-94a6-589df3b309ff,TKT-1-202607-00941,283880,3,2,"2026-07-07 14:52:24",0,"ID 283880, PASSWORD Tubu@1307","2026-07-07 09:22:23.886974","2026-07-07 09:22:23.886974"
5104,3c228d2c-45cd-4b4c-874c-09f0de45ddcc,TKT-1-202607-00941,283880,3,2,"2026-07-08 11:50:36",0,"Already provided on date 06.07.2026 in the attachment.","2026-07-08 06:20:35.702391","2026-07-08 06:20:35.702391"
5104,2d8cc1cc-1e87-488c-8be7-b5ab6a744831,TKT-1-202607-00941,inish.d,2,3,"2026-07-06 16:12:37",0,"Sir/madam, Please share the more details.","2026-07-06 10:42:36.851167","2026-07-06 10:42:36.851167"
5104,17468573-7692-4a5e-bf04-42374b7e0316,TKT-1-202607-00941,inish.d,2,12,"2026-07-20 18:09:46",0,"As per development, stacks will only allow to consume bags of type same as in stack.Different gunny type consumption is not allowed. Please confirm with this requirement provided by user.","2026-07-20 12:39:45.860585","2026-07-20 12:39:45.860585"
5104,1329483d-a3d4-467c-8c6d-f06caff716cb,TKT-1-202607-00941,vikram6singh,1,2,"2026-07-06 12:01:31",0,"Please check.","2026-07-06 06:31:30.757200","2026-07-06 06:31:30.757200"
5104,0c02524b-da4e-4032-82db-8f62de87f5d0,TKT-1-202607-00941,inish.d,2,3,"2026-07-07 18:35:55",0,"Sir/Madam, Please share the stack legder report in AD.","2026-07-07 13:05:54.801927","2026-07-07 13:05:54.801927"
605,4c802bd3-139e-45aa-ab0a-236ac3040021,TKT-1-202607-00944,sanjeet.k,2,5,"2026-07-08 18:10:02",0,"User is asking for the provision of MTC Contractor approval at the level of Divisional Manager. kindly check and do the needful","2026-07-08 12:40:02.336579","2026-07-08 12:40:02.336579"
605,6e2b1da0-a179-445b-b3fd-7f689164bdbf,TKT-1-202607-00944,vikram6singh,1,2,"2026-07-06 12:01:52",0,"Please check.","2026-07-06 06:31:51.606917","2026-07-06 06:31:51.606917"
605,f2b76430-3f4f-4084-bddd-735a1f8ea588,TKT-1-202607-00944,106073,NULL,1,"2026-07-06 12:00:41",0,New,"2026-07-06 06:30:41.363685","2026-07-06 06:30:41.363685"
1279,bb6c58b2-c018-41c9-853f-0a6ef174ec1d,TKT-1-202607-00961,vikram6singh,1,2,"2026-07-06 13:09:12",1,"Please check","2026-07-06 07:39:12.234981","2026-07-06 07:39:12.234981"
1279,c17997e1-cee5-44fe-9bea-2d21ae7012e4,TKT-1-202607-00961,umesh.k,2,3,"2026-07-21 14:31:43",0,"Dear sir/madam, please check the comments added. Thank you","2026-07-21 09:01:42.984376","2026-07-21 09:01:42.984376"
1279,b598f5bc-b46e-43fe-845b-5a22ad718712,TKT-1-202607-00961,259436,7,8,"2026-09-08 17:01:52",0,closed,"2026-09-08 11:31:51.711729","2026-09-08 11:31:51.711729"
1279,7e6129f7-3c0d-41d8-88f3-11e8d533d275,TKT-1-202607-00961,259436,3,2,"2026-07-22 13:02:49",0,"stock position is misbalance sir , day to day postion which is closing balance its became to openig balance but there is difference showing on monthly io statements pls check sir","2026-07-22 07:32:49.336350","2026-07-22 07:32:49.336350"
1279,74734fc1-f545-4803-ad87-7737ee012eed,TKT-1-202607-00961,kshitiz.s,2,7,"2026-07-27 16:26:40",0,"Please refer to the comment section.","2026-07-27 10:56:39.689346","2026-07-27 10:56:39.689346"
1279,58997e91-745c-4b9b-9583-6871c430d86d,TKT-1-202607-00961,259436,3,2,"2026-07-20 16:00:44",0,"screenshots will attached pls check sir","2026-07-20 10:30:44.290584","2026-07-20 10:30:44.290584"
1279,45b52c70-2274-43fb-a6d7-2ec04c39ebb8,TKT-1-202607-00961,anshu.r,2,3,"2026-07-06 14:29:35",0,"kindly share the supportive documents for our further investigation. For further assistance, please contact our support team at : 📞 1800-410-6688.","2026-07-06 08:59:34.735975","2026-07-06 08:59:34.735975"
1279,20ed1f02-187f-40cb-a68e-e6a2e0dff4f3,TKT-1-202607-00961,kshitiz.s,3,2,"2026-07-27 16:25:54",0,"Please check.","2026-07-27 10:55:54.331421","2026-07-27 10:55:54.331421"
1279,403806a5-12d5-458e-9d6a-03e801ff9777,TKT-1-202607-00961,259436,NULL,1,"2026-07-06 13:00:22",0,New,"2026-07-06 07:30:21.990279","2026-07-06 07:30:21.990279"
1279,655bb955-a941-41cf-8f30-fb6d42a665f8,TKT-1-202607-00961,umesh.k,2,3,"2026-07-24 15:19:27",0,"Dear sir/madam, could you please recheck the latest comment added from our end. Hope this will resolve your issue, Thank you","2026-07-24 09:49:26.988125","2026-07-24 09:49:26.988125"
1599,0888db88-7321-4856-a656-bfcc411db6be,TKT-1-202607-00963,275518,NULL,1,"2026-07-06 13:02:27",0,New,"2026-07-06 07:32:27.250886","2026-07-06 07:32:27.250886"
1599,78e9db41-f599-4779-849b-cf28392e63ae,TKT-1-202607-00963,vikram6singh,1,2,"2026-07-06 13:12:12",1,"Please check","2026-07-06 07:42:12.452317","2026-07-06 07:42:12.452317"
1599,ff0ad3b0-aa21-4f15-8ab5-c9a1cdaccda5,TKT-1-202607-00963,inzemamul.h,2,7,"2026-07-10 11:37:32",0,"Kindly refer to the comments below.","2026-07-10 06:07:31.693393","2026-07-10 06:07:31.693393"
3377,e7757e28-8818-4c38-a737-7c3a9a42f496,TKT-1-202607-00967,vikram6singh,1,2,"2026-07-06 13:13:11",1,"Please check","2026-07-06 07:43:11.147873","2026-07-06 07:43:11.147873"
3377,de00a673-8948-46f1-85f2-e2e99ce0349b,TKT-1-202607-00967,kshitiz.s,2,7,"2026-09-11 13:53:31",0,"Please refer to the comment section.","2026-09-11 08:23:31.335829","2026-09-11 08:23:31.335829"
3377,c79ddf53-bbca-48a9-b7fb-095ba4dbe790,TKT-1-202607-00967,122462,3,2,"2026-08-21 11:57:48",0,"till date storage capacity issue not short out","2026-08-21 06:27:48.081526","2026-08-21 06:27:48.081526"
3377,b689c383-6b4b-4cb3-8910-7d7c1d1a2ad7,TKT-1-202607-00967,122462,3,2,"2026-07-30 12:41:37",0,"It is requested to update the actual storage capacity of Divisional Office Alwar from 206707 MT to 201225 MT (Actual capacity). while preparing Movement IO Statement,in this regard i have raised tiket in every month start of month","2026-07-30 07:11:36.570487","2026-07-30 07:11:36.570487"
3377,927b807c-a3a8-47b5-b2e4-7dc3cef452a8,TKT-1-202607-00967,sanjeet.k,2,3,"2026-07-07 16:47:22",0,"Please attach the supporting Documents for the further assistance.","2026-07-07 11:17:21.587245","2026-07-07 11:17:21.587245"
3377,7dad35a8-c900-40cb-aab8-2ef8e153d8ca,TKT-1-202607-00967,122462,3,2,"2026-07-28 15:31:23",0,"issue of storage capacity not resolve","2026-07-28 10:01:22.796105","2026-07-28 10:01:22.796105"
3377,750274b1-4786-42db-ba01-5e1ba9ef3b2c,TKT-1-202607-00967,kshitiz.s,3,2,"2026-09-11 13:53:01",0,"Please check","2026-09-11 08:23:00.900620","2026-09-11 08:23:00.900620"
3377,5bb2870f-2d45-4b4a-bbae-8387a3e2af44,TKT-1-202607-00967,sanjeet.k,2,3,"2026-07-28 16:11:45",0,"Respected sir/ma'am, kindly share the supporting documents regarding your query for the further assistance.","2026-07-28 10:41:44.834032","2026-07-28 10:41:44.834032"
3377,3bca138b-b467-49ba-93e4-86144a763395,TKT-1-202607-00967,122462,NULL,1,"2026-07-06 13:12:04",0,New,"2026-07-06 07:42:04.395387","2026-07-06 07:42:04.395387"
3377,2c577f52-e164-4cba-941a-dcb2a92ff572,TKT-1-202607-00967,umesh.k,2,3,"2026-07-31 09:53:59",0,"Dear sir/madam, kindly check the comments added. Thank you","2026-07-31 04:23:59.043550","2026-07-31 04:23:59.043550"
3377,8fe113ab-9c8e-47f8-a5f3-ca294c1c6a52,TKT-1-202607-00967,inzemamul.h,2,3,"2026-08-28 11:43:45",0,"kindly refer to the comment box.","2026-08-28 06:13:44.858613","2026-08-28 06:13:44.858613"
3647,3b0d6748-31ff-4681-8f1b-a61198e80005,TKT-1-202607-00977,umesh.k,2,5,"2026-07-07 15:50:31",0,"Kindly refer comment section for more information.","2026-07-07 10:20:31.166111","2026-07-07 10:20:31.166111"
3647,6a029268-4b6f-4e59-86ec-9b2542dcef1d,TKT-1-202607-00977,Movement_admin,5,2,"2026-07-30 15:23:51",0,"policy related matter.","2026-07-30 09:53:51.071938","2026-07-30 09:53:51.071938"
3647,80841f12-5620-4294-bcfd-f6833b6c917d,TKT-1-202607-00977,117291,NULL,1,"2026-07-06 13:49:01",0,New,"2026-07-06 08:19:01.146213","2026-07-06 08:19:01.146213"
3647,c84ca7a6-8f37-48c1-957e-2bb52706de50,TKT-1-202607-00977,vikram6singh,1,2,"2026-07-06 13:49:37",0,"Please check.","2026-07-06 08:19:36.508352","2026-07-06 08:19:36.508352"
3647,df9cd37a-421e-4919-a859-85fc0db34454,TKT-1-202607-00977,umesh.k,2,12,"2026-08-07 14:16:09",0,"Sir/Madam, the user is requesting to add Token no and stack no in wagon wise truck transaction Report. Kindly verify the requirement and provide the necessary details.","2026-08-07 08:46:09.277459","2026-08-07 08:46:09.277459"
2335,2938135e-f03a-46f7-bd9f-ab620d154f62,TKT-1-202607-00979,vikram6singh,1,2,"2026-07-06 13:52:46",0,"Please check.","2026-07-06 08:22:46.423464","2026-07-06 08:22:46.423464"
2335,b817a707-7c50-462d-ba09-adabac1179c2,TKT-1-202607-00979,296514,NULL,1,"2026-07-06 13:52:18",0,New,"2026-07-06 08:22:18.106148","2026-07-06 08:22:18.106148"
2335,5e653de3-967a-45a4-98cc-395cca899dca,TKT-1-202607-00979,296514,3,2,"2026-07-07 14:30:48",0,"the screenshot has been shared. it has no option of dispatching gunnies from Mandi to depot.","2026-07-07 09:00:47.533304","2026-07-07 09:00:47.533304"
2335,4c7b5dcd-f821-4aa5-9057-1498ac5ca56e,TKT-1-202607-00979,inish.d,2,5,"2026-07-14 10:58:44",0,"Sir/Madam, User is asking to move the gunny from Mandi to depot.","2026-07-14 05:28:43.714036","2026-07-14 05:28:43.714036"
2335,117b9b4e-cd2c-44ba-9834-44eab9390278,TKT-1-202607-00979,inzemamul.h,2,3,"2026-07-06 14:23:38",0,"Kindly share the exact error screenshot related to the issue for our further investigation.","2026-07-06 08:53:37.694304","2026-07-06 08:53:37.694304"
2630,c9735557-1950-44f1-8262-e9af037e43f7,TKT-1-202607-00998,anuj.s,2,5,"2026-07-09 14:29:13",0,"Respected sir, kindly do confirm regarding the deletion of pending Asset in Asset Procurement list.","2026-07-09 08:59:13.070895","2026-07-09 08:59:13.070895"
2630,0dec660e-2358-42c6-8097-c24043e31122,TKT-1-202607-00998,160095,3,2,"2026-07-17 15:07:48",0,"the invoices of these Assets are not available with the Depot as some of these were procured by Divisional Office. In the invoice section during entry of Assets, the invoice were filled as NIL.","2026-07-17 09:37:48.191674","2026-07-17 09:37:48.191674"
2630,bc2c4981-f4bd-4ab7-a821-3fa3fcda31dd,TKT-1-202607-00998,satish.d,2,3,"2026-07-20 17:43:18",0,"Kindly check the comment section","2026-07-20 12:13:18.448730","2026-07-20 12:13:18.448730"
2630,ba1a66ce-bfe0-451e-b05e-16f727f525d5,TKT-1-202607-00998,160095,3,2,"2026-07-08 15:50:57",0,"9779766339 PLEASE CALL","2026-07-08 10:20:57.256097","2026-07-08 10:20:57.256097"
2630,b7284ee5-81a2-493e-a38e-045cbcd0f52b,TKT-1-202607-00998,160095,NULL,1,"2026-07-06 15:17:20",0,New,"2026-07-06 09:47:20.111926","2026-07-06 09:47:20.111926"
2630,b1a2bf21-03d9-43ad-8687-2793ec1c608d,TKT-1-202607-00998,anuj.s,2,3,"2026-07-06 17:35:55",0,"Sir, kindly share the concerned user's contact details so that we may review the issue and assist you at the earliest.","2026-07-06 12:05:54.869891","2026-07-06 12:05:54.869891"
2630,97d161f4-a21d-4c8f-8d5e-2cde50c5d358,TKT-1-202607-00998,satish.d,2,12,"2026-07-21 18:00:54",0,"Kindly review this change request and provide your approval.","2026-07-21 12:30:54.069202","2026-07-21 12:30:54.069202"
2630,809daf14-6069-467d-807c-3cdcdef30822,TKT-1-202607-00998,160095,3,2,"2026-07-17 11:50:07",0,"As per conversation with the Support Team, the issue is being taken up and solution will be provided soon. For the time being, the ticket can be closed.","2026-07-17 06:20:06.680937","2026-07-17 06:20:06.680937"
2630,7ad9fdb0-6138-45ea-a756-4c278eafa279,TKT-1-202607-00998,vikram6singh,1,2,"2026-07-06 15:26:18",0,"Please check.","2026-07-06 09:56:17.718775","2026-07-06 09:56:17.718775"
2630,4c5c5f7e-f0cf-4fd9-ace6-1c6d3ec11eb1,TKT-1-202607-00998,160095,3,2,"2026-07-06 18:43:08",0,"user ID: 160095; password :-AnnaDarpan@123","2026-07-06 13:13:08.043297","2026-07-06 13:13:08.043297"
2630,2d9971e3-a9c8-4f5b-98fe-6844beeba122,TKT-1-202607-00998,anuj.s,2,3,"2026-07-16 15:04:45",0,"As discussed on the call 7738583315, kindly provide a brief description of the issue in the comment box so that we may review it and assist you at the earliest.","2026-07-16 09:34:45.215159","2026-07-16 09:34:45.215159"
2630,2c880ebc-bff5-42ef-a09a-7d59258dc4b0,TKT-1-202607-00998,anuj.s,2,3,"2026-07-17 12:34:18",0,"Please refer the comment box.","2026-07-17 07:04:18.091956","2026-07-17 07:04:18.091956"
2630,1bbe6ce9-da9d-4b90-ada3-aa1c86605979,TKT-1-202607-00998,160095,3,2,"2026-07-21 12:16:02",0,"the items to be deleted are Ceiling fan, UPS, DG set and CCTV system. The created date is 20/06/2026. Screenshot already added. Screenshot added again.","2026-07-21 06:46:02.175461","2026-07-21 06:46:02.175461"
2630,08d43340-b362-476b-8d9e-8f4d737520da,TKT-1-202607-00998,fci_admin,5,2,"2026-07-16 12:43:39",0,"please look into this and resolve the bug that has arrised.","2026-07-16 07:13:39.152781","2026-07-16 07:13:39.152781"
2630,7af9c1bb-a633-42c5-93b1-99c8152dfa7b,TKT-1-202607-00998,anuj.s,2,3,"2026-07-08 15:09:46",0,"Please refer the comment box.","2026-07-08 09:39:45.815275","2026-07-08 09:39:45.815275"
256,21c080e7-77ed-407f-95b3-0899ba0748fb,TKT-1-202607-01019,294746,NULL,1,"2026-07-06 16:43:15",0,New,"2026-07-06 11:13:15.353057","2026-07-06 11:13:15.353057"
256,3569db09-5cb1-4adf-a365-d84c2b83b246,TKT-1-202607-01019,vikram6singh,1,2,"2026-07-06 16:44:48",0,"Please check.","2026-07-06 11:14:47.554872","2026-07-06 11:14:47.554872"
256,ae8ff6b9-e846-4ad6-bbd7-9fbd3f56e9a6,TKT-1-202607-01019,inish.d,2,5,"2026-07-08 12:10:48",0,"User requesting to give option for editing BG/Security deposit details in all contract screens  after approval but Currently we are providing editing option only before approval for sd/bg ,please look into it","2026-07-08 06:40:47.750867","2026-07-08 06:40:47.750867"
8504,2734fbb3-b9bd-4c51-b599-d953a3580eb4,TKT-1-202607-01031,vikram6singh,1,2,"2026-07-06 17:26:59",1,"Please check.","2026-07-06 11:56:58.521146","2026-07-06 11:56:58.521146"
8504,ab282ee9-ddbd-416d-b696-324c37d71a67,TKT-1-202607-01031,160280,3,2,"2026-07-20 15:10:07",0,"ID -160280 PASSWORD- Depot@123","2026-07-20 09:40:06.706623","2026-07-20 09:40:06.706623"
8504,9cc349d8-f273-4d4e-924f-7adb41330bf2,TKT-1-202607-01031,anuj.s,2,3,"2026-07-16 12:15:03",0,"As discussed on the call at 9993360826, kindly provide a detailed description of the issue in the comment box as error faced. Also, please share the correct supporting document for further clarification and investigation.","2026-07-16 06:45:02.885830","2026-07-16 06:45:02.885830"
8504,8a865bfd-9816-4829-ac93-a386e1d1ab29,TKT-1-202607-01031,umesh.k,2,7,"2026-08-05 14:39:01",0,"kindly refer comment section for more information.","2026-08-05 09:09:01.348894","2026-08-05 09:09:01.348894"
8504,7d3503a8-5119-4132-90eb-98ffb933cee2,TKT-1-202607-01031,saroj.m,2,3,"2026-07-11 17:36:42",0,"Dear Sir , As per telephonic discussion on this number (9993360826) Please attached the Screenshot for the further investigation. For any assistance, please contact our support team at: 1800-410-6688.","2026-07-11 12:06:41.882022","2026-07-11 12:06:41.882022"
8504,7ae653db-9295-4c6f-9f96-5b693089124c,TKT-1-202607-01031,160280,3,2,"2026-07-17 11:25:12",0,"kindly check the Quantity of Wheat WHEAT RMS 2026-27 URS in both Report","2026-07-17 05:55:12.108156","2026-07-17 05:55:12.108156"
8504,677bcf78-d845-4a0b-9fbf-f2d59f10dff5,TKT-1-202607-01031,pooja.11,2,3,"2026-07-06 17:28:46",0,"You are kindly requested to please share the relevant screenshots and supporting documents, so that we may review the matter and determine the further course of action. For any assistance, please contact our support team at: 1800-410-6688.","2026-07-06 11:58:45.528023","2026-07-06 11:58:45.528023"
8504,4971fa87-46d3-4932-97f2-3367bf155380,TKT-1-202607-01031,160280,3,2,"2026-07-10 11:51:58",0,"Please contact me on 9993360826 so that so that further information can be provided","2026-07-10 06:21:58.212207","2026-07-10 06:21:58.212207"
8504,2e390a86-d051-499a-9219-b086bdc33111,TKT-1-202607-01031,160280,3,2,"2026-07-15 16:13:06",0,"pdf attached","2026-07-15 10:43:05.742676","2026-07-15 10:43:05.742676"
8504,244de19b-afb6-436d-8170-4a8533d15e4c,TKT-1-202607-01031,umesh.k,2,3,"2026-07-17 15:48:54",0,"Dear sir, kindly provide login details, so that we can proceed further.","2026-07-17 10:18:53.741990","2026-07-17 10:18:53.741990"
8504,066a0e87-82fb-4869-af2f-50de5c39c104,TKT-1-202607-01031,160280,NULL,1,"2026-07-06 17:24:21",0,New,"2026-07-06 11:54:20.736962","2026-07-06 11:54:20.736962"
135,613640fa-941b-4639-8de6-a226308b097d,TKT-1-202607-01036,vikram6singh,1,2,"2026-07-06 17:50:41",0,"Please check.","2026-07-06 12:20:41.052441","2026-07-06 12:20:41.052441"
135,b831188c-a669-483b-b5e6-affdcc14c6d2,TKT-1-202607-01036,satish.d,2,3,"2026-07-07 10:11:25",0,"Please specify for which reference name the issue is comming.","2026-07-07 04:41:25.082295","2026-07-07 04:41:25.082295"
135,608269f4-8965-4b5e-8124-25db1166f244,TKT-1-202607-01036,289742,3,2,"2026-07-14 17:20:33",0,"Issue has been resolved","2026-07-14 11:50:33.256465","2026-07-14 11:50:33.256465"
135,31431274-b013-4587-9639-d5e712d87582,TKT-1-202607-01036,satish.d,2,7,"2026-07-15 10:25:39",0,"CLOSING THIS TICKET","2026-07-15 04:55:38.828350","2026-07-15 04:55:38.828350"
135,1d1bbd05-8740-4046-b0a3-cd81262c51f5,TKT-1-202607-01036,289742,3,2,"2026-07-07 11:08:31",0,"Request for FIFO has been raised from Depot CWC Bettiah-EC23008 and approval of the same has to be done from Divisional Manager ID from which the ticket has been raised","2026-07-07 05:38:31.394555","2026-07-07 05:38:31.394555"
135,2fd3400a-d9b1-40a8-985a-e0d6c22567f8,TKT-1-202607-01036,289742,NULL,1,"2026-07-06 17:43:40",0,New,"2026-07-06 12:13:39.676598","2026-07-06 12:13:39.676598"
135,3799251e-9e46-40fc-8f2a-13152213202f,TKT-1-202607-01036,satish.d,2,3,"2026-07-07 17:47:13",0,"So it has already been approved?","2026-07-07 12:17:12.828470","2026-07-07 12:17:12.828470"
218,187c39db-858f-461a-bdff-139b86b96430,TKT-1-202607-01047,152792,NULL,1,"2026-07-06 18:23:12",0,New,"2026-07-06 12:53:12.226158","2026-07-06 12:53:12.226158"
218,2304742d-6c02-4642-9400-9632c85349b8,TKT-1-202607-01047,vikram6singh,1,2,"2026-07-07 09:03:14",0,"Please check.","2026-07-07 03:33:13.876176","2026-07-07 03:33:13.876176"
218,256800e6-8633-419b-b21c-1a92256fc406,TKT-1-202607-01047,satish.d,2,7,"2026-07-23 12:14:52",0,"closing this ticket","2026-07-23 06:44:52.125458","2026-07-23 06:44:52.125458"
218,28fbecc0-282b-4a23-a74a-f8fe602f8156,TKT-1-202607-01047,152792,3,2,"2026-07-18 10:40:55",0,"please check","2026-07-18 05:10:55.216086","2026-07-18 05:10:55.216086"
218,6dd3959b-c702-4ab3-9d3b-7c92a5e3ff96,TKT-1-202607-01047,inzemamul.h,2,3,"2026-07-07 09:22:00",0,"kindly share the supportive documents for our further investigation. For further assistance, please contact our support team at : 📞 1800-410-6688.","2026-07-07 03:52:00.074994","2026-07-07 03:52:00.074994"
218,a389c73c-9482-46eb-8644-047dc61035e1,TKT-1-202607-01047,satish.d,2,3,"2026-07-20 12:44:41",0,"even if no transaction has happened, form should be submitted with 0 , so you can proceed further as the entry window is closed, please check with HQ by sending a mail to them","2026-07-20 07:14:40.735367","2026-07-20 07:14:40.735367"
218,c2faf615-3c86-4828-916e-69d4acb33917,TKT-1-202607-01047,152792,3,2,"2026-07-23 12:05:24",0,"Please close the ticket .","2026-07-23 06:35:24.389661","2026-07-23 06:35:24.389661"
806,3b4bc947-196e-44d2-bbfd-ebd555b90449,TKT-1-202607-01053,umesh.k,2,3,"2026-07-07 16:20:32",0,"Dear sir/madam, could you please read the comments added. Thank you","2026-07-07 10:50:31.556660","2026-07-07 10:50:31.556660"
806,e9e8c552-8163-479b-b152-d3ab390c68be,TKT-1-202607-01053,vikram6singh,1,2,"2026-07-07 09:01:42",1,"Please check.","2026-07-07 03:31:41.591660","2026-07-07 03:31:41.591660"
806,93157dc7-aeb3-4473-a802-758dd0c65089,TKT-1-202607-01053,sf12049_01,NULL,1,"2026-07-06 19:29:27",0,New,"2026-07-06 13:59:27.251419","2026-07-06 13:59:27.251419"
806,2e621fff-1665-48ea-b250-8a4f0c270e38,TKT-1-202607-01053,richa.k,2,7,"2026-07-13 11:44:05",0,"Please refer the comment section, For any further assistance, please contact our support team at:📞1800-410-6688.","2026-07-13 06:14:04.918522","2026-07-13 06:14:04.918522"
806,1ccd7f57-77f0-47a6-acd3-769612d41993,TKT-1-202607-01053,sf12049_01,3,2,"2026-07-10 15:41:17",0,"kindly resolve the issue through backend","2026-07-10 10:11:17.476982","2026-07-10 10:11:17.476982"
806,088d0c85-4a75-4805-aa39-b65d5c0d76a4,TKT-1-202607-01053,sf12049_01,7,8,"2026-08-18 16:31:33",0,Ok,"2026-08-18 11:01:32.676924","2026-08-18 11:01:32.676924"
289,4864e9d0-4bec-449f-abf5-0d7e4a3d339e,TKT-1-202607-01065,vikram6singh,1,2,"2026-07-07 09:00:39",0,"Please check.","2026-07-07 03:30:38.996867","2026-07-07 03:30:38.996867"
289,59c71e63-72e1-4526-ac49-77c9858681e1,TKT-1-202607-01065,293858,NULL,1,"2026-07-06 23:16:02",0,New,"2026-07-06 17:46:01.756252","2026-07-06 17:46:01.756252"
289,6b9c4c2f-cc54-416e-abab-3d69ae83c348,TKT-1-202607-01065,satish.d,2,7,"2026-07-08 12:45:24",0,"we hope issue has been resolved we are closing the ticket please reopen if any issue still persists","2026-07-08 07:15:23.951326","2026-07-08 07:15:23.951326"
667,f59748e2-1de6-43f9-9a47-9e5b70bf0c79,TKT-1-202607-01067,inish.d,2,3,"2026-07-09 14:32:17",0,"Did you perform partial kill or full kill(stack kill). we have insisted you to perform stack kill so that the stack records will be cleared and made us empty.Please confirm","2026-07-09 09:02:16.818534","2026-07-09 09:02:16.818534"
667,e4af248f-ca67-4734-9db8-70ef0bace53d,TKT-1-202607-01067,wc18055_01,3,2,"2026-07-09 15:23:56",0,"The stack kill option was not available so the stack was killed as it is. I have already shared the screenshot showing option as peartial killing. Kindly guide on this to kill the stack and make it as empty.","2026-07-09 09:53:56.046152","2026-07-09 09:53:56.046152"
667,c0939904-4e23-47c7-8b61-73e53df236ef,TKT-1-202607-01067,inish.d,2,3,"2026-07-09 15:55:55",0,"Please perform stack update> mark to issue  and then go to stack killing  > kill the stack 4D01.","2026-07-09 10:25:54.854565","2026-07-09 10:25:54.854565"
667,bdb16fa9-cb55-4ef7-bbc1-11c8fd086f89,TKT-1-202607-01067,wc18055_01,NULL,1,"2026-07-07 09:48:02",0,New,"2026-07-07 04:18:01.536988","2026-07-07 04:18:01.536988"
667,aace2b6a-be04-483c-9151-abbc63424795,TKT-1-202607-01067,wc18055_01,7,8,"2026-07-10 16:17:32",0,"For the stack 3C20 the another ticket is raised. So kindly close this ticket.","2026-07-10 10:47:32.088267","2026-07-10 10:47:32.088267"
667,9c443f55-d05b-40be-a8a0-dab7fe8e2c48,TKT-1-202607-01067,wc18055_01,3,2,"2026-07-09 13:55:58",0,"4D01 Stak killed now however it's still in receipt mode. Screnshot attached. Kindly do the needful.","2026-07-09 08:25:57.925395","2026-07-09 08:25:57.925395"
667,97eac984-1314-48d5-adab-c537f08327bf,TKT-1-202607-01067,satish.d,2,3,"2026-07-07 20:26:02",0,"please check provided comments","2026-07-07 14:56:01.523323","2026-07-07 14:56:01.523323"
667,7dc69909-68b0-4fd3-b7b8-7f3d3f1d3928,TKT-1-202607-01067,inish.d,2,3,"2026-07-07 11:20:08",0,"Sir/Madam, Please share the screenshot for error message.","2026-07-07 05:50:07.529528","2026-07-07 05:50:07.529528"
667,6f382dc6-41b7-4ae8-9193-ef2fdec8b7f3,TKT-1-202607-01067,vikram6singh,1,2,"2026-07-07 09:55:32",1,"Please check.","2026-07-07 04:25:32.229067","2026-07-07 04:25:32.229067"
667,49c76f19-f07a-4e1d-9477-39a16aae2362,TKT-1-202607-01067,inish.d,2,3,"2026-07-10 15:56:51",0,"Sir/madam, Please do Partially killing  and then do other transaction - Receipt and mark to issue and then do Other transaction -issue and then kill the stack,","2026-07-10 10:26:51.056891","2026-07-10 10:26:51.056891"
667,585f764a-ca2b-4104-850b-4fd79a654bb1,TKT-1-202607-01067,wc18055_01,3,2,"2026-07-10 16:00:41",0,"Issue has been resolved kindly close the ticket.","2026-07-10 10:30:40.879952","2026-07-10 10:30:40.879952"
667,0c35c2f4-eea1-4f28-a614-730414f7caec,TKT-1-202607-01067,wc18055_01,3,2,"2026-07-07 15:05:18",0,"Please find the attached pdf","2026-07-07 09:35:18.036244","2026-07-07 09:35:18.036244"
667,0cf3dfa8-e00e-4c23-a110-090774ac62b0,TKT-1-202607-01067,wc18055_01,3,2,"2026-07-08 10:25:59",0,"The PV Has been submitted eventhough the issue is there for killing the stacks. wc18055_01, AnnaDarpan@321","2026-07-08 04:55:59.286881","2026-07-08 04:55:59.286881"
667,1723a075-f4a5-4d03-bf22-030eb59eebfe,TKT-1-202607-01067,wc18055_01,3,2,"2026-07-09 12:40:09",0,"Except for Stacks 4D01 and 3C20, all other stacks have been killed. Kindly guide us regarding the further course of action for these two stacks. Screenshot for stack 4D01 is attached.","2026-07-09 07:10:09.269750","2026-07-09 07:10:09.269750"
667,1fe46fdd-4eae-4b03-8ced-60df98aac677,TKT-1-202607-01067,inish.d,2,7,"2026-07-10 16:04:39",0,"Closing the ticket as per user comment","2026-07-10 10:34:38.934512","2026-07-10 10:34:38.934512"
667,2a229526-d9fd-4f7b-98ed-21226fb925f3,TKT-1-202607-01067,wc18055_01,3,2,"2026-07-10 13:19:04",0,"4D01 stack killed and displaying as empty. Thank you. For Stack number 3C20 we have already raised another ticket number TKT-1-202607-01034. Kindly do the needful on the same.","2026-07-10 07:49:04.030580","2026-07-10 07:49:04.030580"
667,39fafcb3-f96f-496f-aa63-e79d1d1eb513,TKT-1-202607-01067,inish.d,2,3,"2026-07-09 12:07:19",0,"except stack 3c20 all other stacks are in either receipt /full or in empty state. So for the stacks in receipt and full Please do mark to issue anddo dummy issue other transaction  and then try to kill the stack","2026-07-09 06:37:19.262534","2026-07-09 06:37:19.262534"
667,3d4c8e16-a9d7-4477-a0f3-6f4044830704,TKT-1-202607-01067,inish.d,2,3,"2026-07-09 12:49:29",0,"sir stack 4D01 has 0 bags  you can proceed directly with stack killing if you wanted to kill the stack. But stack 3C20 cannot be killed since it have storage gain in negative.Please try to kill the stack 3c20 tomorrow once we whitelist the stack","2026-07-09 07:19:29.136710","2026-07-09 07:19:29.136710"
2624,bfefcda8-25f6-4672-b7fd-acf9ab1d8a00,TKT-1-202607-01079,inzemamul.h,2,5,"2026-07-13 17:58:16",0,"Respected sir, kindly look into this suggestion.","2026-07-13 12:28:16.474713","2026-07-13 12:28:16.474713"
2624,dc49232d-e09f-435f-9ff6-28cf6bf717ce,TKT-1-202607-01079,vikram6singh,1,2,"2026-07-07 11:18:43",0,"Please check.","2026-07-07 05:48:43.063854","2026-07-07 05:48:43.063854"
2624,ef56a2d4-05ab-45b7-b43b-0e8ab178f199,TKT-1-202607-01079,283421,NULL,1,"2026-07-07 11:18:17",0,New,"2026-07-07 05:48:17.488186","2026-07-07 05:48:17.488186"
370,486f9e60-5c92-41c0-b07e-7273e4146a2f,TKT-1-202607-01135,pooja.11,2,3,"2026-07-07 17:14:49",0,"I attempted to contact you multiple times to discuss the issue; however, your number was out of network coverage. Kindly let us know a convenient time for discussion, or you may contact our Support Team at 1800-410-6688 for further assistance.","2026-07-07 11:44:48.732248","2026-07-07 11:44:48.732248"
370,fa521203-9fc3-4273-8839-f13f7e036692,TKT-1-202607-01135,pooja.11,3,2,"2026-07-16 15:06:58",0,"Please check.","2026-07-16 09:36:58.093806","2026-07-16 09:36:58.093806"
370,ecf436dc-1eb7-4059-8a97-d7e3e695d652,TKT-1-202607-01135,amitabh.k,5,2,"2026-07-21 12:58:07",0,"Please delete the shed form backend as no available stacks are present","2026-07-21 07:28:06.583779","2026-07-21 07:28:06.583779"
370,e98aee70-d132-4c29-9ab2-18b9809c70ee,TKT-1-202607-01135,113777,3,2,"2026-07-15 12:50:52",0,"please contact as 9179359922","2026-07-15 07:20:51.556128","2026-07-15 07:20:51.556128"
370,d69db6ad-60b6-47c5-9693-449971398419,TKT-1-202607-01135,pooja.11,2,5,"2026-07-16 15:07:07",0,"Kindly look into this request, the user wants to deleted the shed no 1 and 2 in SWC bhoyna (There is no stack in said sheds) and also delete the shed no 13 & 14 in SWC Dhamtari (There is also no stack in said sheds).","2026-07-16 09:37:06.517582","2026-07-16 09:37:06.517582"
370,bf5f2610-9552-4c21-9e0f-abffadf430f7,TKT-1-202607-01135,pooja.11,2,3,"2026-07-16 15:06:11",0,"Kindly look into this request, the user wants to deleted the shed no 1 and 2 in SWC bhoyna (There is no stack in said sheds) and also delete the shed no 13 & 14 in SWC Dhamtari (There is also no stack in said sheds).","2026-07-16 09:36:11.417199","2026-07-16 09:36:11.417199"
370,a733d445-2ce9-43cd-b635-6ccaaef9ac4a,TKT-1-202607-01135,113777,NULL,1,"2026-07-07 16:00:56",0,New,"2026-07-07 10:30:55.553277","2026-07-07 10:30:55.553277"
370,42d33e23-abb7-4fba-bd0b-0bc42836d187,TKT-1-202607-01135,vikram6singh,1,2,"2026-07-07 16:02:03",1,"Please check.","2026-07-07 10:32:02.755520","2026-07-07 10:32:02.755520"
370,3ea5ba8d-5808-476a-bdb8-9b293ad2040b,TKT-1-202607-01135,inish.d,2,12,"2026-07-21 14:36:05",0,"Sir, Shed deletion from backend  will disturb departments linked and current stock associated with the department.So please confirm","2026-07-21 09:06:05.248904","2026-07-21 09:06:05.248904"
7806,dac44d34-abfd-49fb-996f-9e64c44d2c6a,TKT-1-202607-01153,kshitiz.s,3,2,"2026-09-10 14:55:53",0,"Please check","2026-09-10 09:25:53.164176","2026-09-10 09:25:53.164176"
7806,e853acdd-cf11-430b-a17e-82508fdc89df,TKT-1-202607-01153,umesh.k,2,3,"2026-07-31 09:24:38",0,"Dear sir/madam, kindly check the comments added now. Thank you","2026-07-31 03:54:37.662047","2026-07-31 03:54:37.662047"
7806,e7e2e2f9-5a8b-4b03-bd0e-597a6505325e,TKT-1-202607-01153,umesh.k,2,3,"2026-07-15 16:43:21",0,"Dear Sir,  Could you please check the entry data in the screenshot CWC_MIRAJ_G.png and compare it with the records at your end? Kindly confirm whether everything matches.","2026-07-15 11:13:20.781379","2026-07-15 11:13:20.781379"
7806,e6a7896d-a3ed-49e6-81ee-d19932813941,TKT-1-202607-01153,pooja.11,2,3,"2026-07-07 17:36:36",0,"You are kindly requested to please share the relevant screenshots and supporting documents, so that we may review the matter and determine the further course of action. For any assistance, please contact our support team at: 1800-410-6688.","2026-07-07 12:06:35.669634","2026-07-07 12:06:35.669634"
7806,e3770427-fdbf-4d4c-8e65-84dde784b179,TKT-1-202607-01153,vikram6singh,1,2,"2026-07-07 17:30:22",0,"Please check.","2026-07-07 12:00:21.506946","2026-07-07 12:00:21.506946"
7806,d1c61c1b-bf1b-48f2-81fd-bd787a797a23,TKT-1-202607-01153,umesh.k,2,3,"2026-07-14 18:28:51",0,"Dear Sir,  We have verified the data from the database. The quantity currently displayed in the report is the same quantity that was entered by the user at the time of receipt.  Kindly verify the entered data from your end","2026-07-14 12:58:51.060162","2026-07-14 12:58:51.060162"
7806,d06daf43-7555-4279-90ee-99d70bf51112,TKT-1-202607-01153,umesh.k,2,3,"2026-08-21 11:03:56",0,"Dear sir/madam, upon verifying that all quantity are showing correct, Please check this from your end. Thank you","2026-08-21 05:33:55.948474","2026-08-21 05:33:55.948474"
7806,b2ed85ea-4680-4fdd-ba7f-5ec105932234,TKT-1-202607-01153,278999,3,2,"2026-07-15 15:01:39",0,"The entries from depot side will be attached when it will be received by this section.","2026-07-15 09:31:39.323995","2026-07-15 09:31:39.323995"
7806,8c063cf3-921f-4394-8acc-aba349d5eae1,TKT-1-202607-01153,278999,3,2,"2026-08-27 14:53:56",0,"upon verifying, the receipt quantity is not correct.kindly do the needful.","2026-08-27 09:23:56.368019","2026-08-27 09:23:56.368019"
7806,907622c8-f644-454e-853c-009e9be8aead,TKT-1-202607-01153,278999,3,2,"2026-08-19 16:25:24",0,"It is shown in Divisional ID ,not in depot ID .So, kindly do by which right entries is shown in divisional ID.","2026-08-19 10:55:24.457892","2026-08-19 10:55:24.457892"
7806,0c1bb6a4-c92e-470e-be39-32e3a3cbfae6,TKT-1-202607-01153,278999,3,2,"2026-07-16 12:23:59",0,"In the screenshot of CWC Miraj G, The receipt weight is 2728.921602 which is wrong,but Actual Receipt weight must be 2728.921600. Kindly do the needful.","2026-07-16 06:53:59.362117","2026-07-16 06:53:59.362117"
7806,0f1a7fc0-c5db-40fa-b234-4e68317dd15f,TKT-1-202607-01153,umesh.k,2,3,"2026-07-16 16:20:43",0,"Sir, both are rail head movements 100% per weighemnt has been captured. Please check weighbridge register.","2026-07-16 10:50:43.151162","2026-07-16 10:50:43.151162"
7806,2b86838e-7f7d-471c-87ae-c130f216d46c,TKT-1-202607-01153,kshitiz.s,2,7,"2026-09-10 14:59:31",0,"Please refer to the comment section.","2026-09-10 09:29:31.271807","2026-09-10 09:29:31.271807"
7806,3159a69f-b6fb-4e04-b54e-fa1260f90ab3,TKT-1-202607-01153,278999,NULL,1,"2026-07-07 16:53:38",0,New,"2026-07-07 11:23:38.132884","2026-07-07 11:23:38.132884"
7806,358b1f66-0517-4b45-a0fe-19b49acc9b72,TKT-1-202607-01153,278999,3,2,"2026-07-14 15:42:46",0,"Documents attached please check.","2026-07-14 10:12:45.874407","2026-07-14 10:12:45.874407"
7806,40633832-6ebb-4bf7-bcd5-82b8bc64359e,TKT-1-202607-01153,278999,3,2,"2026-07-28 12:46:31",0,"It is already checked. there is no discrepancy in weighbridge register. so kindly do the needful.","2026-07-28 07:16:31.338311","2026-07-28 07:16:31.338311"
7806,82d92f3a-3672-4aa9-8304-5bdb0a536a8a,TKT-1-202607-01153,umesh.k,2,3,"2026-09-08 19:27:35",0,"Dear sir/madam, please check the comments added. Thank you","2026-09-08 13:57:34.940487","2026-09-08 13:57:34.940487"
7784,f3a1c6b5-220b-4fe5-8749-4222ffb3e0fc,TKT-1-202607-01163,saroj.m,2,3,"2026-08-21 17:50:19",0,"Dear Sir/Ma'am , I have tried to contact on this number (9603779426) but number getting busy .Could you please confirm,  you asking to capture attendance for contactors? For any assistance, please contact our support team at: 1800-410-6688.","2026-08-21 12:20:19.149432","2026-08-21 12:20:19.149432"
7784,c74dcac5-1bc0-4033-b718-f4365aab9ae9,TKT-1-202607-01163,311511,3,2,"2026-08-31 12:40:41",0,"contact no : 9603779426 please contact this number is availble now sir","2026-08-31 07:10:41.309500","2026-08-31 07:10:41.309500"
7784,c46dfa43-ca54-4ea1-93e5-51e474191cde,TKT-1-202607-01163,saroj.m,2,3,"2026-08-24 12:07:26",0,"Dear Sir/Ma'am , I have tried to contact on this number (9603779426.) but response awaited . Feel free to contact on this number for the further investigation 1800-410-6688.","2026-08-24 06:37:25.626304","2026-08-24 06:37:25.626304"
7784,c43d4cd3-7c29-4210-b50f-d97f17874d83,TKT-1-202607-01163,311511,3,2,"2026-08-27 12:54:31",0,"contact no : 9603779426 please contact this number is availble now sir","2026-08-27 07:24:31.023349","2026-08-27 07:24:31.023349"
7784,bc5a5abe-d7c3-4074-8b12-315e64d24bef,TKT-1-202607-01163,311511,3,2,"2026-07-29 14:44:21",0,"The issue hasn't been resolved.","2026-07-29 09:14:21.411476","2026-07-29 09:14:21.411476"
7784,bb381997-e07d-451e-8e37-259fa7f8952b,TKT-1-202607-01163,shrutipan966,2,7,"2026-08-17 11:50:44",0,"Please refer the comment section.","2026-08-17 06:20:43.656783","2026-08-17 06:20:43.656783"
7784,bacfc7aa-dc3b-4626-8765-112927eef694,TKT-1-202607-01163,kshitiz.s,3,2,"2026-09-12 12:48:38",0,"Please check","2026-09-12 07:18:37.797124","2026-09-12 07:18:37.797124"
7784,b679680f-89d1-4f52-b422-ec007a14996f,TKT-1-202607-01163,anuj.s,2,3,"2026-09-02 10:14:25",0,"We attempted to contact you at 9603779426, however, the number does not have incoming call service enabled. Kindly share an alternate/correct contact number for further communication, or please contact us on our toll-free number.","2026-09-02 04:44:24.533500","2026-09-02 04:44:24.533500"
7784,94a47853-0a99-4dbf-9f5f-33b5f09a9f3a,TKT-1-202607-01163,311511,NULL,1,"2026-07-07 17:28:12",0,New,"2026-07-07 11:58:12.286209","2026-07-07 11:58:12.286209"
7784,7645316a-6cd1-40e9-845b-5a5a65a68cbd,TKT-1-202607-01163,shrutipan966,3,2,"2026-08-17 11:50:18",0,"Please check","2026-08-17 06:20:18.334387","2026-08-17 06:20:18.334387"
7784,679651e5-e012-489b-b6f7-8112662c4a2f,TKT-1-202607-01163,311511,3,2,"2026-08-22 12:43:54",0,"The issue is not resolved. Please contact me on :9603779426.","2026-08-22 07:13:53.717548","2026-08-22 07:13:53.717548"
7784,0603eddb-8704-4a06-bc6b-a0b8845b9952,TKT-1-202607-01163,311511,3,2,"2026-09-08 14:39:09",0,"The problem is not yet solved. kindly expedite at the earliest","2026-09-08 09:09:08.772583","2026-09-08 09:09:08.772583"
7784,1a6ca515-bee8-4211-93a1-d125a11e8fb2,TKT-1-202607-01163,saroj.m,2,3,"2026-07-09 16:29:09",0,"Dear sir/Ma'am , I have called you regarding this issue but response awaited .  For any assistance, please contact our support team at: 1800-410-6688","2026-07-09 10:59:08.869230","2026-07-09 10:59:08.869230"
7784,2a177234-8bc6-4f6a-907a-ae787768547c,TKT-1-202607-01163,inish.d,2,3,"2026-08-10 15:38:50",0,"Dear Sir/madam,Are you asking to capture attendance for contactors?","2026-08-10 10:08:50.498983","2026-08-10 10:08:50.498983"
7784,35107b12-a0a3-4c80-a6c8-e9e30f7beabe,TKT-1-202607-01163,anuj.s,2,3,"2026-09-08 15:12:49",0,"We attempted to contact the user at 9603779426; however, the call went unanswered. Kindly share the correct contact details for further investigation, or please connect with us through our toll-free number.","2026-09-08 09:42:48.544324","2026-09-08 09:42:48.544324"
7784,3bcb1804-e5ef-44f5-bd98-909c19b22c42,TKT-1-202607-01163,vikram6singh,1,2,"2026-07-07 17:31:52",0,"Please check.","2026-07-07 12:01:52.322793","2026-07-07 12:01:52.322793"
7784,4a1f9641-317d-4ea2-a502-4b9e49bf0cbd,TKT-1-202607-01163,kshitiz.s,2,7,"2026-09-12 12:49:05",0,"Please refer to the comment section.","2026-09-12 07:19:04.847883","2026-09-12 07:19:04.847883"
7784,57e386ff-bfde-437e-bbd8-537ca502993d,TKT-1-202607-01163,311511,7,10,"2026-08-21 17:26:25",0,"Kindly contact through the number: 9603779426","2026-08-21 11:56:24.876178","2026-08-21 11:56:24.876178"
7784,6583a723-4b8d-48db-8ed8-6417de26729b,TKT-1-202607-01163,vikram6singh,10,2,"2026-08-21 17:28:27",0,"Please check.","2026-08-21 11:58:27.239450","2026-08-21 11:58:27.239450"
7784,73e05735-81ce-496c-a39e-586d5f750527,TKT-1-202607-01163,saroj.m,2,3,"2026-08-27 17:49:35",0,"Sir , You have created the special PV for commodity Wheat And Crop Year 2026-2027 , hence only stack which have wheat commodity with 2026-27 crop year listed for PV . For any assistance, please contact our support team at: 1800-410-6688.","2026-08-27 12:19:35.101058","2026-08-27 12:19:35.101058"
2944,544404e3-e0c4-45fb-964b-431080203822,TKT-1-202607-01168,vikram6singh,1,2,"2026-07-08 09:00:46",0,"Please check.","2026-07-08 03:30:45.649848","2026-07-08 03:30:45.649848"
2944,7d63ca54-5c6d-45cd-b251-29bca630b987,TKT-1-202607-01168,172044,3,2,"2026-07-10 15:21:31",0,"please check comment","2026-07-10 09:51:30.856763","2026-07-10 09:51:30.856763"
2944,8c55797c-ec78-41e6-8e89-be4e1b0c43a8,TKT-1-202607-01168,172044,NULL,1,"2026-07-07 18:37:43",0,New,"2026-07-07 13:07:42.685399","2026-07-07 13:07:42.685399"
2944,96b0b72f-bd89-4aec-98b2-3c7be012ff3b,TKT-1-202607-01168,pooja.11,2,3,"2026-07-08 15:05:56",0,"I attempted to contact you regarding the issue; however, I was unable to talk to you. Kindly share a convenient time for discussion so that we can assist you further. Alternatively, you may cont Helpdesk Team at1800-410-6688 for immediate assistance.","2026-07-08 09:35:55.692740","2026-07-08 09:35:55.692740"
2944,bfe436ab-d890-4b87-a972-40b15ef8fa25,TKT-1-202607-01168,satish.d,2,7,"2026-07-17 12:15:46",0,"The root cause of the issue has been fixed, from next inspection it will reflect in the report.","2026-07-17 06:45:45.908362","2026-07-17 06:45:45.908362"
792,118d65c2-e3aa-4ade-8a83-bfe7ed58219b,TKT-1-202607-01169,shivaniyadav091298,3,2,"2026-07-15 14:16:47",0,"Please check","2026-07-15 08:46:46.986663","2026-07-15 08:46:46.986663"
792,1765923d-b705-458a-be56-d075b12c7ec2,TKT-1-202607-01169,shivaniyadav091298,2,7,"2026-07-15 14:18:18",0,"Please check the comment section.","2026-07-15 08:48:17.953923","2026-07-15 08:48:17.953923"
792,477897a6-4656-4d4b-a9f2-a66d5141edaf,TKT-1-202607-01169,178323,NULL,1,"2026-07-07 18:44:09",0,New,"2026-07-07 13:14:09.080497","2026-07-07 13:14:09.080497"
792,70c4fad9-57c9-4d4a-b9d2-89f7afc52362,TKT-1-202607-01169,satish.d,2,3,"2026-07-08 12:14:42",0,"Please let us know the Depot details and PV details required to investigate the issue further.","2026-07-08 06:44:41.779151","2026-07-08 06:44:41.779151"
792,891212e1-13c2-485a-94f9-430a028ba448,TKT-1-202607-01169,178323,3,2,"2026-07-11 11:15:24",0,"depot name is pswc jangpur mullanpur (NF20027). sir this godown ISIPV is completed and submitted the same but QPV is not showing this godown to complete pls rectify this issue to complete the QPV in time.","2026-07-11 05:45:23.803240","2026-07-11 05:45:23.803240"
792,72a287d0-85ee-4f74-8ac3-7d4b48a174cd,TKT-1-202607-01169,satish.d,2,3,"2026-07-14 11:07:48",0,"Please check provided comments","2026-07-14 05:37:47.961751","2026-07-14 05:37:47.961751"
792,e49cae76-9368-46c5-8ebd-ff1918fa709d,TKT-1-202607-01169,vikram6singh,1,2,"2026-07-08 09:00:38",0,"Please check.","2026-07-08 03:30:37.647184","2026-07-08 03:30:37.647184"
1160,30237c62-f200-4876-80ac-c4673bbf2c6b,TKT-1-202607-01172,292611,NULL,1,"2026-07-08 10:57:54",0,New,"2026-07-08 05:27:53.775821","2026-07-08 05:27:53.775821"
1160,9faa91e0-27e7-4bb1-b481-026d819bbe30,TKT-1-202607-01172,vikram6singh,1,2,"2026-07-08 11:02:09",0,"Please check.","2026-07-08 05:32:08.695878","2026-07-08 05:32:08.695878"
1160,ac927607-bd8e-40d8-a381-2469098b9ef9,TKT-1-202607-01172,inzemamul.h,2,3,"2026-07-08 11:21:10",0,"kindly share the supportive documents for our further investigation. For further assistance, please contact our support team at : 📞 1800-410-6688.","2026-07-08 05:51:10.234214","2026-07-08 05:51:10.234214"
1160,b7538fc4-6557-4648-a1da-5e5f212206c6,TKT-1-202607-01172,amitabh.k,5,2,"2026-08-04 15:37:34",0,"Pending Quantity should be cumulative quantity left on that RO for lifting","2026-08-04 10:07:34.114660","2026-08-04 10:07:34.114660"
1160,d73bf028-50d5-4542-85be-4ab9aa612037,TKT-1-202607-01172,292611,3,2,"2026-07-08 11:29:01",0,"two Ro Report " specific date 07.07.2026" and " 01.07.2026 to 07.07.2026" is hereby attached for necessary action. please check pending quantity of RO No-WC22001/062026/WNA/AAYS-0014","2026-07-08 05:59:00.748542","2026-07-08 05:59:00.748542"
1160,ebb101c7-ed0c-4ed9-8820-642283b484e7,TKT-1-202607-01172,umesh.k,2,12,"2026-08-07 14:17:18",0,"Dear sir/maam, kindly refer our comment section for more details.","2026-08-07 08:47:18.191314","2026-08-07 08:47:18.191314"
1160,fbd2ba47-696f-4ebe-a9d5-7056a543e88f,TKT-1-202607-01172,umesh.k,2,5,"2026-07-08 12:42:51",0,"kindly refer comment section for more information.","2026-07-08 07:12:51.097958","2026-07-08 07:12:51.097958"
1037,5330b652-df50-4555-a4c5-bca464e5446d,TKT-1-202607-01173,314325,3,2,"2026-07-14 16:53:29",0,"please find the anna darpan 29.10 in attach below and login id is 276622 ,  pass: Solan@123","2026-07-14 11:23:28.642662","2026-07-14 11:23:28.642662"
1037,ff37fac0-ecf0-41a1-8dd0-de1892605313,TKT-1-202607-01173,umesh.k,2,3,"2026-07-14 11:20:49",0,"kindly attach 29.10 report from Anna Darpan portal, as well as provide login details, so that we can check the issue.","2026-07-14 05:50:48.538151","2026-07-14 05:50:48.538151"
1037,e2e3c48b-4c90-464a-b29d-cd53a3de0263,TKT-1-202607-01173,shivaniyadav091298,2,7,"2026-07-15 14:29:48",0,"Please check the comment section.","2026-07-15 08:59:48.185133","2026-07-15 08:59:48.185133"
1037,df60c04c-6b99-49be-be47-59b7a504d4f6,TKT-1-202607-01173,vikram6singh,1,2,"2026-07-08 11:02:16",1,"Please check.","2026-07-08 05:32:16.067459","2026-07-08 05:32:16.067459"
1037,8656c2ca-258e-41b5-96fd-49c354da93aa,TKT-1-202607-01173,shivaniyadav091298,3,2,"2026-07-15 14:28:06",0,"Please check","2026-07-15 08:58:05.504549","2026-07-15 08:58:05.504549"
1037,758b352a-78b1-4053-8452-9bba9206ab93,TKT-1-202607-01173,314325,NULL,1,"2026-07-08 10:58:15",0,New,"2026-07-08 05:28:15.350161","2026-07-08 05:28:15.350161"
1037,69c5c34e-1a79-4649-bcb0-39c020b610a6,TKT-1-202607-01173,arti.1.t,2,3,"2026-07-10 11:07:28",0,"Kindly refer to the comment box. For any further assistance, please contact our support team at:📞1800-410-6688","2026-07-10 05:37:28.211186","2026-07-10 05:37:28.211186"
1037,4c7fa2c9-95a1-476e-80cb-ac5b5e05fba6,TKT-1-202607-01173,314325,3,2,"2026-07-13 14:24:01",0,"Kindly update to this office, when the said issue get resolved.","2026-07-13 08:54:01.019941","2026-07-13 08:54:01.019941"
1037,16e24aba-cd59-4cea-babf-59ededfa169c,TKT-1-202607-01173,umesh.k,2,3,"2026-07-14 18:37:47",0,"Dear sir, could you please specify a single stack where the MCI and mCR values are showing wrong.","2026-07-14 13:07:46.896479","2026-07-14 13:07:46.896479"
627,21ccb14d-208b-4f76-a06e-40f6475c126b,TKT-1-202607-01199,vikram6singh,1,2,"2026-07-08 12:44:22",0,"Please check","2026-07-08 07:14:21.615231","2026-07-08 07:14:21.615231"
627,d442d5a4-5add-4430-b7bc-353abc2c528a,TKT-1-202607-01199,261199,3,2,"2026-07-22 10:24:19",0,"please make separate list for Delta matahion and Malathion spray","2026-07-22 04:54:18.986127","2026-07-22 04:54:18.986127"
627,bcc9ea2d-6df7-4046-afac-900ea6b1bf71,TKT-1-202607-01199,HA11_QC_ADMIN,5,2,"2026-07-15 17:04:44",0,"Coforge may please see.","2026-07-15 11:34:44.190266","2026-07-15 11:34:44.190266"
627,a24bcd6b-b295-4d1e-ace9-20dc5321c0fe,TKT-1-202607-01199,261199,NULL,1,"2026-07-08 12:42:02",0,New,"2026-07-08 07:12:01.886076","2026-07-08 07:12:01.886076"
627,8bc11f7c-2d68-4a81-9f27-1045b86c649e,TKT-1-202607-01199,anuj.s,2,5,"2026-07-22 15:45:34",0,"Sir, please refer the comment box.","2026-07-22 10:15:33.935958","2026-07-22 10:15:33.935958"
627,8619e064-a072-4a13-8d6e-01d011e25878,TKT-1-202607-01199,saroj.m,2,5,"2026-07-08 14:27:01",0,"Respected Sir , Please look into this suggestion.","2026-07-08 08:57:01.334126","2026-07-08 08:57:01.334126"
627,0d48d621-56aa-42c7-969b-1e0cc48d458b,TKT-1-202607-01199,anuj.s,2,3,"2026-07-17 10:22:19",0,"As discussed over the call 7709941678, kindly provide a detailed elaboration regarding the separate stack/shed-wise chemical report so that we may review the request and assist you accordingly.","2026-07-17 04:52:18.629744","2026-07-17 04:52:18.629744"
333,0571dc7f-9efe-4ec9-900a-bfce230fb71f,TKT-1-202607-01205,anshu.r,2,5,"2026-07-30 18:01:37",0,"Respected sir please look into the suggestion","2026-07-30 12:31:36.910887","2026-07-30 12:31:36.910887"
333,3fd789e1-c18b-489b-b799-a10daf4b74e0,TKT-1-202607-01205,IRL_admin,5,2,"2026-09-07 17:36:26",0,"Comments regarding the similar issue has alreay beeen submitted","2026-09-07 12:06:26.205659","2026-09-07 12:06:26.205659"
333,4136ce31-8943-4b8c-b308-f34bde8d56fb,TKT-1-202607-01205,anshu.r,2,5,"2026-07-08 16:51:46",0,"Respected sir please look into the suggestion","2026-07-08 11:21:46.184567","2026-07-08 11:21:46.184567"
333,4a25a068-305e-4570-8ec3-6f267291b71e,TKT-1-202607-01205,Movement_admin,5,2,"2026-07-30 15:23:24",0,"does not pertains to movement divn.","2026-07-30 09:53:24.400584","2026-07-30 09:53:24.400584"
333,83518fce-7749-4751-8857-24a48a171b06,TKT-1-202607-01205,158725,NULL,1,"2026-07-08 13:03:36",0,New,"2026-07-08 07:33:35.703335","2026-07-08 07:33:35.703335"
333,e78db68e-be15-4074-83ea-100af023a0d9,TKT-1-202607-01205,anshu.r,2,12,"2026-09-08 15:41:53",0,"Please kindly approve it for CR consideration.","2026-09-08 10:11:52.561858","2026-09-08 10:11:52.561858"
333,ea6a1af1-c161-4ba9-9e3f-9a60d591039c,TKT-1-202607-01205,vikram6singh,1,2,"2026-07-08 13:10:17",0,"Please check","2026-07-08 07:40:16.941097","2026-07-08 07:40:16.941097"
8335,5fe7051e-fc4c-4ccc-9996-8971ffd32fb5,TKT-1-202607-01208,umesh.k,3,2,"2026-07-27 15:22:05",0,assigned.,"2026-07-27 09:52:04.722724","2026-07-27 09:52:04.722724"
8335,eb9ca405-6b33-413b-957a-0e70a9dcceba,TKT-1-202607-01208,276881,7,10,"2026-07-27 16:47:40",0,"Kindly contact on mobile no 8006549844 for further conversation.","2026-07-27 11:17:39.608793","2026-07-27 11:17:39.608793"
8335,e18645f7-eb25-4bdb-a710-0803d1f29eec,TKT-1-202607-01208,vikram6singh,1,2,"2026-07-08 13:25:37",0,"Please check.","2026-07-08 07:55:37.016115","2026-07-08 07:55:37.016115"
8335,e12b0402-5cb7-40ad-9bbe-4dc87a48b085,TKT-1-202607-01208,umesh.k,2,3,"2026-09-10 11:15:10",0,"Dear Sir/Madam, Regarding the calculation change, please share any documents or guidelines from your end on how the calculation should be done. Otherwise, we will prepare a document and discuss it with the division. Thank you.","2026-09-10 05:45:10.266551","2026-09-10 05:45:10.266551"
8335,dd81fd07-c2fe-4fa3-a2f4-7e29ce7f78ee,TKT-1-202607-01208,umesh.k,2,3,"2026-08-11 08:54:45",0,"Dear Sir/Madam,  Regarding the calculation change, please share any documents or guidelines from your end on how the calculation should be done. Otherwise, we will prepare a document and discuss it with the division.  Thank you.","2026-08-11 03:24:44.603687","2026-08-11 03:24:44.603687"
8335,bb90f9d0-b2e7-46fe-802f-ad3fe59c942c,TKT-1-202607-01208,umesh.k,2,3,"2026-07-27 18:42:54",0,"Dear sir, kindly attach with which report the transit loss data is not matching, attach documents along with it.","2026-07-27 13:12:54.239191","2026-07-27 13:12:54.239191"
8335,a9161fe4-7e93-4426-b9e9-2902b15fb9c0,TKT-1-202607-01208,276881,3,2,"2026-07-28 10:35:36",0,"Sir, it is to inform that as per policy Railway Transit Loss is calculated upto First weighment at receiving end and it is not related to specifically any depot. However, in Annadarpan Railway Transit Loss is calculated upto Second weighment.","2026-07-28 05:05:35.609983","2026-07-28 05:05:35.609983"
8335,7aa648a1-4ea3-491a-be67-33ec668da0ed,TKT-1-202607-01208,umesh.k,2,3,"2026-07-13 15:37:37",0,"Dear sir, can you please let us know, in which depot the discrepancy is observed. also what is the correct figures according to manual report, kindly mention.","2026-07-13 10:07:37.067078","2026-07-13 10:07:37.067078"
8335,199ad83c-13b8-4cd2-b814-5fad085d26c0,TKT-1-202607-01208,vikram6singh,10,2,"2026-07-27 16:59:22",0,"Please check.","2026-07-27 11:29:22.376735","2026-07-27 11:29:22.376735"
8335,5897ff0b-4114-4cc4-8843-d6f3f9a1d48a,TKT-1-202607-01208,umesh.k,2,7,"2026-07-27 15:22:27",0,"Its been so many days, as we didnt get any respond from the user, so we are closing the ticket. if still any issue persists kindly raise a new ticket with details.","2026-07-27 09:52:26.735911","2026-07-27 09:52:26.735911"
8335,55be26ae-36f6-48c9-b41e-250f1a407494,TKT-1-202607-01208,276881,NULL,1,"2026-07-08 13:14:16",0,New,"2026-07-08 07:44:15.810522","2026-07-08 07:44:15.810522"
8335,b9e37c86-2d1f-4546-a4ec-3c658e7c9980,TKT-1-202607-01208,276881,3,2,"2026-09-10 10:11:35",0,"The issue is not resolved yet kindly resolve asap.","2026-09-10 04:41:35.127263","2026-09-10 04:41:35.127263"
3066,d4ccb340-eda7-4505-a2be-42c0f1b32668,TKT-1-202607-01220,umesh.k,2,3,"2026-07-09 18:01:41",0,"Dear sir/madam. Please refer the comment. Thank you","2026-07-09 12:31:40.600462","2026-07-09 12:31:40.600462"
3066,fdd39b18-5fa7-43ab-9bc6-f5986f62f548,TKT-1-202607-01220,263956,3,2,"2026-07-10 14:53:54",0,"Wating for reply","2026-07-10 09:23:53.692025","2026-07-10 09:23:53.692025"
3066,eb50bd83-dbd0-465e-a1a9-53d6e51bb2f3,TKT-1-202607-01220,263956,3,2,"2026-07-09 16:43:26",0,"The matter is pending for want of your clarification.","2026-07-09 11:13:26.499674","2026-07-09 11:13:26.499674"
3066,c30d1892-4a66-4b4a-9fdc-6ea0ff42e2fe,TKT-1-202607-01220,vikram6singh,1,2,"2026-07-08 14:13:29",0,"Please check.","2026-07-08 08:43:28.510110","2026-07-08 08:43:28.510110"
3066,b0f9f53d-e82c-4256-ab00-cd4217d8bf6f,TKT-1-202607-01220,263956,3,2,"2026-07-27 12:27:35",0,"Sir, I have reassigned the ticket. The detailed issue has been mentioned in the comments section, as the description field is restricted to **250 words/characters**.","2026-07-27 06:57:35.083091","2026-07-27 06:57:35.083091"
3066,a9b776ef-38a9-47e0-9166-8f90a926dc93,TKT-1-202607-01220,263956,NULL,1,"2026-07-08 14:12:50",0,New,"2026-07-08 08:42:50.152609","2026-07-08 08:42:50.152609"
3066,933c90b8-82ab-4cbc-8247-389da009b8e5,TKT-1-202607-01220,kshitiz.s,2,7,"2026-09-10 16:46:59",0,"Please refer to the comment section.","2026-09-10 11:16:58.538049","2026-09-10 11:16:58.538049"
3066,7fb66afd-b9c5-488a-a6ef-a4be65ef866b,TKT-1-202607-01220,anshu.r,2,3,"2026-07-17 10:25:15",0,"Dear Sir , A per telephonic discussion please check the comment box if persist the same then please explain in detail the specific clarification you require? For further assistance, please contact our support team at : 1800-410-6688","2026-07-17 04:55:14.599889","2026-07-17 04:55:14.599889"
3066,72b9d8e1-4c3c-4294-9a45-4500b40d2954,TKT-1-202607-01220,anshu.r,2,3,"2026-07-30 17:35:02",0,"The user was contacted regarding the issue. The user informed that they would review the comments and provide confirmation after verification.For further assistance, please contact our support team at : 1800-410-6688","2026-07-30 12:05:02.082831","2026-07-30 12:05:02.082831"
3066,65a70d87-3e70-49c9-b587-3e1f90582e60,TKT-1-202607-01220,kshitiz.s,3,2,"2026-09-10 16:46:17",0,"Please check","2026-09-10 11:16:16.987646","2026-09-10 11:16:16.987646"
3066,3055562a-bddf-4aba-aec8-bacf343eff64,TKT-1-202607-01220,anshu.r,2,5,"2026-07-27 16:59:31",0,"Please look into the user requirement for enabling Base Depot to act only as operational Railhead for receipt and dispatch, without compulsory physical storage or mandatory wagon allocation.","2026-07-27 11:29:31.250628","2026-07-27 11:29:31.250628"
3066,1d745cda-9175-465d-96c8-fc21251225c4,TKT-1-202607-01220,Movement_admin,5,2,"2026-07-30 15:22:28",0,"Consignor shall have only the railhead code at the time of loading, select any of the depot mapped to the said railhead while loading rake.Wagon assignment can only be decided by the receiving DO, no minimum requirement of one wagon to be mandated.","2026-07-30 09:52:27.704033","2026-07-30 09:52:27.704033"
3066,a0e34ff9-f567-4067-8187-e1dc6d995c54,TKT-1-202607-01220,umesh.k,2,3,"2026-07-08 15:44:59",0,"Dear sir/madam, Please refer the comments. Thank You","2026-07-08 10:14:59.432488","2026-07-08 10:14:59.432488"
1122,35eae5ae-e63c-4bb2-a7a0-05b21f76757b,TKT-1-202607-01221,nh22007_06,3,2,"2026-07-09 11:39:17",0,"PHOTO ADDED","2026-07-09 06:09:17.081544","2026-07-09 06:09:17.081544"
1122,eb165ff6-7990-44f4-9056-8af55d60f960,TKT-1-202607-01221,shivaniyadav091298,3,2,"2026-07-15 16:12:47",0,"Please check","2026-07-15 10:42:47.190293","2026-07-15 10:42:47.190293"
1122,8cc03665-c351-4d43-a262-e66033310fd7,TKT-1-202607-01221,vikram6singh,1,2,"2026-07-08 14:26:09",1,"Please check.","2026-07-08 08:56:08.512270","2026-07-08 08:56:08.512270"
1122,37b2fe06-bfde-4e2f-9f6a-822d042568c4,TKT-1-202607-01221,nh22007_06,NULL,1,"2026-07-08 14:13:54",0,New,"2026-07-08 08:43:54.275531","2026-07-08 08:43:54.275531"
1122,334905bf-cc77-4aa9-b0e2-d8f9b2879767,TKT-1-202607-01221,shivaniyadav091298,2,7,"2026-07-15 16:20:17",0,"Tried to contact the user but number not available, kindly update the correct contact details and if issue persists then ticket can be reopened and marking this as resolved,For any further assistance, please contact our support team at: 1800-410-6688","2026-07-15 10:50:16.757257","2026-07-15 10:50:16.757257"
1122,2dad2f05-c964-4f17-ad50-c278fd3946f7,TKT-1-202607-01221,inish.d,2,3,"2026-07-13 10:15:44",0,"Sir/Madam,  Please provide the login credentials so that we can proceed further.","2026-07-13 04:45:44.233537","2026-07-13 04:45:44.233537"
1122,0626eeb0-7c48-4589-8a11-cd96a34c6c8f,TKT-1-202607-01221,anshu.r,2,3,"2026-07-08 15:21:04",0,"kindly share the supportive documents for our further investigation. For further assistance, please contact our support team at : 📞 1800-410-6688.","2026-07-08 09:51:04.066861","2026-07-08 09:51:04.066861"
9822,3703a7ca-80b8-4a4d-8be5-1d978803c798,TKT-1-202607-01235,188395,3,2,"2026-07-09 12:17:23",0,"please check","2026-07-09 06:47:22.864563","2026-07-09 06:47:22.864563"
9822,faf7216a-300f-4a19-a30f-d32d60b06c86,TKT-1-202607-01235,188395,3,2,"2026-07-27 15:19:14",0,"kindly go through remarks and attached documents.","2026-07-27 09:49:14.167516","2026-07-27 09:49:14.167516"
9822,dca1ba60-6dd5-445e-91f9-d3284c6d174f,TKT-1-202607-01235,umesh.k,2,7,"2026-08-03 12:11:22",0,"This issue is already being tracked under master ticket TKT-1-202604-02629. so we are Closing this ticket.","2026-08-03 06:41:21.663860","2026-08-03 06:41:21.663860"
9822,a1e0d5b2-db7a-46d2-b4f7-b32f1fb6c663,TKT-1-202607-01235,188395,3,2,"2026-07-22 21:50:29",0,"kindly go through the remarks","2026-07-22 16:20:28.698720","2026-07-22 16:20:28.698720"
9822,9dc9c4c7-633f-444f-b24c-65f4c49537b4,TKT-1-202607-01235,anshu.r,2,3,"2026-07-25 17:36:34",0,"Please send an email to HQ through your Regional and Divisional office.For further assistance, please contact our support team at : 1800-410-6688","2026-07-25 12:06:34.061586","2026-07-25 12:06:34.061586"
9822,82f74f36-3434-4707-9fe7-43798c7bcd32,TKT-1-202607-01235,188395,NULL,1,"2026-07-08 15:21:32",0,New,"2026-07-08 09:51:31.778814","2026-07-08 09:51:31.778814"
9822,524d9364-0d8e-433e-b57e-e2151a03cbc8,TKT-1-202607-01235,umesh.k,2,3,"2026-07-22 12:40:00",0,"kindly refer comment section.","2026-07-22 07:09:59.851765","2026-07-22 07:09:59.851765"
9822,4f7a2d50-2173-4901-bbe9-1026967c30a7,TKT-1-202607-01235,188395,3,2,"2026-07-14 15:11:04",0,"please check","2026-07-14 09:41:03.729932","2026-07-14 09:41:03.729932"
9822,3d621557-2bda-42bd-8d43-3ea6a393bc99,TKT-1-202607-01235,vikram6singh,1,2,"2026-07-08 15:40:36",0,"Please check.","2026-07-08 10:10:36.089607","2026-07-08 10:10:36.089607"
9822,085bfd90-6032-441e-a276-f6ed76457c59,TKT-1-202607-01235,anshu.r,2,3,"2026-07-13 16:28:45",0,"AS discuss on call kindly share the screenshot for further investigation","2026-07-13 10:58:45.273183","2026-07-13 10:58:45.273183"
9822,533d19d0-2399-4c55-a230-f4ad9df3f3f8,TKT-1-202607-01235,arti.1.t,2,3,"2026-07-08 17:51:55",0,"Kindly share your User ID  and password for further troubleshooting. For any assistance, please feel free to contact us at 1800-410-6688.","2026-07-08 12:21:54.881508","2026-07-08 12:21:54.881508"
2812,1225c038-5568-4150-888d-9ae5ce7df0a3,TKT-1-202607-01248,143223,NULL,1,"2026-07-08 16:02:33",0,New,"2026-07-08 10:32:32.574092","2026-07-08 10:32:32.574092"
2812,2ed8160f-056a-4ae5-8dc4-960cc2c21ef0,TKT-1-202607-01248,amitabh.k,5,7,"2026-09-01 10:32:03",0,"Restacking provision is already available.","2026-09-01 05:02:02.879898","2026-09-01 05:02:02.879898"
2812,8337cf0d-df01-4c2a-a66b-78c2baa9c4f1,TKT-1-202607-01248,vikram6singh,1,2,"2026-07-08 16:16:01",0,"Please check.","2026-07-08 10:46:00.575093","2026-07-08 10:46:00.575093"
2812,925913d0-ce83-492c-995f-089ab48c406e,TKT-1-202607-01248,inzemamul.h,2,5,"2026-07-18 12:36:47",0,"Respected Sir, Kindly look into this suggestion.","2026-07-18 07:06:47.016721","2026-07-18 07:06:47.016721"
2812,dc09d909-b943-4a84-8a1a-65efaa5ab6b3,TKT-1-202607-01248,inzemamul.h,3,2,"2026-07-18 12:36:35",0,"Please check.","2026-07-18 07:06:34.872071","2026-07-18 07:06:34.872071"
2812,ebe1edf4-d9c6-428e-82d6-7b0354ad69c0,TKT-1-202607-01248,inzemamul.h,2,3,"2026-07-15 16:50:45",0,"Respected Sir, Kindly look into this suggestion.","2026-07-15 11:20:45.290061","2026-07-15 11:20:45.290061"
4904,389960b4-f192-478f-8467-00e7127635a9,TKT-1-202607-01262,umesh.k,2,12,"2026-08-07 14:18:24",0,"Sir/Madam, the user is requesting to add truck no column in wagon stacking statement. Kindly verify the requirement and provide the necessary details.","2026-08-07 08:48:23.685641","2026-08-07 08:48:23.685641"
4904,e1516ab6-4f92-496d-9df7-5fa67bf8beb7,TKT-1-202607-01262,umesh.k,2,5,"2026-07-13 14:31:24",0,"The requestor has requested to add truck no column in wagon stacking statement, kindly confirm whether this requirement is needed? so that we can proceed accordingly.","2026-07-13 09:01:24.099641","2026-07-13 09:01:24.099641"
4904,bdfc7b7a-ed72-4319-a30b-77f925899d80,TKT-1-202607-01262,Movement_admin,5,2,"2026-07-30 15:11:11",0,"Policy related matter.","2026-07-30 09:41:11.441529","2026-07-30 09:41:11.441529"
4904,b103397d-29bc-46c7-882c-dae881325b69,TKT-1-202607-01262,vikram6singh,1,2,"2026-07-08 17:01:00",0,"Please check.","2026-07-08 11:31:00.476493","2026-07-08 11:31:00.476493"
4904,5a2ebdd8-d6a6-48fc-8a06-8641dcd4eb98,TKT-1-202607-01262,wc22014_10,3,2,"2026-07-09 14:08:55",0,"WE WANT TO ASK IN WAGON STACK STATEMENT REPORT (IN UNLOADING DEPOT) ON IT SHOWING STACK NO, BAG TYPE, NO OF BAGS AND WEIGHT COLUMN.AS IN ULOADING TO TRUCK TO STACK NO PARTICULAR WHICH TRUCK NO WENT TO RESPECTIVE STACK NO WE CANNOT TRACE OUT.","2026-07-09 08:38:54.599365","2026-07-09 08:38:54.599365"
4904,2580b176-e522-4d21-922c-5f40af3a2f5e,TKT-1-202607-01262,inzemamul.h,2,3,"2026-07-08 17:08:56",0,"Please describe properly what you want to convey, For further assistance, please contact our support team at : 📞 1800-410-6688.","2026-07-08 11:38:56.219964","2026-07-08 11:38:56.219964"
4904,1313c166-9f5c-4be4-b7b0-07a0e9b5a794,TKT-1-202607-01262,wc22014_10,NULL,1,"2026-07-08 16:57:14",0,New,"2026-07-08 11:27:14.348492","2026-07-08 11:27:14.348492"
7,1030e175-f82f-4190-abfe-3de77e3616e9,TKT-1-202607-01277,193484,3,2,"2026-07-11 12:29:02",0,"Kindly refer to attachment","2026-07-11 06:59:02.349522","2026-07-11 06:59:02.349522"
7,29fde3a4-9592-4272-8bc9-bdf29e870b3a,TKT-1-202607-01277,richa.k,2,5,"2026-07-13 11:04:14",0,"Dear respected team,Please look into the given requirement regarding the provisioning for capturing of issue moisture content on the stack during loading at siding. however currently system auto fetched from the Wagon.","2026-07-13 05:34:13.840061","2026-07-13 05:34:13.840061"
7,3b413d03-57c0-4f72-9b7c-9876219a4ebd,TKT-1-202607-01277,richa.k,2,3,"2026-07-09 09:28:07",0,"Kindly share the supporting documents for further investigation. For further assistance, contact the support team at 📞 1800‑410‑6688.","2026-07-09 03:58:07.197096","2026-07-09 03:58:07.197096"
7,48d26eda-b71c-4de9-b741-41a2e48f32a3,TKT-1-202607-01277,193484,NULL,1,"2026-07-08 18:23:10",0,New,"2026-07-08 12:53:10.312427","2026-07-08 12:53:10.312427"
7,7bfaa912-707b-4602-9033-68f76f757aa5,TKT-1-202607-01277,vikram6singh,1,2,"2026-07-09 09:24:42",0,"Please check.","2026-07-09 03:54:41.520496","2026-07-09 03:54:41.520496"
26639,fdc8dc62-dd1d-410d-b299-180376218790,TKT-1-202607-01288,satish.d,2,3,"2026-07-09 10:54:09",0,"the one who approved budget , can do the work process classification, so please check in the login of the one who approved budget, for the other zone work request will check it, please share your user credentials","2026-07-09 05:24:08.610004","2026-07-09 05:24:08.610004"
26639,d0c63cc0-7be3-4178-bc52-924bb0efaefd,TKT-1-202607-01288,294844,3,2,"2026-07-10 15:47:14",0,"The budget has been approved from my ID, but the work is still not showing in work process. And about other zones work, it is showing editable in all the user IDs of Hqrs.","2026-07-10 10:17:14.202087","2026-07-10 10:17:14.202087"
26639,cb1ecfe6-e428-469e-8042-cf050d2bd752,TKT-1-202607-01288,294844,3,2,"2026-07-15 14:27:30",0,"But Hq scope users (including manager, agm and GM Engg) are still having edit rights for all the other zone works. Moreover. the said work is carried out by Hqrs Engg division as it is the civil work of Hqrs FCI flats at Sector 15 and 27.","2026-07-15 08:57:30.113990","2026-07-15 08:57:30.113990"
26639,6b894bc6-69fb-4438-869b-f4583c2e3d94,TKT-1-202607-01288,294844,NULL,1,"2026-07-09 09:30:43",0,New,"2026-07-09 04:00:43.499169","2026-07-09 04:00:43.499169"
26639,4273d430-9d8d-45da-865a-b4e4a4f3b239,TKT-1-202607-01288,vikram6singh,1,2,"2026-07-09 09:50:52",0,"Please check.","2026-07-09 04:20:52.394697","2026-07-09 04:20:52.394697"
26639,10395c95-9b60-4360-ae94-90f854c65939,TKT-1-202607-01288,satish.d,2,3,"2026-07-14 11:09:45",0,"this work request is in completed status ,so it is not coming in the work process and as you are HQ scope user, you will be able to see all the work request","2026-07-14 05:39:44.877804","2026-07-14 05:39:44.877804"
26639,016cff6a-0410-405b-9ccd-1215c935171b,TKT-1-202607-01288,satish.d,2,3,"2026-07-10 17:15:56",0,"share the credentials , we will check the issue","2026-07-10 11:45:55.831796","2026-07-10 11:45:55.831796"
26639,5a29a286-2ff5-4313-8533-f3a377a2dfbe,TKT-1-202607-01288,294844,3,2,"2026-07-13 15:38:29",0,"294844 (Pw: AnnaDarpan@123)","2026-07-13 10:08:29.484736","2026-07-13 10:08:29.484736"
8857,6968e6a3-56be-4940-8a93-e810f6efa39d,TKT-1-202607-01293,vikram6singh,10,2,"2026-07-16 12:47:20",0,"Please check.","2026-07-16 07:17:20.047689","2026-07-16 07:17:20.047689"
8857,d69cf724-bb42-4b17-9290-3c3d997979a2,TKT-1-202607-01293,umesh.k,2,7,"2026-07-10 12:37:28",0,"issue has been resolved. kindly check.","2026-07-10 07:07:27.809183","2026-07-10 07:07:27.809183"
8857,d221b4d8-5577-4d5d-9069-c75bfbec1254,TKT-1-202607-01293,vikram6singh,1,2,"2026-07-09 11:04:03",0,"Please check.","2026-07-09 05:34:03.375185","2026-07-09 05:34:03.375185"
8857,c8187778-3a84-44f3-bd6d-56b53573a4a4,TKT-1-202607-01293,umesh.k,2,7,"2026-08-05 14:46:17",0,"kindly refer comment section for more information.","2026-08-05 09:16:16.709258","2026-08-05 09:16:16.709258"
8857,c7bac594-a903-4f98-a980-a20d1735af84,TKT-1-202607-01293,umesh.k,2,7,"2026-07-16 10:01:00",0,"as per the requestor's remarks, we are proceeding to close the ticket.","2026-07-16 04:30:59.784692","2026-07-16 04:30:59.784692"
8857,ae75db2e-267b-4eb9-8a2f-da79ee47ddf8,TKT-1-202607-01293,umesh.k,2,3,"2026-07-14 18:11:24",0,"Please perform other transaction operation to match the stock position.","2026-07-14 12:41:24.422701","2026-07-14 12:41:24.422701"
8857,a911772c-45a1-4a33-8311-c16166cf0fa8,TKT-1-202607-01293,294594,7,10,"2026-07-13 11:11:57",0,"The issue was not yet solved. Kindly please check on it.","2026-07-13 05:41:56.707535","2026-07-13 05:41:56.707535"
8857,873a345d-9aaf-4b5b-a1ee-00d265c67905,TKT-1-202607-01293,294594,3,2,"2026-07-20 13:56:51",0,"Login ID-294594, the correct closing balance for wheat Urs 24-25 crop year is 329.954902 MTs.","2026-07-20 08:26:51.405538","2026-07-20 08:26:51.405538"
8857,72661270-1341-4c12-afef-895388532e67,TKT-1-202607-01293,umesh.k,2,3,"2026-07-16 16:24:20",0,"You mentioned that you performed another transaction and that the issue has been resolved. Could you please let us know the exact issue you are currently facing, if any? This will help us understand and assist you more effectively.","2026-07-16 10:54:19.650470","2026-07-16 10:54:19.650470"
8857,44f26e2a-fee9-4e11-b069-e26a3aebcd32,TKT-1-202607-01293,umesh.k,2,3,"2026-07-20 06:37:04",0,"Dear sir, kindly provide login details, so that we can check the issue, as well as kindly mention whats the correct closing balance for the particular commodity and specification.","2026-07-20 06:37:04.488508","2026-07-20 06:37:04.488508"
8857,387de055-5056-4a78-b708-443b3eea977c,TKT-1-202607-01293,294594,3,2,"2026-07-17 12:59:06",0,"It is bring to your notice that AT FSD Mysore there is a problem in closing balance of Wheat, 2024-25, LL-50/ D&SD-6/S&B-15.  Other transactions  denied by our DO . Hence please resolve the issue from your end .","2026-07-17 07:29:06.097579","2026-07-17 07:29:06.097579"
8857,034486de-a056-4052-a63b-05949c26e51d,TKT-1-202607-01293,vikram6singh,10,2,"2026-07-13 11:31:10",0,"Please check.","2026-07-13 06:01:10.415834","2026-07-13 06:01:10.415834"
8857,04baaa52-09d0-4f9a-9883-292e81246520,TKT-1-202607-01293,294594,7,10,"2026-07-16 11:35:35",0,"The difference still noticed and no remarks has given for further proceedings.","2026-07-16 06:05:34.685331","2026-07-16 06:05:34.685331"
8857,0cc4bf4a-4d9d-4b9b-892a-1210152272e7,TKT-1-202607-01293,anuj.s,2,3,"2026-07-09 12:45:48",0,"You are kindly requested to please share the relevant screenshots and supporting documents, so that we may review the matter and determine the further course of action.","2026-07-09 07:15:47.643792","2026-07-09 07:15:47.643792"
8857,0ea83c8b-7f1e-4650-ad80-684fc96eefbe,TKT-1-202607-01293,294594,3,2,"2026-07-14 15:25:18",0,"Present closing balance is : 329.954901 , But actual closing balance is : 329.954902 .","2026-07-14 09:55:17.810996","2026-07-14 09:55:17.810996"
8857,1cec74b1-cf19-49a3-8e55-e5d054509dfe,TKT-1-202607-01293,294594,3,2,"2026-07-10 11:31:46",0,"i shared supporting documents.","2026-07-10 06:01:46.420510","2026-07-10 06:01:46.420510"
8857,1db159c5-f96a-40cf-bef0-13e9b7522328,TKT-1-202607-01293,294594,NULL,1,"2026-07-09 11:02:44",0,New,"2026-07-09 05:32:43.868854","2026-07-09 05:32:43.868854"
8857,1fae3c60-77b3-471b-9052-17ce652b86ae,TKT-1-202607-01293,umesh.k,2,3,"2026-07-13 12:24:10",0,"Dear sir, kindly could you please let us know the correct closing balance figure. so that we can check the issue.","2026-07-13 06:54:10.441261","2026-07-13 06:54:10.441261"
8857,29237bbf-1f0b-4b35-80b6-f3588ac463fc,TKT-1-202607-01293,294594,3,2,"2026-07-17 11:20:45",0,"It is bring to your notice that AT FSD Mysore there is a problem in closing balance of Wheat, 2024-25, LL-50/ D&SD-6/S&B-15, but the issue has not been resolved yet. So, Please resolve the issue as early as possible.","2026-07-17 05:50:44.559900","2026-07-17 05:50:44.559900"
8857,36881d9f-8ff1-48d2-8779-51e5c7774497,TKT-1-202607-01293,umesh.k,2,3,"2026-07-17 12:29:43",0,"Dear sir, kindly perform other transaction to match the stock position.","2026-07-17 06:59:43.337272","2026-07-17 06:59:43.337272"
8857,39aa300a-1ef5-4bda-8d7b-c191671251ca,TKT-1-202607-01293,294594,3,2,"2026-07-15 15:15:32",0,"As per Helpdesk comment reference , We performed OT for the issue , Because of that the issue has been resolved .","2026-07-15 09:45:32.452195","2026-07-15 09:45:32.452195"
337,6e31ff5a-be36-4d4d-a160-65ab1c967652,TKT-1-202607-01298,ng17489_02,3,2,"2026-07-15 12:48:46",0,closed,"2026-07-15 07:18:45.544891","2026-07-15 07:18:45.544891"
337,fed00b70-56c4-4d51-a8a2-8425b7b58071,TKT-1-202607-01298,ng17489_02,3,2,"2026-07-14 15:33:06",0,"then how to transfer chemical please guide the steps here source and destination depot are different","2026-07-14 10:03:06.430537","2026-07-14 10:03:06.430537"
337,dc635740-0e45-4503-999e-3975e2e85ad5,TKT-1-202607-01298,satish.d,2,3,"2026-07-14 12:56:46",0,"Kindly check the comment section","2026-07-14 07:26:45.642146","2026-07-14 07:26:45.642146"
337,d3bede79-60cb-4030-9f6c-e67c8a490052,TKT-1-202607-01298,umesh.k,2,3,"2026-07-10 12:43:06",0,"Kindly check our comments.","2026-07-10 07:13:06.245793","2026-07-10 07:13:06.245793"
337,abdf9d2a-bf15-414b-b1b4-33e7b2d0c75e,TKT-1-202607-01298,ng17489_02,NULL,1,"2026-07-09 11:14:04",0,New,"2026-07-09 05:44:04.484831","2026-07-09 05:44:04.484831"
337,aa1403fe-782d-4332-984d-29a9f9090f10,TKT-1-202607-01298,ng17489_02,3,2,"2026-07-14 11:36:38",0,"issue is still persist so check ASAP. user id-ng17489_03, Password-AnnaDarpan@1234","2026-07-14 06:06:38.215597","2026-07-14 06:06:38.215597"
337,a5ca6b81-4991-462b-b6c2-3142638a7638,TKT-1-202607-01298,satish.d,2,7,"2026-07-15 12:51:28",0,"Issue has been resolved, Closing this ticket","2026-07-15 07:21:27.991431","2026-07-15 07:21:27.991431"
337,8d42a8b9-a55f-4f40-bf27-0ec3ba81c0f5,TKT-1-202607-01298,satish.d,2,3,"2026-07-13 13:05:27",0,"Kindly check the comment section","2026-07-13 07:35:27.442514","2026-07-13 07:35:27.442514"
337,80661152-227c-4c34-b929-9d1548999fb5,TKT-1-202607-01298,ng17489_02,3,2,"2026-07-10 11:31:03",0,"THE CHEMICAL NEEDS TO BE TRANSFERRED FROM ONE DEPOT TO ANOTHER DEPOT WITHIN SRIGANGANAGAR.SO GUIDE HOW TO PREOCESS.","2026-07-10 06:01:02.757776","2026-07-10 06:01:02.757776"
337,844a9d28-13a3-4a2f-ab09-942a87065598,TKT-1-202607-01298,umesh.k,2,3,"2026-07-14 11:01:02",0,"Kindly check our comments.","2026-07-14 05:31:02.380816","2026-07-14 05:31:02.380816"
337,131cc373-1550-4f5c-8eea-54fe7578cfef,TKT-1-202607-01298,ng17489_02,3,2,"2026-07-13 17:01:52",0,"plz resolve ticket.","2026-07-13 11:31:52.065257","2026-07-13 11:31:52.065257"
337,1a9be0eb-a53f-4be2-846d-fe969e44c4f7,TKT-1-202607-01298,ng17489_02,3,2,"2026-07-13 11:56:09",0,"my depot id ng17489_03 transfer to  to ng17697_03","2026-07-13 06:26:08.731553","2026-07-13 06:26:08.731553"
337,4eb25180-e8bc-49d8-8c28-8087811d610e,TKT-1-202607-01298,umesh.k,2,3,"2026-07-09 15:39:50",0,"Kindly check our comments.","2026-07-09 10:09:49.554065","2026-07-09 10:09:49.554065"
337,0a95ac23-0bb4-478d-bc6a-4aef0f39a8db,TKT-1-202607-01298,satish.d,2,3,"2026-07-14 18:04:56",0,"Kindly check the comment section","2026-07-14 12:34:56.042931","2026-07-14 12:34:56.042931"
337,4bbb2e78-3f75-4b51-9ebc-26be69a48cde,TKT-1-202607-01298,vikram6singh,1,2,"2026-07-09 11:17:03",0,"Please check.","2026-07-09 05:47:03.189366","2026-07-09 05:47:03.189366"
173,2740fa79-53e4-4e4f-af6a-bb3a27d612a5,TKT-1-202607-01306,shrutipan966,2,12,"2026-07-13 16:59:45",0,"Please kindly approve it for CR consideration.","2026-07-13 11:29:45.196914","2026-07-13 11:29:45.196914"
173,2b6cd101-e44e-47ea-acf6-0b2a4cfe78ee,TKT-1-202607-01306,vikram6singh,1,2,"2026-07-09 11:49:23",0,"Please check.","2026-07-09 06:19:23.476745","2026-07-09 06:19:23.476745"
173,53147011-c729-4df0-b290-3cf95660b153,TKT-1-202607-01306,shrutipan966,2,5,"2026-07-09 16:08:19",0,"Kindly do confirm on inclusion of truck no in quality register report .","2026-07-09 10:38:18.748070","2026-07-09 10:38:18.748070"
173,902e8563-b699-480c-b73b-23b09694e515,TKT-1-202607-01306,285862,NULL,1,"2026-07-09 11:42:22",0,New,"2026-07-09 06:12:22.269758","2026-07-09 06:12:22.269758"
173,ea811aee-666f-4f32-8ded-03ae386f4396,TKT-1-202607-01306,amitabh.k,5,2,"2026-07-13 10:35:58",0,"Add truck no under dynamic reporting","2026-07-13 05:05:58.208346","2026-07-13 05:05:58.208346"
16489,d9afbceb-2681-4e3c-a7c1-0b72419035f3,TKT-1-202607-01307,HA11_MOVEMENT_ADMIN,5,2,"2026-09-01 13:12:49",0,"valid request. already conveyed earlier. please consider all three requests specified in the ticket. Please treat the same as urgent and time bound.","2026-09-01 07:42:49.089635","2026-09-01 07:42:49.089635"
16489,d94f5e7e-7685-4fc0-9790-f5f0cb226101,TKT-1-202607-01307,umesh.k,2,7,"2026-07-16 14:41:42",0,"Dear sir/madam, hope this issue has been resolved it not please reopen it . thank you","2026-07-16 09:11:42.240478","2026-07-16 09:11:42.240478"
16489,b2e8c286-1b0d-4725-bf3a-f6611e49c52a,TKT-1-202607-01307,255215,7,10,"2026-07-16 16:01:08",0,"The issue has not been resolved and hence, the ticket may be reopened.","2026-07-16 10:31:07.964798","2026-07-16 10:31:07.964798"
16489,a52cd133-2b33-43a4-aa0b-f24d6560af46,TKT-1-202607-01307,vikram6singh,10,2,"2026-07-16 16:09:53",0,"Please check.","2026-07-16 10:39:52.764527","2026-07-16 10:39:52.764527"
16489,8e449fd7-b798-49b1-89d7-c6f9dcc5c00a,TKT-1-202607-01307,vikram6singh,1,2,"2026-07-09 11:49:32",1,"Please check.","2026-07-09 06:19:32.228768","2026-07-09 06:19:32.228768"
16489,6dc98e02-2147-44b8-a73d-72a65a6a6dd0,TKT-1-202607-01307,umesh.k,3,2,"2026-07-16 14:41:39",0,"Assigning to L2 Team","2026-07-16 09:11:39.475216","2026-07-16 09:11:39.475216"
16489,6cd42b43-7b95-4dbc-9933-a305b763e5ba,TKT-1-202607-01307,255215,3,2,"2026-07-10 16:16:06",0,"Kindly refer to comments posted for further necessary action.","2026-07-10 10:46:05.782595","2026-07-10 10:46:05.782595"
16489,4255a4ff-3e83-415c-8e91-25a093323276,TKT-1-202607-01307,umesh.k,2,3,"2026-07-13 15:29:42",0,"Dear sir/madam, could you please refer the comments added. Thank you","2026-07-13 09:59:42.252730","2026-07-13 09:59:42.252730"
16489,2f558b9d-ad7d-4c71-bc0a-fb85ec38d423,TKT-1-202607-01307,255215,NULL,1,"2026-07-09 11:46:53",0,New,"2026-07-09 06:16:53.265373","2026-07-09 06:16:53.265373"
16489,16b0c2fd-b47b-4d7c-8a06-7c0f9d817a65,TKT-1-202607-01307,kshitiz.s,2,3,"2026-07-09 18:07:36",0,"Kindly share the Manager Depot's user credentials for further verification. For further assistance, please contact our support team at 1800-410-6688.","2026-07-09 12:37:35.973325","2026-07-09 12:37:35.973325"
16489,8cde3936-3bb6-471f-88ec-dd5ca50af79c,TKT-1-202607-01307,umesh.k,2,5,"2026-08-07 09:42:32",0,"Dear Sir/Madam,  Kindly review this new requirement. The user has requested modifications to the DC Time calculation. Please review the requirement and let us know whether this change is required to be taken or not.  Thank you.","2026-08-07 04:12:31.741847","2026-08-07 04:12:31.741847"
905,708f79d3-ca39-459b-99d1-8f3133e41072,TKT-1-202607-01308,255215,3,2,"2026-07-15 10:56:58",0,"Since the supporting team conveyed that they will incorporate the destination depot in the movement list, the ticket may be considered as resolved.","2026-07-15 05:26:58.252403","2026-07-15 05:26:58.252403"
905,b3bcd92b-7859-4c9f-bd1e-435a399558e0,TKT-1-202607-01308,255215,3,2,"2026-07-10 16:23:46",0,"Kindly refer to comment post for further necessary action please.","2026-07-10 10:53:45.753583","2026-07-10 10:53:45.753583"
905,5b990d89-6191-48db-a7cd-4ab0cbf58298,TKT-1-202607-01308,vikram6singh,1,2,"2026-07-09 11:49:39",1,"Please check.","2026-07-09 06:19:38.981153","2026-07-09 06:19:38.981153"
905,59d91529-6ac7-441d-99c0-aef868613430,TKT-1-202607-01308,255215,NULL,1,"2026-07-09 11:48:40",0,New,"2026-07-09 06:18:40.301855","2026-07-09 06:18:40.301855"
905,303c6b8e-3be0-4c29-a425-212e4315ed67,TKT-1-202607-01308,umesh.k,2,3,"2026-07-09 14:39:42",0,"Dear sir/madam, already we are showing the source depot column in movement by rail list. please check, Thank you","2026-07-09 09:09:41.731131","2026-07-09 09:09:41.731131"
905,077b5bf7-159c-406d-8d31-71a10a495df6,TKT-1-202607-01308,umesh.k,2,3,"2026-07-14 09:11:56",0,"Dear sir/madam, we will incorporate the destination depot as well in the movement list. In the next release the destination depot column will be added. Thank you","2026-07-14 03:41:56.308183","2026-07-14 03:41:56.308183"
905,07233102-7925-48ad-81b8-b409491d8dc8,TKT-1-202607-01308,umesh.k,2,7,"2026-07-15 11:19:22",0,"As per the user confirmation, we are closing this ticket","2026-07-15 05:49:21.707169","2026-07-15 05:49:21.707169"
2989,f443464e-a78a-46ff-a07a-e34ea69d8bfc,TKT-1-202607-01407,umesh.k,2,3,"2026-07-23 15:49:04",0,"Dear sir, kindly provide login details.","2026-07-23 10:19:03.909580","2026-07-23 10:19:03.909580"
2989,e8835f40-02ef-45cf-b1d3-4328bbc98984,TKT-1-202607-01407,umesh.k,2,3,"2026-07-10 14:37:45",0,"Dear sir, kindly share the report with which the DISTRICTWISE, DEPOT WISE TREND OF STORAGE & TRANSIT LOSSES report is not matching , so that we can proceed further.","2026-07-10 09:07:45.498423","2026-07-10 09:07:45.498423"
2989,cebd40b8-014e-43b3-886e-97088bab02ec,TKT-1-202607-01407,umesh.k,2,3,"2026-07-09 12:38:49",0,"Dear Sir,  Could you please share the supporting documents related to this issue so that we can proceed with the investigation.","2026-07-09 07:08:49.037115","2026-07-09 07:08:49.037115"
2989,1820b13c-1224-4dd2-90a7-eeebf08600e7,TKT-1-202607-01407,114815,3,2,"2026-07-27 16:50:57",0,"It is stated that as per the information provided by DO Dharamshala through e-Mail in the 29.10 proforma, the stg loss is 3.21460QTLS and Receipt quantity is 8680.93915QTLS( 29.10 statement attached for ready reference","2026-07-27 11:20:56.592092","2026-07-27 11:20:56.592092"
2989,c9e1a887-ae54-4d2e-a559-76824d2aa010,TKT-1-202607-01407,richa.k,2,7,"2026-08-12 13:12:10",0,"Please refer the comment section, For further assistance, please contact our support team at: 1800-410-6688.","2026-08-12 07:42:09.790172","2026-08-12 07:42:09.790172"
2989,c77a47a5-161a-4022-a947-927fe46d25a5,TKT-1-202607-01407,umesh.k,2,3,"2026-07-30 16:21:48",0,"Dear sir, whatever data has been fed to the AD portal related to received quantity and issued quantity based on that we are calculating the storage loss quantity.","2026-07-30 10:51:47.610757","2026-07-30 10:51:47.610757"
2989,b3539ab5-0c36-4521-85ac-07f45dd01f73,TKT-1-202607-01407,umesh.k,2,3,"2026-07-10 12:01:34",0,"We are not able to see any uploaded document, could you please check again and reshare the documents.","2026-07-10 06:31:33.581988","2026-07-10 06:31:33.581988"
2989,a6583861-be5c-4543-b9c2-76277cc3c7ea,TKT-1-202607-01407,114815,3,2,"2026-07-23 12:54:56",0,"The desired depot wise stg loss trend of June 2026 is also attached.","2026-07-23 07:24:55.872209","2026-07-23 07:24:55.872209"
2989,841f0260-92db-402f-8ac4-eb8d4d80470e,TKT-1-202607-01407,114815,7,10,"2026-08-12 11:09:55",0,"The issue has not been resolved in the depots in CWC Solan","2026-08-12 05:39:54.880093","2026-08-12 05:39:54.880093"
2989,7b94faed-29f3-43de-9487-07c0ed54412a,TKT-1-202607-01407,umesh.k,2,7,"2026-08-06 11:03:55",0,"Dear sir, kindly refer region wise storage loss report present under losses reports tab at region login, there according to the receive and issue quantity captured for the depot, we are calculating the storageloss.so It is also same as other reports.","2026-08-06 05:33:54.765172","2026-08-06 05:33:54.765172"
2989,5caa52ab-aace-4ef6-911e-4e5a12262832,TKT-1-202607-01407,umesh.k,2,3,"2026-07-24 12:27:11",0,"kindly refer comment section for more details.","2026-07-24 06:57:11.168138","2026-07-24 06:57:11.168138"
2989,546dc93a-62d0-4293-a543-b9ed4dbe9299,TKT-1-202607-01407,vikram6singh,1,2,"2026-07-09 12:25:54",1,"Please check.","2026-07-09 06:55:53.854988","2026-07-09 06:55:53.854988"
2989,4f86d143-1f42-498b-ba12-11020064b617,TKT-1-202607-01407,vikram6singh,10,2,"2026-08-12 11:24:55",0,"Please check.","2026-08-12 05:54:55.334701","2026-08-12 05:54:55.334701"
2989,4ced4984-db70-4cd5-9b6d-41643cb27b5e,TKT-1-202607-01407,114815,3,2,"2026-07-29 17:17:02",0,"It is stated that the stg loss details are wrong in all the depots of HP Region","2026-07-29 11:47:01.702712","2026-07-29 11:47:01.702712"
2989,4836e207-ff94-4b00-ba4a-72517b1fe622,TKT-1-202607-01407,114815,3,2,"2026-07-24 11:21:56",0,"user id- 114815, password- Suresh@123","2026-07-24 05:51:56.071791","2026-07-24 05:51:56.071791"
2989,321313ad-a588-4e98-8f1e-c19accb0a364,TKT-1-202607-01407,114815,3,2,"2026-07-10 12:42:00",0,"the desired documents are attached for examination and resolution please","2026-07-10 07:12:00.286964","2026-07-10 07:12:00.286964"
2989,14df96d0-c547-40af-b056-efb4e0b709cb,TKT-1-202607-01407,umesh.k,2,3,"2026-07-28 14:41:24",0,"Dear sir, could you please confirm that, whether for all depots you are getting wrogn Sl % or only for specific depots. so that we can verify. also it will be usefull, if will get for each depot how much receipt and storageloss happened in qtls.","2026-07-28 09:11:24.305669","2026-07-28 09:11:24.305669"
2989,12928699-072b-4522-a939-fb4228cfb245,TKT-1-202607-01407,114815,NULL,1,"2026-07-09 12:01:57",0,New,"2026-07-09 06:31:57.375193","2026-07-09 06:31:57.375193"
2989,109b7d49-f3ed-467c-bab5-eaa671a2c57e,TKT-1-202607-01407,114815,3,2,"2026-07-10 11:53:55",0,"The documents have been attached","2026-07-10 06:23:54.533821","2026-07-10 06:23:54.533821"
2989,72066f0f-5be1-4329-86f8-8a1455173318,TKT-1-202607-01407,114815,3,2,"2026-08-01 12:36:27",0,"kindly put the ticket on hold until resolved","2026-08-01 07:06:26.608500","2026-08-01 07:06:26.608500"
22,9f390384-3b01-45a1-b76f-34120a387dfb,TKT-1-202607-01408,kshitiz.s,2,12,"2026-07-21 18:00:59",0,"Kindly approve it for CR consideration.","2026-07-21 12:30:58.625967","2026-07-21 12:30:58.625967"
22,ec24bf0d-8187-42ae-a6bc-101cc146fba2,TKT-1-202607-01408,vikram6singh,1,2,"2026-07-09 12:25:49",0,"Please check.","2026-07-09 06:55:49.461137","2026-07-09 06:55:49.461137"
22,c6f90ebb-b5cf-4abc-8763-c03766bfefd7,TKT-1-202607-01408,298284,NULL,1,"2026-07-09 12:08:18",0,New,"2026-07-09 06:38:17.717818","2026-07-09 06:38:17.717818"
22,b3a69cf3-b68f-4bdb-9e88-af5ace2ef269,TKT-1-202607-01408,amitabh.k,5,2,"2026-07-21 12:43:02",0,"Implement this use Food Corporation of India - Anna Darpan","2026-07-21 07:13:01.902142","2026-07-21 07:13:01.902142"
22,510f4b8b-1061-461c-bd55-413e498533e8,TKT-1-202607-01408,kshitiz.s,2,5,"2026-07-09 15:09:55",0,"Kindly look into the requirement for the replacement of the header as "Food Corporation of India - Anna Darpan" in the reports.","2026-07-09 09:39:55.008281","2026-07-09 09:39:55.008281"
7091,ef337a1e-c268-44b5-a513-c4b8f7eb9e5a,TKT-1-202607-01423,vikram6singh,10,2,"2026-07-16 15:45:35",0,"Please check.","2026-07-16 10:15:35.365112","2026-07-16 10:15:35.365112"
7091,c3c2c619-d43b-4f0d-801b-12b2900d2670,TKT-1-202607-01423,shivaniyadav091298,3,2,"2026-07-15 17:48:53",0,"Please check","2026-07-15 12:18:52.735462","2026-07-15 12:18:52.735462"
7091,a757711a-de7c-4bdd-88b4-545b3ac1b9ed,TKT-1-202607-01423,vikram6singh,10,2,"2026-07-17 11:09:51",0,"Please check.","2026-07-17 05:39:51.211457","2026-07-17 05:39:51.211457"
7091,9d08b67d-c78e-4f15-b5fe-46b25ab44621,TKT-1-202607-01423,se16003_01,NULL,1,"2026-07-09 13:17:09",0,New,"2026-07-09 07:47:08.508943","2026-07-09 07:47:08.508943"
7091,991d6399-990d-424f-82f8-93ac5403992d,TKT-1-202607-01423,vikram6singh,1,2,"2026-07-09 13:27:01",1,"Please check.","2026-07-09 07:57:00.926886","2026-07-09 07:57:00.926886"
7091,93e1beff-43a8-4783-ba21-fc2428191857,TKT-1-202607-01423,umesh.k,2,7,"2026-07-16 16:32:43",0,"kindly refer comment section for more details.","2026-07-16 11:02:42.758779","2026-07-16 11:02:42.758779"
7091,7909f486-be69-4e17-bea2-36dfdd07ce83,TKT-1-202607-01423,umesh.k,2,3,"2026-07-20 12:21:37",0,"Dear sir, kindly could you please let us know that which report shows correct stock position, as well as provide login details.","2026-07-20 06:51:36.821154","2026-07-20 06:51:36.821154"
7091,71f01359-b296-4e32-9ec2-27280a7ddf09,TKT-1-202607-01423,se16003_01,7,10,"2026-07-16 15:10:23",0,.,"2026-07-16 09:40:22.671061","2026-07-16 09:40:22.671061"
7091,5cae9797-f768-4ed8-a33f-9f5c17115762,TKT-1-202607-01423,umesh.k,2,3,"2026-07-17 17:13:37",0,"Dear sir, kindly check each stack and in which stack the stock is not matching with physical stock figure, you can perform other transaction for that particular stack.","2026-07-17 11:43:37.043921","2026-07-17 11:43:37.043921"
7091,735f9ec5-2ac4-490f-8fee-ee77b9e93683,TKT-1-202607-01423,se16003_01,7,10,"2026-07-17 11:05:53",0,"Kindly advise us how to use other transaction to correct the gram difference. Many stack has one or more gram less/more comparing to physical balance. convey the way for each category (Stack has more than physical balance/less than physical balance)","2026-07-17 05:35:52.583169","2026-07-17 05:35:52.583169"
7091,08149bbe-fbb0-4397-9103-8876aa9aedb7,TKT-1-202607-01423,shivaniyadav091298,2,7,"2026-07-15 17:50:51",0,"Tried to contact the user but number not available, kindly update the correct contact details and if issue persists then ticket can be reopened and marking this as resolved,For any further assistance, please contact our support team at: 1800-410-6688","2026-07-15 12:20:51.052441","2026-07-15 12:20:51.052441"
7091,085342da-fb09-4066-8442-497e21a4b13c,TKT-1-202607-01423,se16003_01,3,2,"2026-07-17 18:01:00",0,.,"2026-07-17 12:31:00.347106","2026-07-17 12:31:00.347106"
7091,10eec067-fe50-4ceb-9e97-ced2b7d65948,TKT-1-202607-01423,shivaniyadav091298,2,3,"2026-07-09 14:50:04",0,"Please check the comment section.","2026-07-09 09:20:03.721221","2026-07-09 09:20:03.721221"
7091,396f4f3b-54d4-4317-8abe-bbccbbc263b1,TKT-1-202607-01423,umesh.k,2,7,"2026-08-05 14:47:04",0,"kindly refer comment section for more information.","2026-08-05 09:17:04.398315","2026-08-05 09:17:04.398315"
7091,4016866e-327b-4b27-a98b-0a8de4fadc89,TKT-1-202607-01423,se16003_01,3,2,"2026-07-22 17:24:14",0,.,"2026-07-22 11:54:13.723975","2026-07-22 11:54:13.723975"
7091,1f9b0f0f-34dc-4087-a6f4-6e2265359a42,TKT-1-202607-01423,se16003_01,7,8,"2026-09-11 16:00:56",0,.,"2026-09-11 10:30:56.284805","2026-09-11 10:30:56.284805"
1211,138f00d8-7009-424a-821c-ef74b5e92fd0,TKT-1-202607-01447,satish.d,2,7,"2026-07-13 16:41:15",0,"For rice, the category should be greater than A & less than or equal to C, and for other commodities, it should be greater than A & less than C. This is how the upgraded quantity is calculated","2026-07-13 11:11:14.871198","2026-07-13 11:11:14.871198"
1211,e4751e66-3de4-4aba-8462-49896296f7f2,TKT-1-202607-01447,265776,NULL,1,"2026-07-09 15:34:03",0,New,"2026-07-09 10:04:02.879758","2026-07-09 10:04:02.879758"
1211,f129d0b0-1136-41d3-bb24-960f7326cfbd,TKT-1-202607-01447,vikram6singh,1,2,"2026-07-09 15:38:32",1,"Please check.","2026-07-09 10:08:32.334554","2026-07-09 10:08:32.334554"
1286,0065f8ac-67e3-4b63-b383-7020742bdf08,TKT-1-202607-01448,umesh.k,2,3,"2026-07-16 11:20:45",0,"kindly refer the comment section.","2026-07-16 05:50:44.660295","2026-07-16 05:50:44.660295"
1286,26b95383-d9b1-426c-b95c-4d54c25699fa,TKT-1-202607-01448,299386,NULL,1,"2026-07-09 15:37:35",0,New,"2026-07-09 10:07:34.959658","2026-07-09 10:07:34.959658"
1286,2c6a45b9-197c-4bc9-9152-a336cf96d68f,TKT-1-202607-01448,299386,3,2,"2026-07-18 16:17:25",0,"kindly refer the comment section.","2026-07-18 10:47:25.290921","2026-07-18 10:47:25.290921"
1286,3ac939ba-7000-4c5c-a1c5-b942741c6088,TKT-1-202607-01448,299386,3,2,"2026-07-16 11:10:31",0,"As in the attachment it is clearly showing that under fumigation register the chemical used is ALP and the units for all consumption is also same and same as in the spraying register the chemical used , Check the comment section .","2026-07-16 05:40:30.721595","2026-07-16 05:40:30.721595"
1286,4242f425-cb4b-4762-9992-dd03ddc0a84f,TKT-1-202607-01448,umesh.k,2,3,"2026-07-13 10:24:15",0,"Dear sir, as the unit of every chemical is different so we cant able to sum up all the chemical.","2026-07-13 04:54:14.930440","2026-07-13 04:54:14.930440"
1286,4353000c-547c-4b86-b052-4fcfc7f403d5,TKT-1-202607-01448,vikram6singh,1,2,"2026-07-09 15:38:27",0,"Please check.","2026-07-09 10:08:27.218099","2026-07-09 10:08:27.218099"
1286,bf0b0d63-deed-4089-b49b-36c124804d21,TKT-1-202607-01448,umesh.k,2,12,"2026-07-20 14:44:23",0,"Sir/Madam, the user is requesting to add CHEMICAL filter for FUMIGATION REGISTER so that for each chemical the total quantity they can see. Kindly verify the requirement and provide the necessary details.","2026-07-20 09:14:23.010951","2026-07-20 09:14:23.010951"
3478,84884d27-efd5-4ab3-86d9-34b1eb6a0367,TKT-1-202607-01452,122744,3,2,"2026-07-17 15:57:21",0,"Check the comment section","2026-07-17 10:27:21.486873","2026-07-17 10:27:21.486873"
3478,fc4012c5-5510-40ae-a2f1-5327f95d0662,TKT-1-202607-01452,umesh.k,2,3,"2026-07-16 11:09:12",0,"Please refer the comment section for more details.","2026-07-16 05:39:12.463389","2026-07-16 05:39:12.463389"
3478,fb5b3109-584c-4452-9103-fd1ca44bc743,TKT-1-202607-01452,122744,NULL,1,"2026-07-09 15:58:49",0,New,"2026-07-09 10:28:49.471651","2026-07-09 10:28:49.471651"
3478,d0bc1787-9c3c-4aac-a662-d6f977e411b7,TKT-1-202607-01452,vikram6singh,1,2,"2026-07-09 16:02:16",0,"Please check.","2026-07-09 10:32:15.660968","2026-07-09 10:32:15.660968"
3478,85084131-b33e-45f0-a02c-ac104224de5d,TKT-1-202607-01452,umesh.k,2,12,"2026-07-20 14:42:13",0,"Sir/Madam, the user is requesting to add CHEMICAL filter for FUMIGATION REGISTER so that for each chemical the total quantity they can see. Kindly verify the requirement and provide the necessary details.","2026-07-20 09:12:12.615321","2026-07-20 09:12:12.615321"
465,4e44c4cb-4f0a-4728-85c4-fe3bcbe29e1b,TKT-1-202607-01491,193320,NULL,1,"2026-07-09 20:08:58",0,New,"2026-07-09 14:38:58.464802","2026-07-09 14:38:58.464802"
465,727479fe-b9e8-4635-9045-e870025e9096,TKT-1-202607-01491,satish.d,2,12,"2026-07-17 11:10:38",0,"Please check this requirement.","2026-07-17 05:40:38.392803","2026-07-17 05:40:38.392803"
465,96de536d-7a58-45f4-ade6-38ddce318470,TKT-1-202607-01491,vikram6singh,1,2,"2026-07-10 09:08:50",1,"Please check.","2026-07-10 03:38:49.901557","2026-07-10 03:38:49.901557"
465,c83843b9-5c87-4fcb-963d-ac9e8a18ec78,TKT-1-202607-01491,sanjeet.k,2,3,"2026-07-10 10:43:53",0,"kindly share the respective user credential for the for the further assitance","2026-07-10 05:13:52.764645","2026-07-10 05:13:52.764645"
465,d117031e-4c25-4327-9839-7d44ed26d54b,TKT-1-202607-01491,193320,3,2,"2026-07-15 15:12:53",0,"ID: 193320  Password: Fci@123456","2026-07-15 09:42:52.547547","2026-07-15 09:42:52.547547"
5370,f2b59c18-b0ea-45e8-a4a7-f4df90499702,TKT-1-202607-01517,298399,3,2,"2026-07-10 12:49:28",0,"As discussed, please find the screenshot of the same attached above.","2026-07-10 07:19:27.930182","2026-07-10 07:19:27.930182"
5370,9cd76c31-0821-460a-b18d-8f23e9dd4d08,TKT-1-202607-01517,298399,NULL,1,"2026-07-10 12:24:45",0,New,"2026-07-10 06:54:45.155111","2026-07-10 06:54:45.155111"
5370,74936820-76c0-4b65-bcf0-d58a5f8ee327,TKT-1-202607-01517,inish.d,2,12,"2026-07-23 11:03:29",0,"Please confirm if we can proceed with this user-requested enhancement.","2026-07-23 05:33:29.242720","2026-07-23 05:33:29.242720"
5370,25db0567-29d1-4340-a74c-20eaa646ae36,TKT-1-202607-01517,anshu.r,2,3,"2026-07-10 12:37:28",0,"As discussed with user on call kindly share the screenshot for further investigation","2026-07-10 07:07:27.967773","2026-07-10 07:07:27.967773"
5370,4dd887ee-4cc3-4e6c-895f-a05fb08ea21b,TKT-1-202607-01517,vikram6singh,1,2,"2026-07-10 12:30:32",0,"Please check.","2026-07-10 07:00:32.403101","2026-07-10 07:00:32.403101"
653,a4d11c29-b417-4668-868c-b42e850ed361,TKT-1-202607-01547,kshitiz.s,2,7,"2026-09-08 14:43:57",0,"Please refer to the comment section.","2026-09-08 09:13:57.287643","2026-09-08 09:13:57.287643"
653,d5109c94-df74-475e-aacb-e19a81646414,TKT-1-202607-01547,inish.d,2,3,"2026-08-06 19:36:00",0,"Sir/Madam,  Please provide the login credentials so that we can proceed further.","2026-08-06 14:05:59.573750","2026-08-06 14:05:59.573750"
653,c3af5784-a9b0-4779-b4ce-1ef1796046af,TKT-1-202607-01547,312523,3,2,"2026-08-06 23:16:38",0,"ID 312523 PASSWORD  Arun@123","2026-08-06 17:46:37.800532","2026-08-06 17:46:37.800532"
653,9de694aa-5761-4530-ab71-e9dde347d636,TKT-1-202607-01547,inish.d,2,3,"2026-08-07 18:13:57",0,"Sir, please check and confirm whether the departaments are created properly from your end. We have verified at our end for the depot Bhagpur Gagra Cap .If it is proper we will proceed in the creation for the other depot","2026-08-07 12:43:56.691681","2026-08-07 12:43:56.691681"
653,6a612f8d-94db-4e68-b2a2-b20d322aea31,TKT-1-202607-01547,arti.1.t,2,7,"2026-07-10 14:59:36",0,"Kindly refer to the comment box. For any assistance, please feel free to contact us at 1800-410-6688.","2026-07-10 09:29:35.726145","2026-07-10 09:29:35.726145"
653,6360db6d-a613-45ba-b127-5682c1af6ec3,TKT-1-202607-01547,312523,NULL,1,"2026-07-10 13:49:50",0,New,"2026-07-10 08:19:49.755151","2026-07-10 08:19:49.755151"
653,5932d7bb-e641-49ec-8684-d626f95de109,TKT-1-202607-01547,vikram6singh,10,2,"2026-08-06 09:20:18",0,"Please check","2026-08-06 03:50:17.912999","2026-08-06 03:50:17.912999"
653,5181cc23-381a-459d-ba6a-2a19c0f189c0,TKT-1-202607-01547,312523,7,10,"2026-08-05 23:12:40",0,"issue is unresolved. please contact to 7009629482","2026-08-05 17:42:39.942828","2026-08-05 17:42:39.942828"
653,473e6a02-3840-4071-a3b3-ede53e9d1455,TKT-1-202607-01547,vikram6singh,1,2,"2026-07-10 13:55:31",0,"Please check.","2026-07-10 08:25:31.436601","2026-07-10 08:25:31.436601"
653,02609c34-6f3a-4b23-aea1-cf129fb96e21,TKT-1-202607-01547,kshitiz.s,3,2,"2026-09-08 14:43:24",0,"Please check","2026-09-08 09:13:23.794017","2026-09-08 09:13:23.794017"
159,4abdabf8-180d-4eef-a66c-14e07e3c7229,TKT-1-202607-01584,265776,3,2,"2026-07-13 14:50:08",0,"SIR 265776 AnnaDarpan@316. asset procurement. click select date range 10.7.2026 to 13.7.2026. click + for pending entry. i am unable to add more quantity","2026-07-13 09:20:08.207055","2026-07-13 09:20:08.207055"
159,d61705d0-f8b8-4bb8-b2cb-9388d0496563,TKT-1-202607-01584,vikram6singh,1,2,"2026-07-10 16:29:11",1,"Please check.","2026-07-10 10:59:11.224553","2026-07-10 10:59:11.224553"
159,d40d3da7-2734-42ab-9b38-a9667cd486e5,TKT-1-202607-01584,anshu.r,2,3,"2026-07-13 11:57:23",0,"Dear Sir/Ma'am , Kindly share the User ID & Password and Correct Contact details fort the further investigation . For further assistance, please contact our support team at : 1800-410-6688","2026-07-13 06:27:23.134953","2026-07-13 06:27:23.134953"
159,ca4dcf5a-c1f5-4829-a521-05c85dd6fffa,TKT-1-202607-01584,265776,NULL,1,"2026-07-10 16:23:23",0,New,"2026-07-10 10:53:23.469048","2026-07-10 10:53:23.469048"
159,be5d477d-ecaf-4aba-afa6-fa7ce6c5c034,TKT-1-202607-01584,265776,3,2,"2026-07-15 11:19:29",0,"sir all items are to be entered in asset management.  because in APV(conducted every year in march end)  every item is listed . so please kindly do the needful.","2026-07-15 05:49:28.792698","2026-07-15 05:49:28.792698"
159,74b4b556-25f1-42aa-b538-b0fe381a4fbd,TKT-1-202607-01584,anshu.r,2,3,"2026-07-13 10:30:55",0,"Dear Sir/Ma'am , I have tried to contact on this number (9940489600) but response awaited . Kindly provide the asset details which type of asset you wants to add. For further assistance, please contact our support team at : 1800-410-6688","2026-07-13 05:00:55.029545","2026-07-13 05:00:55.029545"
159,66c3d9ce-cee9-4257-93f8-c360e17b228f,TKT-1-202607-01584,satish.d,2,3,"2026-07-14 11:13:24",0,"Kindly check the comment section","2026-07-14 05:43:24.181246","2026-07-14 05:43:24.181246"
159,61852ea3-1305-47fa-9f34-b29fc57a474d,TKT-1-202607-01584,satish.d,2,7,"2026-07-15 12:50:05",0,"Closing this ticket, as the user is directly checking with HQ","2026-07-15 07:20:05.097893","2026-07-15 07:20:05.097893"
159,4a07368f-dfc2-43b4-8dc3-5e3a76a11310,TKT-1-202607-01584,265776,3,2,"2026-07-15 12:17:15",0,"sir i will take up the matter with FCI HQ. thank you","2026-07-15 06:47:15.433498","2026-07-15 06:47:15.433498"
159,355bd452-5fb6-4cac-b0d1-ed78e3c6d548,TKT-1-202607-01584,265776,3,2,"2026-07-13 10:39:52",0,"sir please see the attachment equipment name is glass stirrer 20 numbers . now i have to add details for 20 items (RECORD 1, RECORD 2, RECORD 3). but add option is not working","2026-07-13 05:09:51.563234","2026-07-13 05:09:51.563234"
159,103d5dba-bb59-43e8-aef6-f8adbb08e545,TKT-1-202607-01584,umesh.k,2,3,"2026-07-15 11:35:59",0,"Kindly check our comments.","2026-07-15 06:05:59.388919","2026-07-15 06:05:59.388919"
432,11394fc5-1a4e-4960-955d-e23eba202971,TKT-1-202607-01596,276060,NULL,1,"2026-07-10 16:33:21",0,New,"2026-07-10 11:03:21.344221","2026-07-10 11:03:21.344221"
432,3ce60157-fad3-475d-8023-25980c43f984,TKT-1-202607-01596,vikram6singh,1,2,"2026-07-10 16:33:42",0,"Please check.","2026-07-10 11:03:41.699965","2026-07-10 11:03:41.699965"
432,9e42f3e9-40e8-4404-91fa-b166c8f9154b,TKT-1-202607-01596,276060,3,2,"2026-07-14 15:01:34",0,"The ticket may be closed.","2026-07-14 09:31:33.754397","2026-07-14 09:31:33.754397"
432,d7719372-d329-4f2b-9241-b3ebeba8d540,TKT-1-202607-01596,satish.d,2,7,"2026-07-14 18:05:42",0,"Issue has been resolved, closing this ticket","2026-07-14 12:35:41.751717","2026-07-14 12:35:41.751717"
432,e352e861-4c7e-4f7a-8d30-f7f8b9fd3b2a,TKT-1-202607-01596,satish.d,2,3,"2026-07-13 10:43:20",0,"Kindly check the comment section","2026-07-13 05:13:20.374388","2026-07-13 05:13:20.374388"
779,f7feaff1-0eb8-44c2-ae4b-3cb5c0e4a0e1,TKT-1-202607-01601,satish.d,3,2,"2026-07-17 09:59:29",0,"Assign back","2026-07-17 04:29:28.669214","2026-07-17 04:29:28.669214"
779,da3b37c1-fc12-4786-852a-522b0f48763f,TKT-1-202607-01601,vikram6singh,1,2,"2026-07-10 16:52:59",1,"Please check.","2026-07-10 11:22:59.414408","2026-07-10 11:22:59.414408"
779,b3d31dbb-6a0c-4522-9a42-d1a7a4c19d9a,TKT-1-202607-01601,satish.d,2,7,"2026-07-17 09:59:31",0,"we hope issue has been resolved we are closing the ticket please reopen if any issue still persists","2026-07-17 04:29:31.254370","2026-07-17 04:29:31.254370"
779,c614aec0-1746-4351-b13d-e98b41d11d6e,TKT-1-202607-01601,satish.d,2,3,"2026-07-15 10:47:49",0,"pls check","2026-07-15 05:17:48.519629","2026-07-15 05:17:48.519629"
779,6b7d5c08-a5c8-4348-a2c6-9cb5fd01103d,TKT-1-202607-01601,nh20004_03,NULL,1,"2026-07-10 16:52:33",0,New,"2026-07-10 11:22:33.014900","2026-07-10 11:22:33.014900"
2380,009436bf-e11c-459e-8158-889a505efdeb,TKT-1-202607-01604,vikram6singh,1,2,"2026-07-10 17:01:03",0,"Please check.","2026-07-10 11:31:03.376504","2026-07-10 11:31:03.376504"
2380,16d016b6-35c5-48cb-9336-dc6b0d563b7e,TKT-1-202607-01604,sanjeet.k,2,3,"2026-07-11 12:03:50",0,"Kindly check the comment section and do as per advised","2026-07-11 06:33:49.532265","2026-07-11 06:33:49.532265"
2380,25ee2c3a-7eaa-4861-9ceb-f73a2d13f86f,TKT-1-202607-01604,sanjeet.k,2,3,"2026-07-17 17:27:08",0,"kindly share the user credential for the further assistance regarding your query.","2026-07-17 11:57:07.586525","2026-07-17 11:57:07.586525"
2380,478a67fe-ea36-4c46-8998-750e4397a9cb,TKT-1-202607-01604,sanjeet.k,2,3,"2026-07-24 13:25:51",0,"Kindly specify which reports are not visible at DO level for the further assistance","2026-07-24 07:55:51.179264","2026-07-24 07:55:51.179264"
2380,56f95623-13a2-40bc-add5-b16e423561c9,TKT-1-202607-01604,110070,3,2,"2026-07-14 17:09:19",0,"Evening stock position report, monthly stock statement, monthly receipt statement, monthly issue statement","2026-07-14 11:39:19.344460","2026-07-14 11:39:19.344460"
2380,72ab7997-7466-4262-8d6c-8abb4aafee09,TKT-1-202607-01604,110070,3,2,"2026-07-27 12:03:28",0,"Evening stock position report, monthly stock statement, momthly receipt statement, monthly issue statement","2026-07-27 06:33:27.861334","2026-07-27 06:33:27.861334"
2380,deae04da-9d92-4802-97e1-49a50bf5aad1,TKT-1-202607-01604,110070,3,2,"2026-07-23 13:38:49",0,"user id: 110070","2026-07-23 08:08:48.562577","2026-07-23 08:08:48.562577"
2380,f437f8f2-3294-4b79-94ab-07d0f0162b48,TKT-1-202607-01604,110070,NULL,1,"2026-07-10 16:59:58",0,New,"2026-07-10 11:29:57.743735","2026-07-10 11:29:57.743735"
2380,fcc25276-5b0a-4784-9ff2-cbd41a4db7d0,TKT-1-202607-01604,umesh.k,2,12,"2026-07-28 10:32:01",0,"Sir/Madam, the user is requesting to add evening stock position report, monthly receipt statement and monthly issue statement reports at divisional level. Kindly verify the requirement and provide the necessary details.","2026-07-28 05:02:00.729761","2026-07-28 05:02:00.729761"
50,3bd4a2c8-1d96-4aa6-8e87-ac97c0e51dbb,TKT-1-202607-01607,satish.d,2,7,"2026-07-14 17:04:13",0,"The depot manager has selected stack 5A12 for replace the brl stock.","2026-07-14 11:34:12.774351","2026-07-14 11:34:12.774351"
50,c26523b1-f9f6-4848-95c8-911852724e37,TKT-1-202607-01607,satish.d,3,2,"2026-07-21 14:58:23",0,"Assigned to L2 team","2026-07-21 09:28:22.878094","2026-07-21 09:28:22.878094"
50,b248260d-b4da-497d-b33d-6f9ec327a72c,TKT-1-202607-01607,298113,NULL,1,"2026-07-10 17:10:39",0,New,"2026-07-10 11:40:38.778565","2026-07-10 11:40:38.778565"
50,979c9852-07e1-4268-bc1c-57d6da2ca7c1,TKT-1-202607-01607,vikram6singh,1,2,"2026-07-10 17:15:32",0,"Please check.","2026-07-10 11:45:32.077838","2026-07-10 11:45:32.077838"
50,6b6de157-0c6c-4c3e-a842-7743d607a30c,TKT-1-202607-01607,richa.k,2,3,"2026-07-17 17:12:38",0,"Trying to reach on this number #9658887484 but it's getting busy please share exact issue what you are facing in comment section also contact our Support Team at 1800-410-668 based on your availability for further action.","2026-07-17 11:42:38.162289","2026-07-17 11:42:38.162289"
50,5047a292-3ec3-4528-a40f-b0228675563c,TKT-1-202607-01607,vikram6singh,10,2,"2026-07-17 14:54:09",0,"Please check.","2026-07-17 09:24:09.063648","2026-07-17 09:24:09.063648"
50,4a6bef0d-55bd-4191-bd6a-2e01d4167986,TKT-1-202607-01607,satish.d,2,7,"2026-07-21 14:58:38",0,"Due to non response from user, we are closing the ticket, please reopen the ticket with relevant details","2026-07-21 09:28:38.446063","2026-07-21 09:28:38.446063"
50,33e4509c-2ad2-4977-bc82-2b1e8dbc36da,TKT-1-202607-01607,satish.d,2,3,"2026-07-11 10:20:43",0,"Please provide miller login details and also provide the BRL request number so that we can proceed with investigating the issue","2026-07-11 04:50:42.877268","2026-07-11 04:50:42.877268"
50,24b12fe7-60b9-47f2-bdb7-c19d953135e1,TKT-1-202607-01607,298113,3,2,"2026-07-14 12:46:01",0,"Miller User id: m_or370001 Password: vvaf@2529V , BRL number:- EE1601426PC1D0707260028","2026-07-14 07:16:01.008790","2026-07-14 07:16:01.008790"
50,0547e278-9458-46e8-afdb-2cb6ca54f956,TKT-1-202607-01607,298113,7,10,"2026-07-17 14:18:43",0,"As the BRL was declared against the lot so it could not be replaced to another stack instead of parent stack. The interface was shown that the BRL consignment did not replace in the parent stack at the time of replacement procedure in annadarpan.","2026-07-17 08:48:43.385222","2026-07-17 08:48:43.385222"
208,1412069e-97ea-4118-85d2-01f81cdbea42,TKT-1-202607-01608,vikram6singh,1,2,"2026-07-10 17:15:43",0,"Please check.","2026-07-10 11:45:42.735290","2026-07-10 11:45:42.735290"
208,303402fa-970b-4052-b058-5739ae5cede2,TKT-1-202607-01608,satish.d,2,12,"2026-07-13 10:38:15",0,"The Depot Manager has selected only Stack 5A12. Therefore, only this stack will be visible during the InWeight process.","2026-07-13 05:08:15.352001","2026-07-13 05:08:15.352001"
208,33667b9c-5d02-4d17-ac2c-8b0b87b0bc26,TKT-1-202607-01608,298113,NULL,1,"2026-07-10 17:14:34",0,New,"2026-07-10 11:44:33.539525","2026-07-10 11:44:33.539525"
499,afcd6e55-7100-4d39-ba01-4fdf49ecff8b,TKT-1-202607-01628,satish.d,2,7,"2026-07-14 11:24:47",0,"we hope issue has been resolved we are closing the ticket please reopen if any issue still persists","2026-07-14 05:54:46.620848","2026-07-14 05:54:46.620848"
499,eb226fdc-c977-4d6b-aab5-d298d3b782b3,TKT-1-202607-01628,satish.d,2,7,"2026-07-15 14:24:50",0,"Based on user comments issue has been resolved we are closing the ticket","2026-07-15 08:54:50.374267","2026-07-15 08:54:50.374267"
499,713b7abc-75b4-4856-b7db-137bad8a8835,TKT-1-202607-01628,vikram6singh,1,2,"2026-07-11 10:30:52",1,"Please check.","2026-07-11 05:00:51.542058","2026-07-11 05:00:51.542058"
499,432f3987-cc8b-40d7-b2db-9bb7c152e4ce,TKT-1-202607-01628,satish.d,2,3,"2026-07-14 17:46:52",0,"Please check provided comments","2026-07-14 12:16:52.042879","2026-07-14 12:16:52.042879"
499,0a3969f8-3180-472a-a4d6-87c74599d22f,TKT-1-202607-01628,307225,3,2,"2026-07-15 13:01:11",0,"This issue has resolved now and can close the ticket.","2026-07-15 07:31:11.125862","2026-07-15 07:31:11.125862"
499,0144d8db-a848-457b-adfc-5a4e0f9a0f41,TKT-1-202607-01628,307225,NULL,1,"2026-07-11 10:30:13",0,New,"2026-07-11 05:00:12.813025","2026-07-11 05:00:12.813025"
499,079abecd-95ca-46ee-b4d3-d9c00a47245e,TKT-1-202607-01628,307225,7,10,"2026-07-14 14:17:15",0,"now we can see that after showing transaction the weight shown in each stack i.e. 1TS10 and 1TS11 is incorrect which is added with bags weight not showing the net weight of grains. kindly resolve this issue at asap...","2026-07-14 08:47:14.508121","2026-07-14 08:47:14.508121"
499,16f908c1-4d91-48ac-83f4-3695ee8033e1,TKT-1-202607-01628,vikram6singh,10,2,"2026-07-14 14:19:49",0,"Please check.","2026-07-14 08:49:48.654412","2026-07-14 08:49:48.654412"
259,23e6fefb-da94-4567-a5d6-f9b1e4453994,TKT-1-202607-01632,satish.d,2,3,"2026-07-13 10:21:06",0,"Please send a mail via HQ.","2026-07-13 04:51:05.842669","2026-07-13 04:51:05.842669"
259,484caea0-5f42-4e1b-adf0-5248bcb0038f,TKT-1-202607-01632,wc16012_01,NULL,1,"2026-07-11 11:08:46",0,New,"2026-07-11 05:38:45.931793","2026-07-11 05:38:45.931793"
259,664ae99a-da46-4711-b441-6a844e735d04,TKT-1-202607-01632,satish.d,2,7,"2026-07-16 15:56:10",0,"Please send a mail via HQ.","2026-07-16 10:26:10.119027","2026-07-16 10:26:10.119027"
259,b128b2cc-90dd-44b5-9d19-92c7e0d7966c,TKT-1-202607-01632,vikram6singh,1,2,"2026-07-11 11:58:12",0,"Please check.","2026-07-11 06:28:11.873832","2026-07-11 06:28:11.873832"
259,cb70821b-0bc8-48fe-8d10-f1d6ca6b3268,TKT-1-202607-01632,wc16012_01,3,2,"2026-07-16 11:03:18",0,"mobile number 8999945743","2026-07-16 05:33:18.437000","2026-07-16 05:33:18.437000"
41,8ee1c147-ced6-45b0-a941-4f6a3703b899,TKT-1-202607-01636,ec12001_07,3,2,"2026-07-13 11:05:09",0,9470290827,"2026-07-13 05:35:08.712208","2026-07-13 05:35:08.712208"
41,c3d9e2da-c25b-4c8d-aa3c-7905b680b7f2,TKT-1-202607-01636,ec12001_07,3,2,"2026-07-12 10:32:32",0,"check the screenshot","2026-07-12 05:02:31.968481","2026-07-12 05:02:31.968481"
41,c1693d8d-d1fd-4e19-bec5-ce2a3fd626d3,TKT-1-202607-01636,ec12001_07,NULL,1,"2026-07-11 12:24:12",0,New,"2026-07-11 06:54:12.252363","2026-07-11 06:54:12.252363"
41,9e9ad2bd-63ea-49e7-ae8c-3d7eff610b27,TKT-1-202607-01636,ec12001_07,3,2,"2026-07-14 16:26:00",0,resolved,"2026-07-14 10:56:00.487444","2026-07-14 10:56:00.487444"
41,9c10880c-1f68-4661-b7cf-af50608ec1f8,TKT-1-202607-01636,inzemamul.h,2,3,"2026-07-11 12:35:00",0,"kindly share the supportive documents for our further investigation. For further assistance, please contact our support team at : 📞 1800-410-6688.","2026-07-11 07:04:59.556465","2026-07-11 07:04:59.556465"
41,4993a6f6-afc0-43ff-aa91-09e5903511f7,TKT-1-202607-01636,inish.d,2,7,"2026-07-14 17:07:40",0,"Closing the ticket as per user comment","2026-07-14 11:37:40.159991","2026-07-14 11:37:40.159991"
41,474ad904-efad-4582-9879-b2f664ad7a85,TKT-1-202607-01636,ec12001_07,3,2,"2026-07-13 17:50:53",0,"ec12001_07 pass- Depot@123","2026-07-13 12:20:52.627143","2026-07-13 12:20:52.627143"
41,4522f7ce-02f9-4bef-8314-c19832eb7844,TKT-1-202607-01636,inish.d,2,3,"2026-07-14 10:11:20",0,"Sir/madam, Issue is fixed. Please check it.","2026-07-14 04:41:20.111458","2026-07-14 04:41:20.111458"
41,4119e6f8-6f65-4a63-9bb7-83850d9b78dc,TKT-1-202607-01636,vikram6singh,1,2,"2026-07-11 12:34:10",0,"Please check.","2026-07-11 07:04:10.422249","2026-07-11 07:04:10.422249"
41,2682d5dc-a1ca-440e-9e14-6420d6173f34,TKT-1-202607-01636,inish.d,2,3,"2026-07-13 15:56:08",0,"Sir/Madam,  Please provide the login credentials so that we can proceed further.","2026-07-13 10:26:08.373129","2026-07-13 10:26:08.373129"
41,74ab9810-e3c4-43d3-82fb-717c580e3c02,TKT-1-202607-01636,inzemamul.h,2,3,"2026-07-13 10:45:13",0,"Kindly share the contact details for our further investigation. For further assistance, please contact our support team at : 📞 1800-410-6688.","2026-07-13 05:15:12.877138","2026-07-13 05:15:12.877138"
11,7553b645-0f14-4eb4-be73-31841a8282ee,TKT-1-202607-01637,149109,NULL,1,"2026-07-11 12:51:40",0,New,"2026-07-11 07:21:40.087191","2026-07-11 07:21:40.087191"
11,4ccb864e-5f7a-4e01-aa30-d287c519fea2,TKT-1-202607-01637,pooja.11,2,7,"2026-07-13 12:01:46",0,"As per telephonic conversion with the user, the user confirmed the resolution of the issue. Hence closing the ticket. For Further assistance, please contact our Support team at: 1800 410 6688.","2026-07-13 06:31:46.449200","2026-07-13 06:31:46.449200"
11,482a090c-9c30-4758-9d2b-82416e7419cd,TKT-1-202607-01637,vikram6singh,1,2,"2026-07-11 12:55:36",0,"Please check","2026-07-11 07:25:36.316393","2026-07-11 07:25:36.316393"
2366,f87ae60e-e19e-4275-8144-86203e4a8efc,TKT-1-202607-01638,ng17280_02,3,2,"2026-07-20 06:22:12",0,"weight difference still persdist in shifted rice stacks. kindly contact 9950541466","2026-07-20 06:22:12.018664","2026-07-20 06:22:12.018664"
2366,f6746d8a-92fb-4018-b9d3-eb670e19d8cc,TKT-1-202607-01638,ng17280_02,3,2,"2026-07-16 12:01:02",0,"After the ISI rice was stacked in the shed, the weight was found to be different. Therefore, please record the correct weight. Please Call Me 9950541466","2026-07-16 06:31:01.546537","2026-07-16 06:31:01.546537"
2366,d24b982a-c740-4534-98a8-cc969932927b,TKT-1-202607-01638,ng17280_02,3,2,"2026-07-29 16:20:29",0,resolved,"2026-07-29 10:50:28.657133","2026-07-29 10:50:28.657133"
2366,b57fdaca-e352-4956-8d4a-da1f3c2bca58,TKT-1-202607-01638,satish.d,2,7,"2026-07-13 12:40:59",0,"we hope issue has been resolved we are closing the ticket please reopen if any issue still persists","2026-07-13 07:10:58.998208","2026-07-13 07:10:58.998208"
2366,90672a88-e41f-489d-ad8e-fe6d9bf527a2,TKT-1-202607-01638,satish.d,2,3,"2026-07-21 15:51:57",0,"Please check","2026-07-21 10:21:56.941190","2026-07-21 10:21:56.941190"
2366,76baf2eb-cc26-44a7-869a-9e07d914f8b4,TKT-1-202607-01638,vikram6singh,1,2,"2026-07-11 12:58:08",1,"Please check","2026-07-11 07:28:08.417918","2026-07-11 07:28:08.417918"
2366,7248c737-0f05-4c7d-9058-1bb738b26372,TKT-1-202607-01638,satish.d,2,3,"2026-07-17 11:12:38",0,"Please check","2026-07-17 05:42:38.391593","2026-07-17 05:42:38.391593"
2366,5b029974-618c-46de-81ca-292c89f385d2,TKT-1-202607-01638,ng17280_02,3,2,"2026-07-24 13:34:13",0,"REFER TO PAGE_21.PDF ATTACHED FOR REFERENCE OF NEW WEIGHT OF STACKS. 1A37 has been shifted to 1A36A, 1A46 has been to 1A21A, and 1A47 to 1A22A. kindly make the new weight as in the attached pdf.","2026-07-24 08:04:13.109200","2026-07-24 08:04:13.109200"
2366,4ec25ea9-b827-4d84-972c-02d8bf3fef20,TKT-1-202607-01638,satish.d,2,3,"2026-07-24 15:16:24",0,"Please check provided comments","2026-07-24 09:46:23.779241","2026-07-24 09:46:23.779241"
2366,4bde5546-8bf3-45ff-885e-22c2978fcf48,TKT-1-202607-01638,ng17280_02,3,2,"2026-07-22 16:58:28",0,"kindly refer page no 21 where rice stacks weight is shown after 100% weighment , 1A37 as been shifted to 1A36A, 1A46 has been to 1A21A, and 1A47 to 1A22A.","2026-07-22 11:28:27.968687","2026-07-22 11:28:27.968687"
2366,41f10f8b-d43e-461a-933c-9cf422f5b965,TKT-1-202607-01638,vikram6singh,10,2,"2026-07-13 13:37:23",0,"Please check.","2026-07-13 08:07:22.620923","2026-07-13 08:07:22.620923"
2366,1780a0dd-9c00-41bf-a46c-d17cd9e5ff63,TKT-1-202607-01638,shivaniyadav091298,2,7,"2026-07-29 16:48:06",0,"As per the user's remarks on this ticket, "The issue has been resolved now", this ticket is being marked as resolved. For further assistance, please contact our support team at 1800-410-6688.","2026-07-29 11:18:05.564441","2026-07-29 11:18:05.564441"
2366,12b7d3bb-b690-40df-8ce6-905069f39ec0,TKT-1-202607-01638,ng17280_02,7,10,"2026-07-13 13:19:06",0,"PWS Preeti Entrerprises, NG17280, ISI PV team ID 113755(Ramesh Jatav), Stacks were not shifted to new stack.","2026-07-13 07:49:05.595669","2026-07-13 07:49:05.595669"
2366,071f5c0e-78f3-4ad3-afd7-665966dfb711,TKT-1-202607-01638,satish.d,2,3,"2026-07-23 10:20:28",0,"please check provided comments","2026-07-23 04:50:28.227100","2026-07-23 04:50:28.227100"
2366,05d86edb-6a27-4e12-8931-9782b49cb2ba,TKT-1-202607-01638,satish.d,2,3,"2026-07-15 10:46:38",0,"pls check","2026-07-15 05:16:37.994767","2026-07-15 05:16:37.994767"
2366,51d4e173-4ddb-43ba-b9d1-004c86dbb434,TKT-1-202607-01638,ng17280_02,NULL,1,"2026-07-11 12:56:41",0,New,"2026-07-11 07:26:40.691361","2026-07-11 07:26:40.691361"
3682,4ebbbb2b-89f3-4e44-ba19-cffdf937c3b7,TKT-1-202607-01640,richa.k,2,3,"2026-07-15 14:39:16",0,"please refer the comment section, For Further assistance, please contact our Support team. PH: 1800 410 6688.","2026-07-15 09:09:16.420634","2026-07-15 09:09:16.420634"
3682,f2949816-7218-4937-b506-023c047a3050,TKT-1-202607-01640,umesh.k,2,7,"2026-07-28 09:55:35",0,"Issue has been resolved.","2026-07-28 04:25:35.006011","2026-07-28 04:25:35.006011"
3682,c2b4c4c4-f142-48e6-963e-c3845f2e490a,TKT-1-202607-01640,193484,3,2,"2026-07-21 10:15:33",0,"my lodin id is -193484 and passward is -Inder@2026","2026-07-21 04:45:32.771290","2026-07-21 04:45:32.771290"
3682,b2af46e8-8398-465c-b129-c45990a33e77,TKT-1-202607-01640,umesh.k,2,3,"2026-07-13 10:33:13",0,"Dear sir, kindly attach supporting documents, so that we can proceed further.","2026-07-13 05:03:13.142284","2026-07-13 05:03:13.142284"
3682,ad78f942-a66a-43c4-843f-83d522527d14,TKT-1-202607-01640,193484,3,2,"2026-07-15 12:52:41",0,"unable to attment of documents","2026-07-15 07:22:41.477572","2026-07-15 07:22:41.477572"
3682,801cb152-7802-4810-b87d-20fffa44116f,TKT-1-202607-01640,umesh.k,2,3,"2026-07-20 12:19:39",0,"Dear sir, kindly let us know how many bags have been procured in total on that particular day 10th july. as well as kindly provide login details.","2026-07-20 06:49:38.710961","2026-07-20 06:49:38.710961"
3682,5d0f3885-00f8-4c9e-a014-e0c18085deeb,TKT-1-202607-01640,193484,NULL,1,"2026-07-11 13:31:23",0,New,"2026-07-11 08:01:22.973347","2026-07-11 08:01:22.973347"
3682,3e2c0ef8-941e-4c02-b84d-9d2189ab1f2f,TKT-1-202607-01640,vikram6singh,1,2,"2026-07-11 13:32:57",0,"Please check","2026-07-11 08:02:56.542239","2026-07-11 08:02:56.542239"
3682,200afb10-29d6-4f37-aa08-eec52f25d676,TKT-1-202607-01640,193484,7,8,"2026-08-11 14:27:34",0,thanks,"2026-08-11 08:57:33.868075","2026-08-11 08:57:33.868075"
3682,16edf891-cc73-43e5-b81f-f2615d62a55b,TKT-1-202607-01640,193484,3,2,"2026-07-18 13:28:51",0,"kindl;y refer to attacment plz","2026-07-18 07:58:51.171695","2026-07-18 07:58:51.171695"
528,1bd675f4-7cd4-4d48-bc93-3582bcc67073,TKT-1-202607-01643,vikram6singh,1,2,"2026-07-11 14:20:08",1,"Please check.","2026-07-11 08:50:07.610162","2026-07-11 08:50:07.610162"
528,e78a7a45-2f69-4406-be2b-44bb4167373e,TKT-1-202607-01643,109538,7,10,"2026-07-14 14:18:34",0,"After ISI PV completion at RSD Khanna, stock is reflecting in both primary and secondary stacks (Wheat: 1P1, 1P2, 1P3; Rice: 5M02, 5M03, 5M05), causing double entry in Anna Darpan. Kindly get the issue rectified urgently.","2026-07-14 08:48:34.256162","2026-07-14 08:48:34.256162"
528,a57788c0-3cb9-40ec-ae2a-793bf19be0e7,TKT-1-202607-01643,vikram6singh,10,2,"2026-07-14 14:19:39",0,"Please check.","2026-07-14 08:49:38.876603","2026-07-14 08:49:38.876603"
528,72e15eb4-7755-4f41-a6cf-f880c48716a3,TKT-1-202607-01643,109538,3,2,"2026-07-16 14:57:52",0,"This issue has been resolved.kindly close this ticket","2026-07-16 09:27:52.249754","2026-07-16 09:27:52.249754"
528,5cd9e621-fd00-4783-9790-85d1e71583e1,TKT-1-202607-01643,satish.d,2,3,"2026-07-15 11:10:51",0,"pls check","2026-07-15 05:40:51.224290","2026-07-15 05:40:51.224290"
528,2ed859b6-b3dc-41af-8e23-13964984d4ca,TKT-1-202607-01643,shivaniyadav091298,2,7,"2026-07-16 15:22:55",0,"As per the user’s confirmation, the issue has been resolved.Therefore, this ticket is being marked as resolved.","2026-07-16 09:52:55.353460","2026-07-16 09:52:55.353460"
528,02cc766d-72bc-4904-9a94-9ee9e7dd9504,TKT-1-202607-01643,satish.d,2,7,"2026-07-14 10:30:47",0,"we hope issue has been resolved we are closing the ticket please reopen if any issue still persists","2026-07-14 05:00:46.735881","2026-07-14 05:00:46.735881"
528,6c797810-0991-4887-892c-7d40271384b4,TKT-1-202607-01643,109538,NULL,1,"2026-07-11 14:16:55",0,New,"2026-07-11 08:46:54.515893","2026-07-11 08:46:54.515893"
129,0272acef-7b22-4c91-b0ef-0d18b33e43ed,TKT-1-202607-01650,vikram6singh,1,2,"2026-07-11 16:54:24",0,"Please check","2026-07-11 11:24:24.445093","2026-07-11 11:24:24.445093"
129,2a781f2d-5b38-4ea6-9429-2fa1a2b0b2ef,TKT-1-202607-01650,149993,NULL,1,"2026-07-11 16:51:11",0,New,"2026-07-11 11:21:10.576727","2026-07-11 11:21:10.576727"
129,9b6c03d1-0b4f-4e78-a5b2-e5f2ccec6675,TKT-1-202607-01650,saroj.m,2,7,"2026-07-13 17:56:04",0,"Kindly refer the comment box.","2026-07-13 12:26:04.076880","2026-07-13 12:26:04.076880"
127,3589efdf-8e9b-4821-bc2b-7c1e00df984e,TKT-1-202607-01652,ng18040_01,7,8,"2026-07-17 16:47:26",0,"issue resolved","2026-07-17 11:17:25.557750","2026-07-17 11:17:25.557750"
127,e2c7b261-d14e-4d5f-bf19-d4680f3b0491,TKT-1-202607-01652,pooja.11,2,3,"2026-07-13 11:42:28",0,"Kindly refer the comment box. For any further assistance, please feel free to contact our support team at 1800-410-6688.","2026-07-13 06:12:28.298692","2026-07-13 06:12:28.298692"
127,a2844131-122c-4103-8c3d-a655d1e23017,TKT-1-202607-01652,satish.d,2,7,"2026-07-16 10:02:25",0,"we hope issue has been resolved we are closing the ticket please reopen if any issue still persists","2026-07-16 04:32:25.162682","2026-07-16 04:32:25.162682"
127,674d6e31-d3ce-4dc0-8637-dad0e3ff47f7,TKT-1-202607-01652,vikram6singh,1,2,"2026-07-11 17:11:16",0,"Please check","2026-07-11 11:41:16.335247","2026-07-11 11:41:16.335247"
127,6502a535-295b-40be-b894-72aabf4809d2,TKT-1-202607-01652,ng18040_01,NULL,1,"2026-07-11 17:10:44",0,New,"2026-07-11 11:40:43.724998","2026-07-11 11:40:43.724998"
127,31146547-2b9a-4b20-901c-17905cdec87f,TKT-1-202607-01652,ng18040_01,3,2,"2026-07-15 12:30:54",0,"CAN WE PERFORM TASK OF RECEIPT IN ANNADARPAN WHILE ISI AND QPV WORK IS IN PROGRESS ? MY CONTECT NUMBER IS 953012589","2026-07-15 07:00:54.133970","2026-07-15 07:00:54.133970"
607,42dbdb19-7a3a-4dd3-a525-e24a7b556fdc,TKT-1-202607-01654,richa.k,2,3,"2026-07-11 18:00:13",0,"Kindly share the supporting documents for further investigation. For further assistance, contact the support team at 📞 1800‑410‑6688.","2026-07-11 12:30:13.265091","2026-07-11 12:30:13.265091"
607,fe44f036-1cc1-4e34-9c7d-31d78759b8b3,TKT-1-202607-01654,inish.d,2,7,"2026-07-15 14:58:54",0,"As per the given remarks by the user that "Resolved" and hence resolving this ticket. For any further assistance, please feel free to contact our support team at +91-9205515314 or +91-9217020104.","2026-07-15 09:28:54.296690","2026-07-15 09:28:54.296690"
607,c97d87c9-d251-443b-89e6-846e4847f06d,TKT-1-202607-01654,296316,3,2,"2026-07-12 10:37:24",0,"Supporting documents uploaded","2026-07-12 05:07:23.941203","2026-07-12 05:07:23.941203"
607,a528901e-85f1-49c2-aa9b-ecc57a74b013,TKT-1-202607-01654,296316,3,2,"2026-07-15 14:56:55",0,"Issue resolved","2026-07-15 09:26:54.560553","2026-07-15 09:26:54.560553"
607,88512657-4657-41c0-a41b-935278d0849b,TKT-1-202607-01654,296316,NULL,1,"2026-07-11 17:57:04",0,New,"2026-07-11 12:27:04.202941","2026-07-11 12:27:04.202941"
607,42e68155-1b4f-45ec-be52-dce4176a879b,TKT-1-202607-01654,vikram6singh,1,2,"2026-07-11 17:58:28",0,"Please check","2026-07-11 12:28:28.286271","2026-07-11 12:28:28.286271"
607,91b408c9-1218-4320-9481-e89a6eb033c3,TKT-1-202607-01654,inish.d,2,3,"2026-07-14 18:23:31",0,"Please provide your credentials, let us login and check","2026-07-14 12:53:31.441767","2026-07-14 12:53:31.441767"
721,25116641-1999-4ed1-be68-4623255f1161,TKT-1-202607-01657,umesh.k,3,2,"2026-07-20 16:35:43",0,"Assigning to L2 Team","2026-07-20 11:05:42.742995","2026-07-20 11:05:42.742995"
721,4c730e0b-7ee5-4826-b24e-7cb353a2fcaa,TKT-1-202607-01657,umesh.k,2,3,"2026-07-15 10:56:38",0,"Dear sir/madam,Please refer the comment Added. Thank You","2026-07-15 05:26:37.699429","2026-07-15 05:26:37.699429"
721,a1f9751f-8692-4c22-8ea6-3de83304952c,TKT-1-202607-01657,vikram6singh,1,2,"2026-07-13 08:57:22",0,"Please check.","2026-07-13 03:27:21.836983","2026-07-13 03:27:21.836983"
721,ae3188fb-e700-4f81-9535-a3e6aa4352a0,TKT-1-202607-01657,263956,NULL,1,"2026-07-11 19:15:48",0,New,"2026-07-11 13:45:47.668734","2026-07-11 13:45:47.668734"
721,b3772281-0fcb-44f6-99b7-2d3e805e8b34,TKT-1-202607-01657,umesh.k,2,7,"2026-07-20 16:35:45",0,"Dear sir/madam, Hope this issue has been resolved, If not please create new ticket. Thank you","2026-07-20 11:05:44.996946","2026-07-20 11:05:44.996946"
4089,edd856a5-8c2f-41f2-b2a5-d83b6e794626,TKT-1-202607-01658,satish.d,2,7,"2026-07-23 14:20:45",0,"Please send a mail  via HQ.","2026-07-23 08:50:44.816649","2026-07-23 08:50:44.816649"
4089,fcc1c736-074e-4895-bb6b-aca680902241,TKT-1-202607-01658,278860,3,2,"2026-07-14 13:04:51",0,"so what is the next procedure to get out of this issue","2026-07-14 07:34:50.802220","2026-07-14 07:34:50.802220"
4089,dc6ab52b-3fc7-4b5b-a4f0-4ee051b1f8f0,TKT-1-202607-01658,278860,NULL,1,"2026-07-11 19:42:53",0,New,"2026-07-11 14:12:53.012946","2026-07-11 14:12:53.012946"
4089,b1ed6aa6-7c04-4260-b43a-3b0f7c9fac02,TKT-1-202607-01658,278860,3,2,"2026-07-15 12:28:19",0,"si rwe canot proceed with OT as dm approval is denied so please try to rectify","2026-07-15 06:58:18.968937","2026-07-15 06:58:18.968937"
4089,9d66992b-d64c-490f-a680-70044ab767b0,TKT-1-202607-01658,vikram6singh,1,2,"2026-07-13 08:57:16",0,"Please check.","2026-07-13 03:27:16.391231","2026-07-13 03:27:16.391231"
4089,55ab48d7-2b80-443e-938e-6ad0aa552801,TKT-1-202607-01658,278860,3,2,"2026-07-23 11:28:14",0,"please try to do it from back end otherwise please try to contact 9963399344 for better understanding","2026-07-23 05:58:14.380905","2026-07-23 05:58:14.380905"
4089,4be94db5-0207-4b11-ad6d-dc166cde41d7,TKT-1-202607-01658,inish.d,2,3,"2026-07-22 17:51:35",0,"Since the data is scattered across different tables, it is difficult for us to correct it through the backend., please get approval from Division staff for OT.","2026-07-22 12:21:35.235284","2026-07-22 12:21:35.235284"
4089,43d03a49-5bb9-4c5f-b597-31e9859b6bb6,TKT-1-202607-01658,inish.d,2,3,"2026-07-14 17:53:54",0,"try to correct via OT.","2026-07-14 12:23:53.778820","2026-07-14 12:23:53.778820"
4089,b10d9e24-c2e8-4543-aa8e-96691a15fea0,TKT-1-202607-01658,inish.d,2,3,"2026-07-14 04:29:23",0,"data edit can not be be possible via backend.","2026-07-14 04:29:22.775178","2026-07-14 04:29:22.775178"
441,7adb81d1-02bd-4c8f-ba08-f2a4695f9e6a,TKT-1-202607-01662,284969,NULL,1,"2026-07-12 11:34:04",0,New,"2026-07-12 06:04:03.644965","2026-07-12 06:04:03.644965"
441,eb5711c3-3e4e-4630-9eb0-7b778c9a952f,TKT-1-202607-01662,sanjeet.k,2,7,"2026-07-14 15:16:54",0,"kindly check the comment section","2026-07-14 09:46:54.311005","2026-07-14 09:46:54.311005"
441,f2272417-db4a-4035-9b2d-13546d7a0393,TKT-1-202607-01662,vikram6singh,1,2,"2026-07-13 08:56:49",0,"Please check.","2026-07-13 03:26:48.635123","2026-07-13 03:26:48.635123"
443,d81ac14e-1f67-4273-ab7c-239883040c0a,TKT-1-202607-01663,284969,NULL,1,"2026-07-12 11:39:13",0,New,"2026-07-12 06:09:12.989187","2026-07-12 06:09:12.989187"
443,db473b50-e570-4df9-8d97-f4c641edf53a,TKT-1-202607-01663,vikram6singh,1,2,"2026-07-13 08:56:43",0,"Please check.","2026-07-13 03:26:42.558539","2026-07-13 03:26:42.558539"
443,1014ee29-ba15-43ed-9018-5ea40580f759,TKT-1-202607-01663,sanjeet.k,2,7,"2026-07-14 15:18:45",0,"kindly check and do the needful","2026-07-14 09:48:45.264774","2026-07-14 09:48:45.264774"
449,46c397c0-12dd-4d7e-bb5c-0fa5697d82d3,TKT-1-202607-01664,vikram6singh,1,2,"2026-07-13 08:56:36",0,"Please check.","2026-07-13 03:26:36.365002","2026-07-13 03:26:36.365002"
449,787d5717-46af-401b-9631-fca5b29c6b2a,TKT-1-202607-01664,sanjeet.k,2,7,"2026-07-14 15:24:43",0,"kindly check the comment section","2026-07-14 09:54:43.113876","2026-07-14 09:54:43.113876"
449,7e61486b-6bd9-4ace-ae41-4b0203587b84,TKT-1-202607-01664,284969,NULL,1,"2026-07-12 11:49:51",0,New,"2026-07-12 06:19:51.374694","2026-07-12 06:19:51.374694"
166,fb3fb80d-f2b2-4933-a75e-cbb5e2236ccf,TKT-1-202607-01686,inish.d,2,3,"2026-07-14 15:29:14",0,"Sir/Madam, Please share the stack details.","2026-07-14 09:59:13.763241","2026-07-14 09:59:13.763241"
166,f5b9507d-9155-4c95-bb6f-0222553f0e07,TKT-1-202607-01686,ee16007_04,3,2,"2026-07-14 12:03:18",0,"User name - ee16007_04 ; Password - AnnaDarpan@12345","2026-07-14 06:33:17.881994","2026-07-14 06:33:17.881994"
166,dc764676-6a4a-4684-9f16-e346843d98ab,TKT-1-202607-01686,inish.d,2,3,"2026-07-13 16:42:00",0,"Sir/Madam,  Please provide the login credentials so that we can proceed further.","2026-07-13 11:12:00.429605","2026-07-13 11:12:00.429605"
166,d23515df-0fac-4da6-90b5-b849ce1146c0,TKT-1-202607-01686,shivaniyadav091298,2,7,"2026-07-29 10:29:47",0,"Please check the comment section.","2026-07-29 04:59:46.909184","2026-07-29 04:59:46.909184"
166,7019aa7c-a504-4609-a119-76d453bee08e,TKT-1-202607-01686,shivaniyadav091298,3,2,"2026-07-29 10:29:05",0,"Please check","2026-07-29 04:59:05.480227","2026-07-29 04:59:05.480227"
166,6d9d84d6-a01d-4d04-b081-61cad05190dd,TKT-1-202607-01686,vikram6singh,1,2,"2026-07-13 12:06:32",1,"Please check.","2026-07-13 06:36:32.218521","2026-07-13 06:36:32.218521"
166,4ffffe8d-0a3f-468f-ba71-247b9b121081,TKT-1-202607-01686,ee16007_04,3,2,"2026-07-14 16:39:11",0,"Pdf attached in this ticket.","2026-07-14 11:09:11.331755","2026-07-14 11:09:11.331755"
166,1b9dbdc4-f55c-4412-8b1d-928b2c504b6c,TKT-1-202607-01686,inish.d,2,3,"2026-07-15 10:20:46",0,"Sir/madam, Please use Other transaction.","2026-07-15 04:50:45.649172","2026-07-15 04:50:45.649172"
166,154115cd-fbab-4047-97d7-7ef00e6bf4dc,TKT-1-202607-01686,ee16007_04,NULL,1,"2026-07-13 11:51:24",0,New,"2026-07-13 06:21:23.948805","2026-07-13 06:21:23.948805"
166,a8f33c06-39f5-438e-89c3-a1d82010133c,TKT-1-202607-01686,ee16007_04,7,8,"2026-08-27 14:44:47",0,"Issue resolved.","2026-08-27 09:14:46.829257","2026-08-27 09:14:46.829257"
1781,58738ea8-fcb5-4239-ab64-ed84dccb16b8,TKT-1-202607-01704,anshu.r,2,5,"2026-07-21 17:13:44",0,"Respected sir, kindly look in to the new requirement.","2026-07-21 11:43:43.598464","2026-07-21 11:43:43.598464"
1781,e954c17b-50d8-4a3c-b8b3-88d22b178d48,TKT-1-202607-01704,anshu.r,2,3,"2026-07-16 10:03:31",0,"Dear Sir/Ma'am , I have tried to contact on this number (+91-9753823165) but response awaited once you available please fell free to contact on this number 1800-410-6688.","2026-07-16 04:33:31.261100","2026-07-16 04:33:31.261100"
1781,bfad1456-a734-4916-8cbf-2b288eba30a2,TKT-1-202607-01704,289783,NULL,1,"2026-07-13 12:58:54",0,New,"2026-07-13 07:28:53.909964","2026-07-13 07:28:53.909964"
1781,9c70c034-297d-4b1e-b20f-d794dd1e9145,TKT-1-202607-01704,anshu.r,2,3,"2026-07-14 04:09:49",0,"kindly share the exact details of the issue with screenshot for our further investigation. For further assistance, please contact our support team at : 1800-410-6688","2026-07-14 04:09:49.410254","2026-07-14 04:09:49.410254"
1781,6b5913a3-e6ae-4626-96df-f40c381510e7,TKT-1-202607-01704,289783,3,2,"2026-07-14 13:46:40",0,"In case of any query kindly call Mr. Humaid (+91-9753823165) please","2026-07-14 08:16:40.063581","2026-07-14 08:16:40.063581"
1781,52d72274-8536-4db1-95f2-795fb0c9f597,TKT-1-202607-01704,anshu.r,2,3,"2026-09-09 12:14:31",0,"Kindly check comment","2026-09-09 06:44:31.028584","2026-09-09 06:44:31.028584"
1781,441f1bd9-d630-4a40-9e7c-3faa8b042567,TKT-1-202607-01704,vikram6singh,1,2,"2026-07-13 13:05:29",0,"Please check.","2026-07-13 07:35:28.967775","2026-07-13 07:35:28.967775"
1781,301fbfee-08e5-4617-a3ed-ef1890e8c3db,TKT-1-202607-01704,289783,3,2,"2026-07-20 15:28:14",0,"Please contact on Mr. Humaid (+91-9753823165) now","2026-07-20 09:58:14.455394","2026-07-20 09:58:14.455394"
1781,2ee3c573-1319-4f29-b1d7-db3253f90419,TKT-1-202607-01704,IRL_admin,5,2,"2026-09-07 17:38:30",0,"Matter regarding marking of attendance has been given, as per FRS/ SRS.","2026-09-07 12:08:30.308980","2026-09-07 12:08:30.308980"
612,8319068d-ebd6-4a60-8b1c-e332603aa011,TKT-1-202607-01714,sanjeet.k,2,5,"2026-08-05 11:21:16",0,"respected sir, kindly do confirm regarding which in which category the items has been added as user is not able to see the same.","2026-08-05 05:51:16.344732","2026-08-05 05:51:16.344732"
612,f3c464ad-7d5d-486a-b89a-9daafedc940b,TKT-1-202607-01714,100876,NULL,1,"2026-07-13 14:06:57",0,New,"2026-07-13 08:36:57.108324","2026-07-13 08:36:57.108324"
612,dac95658-f02e-4805-9bef-e1e62ecd3367,TKT-1-202607-01714,100876,7,10,"2026-08-01 18:04:44",0,"Sir it is requested that corresponding assets could not be traced in AD portal till ase add these items necessary actionfollowing items exist more thanone units but AD portal is not allowing to add record more thanone.Please resolve it","2026-08-01 12:34:43.825148","2026-08-01 12:34:43.825148"
612,9b996885-4e56-4575-9f32-bd46c0dd261e,TKT-1-202607-01714,vikram6singh,1,2,"2026-07-13 15:07:27",1,"Please check.","2026-07-13 09:37:26.943321","2026-07-13 09:37:26.943321"
612,97b101d1-b3af-49de-85a1-55f605f58793,TKT-1-202607-01714,100876,3,2,"2026-08-04 15:05:53",0,"User credentials are shared","2026-08-04 09:35:52.537047","2026-08-04 09:35:52.537047"
612,60b6efcc-34c7-4dc5-b7de-3218480efa5d,TKT-1-202607-01714,amitabh.k,5,7,"2026-07-27 11:03:47",0,"Masters has been updated kindly search under all categories","2026-07-27 05:33:47.091704","2026-07-27 05:33:47.091704"
612,40bad1f5-2d76-40a8-aeae-1ccddb4b349c,TKT-1-202607-01714,sanjeet.k,2,5,"2026-07-13 15:28:12",0,"user is requesting to add the mentioned Items in the anndarpan asset procurement list. kindly check and do the needful","2026-07-13 09:58:12.131790","2026-07-13 09:58:12.131790"
612,2a5c499b-c8ed-4585-a25e-c7e3d3ab09d0,TKT-1-202607-01714,vikram6singh,10,2,"2026-08-03 09:18:22",0,"Please check.","2026-08-03 03:48:21.620106","2026-08-03 03:48:21.620106"
612,08f64a10-9c43-4646-aac9-ab7b04cb8370,TKT-1-202607-01714,sanjeet.k,2,3,"2026-08-04 11:51:18",0,"Kindly share the user credential for the further assistance regarding your query.","2026-08-04 06:21:18.492018","2026-08-04 06:21:18.492018"
8134,84e4d051-a133-4b73-b08d-75523a0860f9,TKT-1-202607-01721,satish.d,2,3,"2026-08-03 15:36:28",0,"complete replacement step is done?","2026-08-03 10:06:27.642422","2026-08-03 10:06:27.642422"
8134,2b50bef8-968e-4e47-8327-360aa88c237d,TKT-1-202607-01721,292216,NULL,1,"2026-07-13 15:06:18",0,New,"2026-07-13 09:36:18.449767","2026-07-13 09:36:18.449767"
8134,907abaf7-87cd-419d-bb86-e9c0053dbe28,TKT-1-202607-01721,satish.d,2,3,"2026-09-09 15:12:47",0,"Once we received the mail we will get back to you.","2026-09-09 09:42:46.897270","2026-09-09 09:42:46.897270"
8134,961e6ef5-e423-43e4-9dfa-29478fa097a0,TKT-1-202607-01721,satish.d,3,2,"2026-07-17 15:18:52",0,"Please check.","2026-07-17 09:48:51.951488","2026-07-17 09:48:51.951488"
8134,a0c11d04-387b-4cc7-b538-4ec7243f84e5,TKT-1-202607-01721,292216,3,2,"2026-08-20 13:30:01",0,"KINDLY CHECK COMMENT SECTION","2026-08-20 08:00:00.783873","2026-08-20 08:00:00.783873"
8134,a124052b-7264-41a4-98a8-24acbeb6498e,TKT-1-202607-01721,292216,3,2,"2026-08-07 11:55:05",0,YES,"2026-08-07 06:25:05.258609","2026-08-07 06:25:05.258609"
8134,a124e2e1-d512-4a55-a8de-a32da09acddc,TKT-1-202607-01721,satish.d,2,3,"2026-08-07 12:55:10",0,"the new stock needs to be certifed then the old stock lifitng can be done","2026-08-07 07:25:10.235374","2026-08-07 07:25:10.235374"
8134,a488915c-38ec-4e29-b7e1-3ff3e8da13dd,TKT-1-202607-01721,satish.d,2,3,"2026-07-13 16:12:39",0,"Please share the brl number.","2026-07-13 10:42:38.829392","2026-07-13 10:42:38.829392"
8134,a8fcd1fe-00a8-4c8a-8fbc-fb0470d3ec99,TKT-1-202607-01721,292216,3,2,"2026-09-10 11:49:43",0,"close this ticket","2026-09-10 06:19:43.302368","2026-09-10 06:19:43.302368"
8134,b1c20eec-4259-4bab-a04f-657b7fcd6efc,TKT-1-202607-01721,292216,3,2,"2026-09-08 18:18:07",0,"mail to higher  authority has been made","2026-09-08 12:48:07.342878","2026-09-08 12:48:07.342878"
8134,c3e2057e-a070-4510-a89b-43ab6ced5932,TKT-1-202607-01721,292216,3,2,"2026-08-17 13:14:10",0,"kindly see the comment section","2026-08-17 07:44:10.275210","2026-08-17 07:44:10.275210"
8134,d0d55578-02be-4c35-9a91-7b5adf856185,TKT-1-202607-01721,satish.d,2,3,"2026-07-17 15:18:56",0,"Which brl number is not comming, please share.","2026-07-17 09:48:56.387003","2026-07-17 09:48:56.387003"
8134,fc23d502-78eb-42fa-9153-d8a25fc122ce,TKT-1-202607-01721,292216,3,2,"2026-08-03 14:28:04",0,"whole quantity is replaced and the BRL stack has to be issued on Anna Darpan portal.","2026-08-03 08:58:03.985882","2026-08-03 08:58:03.985882"
8134,6488a896-4994-41f4-8ebc-f81b9e4cfc5f,TKT-1-202607-01721,292216,3,2,"2026-08-20 16:22:37",0,"kindly share HQ email Id","2026-08-20 10:52:37.410958","2026-08-20 10:52:37.410958"
8134,03a56e53-b184-4c51-94e8-c82e1c9af800,TKT-1-202607-01721,satish.d,2,3,"2026-07-30 16:35:06",0,"only when the whole brl quantity is replaced , lifting of old commodity happens, please ensure whole quantity is replaced","2026-07-30 11:05:05.847337","2026-07-30 11:05:05.847337"
8134,0405c0ac-8181-466b-984a-5c6805b128ed,TKT-1-202607-01721,292216,3,2,"2026-08-07 13:53:55",0,"GODOWNS ARE DIFFERENT","2026-08-07 08:23:54.582114","2026-08-07 08:23:54.582114"
8134,0a76fad2-83e1-45d4-a7e1-1baaae83cdeb,TKT-1-202607-01721,vikram6singh,1,2,"2026-07-13 15:06:59",1,"Please check.","2026-07-13 09:36:59.336485","2026-07-13 09:36:59.336485"
8134,227de722-25f1-4d5a-96de-53bd1059c0f4,TKT-1-202607-01721,satish.d,2,3,"2026-08-27 12:03:54",0,"Please check with your higher officers.","2026-08-27 06:33:53.643326","2026-08-27 06:33:53.643326"
8134,251f5521-ea9b-4e61-9403-d04356816d45,TKT-1-202607-01721,satish.d,2,3,"2026-08-17 11:56:12",0,"share your credentials to check this issue","2026-08-17 06:26:11.834133","2026-08-17 06:26:11.834133"
8134,3dd241d1-1faf-49f8-b3ae-3572b667fe22,TKT-1-202607-01721,292216,3,2,"2026-07-30 11:01:42",0,"Stack no. 2A11 was declared BRL by the inspection team in FSD Patran godown, BRL No. is not showing for lifting of BRL STOCK MODULE.Liting has to be done but BRL No. is not showing in the Lifting of BRL module for lifting to be done.","2026-07-30 05:31:42.249879","2026-07-30 05:31:42.249879"
8134,565220f7-a516-4f96-9e42-a4d8d1d14091,TKT-1-202607-01721,satish.d,2,3,"2026-07-13 16:15:07",0,"Which brl number is not comming, please share.","2026-07-13 10:45:07.446222","2026-07-13 10:45:07.446222"
8134,56b8db01-151b-49de-8307-276d8ee1abd5,TKT-1-202607-01721,292216,3,2,"2026-07-13 16:14:01",0,"BRL No. is not showing therefore it is not known","2026-07-13 10:44:00.922479","2026-07-13 10:44:00.922479"
8134,5c37db93-6cad-4e42-884b-4c9867671de6,TKT-1-202607-01721,satish.d,2,3,"2026-08-20 15:16:16",0,"if the stack status needs to be changed, please send mail through HQ","2026-08-20 09:46:16.091873","2026-08-20 09:46:16.091873"
8134,626e92ad-c62f-4618-90b4-659dee6fc130,TKT-1-202607-01721,satish.d,2,3,"2026-08-19 16:21:26",0,"please check the comment section","2026-08-19 10:51:25.982759","2026-08-19 10:51:25.982759"
8134,769dcb25-7a7a-4914-8a25-ce8ec3fc881b,TKT-1-202607-01721,shivaniyadav091298,2,7,"2026-09-10 15:43:43",0,"As per the user confirmation, we are closing this ticket. Thank you","2026-09-10 10:13:43.071383","2026-09-10 10:13:43.071383"
194,f5fdd061-1efb-4013-8778-62289a48ced6,TKT-1-202607-01723,vikram6singh,1,2,"2026-07-13 15:20:32",0,"Please check.","2026-07-13 09:50:31.934186","2026-07-13 09:50:31.934186"
194,e5caaec2-e2c2-42c3-8fdf-d25ba669626d,TKT-1-202607-01723,inish.d,2,3,"2026-07-16 12:40:31",0,"Sir/Madam, Please share the depot details and stack details.","2026-07-16 07:10:30.790232","2026-07-16 07:10:30.790232"
194,ca16b028-e796-4eb2-8ec3-a4b3d20e18c4,TKT-1-202607-01723,inish.d,2,3,"2026-07-22 11:59:01",0,"User mentioned as This ticket is Resolved. ticket is resolved.","2026-07-22 06:29:00.908900","2026-07-22 06:29:00.908900"
194,c3bcb7b8-7d59-44e8-b215-41a0e68f2205,TKT-1-202607-01723,sf17008_01,3,2,"2026-07-22 11:21:33",0,"This ticket is Resolved","2026-07-22 05:51:32.938359","2026-07-22 05:51:32.938359"
194,b4833f00-5d3d-4c8d-a2df-0540ac9cd0f3,TKT-1-202607-01723,inish.d,2,3,"2026-07-17 11:20:48",0,"Sir/Madam, please refer to the attached image (1B12.png) and confirm whether it is correct. Kindly provide more details regarding the issue and explain how this is being considered as a gain.","2026-07-17 05:50:47.987070","2026-07-17 05:50:47.987070"
194,a906415f-1fa2-4ee6-9849-c13c9163b29f,TKT-1-202607-01723,inish.d,2,7,"2026-07-22 11:59:35",0,"User mentioned as This ticket is Resolved. ticket is resolved.","2026-07-22 06:29:34.743554","2026-07-22 06:29:34.743554"
194,a8f2fa8c-f85c-452a-ae81-6bca78878aa4,TKT-1-202607-01723,sf17008_01,NULL,1,"2026-07-13 15:19:21",0,New,"2026-07-13 09:49:20.869621","2026-07-13 09:49:20.869621"
194,9650ecae-136f-4d3b-bec3-13773c4bf712,TKT-1-202607-01723,sf17008_01,3,2,"2026-07-16 10:39:49",0,"screenshot will be shared pls check sir","2026-07-16 05:09:49.166676","2026-07-16 05:09:49.166676"
194,8454521d-702f-4cbb-8bd9-fce714e354fa,TKT-1-202607-01723,sf17008_01,3,2,"2026-07-15 13:11:48",0,"screenshot is added so pls check and resolve the issue sir","2026-07-15 07:41:48.398278","2026-07-15 07:41:48.398278"
194,71fdc66a-eb80-4858-b418-12ec5509ee8b,TKT-1-202607-01723,anshu.r,2,3,"2026-07-13 15:26:42",0,"kindly share the supportive documents for our further investigation. For further assistance, please contact our support team at : 📞 1800-410-6688.","2026-07-13 09:56:42.086901","2026-07-13 09:56:42.086901"
194,590f52ff-d520-4926-aef8-671686d08c12,TKT-1-202607-01723,sf17008_01,3,2,"2026-07-17 10:29:42",0,"id : sf17008_01 , pwd : Depot@1234 , guralagondi , stack details : 1B/12","2026-07-17 04:59:42.477718","2026-07-17 04:59:42.477718"
194,50c98b7d-1329-4bb2-aab8-90e9ec9624cc,TKT-1-202607-01723,inish.d,3,2,"2026-07-22 11:59:25",0,"Assign back","2026-07-22 06:29:24.687297","2026-07-22 06:29:24.687297"
194,44415c1b-cf0c-419c-9ff9-a7a69211ba7c,TKT-1-202607-01723,inish.d,2,3,"2026-07-15 18:45:13",0,"Sir/Madam,Please share the error screenshot.","2026-07-15 13:15:13.342701","2026-07-15 13:15:13.342701"
194,20d1c32e-2ff2-45d4-a9e1-04d32d102bbe,TKT-1-202607-01723,sf17008_01,3,2,"2026-07-16 13:51:31",0,"Gurralagondi sf17008 (1B/12 STACK NO)","2026-07-16 08:21:30.653689","2026-07-16 08:21:30.653689"
194,129214e3-46de-40d6-8c8c-240bc3f1d9e3,TKT-1-202607-01723,inish.d,2,3,"2026-07-20 15:16:19",0,"Sir/Madam, please refer to the attached image (1B12.png) and confirm whether it is correct. Kindly provide more details regarding the issue and explain how this is being considered as a gain.","2026-07-20 09:46:19.042297","2026-07-20 09:46:19.042297"
194,10cc271b-9f92-4ec4-87a1-3a013717aabc,TKT-1-202607-01723,inish.d,2,3,"2026-07-16 16:34:38",0,"Please share the provide the depot details.","2026-07-16 11:04:37.880921","2026-07-16 11:04:37.880921"
194,8d42809e-064c-4e53-8e62-2a9d76dd9fdf,TKT-1-202607-01723,sf17008_01,3,2,"2026-07-20 15:12:13",0,"pls check and resolve sir","2026-07-20 09:42:13.197842","2026-07-20 09:42:13.197842"
1488,5379a4fd-583c-4df6-8171-212dc22b52ec,TKT-1-202607-01726,anshu.r,2,3,"2026-07-16 14:23:24",0,"The user was contacted over a call regarding the issue and was requested to provide a detailed explanation of the issue in the ticket comments for further analysis."","2026-07-16 08:53:23.566575","2026-07-16 08:53:23.566575"
1488,ee71a709-ae77-4322-8231-5371d4e2297b,TKT-1-202607-01726,220931,3,2,"2026-07-16 10:50:32",0,"I called back to the number on 14.07.26 , they told that call would be done from any member of team but no call has been received. you are again requested to allow system to show the reports of quality assets like chemical balance between two dates.","2026-07-16 05:20:31.892210","2026-07-16 05:20:31.892210"
1488,941dd88b-0cd6-4ed8-9f5a-cf76afa3d3f3,TKT-1-202607-01726,220931,NULL,1,"2026-07-13 15:22:29",0,New,"2026-07-13 09:52:28.560534","2026-07-13 09:52:28.560534"
1488,6189d073-2975-44dd-8ba0-050c5b0d7340,TKT-1-202607-01726,220931,3,2,"2026-07-17 12:11:21",0,"If we want to see the month end stock of the chemical of a depot at RO/DO level e.g as on 30.06.2026 so there is no option of selection of date. Only current stock of the chemical is displaying  as it was shown in the attached file .","2026-07-17 06:41:20.736747","2026-07-17 06:41:20.736747"
1488,58f19e14-edee-4687-a10c-c9ce75d907b3,TKT-1-202607-01726,satish.d,2,12,"2026-07-21 14:23:26",0,"Dear Sir/Madam, this is a change request. Kindly review and confirm","2026-07-21 08:53:26.397827","2026-07-21 08:53:26.397827"
1488,2af8f0b9-cdcf-48ac-8379-190847dfed5b,TKT-1-202607-01726,anshu.r,2,3,"2026-07-14 04:00:50",0,"Dear Sir/Ma'am , I have tried to contact but response awaited . For further assistance, please contact our support team at : 1800-410-6688","2026-07-14 04:00:49.613827","2026-07-14 04:00:49.613827"
1488,02055856-cf49-49a3-b44a-21bf2505b2b6,TKT-1-202607-01726,vikram6singh,1,2,"2026-07-13 15:44:21",0,"Please check.","2026-07-13 10:14:21.289606","2026-07-13 10:14:21.289606"
13037,948df3e8-c9f8-4634-a4f3-a8e9acb7732c,TKT-1-202607-01737,279184,NULL,1,"2026-07-13 16:12:47",0,New,"2026-07-13 10:42:47.498043","2026-07-13 10:42:47.498043"
13037,d7536c89-29ac-4ff1-9cde-bfedb30960e7,TKT-1-202607-01737,279184,3,2,"2026-08-03 15:22:56",0,"issue for RMSC","2026-08-03 09:52:55.946282","2026-08-03 09:52:55.946282"
13037,c819995e-17a9-4a9e-9c27-74c31c764071,TKT-1-202607-01737,inish.d,2,3,"2026-07-24 14:23:15",0,"Sir/Madam,  Please provide the login credentials so that we can proceed further.","2026-07-24 08:53:14.900759","2026-07-24 08:53:14.900759"
13037,c6b87618-87cc-4a91-b0d2-fa33f63d70ca,TKT-1-202607-01737,anshu.r,2,3,"2026-07-14 09:27:15",0,"For further assistance, please contact our support team at : 1800-410-6688kindly share the exact details of the issue with screenshot for our further investigation.","2026-07-14 03:57:15.425222","2026-07-14 03:57:15.425222"
13037,a13e4f52-a253-4098-93b5-766fc0cad3d4,TKT-1-202607-01737,inish.d,2,3,"2026-08-04 14:32:15",0,"Sir/Madam, Please share the stack details.","2026-08-04 09:02:14.791033","2026-08-04 09:02:14.791033"
13037,9b852cc7-152f-429b-a158-ca2dd4dbbb10,TKT-1-202607-01737,279184,3,2,"2026-08-14 11:27:05",0,"Kindly address this issue as early as possible.","2026-08-14 05:57:05.197741","2026-08-14 05:57:05.197741"
13037,9ae6d192-db45-4f67-a56f-8431f6296455,TKT-1-202607-01737,vikram6singh,1,2,"2026-07-13 16:45:43",0,"Please check.","2026-07-13 11:15:43.132276","2026-07-13 11:15:43.132276"
13037,97bb5ecb-00d9-45af-85b7-a6afb0c78264,TKT-1-202607-01737,inish.d,2,3,"2026-08-12 17:47:42",0,"Sir/Madam, Please share the documenet for RMC.","2026-08-12 12:17:42.093252","2026-08-12 12:17:42.093252"
13037,5dd42944-2ef1-48c8-905e-54109174cd32,TKT-1-202607-01737,inish.d,2,5,"2026-09-04 11:21:01",0,"Sir, Please look into this user's request and provide us more details to proceed","2026-09-04 05:51:00.936036","2026-09-04 05:51:00.936036"
13037,5732c5b5-ae93-4590-b57c-1af0e89fdfd3,TKT-1-202607-01737,279184,3,2,"2026-08-07 15:46:18",0,"kindly resolve this issue as early as possible.","2026-08-07 10:16:17.810052","2026-08-07 10:16:17.810052"
13037,14d81d7e-4a06-41c7-9105-44a1d1976f58,TKT-1-202607-01737,279184,3,2,"2026-07-20 20:01:46",0,"kindly resolve this issue as early as possible","2026-07-20 14:31:46.114625","2026-07-20 14:31:46.114625"
13037,07818ecb-0115-4e1b-a377-e5d81ac62b68,TKT-1-202607-01737,279184,3,2,"2026-07-29 15:39:37",0,"kindly provide RMC of stack after completion of stack","2026-07-29 10:09:37.498768","2026-07-29 10:09:37.498768"
13037,07631c55-71b6-46fa-8a39-2659f85fadf5,TKT-1-202607-01737,inish.d,2,3,"2026-07-29 21:40:25",0,"Sir/Madam, Please share the stack details.","2026-07-29 16:10:25.191383","2026-07-29 16:10:25.191383"
1312,191213c6-09b6-4e2a-9aab-7223b236d219,TKT-1-202607-01740,308378,NULL,1,"2026-07-13 16:43:53",0,New,"2026-07-13 11:13:52.652878","2026-07-13 11:13:52.652878"
1312,618cb8ef-a7e9-499a-b498-1b9a00569013,TKT-1-202607-01740,vikram6singh,1,2,"2026-07-13 16:45:28",0,"Please check.","2026-07-13 11:15:27.537059","2026-07-13 11:15:27.537059"
1312,b071fb58-ebe4-479f-a7f1-40bd215ad90e,TKT-1-202607-01740,Movement_admin,5,2,"2026-07-22 13:32:55",0,"need to provisioned. comments on scenarios of part placement had already shared to SI previously.","2026-07-22 08:02:55.059210","2026-07-22 08:02:55.059210"
1312,ebe761a9-f2af-4b93-b73c-a7e09deac96f,TKT-1-202607-01740,pooja.11,2,5,"2026-07-13 17:48:48",0,"Kindly look into the new requirement regarding to handle simultaneous Part-1 and Part-2 unloading.","2026-07-13 12:18:47.774803","2026-07-13 12:18:47.774803"
1312,f62ce23a-5fb9-40b3-916e-5cc7162358a0,TKT-1-202607-01740,anuj.s,2,12,"2026-07-25 16:32:09",0,"Please kindly approve it for CR consideration.","2026-07-25 11:02:09.305309","2026-07-25 11:02:09.305309"
5930,70b092d9-effe-47a7-98c0-f0ebdd666421,TKT-1-202607-01744,278352,3,2,"2026-07-15 11:45:52",0,"screenshot added . please look into this issue and get resolved as soon as possible","2026-07-15 06:15:52.082197","2026-07-15 06:15:52.082197"
5930,77410a58-de0c-4f8a-a8a0-5218ca0a1afb,TKT-1-202607-01744,umesh.k,2,5,"2026-08-03 09:39:32",0,"Dear Sir/Madam, Kindly review this change request. The user has requested to modify the vacant space calculation from commodity-wise (Storage Capacity - Opening Balance) to division-wise (Total Capacity - Total Stock) in IO Statement. Please confirm.","2026-08-03 04:09:31.760142","2026-08-03 04:09:31.760142"
5930,9b417594-0d20-4a91-be21-f5225e39b3c3,TKT-1-202607-01744,umesh.k,2,3,"2026-07-27 10:33:04",0,"Dear sir/madam, please check the comments added. Thank you","2026-07-27 05:03:03.643835","2026-07-27 05:03:03.643835"
5930,aac8590f-93d2-4903-a7a1-31d82c6ba4c1,TKT-1-202607-01744,278352,3,2,"2026-07-21 11:56:10",0,"please contact this number for this issue:8978850921","2026-07-21 06:26:10.175632","2026-07-21 06:26:10.175632"
5930,ad5868e5-126f-4ed5-a6ea-8a8796229ec0,TKT-1-202607-01744,278352,3,2,"2026-07-16 12:02:19",0,"please check and do needful asap","2026-07-16 06:32:18.627383","2026-07-16 06:32:18.627383"
5930,b968915e-88e6-4e40-b0e6-362570ff4764,TKT-1-202607-01744,inzemamul.h,2,3,"2026-07-13 17:34:39",0,"The screenshot shared by you is not visible at our end. Kindly share the screenshot again so that we may investigate the issue further. For further assistance, please contact our support team at : 📞 1800-410-6688.","2026-07-13 12:04:38.715176","2026-07-13 12:04:38.715176"
5930,ca10bf7f-ee85-4df1-93d6-153227c740df,TKT-1-202607-01744,278352,3,2,"2026-07-27 13:17:57",0,"The issue is not about calculation of vacant space but determining which quantities are to be considered for calculating vacant space. For better understanding, the attached data may please be perused.","2026-07-27 07:47:56.605225","2026-07-27 07:47:56.605225"
5930,ff58f7a0-7e51-4283-bc90-62b2e34bb75f,TKT-1-202607-01744,satish.d,2,3,"2026-07-15 16:06:31",0,"We will check and get back to you","2026-07-15 10:36:31.148486","2026-07-15 10:36:31.148486"
5930,1b2be3ae-c26f-4bb1-9021-987ab2ff7594,TKT-1-202607-01744,satish.d,2,12,"2026-09-03 12:17:09",0,"Dear Sir/Madam, Kindly review this change request. The user has requested to modify the vacant space calculation from commodity-wise (Storage Capacity - Opening Balance) to division-wise (Total Capacity - Total Stock) in IO Statement. Please confirm.","2026-09-03 06:47:08.733353","2026-09-03 06:47:08.733353"
5930,5dff1e36-793b-4d87-8357-cf0553524dff,TKT-1-202607-01744,vikram6singh,1,2,"2026-07-13 17:18:53",1,"Please check.","2026-07-13 11:48:53.004504","2026-07-13 11:48:53.004504"
5930,4d1612a0-b55b-4b4b-a9fb-b5e2c6954709,TKT-1-202607-01744,HA11_MOVEMENT_ADMIN,5,2,"2026-09-01 13:09:48",0,"please resolve the issue in consultation with S&C division","2026-09-01 07:39:47.630921","2026-09-01 07:39:47.630921"
5930,4cd02ffc-b368-4156-84c5-f1c1582ab296,TKT-1-202607-01744,278352,NULL,1,"2026-07-13 17:18:26",0,New,"2026-07-13 11:48:25.602247","2026-07-13 11:48:25.602247"
5930,2dcae0f8-dfcd-4daa-ae7c-8eb96298f770,TKT-1-202607-01744,umesh.k,2,3,"2026-07-30 11:35:44",0,"Dear Sudheer sir, we have gone through the attachment. could you please check the latest comments added and let us know if any further details or clarifications required to be addressed, Thank you","2026-07-30 06:05:44.007096","2026-07-30 06:05:44.007096"
5930,26a1a071-51ca-4b6f-a598-2302cfa99eb0,TKT-1-202607-01744,278352,3,2,"2026-07-20 17:31:43",0,"please contact this number:8978850921","2026-07-20 12:01:42.808520","2026-07-20 12:01:42.808520"
5930,0da61901-8535-4072-82d4-7c8151783279,TKT-1-202607-01744,278352,3,2,"2026-08-01 10:50:36",0,"Necessary changes may be taken up as proposed","2026-08-01 05:20:35.544980","2026-08-01 05:20:35.544980"
5930,005fcb2c-3b21-46cb-a860-96d0d1e6840c,TKT-1-202607-01744,umesh.k,2,3,"2026-07-17 11:14:30",0,"Dear sir/madam, please check the comments added. Thank you","2026-07-17 05:44:30.388668","2026-07-17 05:44:30.388668"
5930,6330bb44-d14a-4383-8cad-3d87264c1e51,TKT-1-202607-01744,inzemamul.h,2,3,"2026-07-20 17:42:32",0,"Kindly refer to the comment box.","2026-07-20 12:12:31.558358","2026-07-20 12:12:31.558358"
9806,37e89b9e-e239-47f9-9f5f-5591e0ea4c85,TKT-1-202607-01755,282570,7,10,"2026-07-17 17:36:51",0,"Sir, 1st BRL lot (Lot No. PS-989, Stack No. 9/9C524, BRL No. NC1306526FA1D1407260028) has been stacked successfully. However, Stack No. 9/9C524 is not visible for the remaining 5 BRL lots in AnnaDarpan. Kindly resolve the issue.","2026-07-17 12:06:50.820564","2026-07-17 12:06:50.820564"
9806,186a0b3b-bc09-4334-97e5-01664e29156c,TKT-1-202607-01755,vikram6singh,1,2,"2026-07-14 04:18:58",0,"Please check.","2026-07-14 04:18:58.470305","2026-07-14 04:18:58.470305"
9806,45c6192e-9739-4968-843d-ec5e0f576cae,TKT-1-202607-01755,282570,3,2,"2026-08-11 12:53:08",0,"5 BRL lots are pending.Using different stacks may create the same issue for remaining lots.Stacking alone wont solve the issue,as BRL stock also needs lifting and IRRS RECONCILATION.Kindly permit OTHER TRANSACTION to match stock with IRRS","2026-08-11 07:23:07.900289","2026-08-11 07:23:07.900289"
9806,501713bd-1eba-42d4-8149-74d8d37ff269,TKT-1-202607-01755,inzemamul.h,2,3,"2026-07-14 10:11:32",0,"Kindly refer to the comments box.","2026-07-14 04:41:32.002927","2026-07-14 04:41:32.002927"
9806,7ba140db-e56f-40b8-bc97-c17d047774bc,TKT-1-202607-01755,vikram6singh,10,2,"2026-07-21 14:35:26",0,"Please check.","2026-07-21 09:05:26.329708","2026-07-21 09:05:26.329708"
9806,806d0b86-1d5e-4aa8-a3fa-33d55a29b5b3,TKT-1-202607-01755,satish.d,2,3,"2026-07-29 19:04:14",0,"share the user credentials to check this issue","2026-07-29 13:34:14.424196","2026-07-29 13:34:14.424196"
9806,dfd19be6-a101-42f7-a63a-0cd00af81e97,TKT-1-202607-01755,satish.d,2,3,"2026-08-10 12:43:01",0,"Please be informed, for now please use different stacks to stack the lots, updates will be done in few days to support the stacking of BRL lots in the same stack","2026-08-10 07:13:01.158923","2026-08-10 07:13:01.158923"
9806,eee97ef4-d626-4fda-b569-e39dd0d77790,TKT-1-202607-01755,282570,3,2,"2026-07-16 09:20:25",0,"BRL replacement issue: After stacking the first replacement lot, the BRL stack is no longer visible on the portal. Hence, there is no option to stack the remaining replacement lots. Kindly guide and resolve the issue urgently.","2026-07-16 03:50:24.871940","2026-07-16 03:50:24.871940"
9806,f3ba80ff-e382-4abc-8f87-84e013e66834,TKT-1-202607-01755,vikram6singh,10,2,"2026-07-18 09:08:52",0,"Please check.","2026-07-18 03:38:51.858743","2026-07-18 03:38:51.858743"
9806,2c030eb6-908a-43b4-bf39-07bfe9b9aea1,TKT-1-202607-01755,282570,3,2,"2026-07-17 15:40:04",0,"1. NC1306526FA2D1407260028, 2. NC1306526FA4D1507260028, 3. NC1306526FA5D1507260028, 4. NC1306526FA6D150726002, 5. NC1306526FA7D1507260028","2026-07-17 10:10:04.049761","2026-07-17 10:10:04.049761"
9806,22325c86-5097-496e-91aa-fbc39cd5a0de,TKT-1-202607-01755,satish.d,2,7,"2026-07-17 17:01:31",0,"Please check the comment section.","2026-07-17 11:31:30.978347","2026-07-17 11:31:30.978347"
9806,124b9c60-e19f-4277-b43b-cbf30fb9545b,TKT-1-202607-01755,umesh.k,2,5,"2026-08-11 16:53:57",0,"Respected Sir/Madam,Kindly check our comments.","2026-08-11 11:23:56.533501","2026-08-11 11:23:56.533501"
9806,10823180-c6ed-43d7-a174-31b34d3e290d,TKT-1-202607-01755,282570,7,10,"2026-07-21 14:22:11",0,"Sir, BRL has been raised for the complete stack, not lot-wise.After stacking the first replacement lot against Stack No. 9/9C524 (BRL No. NC1306526FA1D1407260028), the remaining replacement lots are not visible in AnnaDarpan.Kindly verify the backend","2026-07-21 08:52:11.375363","2026-07-21 08:52:11.375363"
9806,0efc9e15-03e9-425b-ac70-4b5798a94939,TKT-1-202607-01755,satish.d,2,3,"2026-07-17 14:18:11",0,"Please share the brl number.","2026-07-17 08:48:11.353473","2026-07-17 08:48:11.353473"
9806,0ddf6c53-174d-4acd-aede-9f9ef8c40835,TKT-1-202607-01755,satish.d,2,7,"2026-07-20 14:50:53",0,"Please check the comment section.","2026-07-20 09:20:53.363023","2026-07-20 09:20:53.363023"
9806,0afdbfdf-c666-4eb3-b6f9-2f2c5f1e9291,TKT-1-202607-01755,282570,3,2,"2026-07-31 14:56:13",0,"User id :- 282570, pwd :- Depot@123","2026-07-31 09:26:12.805304","2026-07-31 09:26:12.805304"
9806,01cc136c-cfc2-43cf-8a45-51c67c9ca712,TKT-1-202607-01755,282570,NULL,1,"2026-07-14 09:19:13",0,New,"2026-07-14 03:49:13.318843","2026-07-14 03:49:13.318843"
1249,e8c14673-ce6c-4b01-a30e-632834dbd620,TKT-1-202607-01763,vikram6singh,1,2,"2026-07-14 14:15:15",0,"Please check.","2026-07-14 08:45:15.451346","2026-07-14 08:45:15.451346"
1249,cf96e0d8-c7ae-4a67-88de-e96cd1bd9963,TKT-1-202607-01763,anshu.r,2,7,"2026-08-01 11:39:32",0,"As per the telephonic conversation, the user has confirmed that the issue has been resolved; therefore, I am closing the ticket. . For any further assistance, please contact our support team at 1800-410-6688.","2026-08-01 06:09:31.847146","2026-08-01 06:09:31.847146"
1249,b226f35d-a270-4543-b87c-87d6ad2aa63e,TKT-1-202607-01763,171462,3,2,"2026-07-31 12:51:45",0,"Please contact on 8135845236","2026-07-31 07:21:45.394940","2026-07-31 07:21:45.394940"
1249,8c073776-4166-4fa1-a2b7-54f249bdeb63,TKT-1-202607-01763,171462,3,2,"2026-07-23 23:17:58",0,"No additional documents to be attached. Kindly resolve the issue at the earliest.","2026-07-23 17:47:58.185046","2026-07-23 17:47:58.185046"
1249,3dced74f-a9a4-4dc0-8f07-08df62ca65a2,TKT-1-202607-01763,171462,NULL,1,"2026-07-14 13:59:22",0,New,"2026-07-14 08:29:22.033521","2026-07-14 08:29:22.033521"
1249,7796cff2-9b33-48aa-894f-6a5147b52838,TKT-1-202607-01763,171462,7,8,"2026-09-02 17:14:10",0,CLOSED,"2026-09-02 11:44:10.394814","2026-09-02 11:44:10.394814"
1249,17b0739f-5242-4aeb-b285-7d0d20d0a0c4,TKT-1-202607-01763,anshu.r,2,3,"2026-07-14 14:20:36",0,"kindly share the supportive documents for our further investigation. For further assistance, please contact our support team at : 📞 1800-410-6688.","2026-07-14 08:50:36.219488","2026-07-14 08:50:36.219488"
1249,1c5caae7-32a6-4725-baac-5c39f89a6d85,TKT-1-202607-01763,umesh.k,2,3,"2026-07-27 11:37:58",0,"Dear sir/madam, once the rake is released. system will not allow to raise the quality complaint. we kindly request you to ensure to raise the quality before completing the rake operation. Thank you","2026-07-27 06:07:57.568712","2026-07-27 06:07:57.568712"
3308,ab677eee-6446-4d8c-9d56-0a9361f5f219,TKT-1-202607-01808,inish.d,2,12,"2026-07-23 11:31:46",0,"This is an entirely new requirement. Please provide us with more details about this feature so we can assess and implement it after receiving your confirmation.","2026-07-23 06:01:45.931928","2026-07-23 06:01:45.931928"
3308,d224eba0-f6bb-4387-a176-6e006929cedc,TKT-1-202607-01808,115324,NULL,1,"2026-07-15 11:28:00",0,New,"2026-07-15 05:57:59.634213","2026-07-15 05:57:59.634213"
3308,f72f423f-6789-4d6e-a2ec-8bb417f2de2c,TKT-1-202607-01808,vikram6singh,1,2,"2026-07-15 11:33:25",1,"Please check.","2026-07-15 06:03:25.417807","2026-07-15 06:03:25.417807"
2351,04f63107-6f99-4cac-8779-32860ed7d3dd,TKT-1-202607-01810,278305,NULL,1,"2026-07-15 11:31:31",0,New,"2026-07-15 06:01:31.291397","2026-07-15 06:01:31.291397"
2351,3a0697f6-e22c-43dd-85ca-6bec36b5b49e,TKT-1-202607-01810,satish.d,2,3,"2026-07-15 11:41:03",0,"Please check provided comments","2026-07-15 06:11:02.634823","2026-07-15 06:11:02.634823"
2351,512666d3-a357-4f78-ad5b-df7718d646b3,TKT-1-202607-01810,kshitiz.s,3,2,"2026-08-12 12:33:37",0,"Please check.","2026-08-12 07:03:37.373662","2026-08-12 07:03:37.373662"
2351,6de671b3-97ca-468e-9be3-57ee8b064328,TKT-1-202607-01810,vikram6singh,1,2,"2026-07-15 11:33:16",1,"Please check.","2026-07-15 06:03:15.946861","2026-07-15 06:03:15.946861"
2351,9ab54d0d-d759-428d-ba39-6588213b9c44,TKT-1-202607-01810,sanjeet.k,2,3,"2026-07-29 15:13:22",0,"Kindly share the **depot details** along with the **PV Team AD ID** credentials so that we can log in and verify the issue from our end.","2026-07-29 09:43:22.086393","2026-07-29 09:43:22.086393"
2351,b4034a20-3bb2-4dbd-baef-290062f1c57a,TKT-1-202607-01810,kshitiz.s,2,7,"2026-08-12 12:34:01",0,"Please refer to the comment section.","2026-08-12 07:04:00.663913","2026-08-12 07:04:00.663913"
2351,d15e6f76-1bfb-431b-b3df-ccd1bc0d713f,TKT-1-202607-01810,sanjeet.k,2,3,"2026-07-23 11:52:47",0,"As discussed over the call, the user was informed about the ZERO PV process and advised on the necessary steps.The user agreed to proceed accordingly and stated that he will update us on whether the issue is resolved or not for the further assistance","2026-07-23 06:22:46.729358","2026-07-23 06:22:46.729358"
2351,decbbeab-65b0-4a35-90ca-84f42c7d9479,TKT-1-202607-01810,278305,3,2,"2026-07-29 15:10:44",0,"issue not resolved","2026-07-29 09:40:44.007692","2026-07-29 09:40:44.007692"
2351,f3450d19-1335-4cb5-971c-4ca9f2d1ae9c,TKT-1-202607-01810,satish.d,3,2,"2026-07-17 09:55:17",0,"Please guide zero pv process to the user","2026-07-17 04:25:16.969597","2026-07-17 04:25:16.969597"
221,343eccbc-e129-403d-8715-9d8f1495b89d,TKT-1-202607-01816,satish.d,2,7,"2026-07-20 17:54:16",0,"Dear Sir/Madam, We hope the issue has been resolved. We are closing this ticket. If the issue still persists, please feel free to raise a new ticket, and we will be happy to assist you. Thank you.","2026-07-20 12:24:16.292599","2026-07-20 12:24:16.292599"
221,fb605e64-b80f-4cef-a465-b4434a2c0cd6,TKT-1-202607-01816,satish.d,2,3,"2026-07-16 14:32:49",0,"Kindly check the comment section","2026-07-16 09:02:49.027347","2026-07-16 09:02:49.027347"
221,dcc9540f-6eb7-4dcb-aef9-f85e942dff2e,TKT-1-202607-01816,108144,NULL,1,"2026-07-15 11:55:38",0,New,"2026-07-15 06:25:38.346831","2026-07-15 06:25:38.346831"
221,48c397b5-1a1c-4da7-ac76-9116105daf00,TKT-1-202607-01816,vikram6singh,1,2,"2026-07-15 11:59:04",0,"Please check.","2026-07-15 06:29:04.365783","2026-07-15 06:29:04.365783"
221,0ad85fec-151e-4be9-ac91-45a51eefe16c,TKT-1-202607-01816,satish.d,3,2,"2026-07-20 17:54:02",0,checking,"2026-07-20 12:24:01.550904","2026-07-20 12:24:01.550904"
43,240d6655-af5b-49ae-9fcb-e01a3e011b11,TKT-1-202607-01818,inish.d,2,12,"2026-07-17 10:06:32",0,"user asking Depot-wise CMR Receipt Report, KMS-wise, for any user-defined date range, seems like change request, please check and give your suggestions.","2026-07-17 04:36:32.111281","2026-07-17 04:36:32.111281"
43,3804491b-1a13-4a66-8b31-1d9f886a5a15,TKT-1-202607-01818,pooja.11,2,3,"2026-07-15 12:22:49",0,"You are kindly requested to please share the relevant screenshots and supporting documents, so that we may review the matter and determine the further course of action. For any assistance, please contact our support team at: 1800-410-6688.","2026-07-15 06:52:48.871543","2026-07-15 06:52:48.871543"
43,3fb5f36b-42b0-42e7-89ea-f78e7bca0e20,TKT-1-202607-01818,275474,3,2,"2026-07-16 10:39:51",0,"Screenshot Attached.","2026-07-16 05:09:50.582136","2026-07-16 05:09:50.582136"
43,b123a4b2-5227-4fa7-9b13-78f7778e92b4,TKT-1-202607-01818,275474,NULL,1,"2026-07-15 12:09:52",0,New,"2026-07-15 06:39:51.831911","2026-07-15 06:39:51.831911"
43,d761df84-9fcd-4817-9abe-0aaeebf6ddf0,TKT-1-202607-01818,vikram6singh,1,2,"2026-07-15 12:12:28",0,"Please check.","2026-07-15 06:42:28.368679","2026-07-15 06:42:28.368679"
356,d5863fb2-8515-49bb-9a20-7269fc461bba,TKT-1-202607-01825,anuj.s,3,2,"2026-07-15 13:10:58",0,"Please check","2026-07-15 07:40:57.903777","2026-07-15 07:40:57.903777"
356,faad9182-436f-41be-82ac-201bdba129a8,TKT-1-202607-01825,vikram6singh,1,2,"2026-07-15 12:32:32",1,"Please check.","2026-07-15 07:02:32.205731","2026-07-15 07:02:32.205731"
356,cc60132c-f53b-4195-8e31-a124d4577046,TKT-1-202607-01825,inish.d,3,2,"2026-07-17 16:58:31",0,assigned,"2026-07-17 11:28:30.659726","2026-07-17 11:28:30.659726"
356,bd463ec0-2d1c-4850-981a-9b7922bd39ea,TKT-1-202607-01825,kshitiz.s,3,2,"2026-09-08 14:57:26",0,"Please check","2026-09-08 09:27:26.136355","2026-09-08 09:27:26.136355"
356,b78f3121-c82e-4c43-a1eb-34d2c455f3b3,TKT-1-202607-01825,275474,NULL,1,"2026-07-15 12:24:00",0,New,"2026-07-15 06:53:59.806950","2026-07-15 06:53:59.806950"
356,a4391e0a-a6ec-46f8-858a-73394e804e0f,TKT-1-202607-01825,kshitiz.s,2,7,"2026-09-08 14:57:49",0,"Please refer to the comment section.","2026-09-08 09:27:48.717835","2026-09-08 09:27:48.717835"
356,86e262f5-32d6-4ac3-89ec-b688dfbb4d75,TKT-1-202607-01825,anuj.s,2,3,"2026-07-15 13:06:31",0,"Sir kindly share the contact details for further clarification.","2026-07-15 07:36:30.742499","2026-07-15 07:36:30.742499"
356,686d507e-9599-4133-be04-3523d5b12b2b,TKT-1-202607-01825,inish.d,2,3,"2026-08-03 11:52:55",0,"Sir/madam, Please generate the LCM and LB for the crop year and then check the Forgo rules.","2026-08-03 06:22:55.249687","2026-08-03 06:22:55.249687"
356,6854f1e7-5889-4ed5-8cb1-6bb5238c7a2e,TKT-1-202607-01825,275474,3,2,"2026-08-01 16:12:57",0,"Still it is unresolved","2026-08-01 10:42:57.366782","2026-08-01 10:42:57.366782"
356,5084be03-83f7-4617-9dc0-62ea6d58a969,TKT-1-202607-01825,inish.d,2,3,"2026-07-17 16:58:57",0,"Dear Sir/Madam,We are waiting for your response","2026-07-17 11:28:56.770444","2026-07-17 11:28:56.770444"
356,0f569cdf-7380-46a5-88f8-dc5739446960,TKT-1-202607-01825,inish.d,2,3,"2026-07-29 17:50:34",0,"Sir/madam, Please generate the LB for the crop year and then check the Forgo rules.","2026-07-29 12:20:34.448673","2026-07-29 12:20:34.448673"
356,1dcd6107-d2f1-4f84-bd2b-5b1490189264,TKT-1-202607-01825,inish.d,2,3,"2026-07-15 15:48:23",0,"Sir/madam, Please generate the LB for the crop year and then check the   Forgo rules.","2026-07-15 10:18:22.670464","2026-07-15 10:18:22.670464"
356,8cdebfad-3b45-4a59-af95-14bda059440f,TKT-1-202607-01825,275474,3,2,"2026-07-29 11:55:42",0,"As discussed over Telephone still the issue is Unresolved, Kindly do the needful","2026-07-29 06:25:42.271568","2026-07-29 06:25:42.271568"
161,46f1d77a-fef9-4fdb-a834-3d71f850220a,TKT-1-202607-01828,amitabh.k,5,7,"2026-07-20 23:21:28",0,"The master data has been updated, except for C.C. Blocks. Kindly check the items under all categories.","2026-07-20 17:51:27.535198","2026-07-20 17:51:27.535198"
161,fdc1cec3-b59f-45a0-9a8a-87bbbaf7d699,TKT-1-202607-01828,276378,NULL,1,"2026-07-15 12:30:33",0,New,"2026-07-15 07:00:32.613690","2026-07-15 07:00:32.613690"
161,dc9c415c-d922-48ef-a2a5-8a09d93c1dde,TKT-1-202607-01828,anshu.r,2,5,"2026-07-17 12:25:54",0,"Respected Sir , User has mentioned the left asset name in Comment box .","2026-07-17 06:55:53.556480","2026-07-17 06:55:53.556480"
161,cd73fb9d-b35d-48fd-9814-f4c829dedcb7,TKT-1-202607-01828,vikram6singh,10,2,"2026-08-29 13:32:14",0,"Please check.","2026-08-29 08:02:14.124163","2026-08-29 08:02:14.124163"
161,a8a53954-d0f3-464a-a587-c322c3e72173,TKT-1-202607-01828,fci_admin,5,2,"2026-07-16 12:10:31",0,"Most of the asset name is already present in master as oer checked with record till 15th July 2026. Please check the record and incorporate the missing asset in the master table,","2026-07-16 06:40:30.624322","2026-07-16 06:40:30.624322"
161,89c5d7d8-1ed3-42e1-ab09-27ccf9789e54,TKT-1-202607-01828,276378,7,10,"2026-08-29 13:28:38",0,"Hose Box/Hose box Pipe, Infrared Thermogun, Shuter Spring, G.I. Lath Patti & Duplicate Godown Key all of these assets are not added yet hence entry could not be made of the following assets.","2026-08-29 07:58:38.295421","2026-08-29 07:58:38.295421"
161,7a059151-fea0-4218-8a8e-ee4e611a6e3f,TKT-1-202607-01828,anshu.r,2,3,"2026-07-17 10:14:48",0,"As per telephonic discussion Please verify the asset which one is not added yet among of them and please mention that asset . For further assistance, please contact our support team at : 1800-410-6688","2026-07-17 04:44:48.305746","2026-07-17 04:44:48.305746"
161,6cb55e92-6a16-4a2a-b42f-34bd2d70f60c,TKT-1-202607-01828,anshu.r,2,7,"2026-08-29 14:00:27",0,"Kindly check comment","2026-08-29 08:30:27.022753","2026-08-29 08:30:27.022753"
161,37563c86-3f53-4648-8ce2-e3687f43ec52,TKT-1-202607-01828,anshu.r,2,5,"2026-07-15 14:41:20",0,"Respected Sir, Kindly do the needful to add the mentioned asset","2026-07-15 09:11:19.891142","2026-07-15 09:11:19.891142"
161,2f15639c-788f-4bd3-a6f9-bd6a8906b3f7,TKT-1-202607-01828,276378,7,8,"2026-08-29 14:07:42",0,close,"2026-08-29 08:37:42.384802","2026-08-29 08:37:42.384802"
161,23da69aa-f4a4-4def-9e5f-1ea1484ab20e,TKT-1-202607-01828,vikram6singh,1,2,"2026-07-15 12:32:19",0,"Please check.","2026-07-15 07:02:19.467412","2026-07-15 07:02:19.467412"
161,02543877-d7d5-4a8a-998d-685efd5e1604,TKT-1-202607-01828,276378,3,2,"2026-07-17 11:30:00",0,"Assests which are not added yet are mentioned below.","2026-07-17 05:59:59.610410","2026-07-17 05:59:59.610410"
2603,071c6cd5-4e07-45c2-9693-162aa264dc49,TKT-1-202607-01832,vikram6singh,1,2,"2026-07-15 12:42:27",1,"Please check.","2026-07-15 07:12:27.473589","2026-07-15 07:12:27.473589"
2603,cec2942d-dc8c-498f-972f-dcb66002fa62,TKT-1-202607-01832,130049,7,10,"2026-07-18 14:13:53",0,"Kindly clarify whether stock figures should be updated as per IRRS or DISFM ,as DISFM shows 2 decimals. Even after updating as per IRRS, fig. in Anna Darpan DISFM reflect only up to 2 decimals. Please confirm which month's stock needs to be edited.","2026-07-18 08:43:53.406402","2026-07-18 08:43:53.406402"
2603,cda4055a-cfbb-4eaf-ad4e-5d86c995d91c,TKT-1-202607-01832,vikram6singh,10,2,"2026-07-18 15:20:25",0,"Please check.","2026-07-18 09:50:24.691336","2026-07-18 09:50:24.691336"
2603,4cd6b14a-8a57-4658-9051-3073b4f779d0,TKT-1-202607-01832,satish.d,2,7,"2026-07-17 14:34:26",0,"Please check the comment section.","2026-07-17 09:04:26.275856","2026-07-17 09:04:26.275856"
2603,285d8c3e-c984-4886-80d2-d09153cd8c9e,TKT-1-202607-01832,satish.d,2,7,"2026-07-23 10:43:37",0,"It should be updated as per DISFM","2026-07-23 05:13:37.199920","2026-07-23 05:13:37.199920"
2603,658c08c0-f084-4117-b682-0e1dd67f365f,TKT-1-202607-01832,130049,NULL,1,"2026-07-15 12:38:10",0,New,"2026-07-15 07:08:10.287239","2026-07-15 07:08:10.287239"
628,b1386e83-e67c-4ec8-b4df-64f8ceebc91f,TKT-1-202607-01855,vikram6singh,1,2,"2026-07-15 13:55:22",1,"Please check.","2026-07-15 08:25:22.258335","2026-07-15 08:25:22.258335"
628,fe34c344-a896-46e8-8464-12322d624b2a,TKT-1-202607-01855,sanjeet.k,2,7,"2026-07-22 15:18:00",0,"As per the latest remarks from the user, he/she requested to close this ticket, hence marking this ticket as resolved accordingly.","2026-07-22 09:48:00.235060","2026-07-22 09:48:00.235060"
628,d571860a-cbae-4300-a279-b73cc783240b,TKT-1-202607-01855,ed12030_01,3,2,"2026-07-16 10:42:23",0,"Sir/ Mam, my contact number is 983881724. please call me as early as possible.","2026-07-16 05:12:22.973014","2026-07-16 05:12:22.973014"
628,c3faa39d-e1f7-438c-bf56-541a5c06f800,TKT-1-202607-01855,sanjeet.k,2,3,"2026-07-17 10:22:22",0,"Kindly share the contact number properly as the number given by you is of 9 digits hence it is not reachable.","2026-07-17 04:52:21.720440","2026-07-17 04:52:21.720440"
628,aa1682a2-f3bd-4aaa-bd01-a64ec1cac3ba,TKT-1-202607-01855,ed12030_01,3,2,"2026-07-20 16:19:58",0,"sir/ mam, my contact no. is 9835881724. please call me sir/mam.","2026-07-20 10:49:57.947923","2026-07-20 10:49:57.947923"
628,7765473b-d47a-4c4b-a81d-4ea97e58da78,TKT-1-202607-01855,ed12030_01,NULL,1,"2026-07-15 13:35:22",0,New,"2026-07-15 08:05:21.815882","2026-07-15 08:05:21.815882"
628,65b2f554-bdde-4617-8715-366c1a1ee341,TKT-1-202607-01855,sanjeet.k,2,3,"2026-07-15 17:54:07",0,"kindly share the contact details for the further assistance.","2026-07-15 12:24:07.170284","2026-07-15 12:24:07.170284"
628,4ca724c8-9d97-4069-b96f-a67a29a0d218,TKT-1-202607-01855,ed12030_01,3,2,"2026-07-22 14:57:10",0,"Please close this ticket.","2026-07-22 09:27:10.208201","2026-07-22 09:27:10.208201"
628,02726733-13e5-4bd6-b741-1d32fa4a7a52,TKT-1-202607-01855,sanjeet.k,2,3,"2026-07-21 12:26:01",0,"As per discussed over the call, kindly elaborate the issue in the comment section for the further assistance.","2026-07-21 06:56:00.598621","2026-07-21 06:56:00.598621"
5354,b432b8cd-3253-4d07-a888-3e13bb296bee,TKT-1-202607-01868,vikram6singh,2,5,"2026-09-05 09:52:34",0,"Forwarding to IT for necessary policy clarification.","2026-09-05 04:22:33.861256","2026-09-05 04:22:33.861256"
5354,ee77677e-ff4c-48ae-a628-0aaf82976f95,TKT-1-202607-01868,109289,3,2,"2026-07-17 13:37:41",0,"PLEASE SEE COMMET SECTION","2026-07-17 08:07:40.910267","2026-07-17 08:07:40.910267"
5354,e416a959-3aba-4512-a529-edcbde4aced5,TKT-1-202607-01868,vikram6singh,1,2,"2026-07-15 14:27:53",0,"Please check.","2026-07-15 08:57:53.025928","2026-07-15 08:57:53.025928"
5354,b1d26f3a-6198-494e-8050-1041a94a6e53,TKT-1-202607-01868,Movement_admin,5,2,"2026-07-30 15:08:02",0,"Requirement as per operational prospective. However, confirmation may be sought from Stocks Divn.","2026-07-30 09:38:01.542951","2026-07-30 09:38:01.542951"
5354,aeebffab-8c13-4b74-b15e-0ff1632ca669,TKT-1-202607-01868,109289,NULL,1,"2026-07-15 14:20:32",0,New,"2026-07-15 08:50:31.558681","2026-07-15 08:50:31.558681"
5354,9701f9ae-4f2a-4222-89ff-b1184ab5d09d,TKT-1-202607-01868,umesh.k,2,3,"2026-07-16 12:32:55",0,"Dear Sir/Madam, This feature is already available in Anna Darpan. The Gross Weight is displayed in the Out Weight section. Kindly verify this from your end. Thank you.","2026-07-16 07:02:54.610271","2026-07-16 07:02:54.610271"
5354,7786eda5-2839-450c-a1b9-7eb65b39c052,TKT-1-202607-01868,vikram6singh,2,5,"2026-07-24 15:26:31",0,"Respected Sir, Please do confirm regarding the inclusion of Gross weight of Truck  as "Tare Weight of Truck + Empty Bags Weight + Net Weight",  Gross weight of Food Grain as  "Gross Weight of Truck - Tare Weight of truck".","2026-07-24 09:56:30.755624","2026-07-24 09:56:30.755624"
5354,04d0a7d8-1edc-449b-a85c-0a52d3ae4dec,TKT-1-202607-01868,HA11_MOVEMENT_ADMIN,5,2,"2026-09-01 13:08:55",0,"policy related matter","2026-09-01 07:38:54.685467","2026-09-01 07:38:54.685467"
5354,249ba3ab-5c2d-4bb9-a6e3-96d53873dabc,TKT-1-202607-01868,vikram6singh,2,5,"2026-07-30 16:34:53",0,"Respected Sir, Please do confirm regarding the inclusion of Gross weight of Truck as "Tare Weight of Truck + Empty Bags Weight + Net Weight", Gross weight of Food Grain as "Gross Weight of Truck - Tare Weight of truck" at Out Weight only.","2026-07-30 11:04:53.288099","2026-07-30 11:04:53.288099"
5354,0e2be652-1630-4cef-9ac8-1fb3205d73e2,TKT-1-202607-01868,vikram6singh,2,5,"2026-07-24 18:27:44",0,"Respected Sir, Please do confirm regarding the inclusion of Gross weight of Truck as "Tare Weight of Truck + Empty Bags Weight + Net Weight", Gross weight of Food Grain as "Gross Weight of Truck - Tare Weight of truck" at Out Weight only.","2026-07-24 12:57:43.936261","2026-07-24 12:57:43.936261"
5354,a59692df-c190-4000-be88-6125e0637680,TKT-1-202607-01868,vikram6singh,5,2,"2026-07-24 18:25:30",0,"Please check.","2026-07-24 12:55:29.758076","2026-07-24 12:55:29.758076"
1365,a15858a2-fff3-4bfc-818d-d1b57decc788,TKT-1-202607-01869,vikram6singh,1,2,"2026-07-15 14:27:46",0,"Please check.","2026-07-15 08:57:45.791621","2026-07-15 08:57:45.791621"
1365,e1817108-90d9-4246-a954-dddf32a793f9,TKT-1-202607-01869,308378,NULL,1,"2026-07-15 14:23:24",0,New,"2026-07-15 08:53:24.134717","2026-07-15 08:53:24.134717"
1365,e12c053d-747c-4bfc-b045-d9957df9442a,TKT-1-202607-01869,308378,3,2,"2026-07-15 14:59:51",0,"refer comment","2026-07-15 09:29:51.158565","2026-07-15 09:29:51.158565"
1365,ca146598-292b-496b-b979-1b34058a72cd,TKT-1-202607-01869,anuj.s,2,3,"2026-07-15 14:30:33",0,"You are kindly requested to please share the relevant screenshots and supporting documents, so that we may review the matter and determine the further course of action.","2026-07-15 09:00:32.562702","2026-07-15 09:00:32.562702"
1365,a57bb765-44b5-4502-9ed1-a80e5a45507d,TKT-1-202607-01869,308378,3,2,"2026-08-04 12:09:51",0,"please provided new/separate report for this.","2026-08-04 06:39:51.159965","2026-08-04 06:39:51.159965"
1365,7bfde309-9e71-48bb-89f1-58532389470b,TKT-1-202607-01869,308378,3,2,"2026-07-15 17:36:20",0,"please send this to concern section for further necessary approval.","2026-07-15 12:06:20.496346","2026-07-15 12:06:20.496346"
1365,6b286820-7247-4113-9983-fa61e51b8905,TKT-1-202607-01869,umesh.k,2,3,"2026-07-15 16:01:30",0,"Dear sir, We have never received this requirement for any of the reports.","2026-07-15 10:31:29.687767","2026-07-15 10:31:29.687767"
1365,6a1ef8cc-d6ac-4297-8448-e1136dbe2d5d,TKT-1-202607-01869,umesh.k,2,3,"2026-07-15 18:39:26",0,"Dear sir, in which report you want this remarks column, kindly mention the report name. so that we can get approval from concern person.","2026-07-15 13:09:25.646219","2026-07-15 13:09:25.646219"
1365,030a6ca9-1b0e-4dc0-9874-476e6b3b83c9,TKT-1-202607-01869,umesh.k,2,5,"2026-08-07 14:20:36",0,"Sir/Madam, the user is requesting to add a new report named remarks report. Kindly verify the requirement and provide the necessary details as well as kndly provide report format for it.","2026-08-07 08:50:35.588016","2026-08-07 08:50:35.588016"
386,5dbe248a-583a-48c0-acd4-de8e0820f3d0,TKT-1-202607-01870,276799,NULL,1,"2026-07-15 14:23:46",0,New,"2026-07-15 08:53:45.665187","2026-07-15 08:53:45.665187"
386,f4e6f933-50e1-4e61-b83b-b0c1337398c6,TKT-1-202607-01870,vikram6singh,1,2,"2026-07-15 14:27:24",1,"Please check.","2026-07-15 08:57:23.961454","2026-07-15 08:57:23.961454"
386,ed295311-9aca-4dc4-b3a6-a392a56f764a,TKT-1-202607-01870,umesh.k,2,3,"2026-07-16 15:57:14",0,"Dear Sir/Madam, Upon verifying the movement, we found that its status is Wagon Updated. Once the wagon updation has been completed, Depot-Wise Wagon Planning cannot be performed for that movement. Thank you.","2026-07-16 10:27:14.358532","2026-07-16 10:27:14.358532"
386,e80811bb-c3bf-4cd3-8e24-3e9592dda9d4,TKT-1-202607-01870,umesh.k,2,3,"2026-07-15 14:41:51",0,"Dear Sir/Madam, Kindly share a screenshot of the issue you are encountering. This will help us investigate the issue and provide the appropriate assistance. Thank you.","2026-07-15 09:11:50.581460","2026-07-15 09:11:50.581460"
386,c782bea1-54fc-4275-8e78-70a8989d8e5e,TKT-1-202607-01870,276799,3,2,"2026-07-21 13:11:12",0,"we have not updated any wagon on AD. There is no option to update wagon at the recipient depot. If, it is available then pls mention the workflow. Thank you.","2026-07-21 07:41:12.026261","2026-07-21 07:41:12.026261"
386,65c76bb2-f2e7-4a83-931d-b2ac09101a19,TKT-1-202607-01870,umesh.k,2,3,"2026-07-21 14:27:56",0,"Dear sir/madam, please check the comments added. Thank you","2026-07-21 08:57:56.209584","2026-07-21 08:57:56.209584"
386,43a4fe14-e5a9-4c1a-898a-8de454140c15,TKT-1-202607-01870,276799,3,2,"2026-07-16 13:27:29",0,"i have attached the screenshot. pls resolve the problem","2026-07-16 07:57:29.458458","2026-07-16 07:57:29.458458"
386,3d2acaaf-1d75-4284-b1d7-5c90553ae1bd,TKT-1-202607-01870,inzemamul.h,2,7,"2026-07-25 11:54:03",0,"Kindly refer to the comment box.","2026-07-25 06:24:02.506798","2026-07-25 06:24:02.506798"
386,33b73355-32a9-48ca-a8b7-a3926fff55aa,TKT-1-202607-01870,276799,3,2,"2026-07-24 11:01:25",0,"Kindly make FCSC (FSD Chandari) railhead, as the full rake is being unloaded at two locations. If this is not done Anna Darpan would be useless for me.","2026-07-24 05:31:24.702719","2026-07-24 05:31:24.702719"
386,084c8776-7297-429a-8f90-929a021cfdb3,TKT-1-202607-01870,umesh.k,2,3,"2026-07-23 11:37:56",0,"Dear sir/madam, please check the latest comment added by "umesh.k". Thank you","2026-07-23 06:07:55.647093","2026-07-23 06:07:55.647093"
386,068ddf98-0f2b-40c7-8bd1-d8622c0efa0e,TKT-1-202607-01870,276799,3,2,"2026-07-23 11:10:34",0,"what should i check. pls be specific","2026-07-23 05:40:33.507965","2026-07-23 05:40:33.507965"
1391,5d0364d3-440d-4184-b149-5c881bd723e0,TKT-1-202607-01875,umesh.k,2,5,"2026-07-15 15:50:18",0,"Kindly refer comment section for more information.","2026-07-15 10:20:17.841077","2026-07-15 10:20:17.841077"
1391,d4a97281-abdf-42ee-a593-3e2a3df222c5,TKT-1-202607-01875,292215,NULL,1,"2026-07-15 14:38:25",0,New,"2026-07-15 09:08:24.671981","2026-07-15 09:08:24.671981"
1391,c1916efd-aa55-4223-8aa1-e388dcb27789,TKT-1-202607-01875,umesh.k,2,12,"2026-07-20 14:36:45",0,"The RO Report currently shows the pending quantity as Total Quantity - Issued Quantity within the selected date range. Users has requested to display the current live pending quantity instead Kindly review and confirm whether this change is required.","2026-07-20 09:06:45.110453","2026-07-20 09:06:45.110453"
1391,b68b5c8d-e717-44ce-88fc-9d46e0e3c1bd,TKT-1-202607-01875,fci_admin,5,2,"2026-07-16 11:33:40",0,"Please share proper report as there is a provision of reducing balance concept","2026-07-16 06:03:39.690311","2026-07-16 06:03:39.690311"
1391,97293abd-ae4a-4338-bde0-8b7699d8c561,TKT-1-202607-01875,richa.k,2,3,"2026-07-15 15:23:40",0,"As discussed on call (9629304225) please re-attached documents once again so that we can check the issue,For any further assistance, please contact our support team at:📞1800-410-6688.","2026-07-15 09:53:40.044278","2026-07-15 09:53:40.044278"
1391,562f68c3-2e64-4856-9bda-8da80eeb9010,TKT-1-202607-01875,292215,3,2,"2026-07-15 15:27:37",0,Attached,"2026-07-15 09:57:37.060684","2026-07-15 09:57:37.060684"
1391,1fbf5842-c09a-4b48-b47d-6972c11f9478,TKT-1-202607-01875,richa.k,2,3,"2026-07-15 14:57:44",0,"Please refer the comment section and shared details, For Further assistance, please contact our Support team. PH: 1800 410 6688.","2026-07-15 09:27:43.775346","2026-07-15 09:27:43.775346"
1391,1bf60993-68e3-47b9-948d-4b67cebcdb3a,TKT-1-202607-01875,292215,3,2,"2026-07-15 15:00:17",0,"Re attached the documents .","2026-07-15 09:30:17.453569","2026-07-15 09:30:17.453569"
1391,10a29387-3e4c-4f74-b126-0741857e6fa2,TKT-1-202607-01875,vikram6singh,1,2,"2026-07-15 14:46:54",1,"Please check.","2026-07-15 09:16:53.955948","2026-07-15 09:16:53.955948"
18336,29d3118a-7d40-4c58-bd65-29f269d8a831,TKT-1-202607-01904,vikram6singh,10,2,"2026-07-24 13:00:40",0,"Please check","2026-07-24 07:30:39.522013","2026-07-24 07:30:39.522013"
18336,e6ac5a6e-7852-45c5-9fd9-ab8b1948be5f,TKT-1-202607-01904,120042,7,10,"2026-07-24 11:57:28",0,"problem not resolved yet. please see the matter.","2026-07-24 06:27:27.688487","2026-07-24 06:27:27.688487"
18336,a98edefd-4d98-4a7d-8ff9-aa7867866a78,TKT-1-202607-01904,richa.k,2,3,"2026-07-15 16:06:08",0,"As discussed on call please send mail to HQ in proper channel for further action, For further assistance, please contact our support team at:📞 1800‑410‑6688.","2026-07-15 10:36:08.122495","2026-07-15 10:36:08.122495"
18336,a1ab2494-278b-4ac4-ad96-52951eb0a448,TKT-1-202607-01904,satish.d,2,3,"2026-08-27 11:56:40",0,"Once we received the mail we will get back to you.","2026-08-27 06:26:40.281194","2026-08-27 06:26:40.281194"
18336,8c56d20a-60d4-430b-8b63-792b231019f6,TKT-1-202607-01904,120042,NULL,1,"2026-07-15 15:02:46",0,New,"2026-07-15 09:32:46.387692","2026-07-15 09:32:46.387692"
18336,6bf4b2c8-f47e-43dc-877e-2501f1ea08ad,TKT-1-202607-01904,satish.d,2,7,"2026-07-22 20:04:49",0,"Once we received the mail we will get back to you.","2026-07-22 14:34:49.120426","2026-07-22 14:34:49.120426"
18336,3de41a10-30c4-4c81-ae4a-9cc11f21deab,TKT-1-202607-01904,vikram6singh,1,2,"2026-07-15 15:06:33",0,"Please check.","2026-07-15 09:36:32.691768","2026-07-15 09:36:32.691768"
18336,250ce4bb-d28d-4dd5-be42-fed171d4fa5b,TKT-1-202607-01904,120042,3,2,"2026-09-09 12:16:27",0,"problem still unresolved, please see","2026-09-09 06:46:26.552407","2026-09-09 06:46:26.552407"
18336,2128de27-1536-48e0-ac65-24961ba6d4de,TKT-1-202607-01904,120042,3,2,"2026-07-15 16:09:33",0,"email sent to FCI DO Ajmer/RO Jaipur alongwith copy to Annadarpan HQrs.","2026-07-15 10:39:33.445524","2026-07-15 10:39:33.445524"
18336,8c162d5a-2f07-4cf3-a9cb-a9de8fc0247c,TKT-1-202607-01904,richa.k,2,5,"2026-09-10 18:03:12",0,"Respected Sir, please refer the comment section and confirm the same.","2026-09-10 12:33:12.079443","2026-09-10 12:33:12.079443"
1558,b8c75220-1884-4d59-87b2-fad6d69f811e,TKT-1-202607-01918,umesh.k,2,12,"2026-07-20 14:31:47",0,"Sir/Madam, the user is requesting to add Monthly stock account statement (MSA ) (Part 1, part 2, part 3) in the reports at DO Level. Kindly verify the requirement and provide the necessary details.","2026-07-20 09:01:46.931104","2026-07-20 09:01:46.931104"
1558,d0bb7b6c-c88c-43ba-a69f-32d789e6d214,TKT-1-202607-01918,vikram6singh,1,2,"2026-07-15 16:47:31",0,"Please check.","2026-07-15 11:17:30.785476","2026-07-15 11:17:30.785476"
1558,eee1b52e-76d5-45ff-a005-08d4d3bcc364,TKT-1-202607-01918,315824,NULL,1,"2026-07-15 16:37:50",0,New,"2026-07-15 11:07:50.083004","2026-07-15 11:07:50.083004"
2188,9a9bf5c8-bc6b-416b-a3cb-a8984f0ff68a,TKT-1-202607-01931,241751,3,2,"2026-08-10 15:08:56",0,"Issue for 1st fortnight June-26 has been resolved. But Data entry for 2nd fortnight of June-26 and 1st & 2nd fortnight of July-26 yet to be completed, for this please allow modification/entry so that the entry may be completed at the earliest.","2026-08-10 09:38:56.088254","2026-08-10 09:38:56.088254"
2188,ee95efef-0454-42cc-aeb0-1e9060bf52ac,TKT-1-202607-01931,satish.d,2,3,"2026-07-16 10:38:20",0,"Edit can be done in the edit page until the records are approved, if it is approved please send a mail to HQ for this case","2026-07-16 05:08:20.291264","2026-07-16 05:08:20.291264"
2188,ee7752a7-4e2b-4308-a819-d253a29eab40,TKT-1-202607-01931,satish.d,2,3,"2026-08-17 12:52:15",0,"edit functionality for the approved entry has been released , please raise a request to edit the data and get it approved, so you can proceed with the required data updation","2026-08-17 07:22:15.235165","2026-08-17 07:22:15.235165"
2188,4c989b11-5ca1-47ef-8260-7558a91da387,TKT-1-202607-01931,241751,NULL,1,"2026-07-15 17:57:44",0,New,"2026-07-15 12:27:44.080158","2026-07-15 12:27:44.080158"
2188,3915ccfa-b13b-4a03-8ee8-9fa380c99be8,TKT-1-202607-01931,kshitiz.s,2,7,"2026-09-08 15:14:07",0,"Please refer to the comment section.","2026-09-08 09:44:06.604358","2026-09-08 09:44:06.604358"
2188,237dc534-b0bd-4ee0-bdd1-fd4f48b17f22,TKT-1-202607-01931,vikram6singh,1,2,"2026-07-15 17:58:02",0,"Please check.","2026-07-15 12:28:02.113987","2026-07-15 12:28:02.113987"
2188,1c0b69e1-860d-41b9-8065-bc41c5e880cc,TKT-1-202607-01931,kshitiz.s,3,2,"2026-09-08 15:13:39",0,"Please check","2026-09-08 09:43:38.821910","2026-09-08 09:43:38.821910"
9730,aecc15ff-ed04-47dd-9c91-410bb176fd4f,TKT-1-202607-01934,inish.d,2,3,"2026-08-20 20:02:28",0,"Sir/Madam, Issue is fixed. Please check it.","2026-08-20 14:32:28.178848","2026-08-20 14:32:28.178848"
9730,b94cf6fa-b38b-4447-9160-bd438e98ad38,TKT-1-202607-01934,wc22008_10,NULL,1,"2026-07-15 19:00:57",0,New,"2026-07-15 13:30:57.237921","2026-07-15 13:30:57.237921"
9730,bd3749c0-a855-4bb4-937d-1c3fd038032c,TKT-1-202607-01934,vikram6singh,1,2,"2026-07-16 09:07:11",1,"Please check.","2026-07-16 03:37:11.148781","2026-07-16 03:37:11.148781"
9730,beda98ec-8c72-4c9d-a16f-2878ac2dd6ac,TKT-1-202607-01934,inzemamul.h,2,3,"2026-08-04 16:43:37",0,"kindly refer to the comment box.","2026-08-04 11:13:37.238573","2026-08-04 11:13:37.238573"
9730,c577719c-b9fa-41c9-af93-d10e4f4162d6,TKT-1-202607-01934,richa.k,2,3,"2026-07-21 13:23:37",0,"Please share complete details of other transaction and stack card details to proceed further.","2026-07-21 07:53:36.559496","2026-07-21 07:53:36.559496"
9730,c8f2b3f5-42ed-4607-82b7-b354ca1d7712,TKT-1-202607-01934,richa.k,2,3,"2026-07-16 10:48:44",0,"Please share your contact details along with User id and password so that we can check the issue, For any further assistance, please contact our support team at : 1800-410-6688.","2026-07-16 05:18:44.253169","2026-07-16 05:18:44.253169"
9730,cd3932f7-5549-463e-bdae-31a3f8271eb0,TKT-1-202607-01934,wc22008_10,3,2,"2026-08-21 11:38:42",0,"1A09 stack is nil now, there is balance of 27 bags in 1A11 stack.","2026-08-21 06:08:42.272798","2026-08-21 06:08:42.272798"
9730,cf1b461e-a1d0-4d9c-953c-f1e0a5797a94,TKT-1-202607-01934,wc22008_10,3,2,"2026-08-10 12:24:21",0,"While doing other transaction inward 1A09 & other transaction outward 1A11, error is showing which is attached for information...","2026-08-10 06:54:21.446647","2026-08-10 06:54:21.446647"
9730,d859f414-f979-4b01-b8cf-3bfa5df8e76e,TKT-1-202607-01934,shivaniyadav091298,3,2,"2026-09-11 14:21:38",0,"Please check","2026-09-11 08:51:38.416835","2026-09-11 08:51:38.416835"
9730,e24bfdf2-4e3d-4e62-8b94-38a1b2670eb8,TKT-1-202607-01934,inzemamul.h,2,7,"2026-07-27 10:37:08",0,"kindly refer to the comment box.","2026-07-27 05:07:08.144640","2026-07-27 05:07:08.144640"
9730,e3c2c352-2219-40ab-9a0a-de10b38bd8e0,TKT-1-202607-01934,inish.d,2,3,"2026-08-12 18:21:46",0,"Sir/Madam, The error comes because 27 bags with 19.72565 QTLS give ~73 Kg/bag, above the 65.753 Kg limit for SBT[580]. Reduce qty to ≤17.75 QTLS with 27 bags, or use ≥30 bags for this qty, then save again.","2026-08-12 12:51:46.018326","2026-08-12 12:51:46.018326"
9730,e8001c30-728c-4cdd-83b1-bca0b6bd3d2b,TKT-1-202607-01934,vikram6singh,2,3,"2026-08-07 17:07:07",0,"Please refer the comment box.","2026-08-07 11:37:07.175600","2026-08-07 11:37:07.175600"
9730,eac9902a-d95e-4215-a824-4353962a224c,TKT-1-202607-01934,wc22008_10,3,2,"2026-08-12 17:57:45",0,"need solution","2026-08-12 12:27:45.199800","2026-08-12 12:27:45.199800"
9730,ec621967-14c9-4012-b4cb-2d39aaacf550,TKT-1-202607-01934,inish.d,2,3,"2026-08-13 11:34:33",0,"Sir/Madam,  Please provide the login credentials so that we can proceed further.","2026-08-13 06:04:32.507534","2026-08-13 06:04:32.507534"
9730,f2dfcee0-2d51-4fdd-bfe1-e8ff4050f774,TKT-1-202607-01934,vikram6singh,10,2,"2026-08-03 13:14:16",0,"Please check.","2026-08-03 07:44:15.801179","2026-08-03 07:44:15.801179"
9730,0f499ad4-a498-4d67-9570-526301a23299,TKT-1-202607-01934,wc22008_10,3,2,"2026-08-31 16:36:55",0,"Need to match the Wheat FAQ 2025-26 stock with IRRS. The correct balance of Wheat FAQ 2025-26 is 1807.26348 Qtl.","2026-08-31 11:06:54.804641","2026-08-31 11:06:54.804641"
9730,f545b2dc-a9c3-46a1-8a63-9fdac5fae86b,TKT-1-202607-01934,wc22008_10,3,2,"2026-08-11 11:02:16",0,"Region- Maharashtra, District- DO Amravati, Depot- CW Akola-II, Lagin Id- wc22008_10, Password- Anna@123.","2026-08-11 05:32:15.654785","2026-08-11 05:32:15.654785"
9730,fa734843-6421-4ae5-97a6-58e9cf5070fd,TKT-1-202607-01934,inish.d,2,3,"2026-08-12 12:47:51",0,"Sir/Madam,The error appears because 27 bags with 19.72565 QTLS implies ~73 Kg per bag, which exceeds the allowed maximum of 65.753 Kg per bag for bag type SBT[580]. Adjust bags or quantity so the average per-bag weight is within the allowed range.","2026-08-12 07:17:51.043272","2026-08-12 07:17:51.043272"
9730,fea3535f-edb7-4b4e-aa6e-8070811c8188,TKT-1-202607-01934,wc22008_10,3,2,"2026-08-04 17:33:56",0,"As we did as per your suggestion, the issue is still not resolved. Please explain over call on 8600094205.","2026-08-04 12:03:55.837648","2026-08-04 12:03:55.837648"
9730,9d9b6b10-4b29-402c-9b56-43708e8ed60d,TKT-1-202607-01934,inish.d,2,3,"2026-07-24 11:45:18",0,"Sir/Madam,  Please provide the login credentials so that we can proceed further.","2026-07-24 06:15:17.538005","2026-07-24 06:15:17.538005"
9730,a80f6b32-3d82-4b90-a254-42c2fed22446,TKT-1-202607-01934,wc22008_10,3,2,"2026-08-12 11:58:26",0,"please check attachment.","2026-08-12 06:28:25.572156","2026-08-12 06:28:25.572156"
9730,03d996db-f8ce-4496-84ce-5ec8e14e8694,TKT-1-202607-01934,inish.d,2,3,"2026-09-03 19:15:39",0,"Sir/Madam, The error comes because 27 bags with 19.72565 QTLS give ~73 Kg/bag, above the 65.753 Kg limit for SBT[580]. Reduce qty to ≤17.75 QTLS with 27 bags, or use ≥30 bags for this qty, then save again.","2026-09-03 13:45:38.579726","2026-09-03 13:45:38.579726"
9730,0458a62d-c90c-41a4-9582-c794eabd65be,TKT-1-202607-01934,wc22008_10,7,10,"2026-08-03 12:59:05",0,"As we did as per your suggestion, the issue is still not resolved.","2026-08-03 07:29:05.341136","2026-08-03 07:29:05.341136"
9730,093e45b9-df4b-4ae1-8e4b-6caa529a0678,TKT-1-202607-01934,wc22008_10,3,2,"2026-09-07 11:32:17",0,"issue not resolved yet","2026-09-07 06:02:17.073825","2026-09-07 06:02:17.073825"
9730,1a8cefe0-b0cd-4809-bfc5-c34e36588fa7,TKT-1-202607-01934,wc22008_10,3,2,"2026-08-13 11:24:59",0,"What about 1A09 stack, while doing other transaction inward the error... something went wrong. Please try again later, has shown.","2026-08-13 05:54:58.786798","2026-08-13 05:54:58.786798"
9730,1d84070c-67a1-4bae-b41d-ca2dffac5804,TKT-1-202607-01934,inish.d,2,3,"2026-08-31 17:09:56",0,"Sir/Madam, please share the screenshot","2026-08-31 11:39:56.227728","2026-08-31 11:39:56.227728"
9730,1ee4de9d-3238-41e6-9bab-4c5fae935b73,TKT-1-202607-01934,wc22008_10,3,2,"2026-08-13 14:14:32",0,"Already provided, kindly check.","2026-08-13 08:44:31.948038","2026-08-13 08:44:31.948038"
9730,224977c4-977e-4a20-8cdd-fbcd0cb53f69,TKT-1-202607-01934,inish.d,2,3,"2026-08-24 16:35:15",0,"Sir/Madam, Please share the error screenshot.","2026-08-24 11:05:14.896777","2026-08-24 11:05:14.896777"
9730,269fc4b9-3d45-48ef-9f3c-bc0f782f5e87,TKT-1-202607-01934,wc22008_10,3,2,"2026-07-23 13:22:22",0,"details are given.","2026-07-23 07:52:21.741518","2026-07-23 07:52:21.741518"
9730,42cd863f-e9f4-494d-a417-a8220d2a4127,TKT-1-202607-01934,shivaniyadav091298,2,7,"2026-09-11 14:23:24",0,"Please check the comment section.","2026-09-11 08:53:23.642921","2026-09-11 08:53:23.642921"
9730,5b74b2b4-bfdd-4fd9-b896-fefab10d8ede,TKT-1-202607-01934,wc22008_10,3,2,"2026-09-01 12:36:07",0,"Sir kindly check in attachment.","2026-09-01 07:06:07.075269","2026-09-01 07:06:07.075269"
9730,62d2e133-6b29-47b5-8d5c-64492ee941ef,TKT-1-202607-01934,wc22008_10,3,2,"2026-07-25 12:47:47",0,"Request to explain on phone. contact no 9021136571","2026-07-25 07:17:46.786484","2026-07-25 07:17:46.786484"
9730,66fa4742-4e40-4380-ba3c-cc47e23d9d3c,TKT-1-202607-01934,inish.d,2,3,"2026-09-08 10:21:51",0,"SIr, 27 bags cannot contain 19.72565 QTLS because that makes each bag heavier than the permitted SBT[580] limit. Either reduce the quantity or increase the number of bags.","2026-09-08 04:51:51.334993","2026-09-08 04:51:51.334993"
9730,6cc87331-5d66-4490-b8dd-b5ce27f51409,TKT-1-202607-01934,inish.d,2,3,"2026-08-10 18:15:57",0,"Sir, can you please share depot details along with user login details.","2026-08-10 12:45:56.913878","2026-08-10 12:45:56.913878"
9730,742ae30b-7318-4d7e-a5af-cb2f67e41c26,TKT-1-202607-01934,inish.d,2,3,"2026-07-24 14:35:55",0,"Sir/Madam, stack - 1A09 status as empty. Please do other transaction - Inward and stack- 1A11 has status as issue Please other transaction -Issue.","2026-07-24 09:05:55.258797","2026-07-24 09:05:55.258797"
9730,79d80fa9-9357-4ee2-b4ff-becabab9f11c,TKT-1-202607-01934,inish.d,2,3,"2026-08-11 12:38:21",0,"Sir/Madam, Please the error message screenshot.","2026-08-11 07:08:20.837100","2026-08-11 07:08:20.837100"
9730,8105cb89-f866-47cb-b3f0-3cb5ed42f7ca,TKT-1-202607-01934,wc22008_10,3,2,"2026-07-24 12:19:04",0,"Already provided","2026-07-24 06:49:03.705208","2026-07-24 06:49:03.705208"
9730,2aaaa001-8666-40e4-b630-8d1b8f97809e,TKT-1-202607-01934,wc22008_10,3,2,"2026-07-21 12:13:12",0,"mob no 9021136571 id: wc22008_10, password: Anna@123","2026-07-21 06:43:12.335352","2026-07-21 06:43:12.335352"
1610,38abce59-8ef6-4018-949d-acab5b53adad,TKT-1-202607-01939,vikram6singh,1,2,"2026-07-16 09:06:48",0,"Please check.","2026-07-16 03:36:47.787682","2026-07-16 03:36:47.787682"
1610,a75c7922-1c7d-4329-9693-3ad8f1ec4b54,TKT-1-202607-01939,238512,NULL,1,"2026-07-15 22:35:29",0,New,"2026-07-15 17:05:29.339257","2026-07-15 17:05:29.339257"
1610,8fc71af3-1bb7-41b7-b1a6-a7c50c672def,TKT-1-202607-01939,sanjeet.k,2,3,"2026-07-16 10:27:55",0,"Kindly share a screenshot of the report where the moisture content table is not visible. Also, please provide the format/proforma of the report you intend to generate so that we can assist you further in resolving the issue.","2026-07-16 04:57:54.547245","2026-07-16 04:57:54.547245"
1610,47d5028d-bf87-47cb-ac9f-69ef2205309c,TKT-1-202607-01939,238512,3,2,"2026-07-16 11:31:58",0,"screenshot attached","2026-07-16 06:01:58.280582","2026-07-16 06:01:58.280582"
1610,2ea83dee-4a5f-4ae6-a2e2-e50eb20af145,TKT-1-202607-01939,umesh.k,2,12,"2026-07-20 17:50:15",0,"The requestor is requesting that the Recorded Moisture Content be added to the DSI report, as this field is currently not available. Kindly verify the requirement and provide the necessary details.","2026-07-20 12:20:15.283300","2026-07-20 12:20:15.283300"
2115,8cce0fea-92d5-4fec-9a68-86e20c81b2ab,TKT-1-202607-01944,kshitiz.s,3,2,"2026-07-30 11:54:08",0,"Please check.","2026-07-30 06:24:08.059646","2026-07-30 06:24:08.059646"
2115,edfad001-d25a-433b-8281-d4edaee018bd,TKT-1-202607-01944,nc13064_01,3,2,"2026-07-16 18:13:47",0,"stock report has been attahced kindly find the same.","2026-07-16 12:43:46.722974","2026-07-16 12:43:46.722974"
2115,dc3975c9-da69-4ee0-a8be-c4cd7ac541b2,TKT-1-202607-01944,nc13064_01,7,10,"2026-07-30 12:57:28",0,"kindly repoen the ticket. The login credentials are nc13064_01 and password is -Depot@123","2026-07-30 07:27:27.740878","2026-07-30 07:27:27.740878"
2115,ce6eeb59-7864-4023-9510-8ef51e882465,TKT-1-202607-01944,vikram6singh,1,2,"2026-07-16 10:20:07",0,"Please check.","2026-07-16 04:50:06.702454","2026-07-16 04:50:06.702454"
2115,b616af63-ab98-4507-823f-bb51c4fb45c4,TKT-1-202607-01944,nc13064_01,NULL,1,"2026-07-16 10:18:29",0,New,"2026-07-16 04:48:28.932709","2026-07-16 04:48:28.932709"
2115,999b8a9e-b54f-47ec-88f9-d8604a91372c,TKT-1-202607-01944,inish.d,2,3,"2026-07-20 16:43:42",0,"Sir/Madam,  Please provide the login credentials so that we can proceed further.","2026-07-20 11:13:41.752399","2026-07-20 11:13:41.752399"
2115,94d3aa11-672b-4c93-a9a8-542bba4458a8,TKT-1-202607-01944,saroj.m,2,3,"2026-07-16 12:32:52",0,"You are kindly requested to please share the relevant screenshots and supporting documents, so that we may review the matter and determine the further course of action. For any assistance, please contact our support team at: 1800-410-6688.","2026-07-16 07:02:51.772988","2026-07-16 07:02:51.772988"
2115,044ec370-f187-47af-91d0-6ff6e2a6baad,TKT-1-202607-01944,shivaniyadav091298,2,7,"2026-08-27 11:42:36",0,"As per telephonic conversation on (9549065157), the concerned user has confirmed that issue has been resolved and hence this ticket is marked as resolved. For any further assistance, please contact our support team at : 1800-410-6688.","2026-08-27 06:12:36.353357","2026-08-27 06:12:36.353357"
2115,06cafe8c-f40f-4e03-870d-31bd6c527230,TKT-1-202607-01944,shivaniyadav091298,3,2,"2026-08-27 11:15:55",0,"Please check","2026-08-27 05:45:55.099878","2026-08-27 05:45:55.099878"
2115,0b315606-746f-44e4-8f0d-98dc66863cfe,TKT-1-202607-01944,vikram6singh,10,2,"2026-07-30 13:03:24",0,"Please check.","2026-07-30 07:33:24.433027","2026-07-30 07:33:24.433027"
2115,89d78100-ad26-44dd-bb9e-de0c8e14f45a,TKT-1-202607-01944,kshitiz.s,2,7,"2026-07-30 11:55:46",0,"Please refer to the comment section.","2026-07-30 06:25:46.126962","2026-07-30 06:25:46.126962"
2115,3a703f3f-522f-483a-94d0-8475f3f0ea1b,TKT-1-202607-01944,saroj.m,2,3,"2026-08-01 09:51:56",0,"Dear Sir/Ma'am, Kindly provide the DM approval letter, keeping HQ in CC, for the required backend update. As this pertains to migrated data, approval from the competent authority is required before proceeding with the update.","2026-08-01 04:21:55.537153","2026-08-01 04:21:55.537153"
874,f6a3c50b-66d2-4d25-b0a1-6b0bd690494f,TKT-1-202607-01962,sf15024_03,3,2,"2026-07-22 11:57:19",0,"we have share the full details of Mill Name-SHUBODAYA RICE INDUSTRIES will provided  details in screenshot is attached check and resolve the issue sir","2026-07-22 06:27:19.327198","2026-07-22 06:27:19.327198"
874,fde0b840-ee6d-4335-8880-b68d3907d9b1,TKT-1-202607-01962,anshu.r,2,3,"2026-07-17 10:10:34",0,"Dear Sir/Ma'am , Kindly share the contact details for the further investigation . For further assistance, please contact our support team at : 1800-410-6688","2026-07-17 04:40:34.269819","2026-07-17 04:40:34.269819"
874,cdbfe550-41c8-485d-8e42-bcb9c0d5d632,TKT-1-202607-01962,sf15024_03,3,2,"2026-07-22 16:02:48",0,"E-Tec was not cancelled sir, we need emergency so  we need approval for OT for this ACks sir so pls give permission it","2026-07-22 10:32:47.894113","2026-07-22 10:32:47.894113"
874,8d1be5f6-efcf-4c08-8f9c-251097bbc0f7,TKT-1-202607-01962,inish.d,2,7,"2026-07-31 15:39:48",0,"closing as per user user conformation","2026-07-31 10:09:48.461529","2026-07-31 10:09:48.461529"
874,8767b2a8-5b81-4db8-a36e-c5e1387ae8ea,TKT-1-202607-01962,vikram6singh,1,2,"2026-07-16 12:14:04",1,"Please check.","2026-07-16 06:44:03.799583","2026-07-16 06:44:03.799583"
874,5ecb3bb2-f6f6-43bb-8d39-b889f6557246,TKT-1-202607-01962,sf15024_03,3,2,"2026-07-20 15:32:33",0,"contact no : 9985535089 contact number will shared sir pls check","2026-07-20 10:02:32.866388","2026-07-20 10:02:32.866388"
874,39962314-6137-4ea1-8a80-06a0d6441279,TKT-1-202607-01962,inish.d,2,3,"2026-07-21 15:09:25",0,"please share the wings id","2026-07-21 09:39:25.050017","2026-07-21 09:39:25.050017"
874,391ceb63-d8e2-4b5b-a988-a909bd8cf964,TKT-1-202607-01962,sf15024_03,3,2,"2026-07-31 13:20:59",0,"ok sir please close the ticket","2026-07-31 07:50:58.650950","2026-07-31 07:50:58.650950"
874,25accd85-6ff7-4ec4-9e60-0919962a0d76,TKT-1-202607-01962,inish.d,2,3,"2026-07-22 17:00:41",0,"please check comment","2026-07-22 11:30:41.259443","2026-07-22 11:30:41.259443"
874,1629b845-14aa-4d92-9398-f9cd6dff80ed,TKT-1-202607-01962,inish.d,2,3,"2026-07-22 15:19:24",0,"TEC has been cancelled on Tue Jun 30 17:16:19 by sf15024_03, thats why system not created Lots further.","2026-07-22 09:49:23.766454","2026-07-22 09:49:23.766454"
874,0a078022-9c2e-4de1-9fdd-10e857927ff5,TKT-1-202607-01962,sf15024_03,NULL,1,"2026-07-16 11:53:25",0,New,"2026-07-16 06:23:25.302798","2026-07-16 06:23:25.302798"
174,4b58089f-314d-4bd7-b260-d3b884d74a07,TKT-1-202607-01972,160899,3,2,"2026-07-21 15:18:18",0,"Issue has been resolved , Please close the ticket .","2026-07-21 09:48:17.702208","2026-07-21 09:48:17.702208"
174,6c7dfe1c-3306-4dbd-b5fc-c252745db0f2,TKT-1-202607-01972,160899,NULL,1,"2026-07-16 12:20:48",0,New,"2026-07-16 06:50:47.960380","2026-07-16 06:50:47.960380"
174,960f2a2b-b1c4-4237-a67a-35041e3c35ad,TKT-1-202607-01972,160899,3,2,"2026-07-20 16:18:41",0,"while procurement we have mentioned number of Quantity 10 ,but while recording the same in Asset Procurement list the required number of entries showing only 1 instead of 10.","2026-07-20 10:48:41.323830","2026-07-20 10:48:41.323830"
174,9f59c82c-3430-47f5-b9d3-5b00ef03c13d,TKT-1-202607-01972,vikram6singh,1,2,"2026-07-16 12:35:31",0,"Please check.","2026-07-16 07:05:31.261615","2026-07-16 07:05:31.261615"
174,a112f6af-9f16-4994-961b-55acf4ce62b7,TKT-1-202607-01972,satish.d,2,3,"2026-07-17 11:49:01",0,"Kindly check the comment section","2026-07-17 06:19:01.129561","2026-07-17 06:19:01.129561"
174,a3ef7d04-96d7-438a-adc5-b6e622f60a8a,TKT-1-202607-01972,kshitiz.s,2,7,"2026-07-21 16:26:43",0,"Please refer to the comment section.","2026-07-21 10:56:42.671606","2026-07-21 10:56:42.671606"
174,aaf6e975-6d94-4c8c-bdf9-cf4889027e40,TKT-1-202607-01972,satish.d,2,3,"2026-07-20 17:32:57",0,"Kindly check the comment section","2026-07-20 12:02:57.029816","2026-07-20 12:02:57.029816"
174,ae9d5410-2884-4212-94a0-b9ba2c574c33,TKT-1-202607-01972,160899,7,8,"2026-09-10 11:55:36",0,resolved,"2026-09-10 06:25:35.696976","2026-09-10 06:25:35.696976"
23,f2870f33-c63b-43c8-b057-38a3690794f7,TKT-1-202607-01973,shivaniyadav091298,2,7,"2026-07-28 09:50:03",0,"Please check the comment section.","2026-07-28 04:20:02.807372","2026-07-28 04:20:02.807372"
23,fe473fbd-29ff-4bb1-9146-8e7377a666d6,TKT-1-202607-01973,298283,NULL,1,"2026-07-16 12:25:34",0,New,"2026-07-16 06:55:34.158379","2026-07-16 06:55:34.158379"
23,46072098-ee2c-4dea-8382-759953f89b88,TKT-1-202607-01973,shivaniyadav091298,3,2,"2026-07-28 09:49:34",1,"Please check","2026-07-28 04:19:34.047742","2026-07-28 04:19:34.047742"
23,c548a274-0273-464e-811e-3b8ffa28eab1,TKT-1-202607-01973,vikram6singh,1,2,"2026-07-16 12:35:27",0,"Please check.","2026-07-16 07:05:27.069507","2026-07-16 07:05:27.069507"
23,f2354b13-0768-4266-8e6e-ba2d653cfee3,TKT-1-202607-01973,298283,7,8,"2026-08-01 14:30:08",0,closed.,"2026-08-01 09:00:08.067484","2026-08-01 09:00:08.067484"
23,58f120a4-d676-4d3f-b19b-2ecfcacf2e04,TKT-1-202607-01973,sanjeet.k,2,3,"2026-07-17 11:44:30",0,"Kindly share the relevant supporting documents/screenshots related to the issue being faced in Anna Darpan while performing the operation. This will help us analyze the issue and provide further assistance at the earliest.","2026-07-17 06:14:29.872945","2026-07-17 06:14:29.872945"
610,38da4a23-fb72-4b44-88bc-08d14f5cff84,TKT-1-202607-01982,satish.d,2,3,"2026-07-18 12:40:18",0,"Kindly check the comment section","2026-07-18 07:10:18.102430","2026-07-18 07:10:18.102430"
610,3cba4384-edb6-4b65-ad22-9c1cc078776c,TKT-1-202607-01982,285106,3,2,"2026-07-20 23:36:39",0,"Please close the ticket","2026-07-20 18:06:39.113909","2026-07-20 18:06:39.113909"
610,4c019a20-56c1-47e6-b7cf-a81ffb3c62a7,TKT-1-202607-01982,vikram6singh,1,2,"2026-07-16 14:08:50",0,"Please check.","2026-07-16 08:38:50.204331","2026-07-16 08:38:50.204331"
610,4d388712-12dd-4107-bb43-1e1b1cd51f8c,TKT-1-202607-01982,umesh.k,2,7,"2026-07-21 14:14:46",0,"As per requester confirmation,we are closing this ticket.","2026-07-21 08:44:46.049044","2026-07-21 08:44:46.049044"
610,91b11198-c5a1-418e-bf37-028d9bac7248,TKT-1-202607-01982,285106,NULL,1,"2026-07-16 13:30:53",0,New,"2026-07-16 08:00:52.908460","2026-07-16 08:00:52.908460"
610,d6b0b2a6-e5f6-422e-af60-19a90cdb5c87,TKT-1-202607-01982,285106,7,8,"2026-07-24 00:39:21",0,Closed,"2026-07-23 19:09:21.341614","2026-07-23 19:09:21.341614"
1838,73d42e69-1deb-4f5c-ae8a-18c5d306bc58,TKT-1-202607-01991,vikram6singh,10,2,"2026-07-17 17:24:12",0,"Please check.","2026-07-17 11:54:12.210780","2026-07-17 11:54:12.210780"
1838,f8f60f47-f43a-4976-b734-790544e4747f,TKT-1-202607-01991,satish.d,2,3,"2026-07-20 12:42:33",0,"edit can be done until approval, so it has been modified","2026-07-20 07:12:33.494125","2026-07-20 07:12:33.494125"
1838,df740e56-d3a0-4762-93d4-83445cb6869b,TKT-1-202607-01991,umesh.k,2,3,"2026-09-10 11:35:34",0,"Addressed. Please check comments","2026-09-10 06:05:34.194681","2026-09-10 06:05:34.194681"
1838,ddb9bc21-c15e-4b3c-8913-2f17ea712d46,TKT-1-202607-01991,vikram6singh,1,2,"2026-07-16 15:03:09",0,"Please check.","2026-07-16 09:33:09.061002","2026-07-16 09:33:09.061002"
1838,b8a4b2ff-37b8-49df-b2d2-9c30bd27fbd3,TKT-1-202607-01991,satish.d,3,2,"2026-07-23 17:37:46",0,"once HQ send the mail we will check this issue","2026-07-23 12:07:45.954421","2026-07-23 12:07:45.954421"
1838,9dd21800-3843-4442-b719-6190374361b7,TKT-1-202607-01991,satish.d,2,3,"2026-07-20 15:52:04",0,"it has been edited, so if it needs to be changed please send a mail to HQ","2026-07-20 10:22:03.571793","2026-07-20 10:22:03.571793"
1838,9d0adf35-203a-4b66-9765-23a618cf6546,TKT-1-202607-01991,290552,7,10,"2026-09-08 14:18:35",0,"Matter still not resolved. and the same issue as mentioned below persists. Even no call for assistance received till date.","2026-09-08 08:48:34.532792","2026-09-08 08:48:34.532792"
1838,86b32df9-95e7-4a96-b44e-0a58f37497c5,TKT-1-202607-01991,vikram6singh,10,2,"2026-09-08 14:27:06",0,"Please check","2026-09-08 08:57:06.410544","2026-09-08 08:57:06.410544"
1838,7242ebe6-52db-442c-b6a3-11ccb8c31ae3,TKT-1-202607-01991,satish.d,2,7,"2026-07-17 14:46:41",0,"After entering the Stock Figures, the user modified the Opening Balance. As a result, the Opening Balance no longer matches the Stock Figure entries, which is why the system is displaying incorrect data.","2026-07-17 09:16:40.820733","2026-07-17 09:16:40.820733"
1838,6b51a50e-85fb-43e3-88d5-bfe8ca71f6ac,TKT-1-202607-01991,satish.d,2,7,"2026-07-24 09:52:29",0,"once HQ send the mail we will check this issue","2026-07-24 04:22:28.767747","2026-07-24 04:22:28.767747"
1838,45da7f5d-600a-4788-ad99-5aa5e6500f6a,TKT-1-202607-01991,290552,NULL,1,"2026-07-16 14:54:01",0,New,"2026-07-16 09:24:00.654165","2026-07-16 09:24:00.654165"
1838,3c4aad59-aba8-4ede-87f7-2873ce719999,TKT-1-202607-01991,290552,7,10,"2026-07-17 17:04:03",0,"Issue not resolved. kinldy reopen","2026-07-17 11:34:03.235042","2026-07-17 11:34:03.235042"
1838,19d6f538-efc2-4692-aeff-6462541cae6d,TKT-1-202607-01991,290552,3,2,"2026-07-20 15:50:54",0,"Kinldy resolve the issue at the earliest","2026-07-20 10:20:54.377654","2026-07-20 10:20:54.377654"
1112,64d3966b-d7be-4768-973c-556b681b791e,TKT-1-202607-01992,315303,NULL,1,"2026-07-16 15:02:20",0,New,"2026-07-16 09:32:19.578600","2026-07-16 09:32:19.578600"
1112,8d0b27a5-83c5-4062-8c27-92da6e22f834,TKT-1-202607-01992,umesh.k,2,12,"2026-07-20 14:30:10",0,"Sir/Madam, the user is requesting to Scheme Group Wise Allocation Offtake Report to Include Scheme-wise/Sub-scheme-wise Data. Kindly verify the requirement and provide the necessary details.","2026-07-20 09:00:10.140955","2026-07-20 09:00:10.140955"
1112,c4a93df1-c426-41ef-b910-2955a9f6c5b3,TKT-1-202607-01992,vikram6singh,1,2,"2026-07-16 15:03:05",0,"Please check.","2026-07-16 09:33:04.696476","2026-07-16 09:33:04.696476"
1110,7eec3c45-071d-4a13-862c-8f680d7e7c44,TKT-1-202607-01993,SA11_SUPER_ADMIN,NULL,1,"2026-07-16 15:02:42",0,New,"2026-07-16 09:32:42.273139","2026-07-16 09:32:42.273139"
1110,39b384c2-fc2b-48f6-8dd9-2c971e72ce68,TKT-1-202607-01993,umesh.k,2,12,"2026-07-20 14:28:52",0,"Sir/Madam, the user is requesting to add Date-wise Filter in Crop Year Wise Current Stock Report. Kindly verify the requirement and provide the necessary details.","2026-07-20 08:58:51.705892","2026-07-20 08:58:51.705892"
1110,078dc534-c7cb-4c99-b74c-e599cf35faa9,TKT-1-202607-01993,vikram6singh,1,2,"2026-07-16 15:03:01",0,"Please check.","2026-07-16 09:33:00.561714","2026-07-16 09:33:00.561714"
11566,2c9b36dd-0d79-40f3-8ebf-d7ad3da93b54,TKT-1-202607-01997,inish.d,2,3,"2026-07-27 17:47:25",0,"please provide your credentials, we will try stack killing from our end.","2026-07-27 12:17:24.767286","2026-07-27 12:17:24.767286"
11566,e540e327-c262-474a-8d43-6d79f34124d5,TKT-1-202607-01997,276377,3,2,"2026-07-28 11:22:43",0,"ID - 276377, Password- Depot@123 for further information please contact on 9725752896","2026-07-28 05:52:43.376100","2026-07-28 05:52:43.376100"
11566,de83c917-0939-4ced-99f1-334529eb564f,TKT-1-202607-01997,inish.d,2,3,"2026-08-03 11:46:11",0,"shall we try partial killing from our end? for 3B10?","2026-08-03 06:16:10.982594","2026-08-03 06:16:10.982594"
11566,ad9d9b48-1b95-4869-b14e-4cb8425efae6,TKT-1-202607-01997,276377,NULL,1,"2026-07-16 15:20:18",0,New,"2026-07-16 09:50:18.456427","2026-07-16 09:50:18.456427"
11566,9cad5052-3ab6-4e92-ada8-fd075a3f8126,TKT-1-202607-01997,vikram6singh,1,2,"2026-07-16 15:44:14",0,"Please check.","2026-07-16 10:14:13.822415","2026-07-16 10:14:13.822415"
11566,7f2de4aa-94b8-444f-8a0d-374e86b8d54d,TKT-1-202607-01997,276377,3,2,"2026-07-23 12:37:49",0,"Screenshot 2026-07-23 123456 screenshot attached","2026-07-23 07:07:49.438464","2026-07-23 07:07:49.438464"
11566,59a451f4-0dd4-494c-b0fd-1e5906a58163,TKT-1-202607-01997,anshu.r,2,7,"2026-07-17 14:44:47",0,"Dear Sir , The stack will be issue to receipt mode when you will per =form the partial killing it will done then will be in recipt mode. For any assistance, please contact our support team at: 1800-410-6688.","2026-07-17 09:14:47.249426","2026-07-17 09:14:47.249426"
11566,58b0ffb4-fa69-412d-96d1-b92f4213ebaf,TKT-1-202607-01997,inish.d,2,3,"2026-07-22 17:49:33",0,"System will show the pending transaction details, please attach that which will be helpful for further checking.","2026-07-22 12:19:33.046621","2026-07-22 12:19:33.046621"
11566,546ad324-83f4-4d14-a591-b04d3707d697,TKT-1-202607-01997,vikram6singh,10,2,"2026-07-22 14:04:48",0,"Please check.","2026-07-22 08:34:48.110834","2026-07-22 08:34:48.110834"
11566,4d095e70-73c4-4262-99e3-1071f4323e44,TKT-1-202607-01997,276377,3,2,"2026-08-06 14:36:15",0,"YES CONVERT SAID STACK TO RECEIPT MODE","2026-08-06 09:06:15.143562","2026-08-06 09:06:15.143562"
11566,456a72c8-0a6b-4469-b3c8-35710e9764d9,TKT-1-202607-01997,276377,7,10,"2026-07-22 14:02:59",0,"WHEN WE PERFORM THE PARTIAL KILLING THEN ERROR  SHOWING "Something went wrong. Please try again later"","2026-07-22 08:32:59.212815","2026-07-22 08:32:59.212815"
11566,621821a1-2824-4f1f-ab2e-16c45851425c,TKT-1-202607-01997,inish.d,2,7,"2026-08-21 17:39:01",0,"As mentioned 3B/10  has been converted to receipt state","2026-08-21 12:09:00.572011","2026-08-21 12:09:00.572011"
24062,5f436cb1-0e05-46ba-a0f6-16c1280a2d5c,TKT-1-202607-02012,218651,3,2,"2026-07-17 10:45:35",0,"Pdf document attach for your reference.","2026-07-17 05:15:34.592578","2026-07-17 05:15:34.592578"
24062,c251344a-c13a-4e83-9fa9-68d502475a5f,TKT-1-202607-02012,218651,3,2,"2026-08-07 15:14:00",0,"you can check the depot capacity in depot administration","2026-08-07 09:43:59.803366","2026-08-07 09:43:59.803366"
24062,b9d0140c-2a3c-4278-b0b9-52f2f0ccafc2,TKT-1-202607-02012,218651,3,2,"2026-08-14 12:36:14",0,"But now displayed data is more than the actual capacity and also i have uploaded the incorrect capacity Screenshot","2026-08-14 07:06:13.770035","2026-08-14 07:06:13.770035"
24062,b29b252c-6e50-42c8-b28a-8e540f3139c9,TKT-1-202607-02012,vikram6singh,1,2,"2026-07-16 16:51:43",0,"Please check.","2026-07-16 11:21:43.329855","2026-07-16 11:21:43.329855"
24062,6de21171-f5f8-4c0e-92f1-ec84ee0a4e06,TKT-1-202607-02012,umesh.k,2,3,"2026-08-13 11:09:50",0,"Addressed. Pls check comments","2026-08-13 05:39:50.181282","2026-08-13 05:39:50.181282"
24062,5a41fcc5-9e50-4d38-912b-de834bd540d5,TKT-1-202607-02012,satish.d,2,3,"2026-08-06 12:56:36",0,"Please check comment section","2026-08-06 07:26:36.305023","2026-08-06 07:26:36.305023"
24062,5747c427-3f1f-4a1c-9285-61d00a4f50d9,TKT-1-202607-02012,richa.k,2,3,"2026-07-16 17:18:38",0,"Please share actual backend records or source reports, so that we can check the issue,For further assistance, please contact our support team at:📞 1800‑410‑6688.","2026-07-16 11:48:38.456038","2026-07-16 11:48:38.456038"
24062,18ebd091-7a3f-4e01-9f86-3f4f2306dca0,TKT-1-202607-02012,218651,NULL,1,"2026-07-16 16:49:25",0,New,"2026-07-16 11:19:24.661372","2026-07-16 11:19:24.661372"
7468,db16c904-f741-4eb8-abe3-a129187a7196,TKT-1-202607-02027,umesh.k,2,7,"2026-08-05 14:48:30",0,"kindly refer comment section for more information.","2026-08-05 09:18:30.290473","2026-08-05 09:18:30.290473"
7468,9b5784e7-0a90-47b5-b041-a27374bad6b8,TKT-1-202607-02027,187103,3,2,"2026-09-09 12:45:25",0,"We are facing a stock reconciliation issue at RSWC Kunwarti, Bundi AUB (NG16051) . Latest Difference IRRS & Anna Darpan Portal (IRRS and Anna Darpan).","2026-09-09 07:15:24.798714","2026-09-09 07:15:24.798714"
7468,865b26cf-f2c4-47ca-86b7-9f2b9bcbf030,TKT-1-202607-02027,vikram6singh,1,2,"2026-07-17 11:03:16",1,"Please check.","2026-07-17 05:33:16.342768","2026-07-17 05:33:16.342768"
7468,83b0f59e-517f-4cc5-a958-422948a825ac,TKT-1-202607-02027,inzemamul.h,2,3,"2026-08-11 17:16:20",0,"kindly refer to the comment box.","2026-08-11 11:46:19.619873","2026-08-11 11:46:19.619873"
7468,6cd57191-6daf-43ed-a340-e1bf59efed3d,TKT-1-202607-02027,vikram6singh,10,2,"2026-08-11 16:23:58",0,"Please check.","2026-08-11 10:53:57.852021","2026-08-11 10:53:57.852021"
7468,7c89d045-10ae-4de8-abde-2d34d49c878c,TKT-1-202607-02027,187103,NULL,1,"2026-07-17 10:56:25",0,New,"2026-07-17 05:26:25.311380","2026-07-17 05:26:25.311380"
7468,231bf089-473f-4668-a672-8502e1f1ecd6,TKT-1-202607-02027,187103,3,2,"2026-07-22 15:17:51",0,"attached report plz see this issue and resolve urgently","2026-07-22 09:47:50.594489","2026-07-22 09:47:50.594489"
7468,35b61e15-f11c-4f6a-a517-545dbffcab57,TKT-1-202607-02027,187103,7,10,"2026-08-11 15:45:42",0,"this problem no slove. please resolved problem","2026-08-11 10:15:41.974287","2026-08-11 10:15:41.974287"
7468,2a55216c-9fa2-4562-aaee-a15623606976,TKT-1-202607-02027,inzemamul.h,2,3,"2026-07-17 11:45:05",0,"kindly share the supportive documents for our further investigation. For further assistance, please contact our support team at : 📞 1800-410-6688.","2026-07-17 06:15:04.685321","2026-07-17 06:15:04.685321"
6229,4c3bbfad-a4c1-4a85-a116-813d2b6a040d,TKT-1-202607-02030,umesh.k,2,3,"2026-07-20 06:30:02",0,"kindly let us know wihich reports shows correct stock data?","2026-07-20 06:30:01.926301","2026-07-20 06:30:01.926301"
6229,5e7b8af3-1784-46c5-9059-16d486353d18,TKT-1-202607-02030,se16003_01,7,8,"2026-09-11 16:01:12",0,.,"2026-09-11 10:31:11.822217","2026-09-11 10:31:11.822217"
6229,721c0fb8-5229-40a5-9e78-5ebe1f522f12,TKT-1-202607-02030,se16003_01,7,10,"2026-07-17 12:55:13",0,.,"2026-07-17 07:25:13.028298","2026-07-17 07:25:13.028298"
6229,76ff5eba-596c-440b-82ef-250951d651fa,TKT-1-202607-02030,umesh.k,2,7,"2026-08-05 14:50:16",0,"kindly refere comment section for more information.","2026-08-05 09:20:16.034634","2026-08-05 09:20:16.034634"
6229,8072ece2-483f-4e17-882c-d3b5dedc165f,TKT-1-202607-02030,se16003_01,NULL,1,"2026-07-17 11:09:43",0,New,"2026-07-17 05:39:43.260370","2026-07-17 05:39:43.260370"
6229,b5b50b1e-715a-41d0-a990-b5ab1d6a9275,TKT-1-202607-02030,umesh.k,2,7,"2026-07-17 12:28:27",0,"Kindly refer the comment section for more details.","2026-07-17 06:58:26.805566","2026-07-17 06:58:26.805566"
6229,c120f86b-9d83-4b0e-a193-0f67d5c18402,TKT-1-202607-02030,se16003_01,3,2,"2026-07-22 17:21:32",0,.,"2026-07-22 11:51:32.095243","2026-07-22 11:51:32.095243"
6229,e6e8f71e-2bcf-4cce-965b-c2cc93936aba,TKT-1-202607-02030,vikram6singh,1,2,"2026-07-17 11:10:58",1,"Please check.","2026-07-17 05:40:57.683416","2026-07-17 05:40:57.683416"
6229,241e346b-d0f4-4297-8fd2-d2616d869a53,TKT-1-202607-02030,vikram6singh,10,2,"2026-07-17 13:01:17",0,"Please check.","2026-07-17 07:31:16.819994","2026-07-17 07:31:16.819994"
1331,21cff132-75d9-4e88-96d5-242a0639d573,TKT-1-202607-02032,satish.d,2,5,"2026-07-22 14:52:38",0,"Respected Sir  The user is requesting an **ISI PV Stack Selection List** page to view the stacks selected for **ISI PV**  Kindly confirm whether this page can be provided. If approved, we will add the required functionality accordingly.","2026-07-22 09:22:38.322939","2026-07-22 09:22:38.322939"
1331,cc2de586-31df-43bb-a87d-e14137d1e716,TKT-1-202607-02032,vikram6singh,1,2,"2026-07-17 11:52:22",0,"Please check.","2026-07-17 06:22:22.326840","2026-07-17 06:22:22.326840"
1331,b6714415-193d-4611-a5e8-518812066466,TKT-1-202607-02032,275846,3,2,"2026-07-18 12:47:06",0,"There is no option to generate any report to check which stacks have been selected for ISI PV as on 30.06.2026.We need stack selection report for ISI PV  of Odisha region.","2026-07-18 07:17:05.695221","2026-07-18 07:17:05.695221"
1331,6c571dae-69f8-45c2-b9b1-64d86b16c9aa,TKT-1-202607-02032,saroj.m,2,3,"2026-07-17 12:33:59",0,"You are kindly requested to please share the relevant screenshots and supporting documents, so that we may review the matter and determine the further course of action. For any assistance, please contact our support team at: 1800-410-6688.","2026-07-17 07:03:58.966361","2026-07-17 07:03:58.966361"
1331,51140d04-95b4-4baa-94c2-21479089ed7e,TKT-1-202607-02032,275846,NULL,1,"2026-07-17 11:31:41",0,New,"2026-07-17 06:01:41.175867","2026-07-17 06:01:41.175867"
11,5ef46336-64ca-4f86-a8b9-93d05fbf1a4b,TKT-1-202607-02035,157603,NULL,1,"2026-07-17 11:47:03",0,New,"2026-07-17 06:17:03.052913","2026-07-17 06:17:03.052913"
11,e0aea90f-c369-4c1f-be2c-d403d7a7b284,TKT-1-202607-02035,inish.d,2,12,"2026-07-20 17:57:46",0,"As per AD, stacks will allow to consume only of same bag type as like stack.But user is asking for different bag type consumption during gunny consumption.Please confirm this and provide us more details in implementing this feature..","2026-07-20 12:27:46.403560","2026-07-20 12:27:46.403560"
11,d4c13afe-ae32-4d32-af28-727b847f80a7,TKT-1-202607-02035,157603,3,2,"2026-07-17 15:08:42",0,"login credentials mentioned in the comment section.","2026-07-17 09:38:41.670142","2026-07-17 09:38:41.670142"
11,c1a1b4d7-2ac6-4944-8063-f29f16e977be,TKT-1-202607-02035,vikram6singh,1,2,"2026-07-17 11:52:05",1,"Please check.","2026-07-17 06:22:05.153310","2026-07-17 06:22:05.153310"
11,6b75e75f-4d4b-4bec-9914-ae810d67ca38,TKT-1-202607-02035,inish.d,2,3,"2026-07-17 12:21:36",0,"Sir/Madam,  Please provide the login credentials so that we can proceed further.","2026-07-17 06:51:36.166581","2026-07-17 06:51:36.166581"
11,3a676acc-6b52-41c8-9f88-f681464d9265,TKT-1-202607-02035,157603,3,2,"2026-07-18 12:26:04",0,"Details are already been provided while raising tickets with all attachments.","2026-07-18 06:56:03.781597","2026-07-18 06:56:03.781597"
11,2f1492d3-b797-410e-bdfc-564b9e580f9d,TKT-1-202607-02035,inish.d,2,3,"2026-07-17 17:09:59",0,"Sir/Madam, Please share the more details","2026-07-17 11:39:58.579031","2026-07-17 11:39:58.579031"
877,3d43299a-a257-451b-9a3e-b381f78a1f42,TKT-1-202607-02036,shrutipan966,2,7,"2026-07-29 15:55:37",0,"As per User's remarks (Thank you sir please close this ticket)","2026-07-29 10:25:36.870513","2026-07-29 10:25:36.870513"
877,50bc4e0f-2a2d-4238-a41a-f59363d3c87e,TKT-1-202607-02036,umesh.k,2,3,"2026-07-20 14:37:36",0,"Dear sir/madam, basically the 10% weighment will be taken from all the control wagons average bag weight. so based on control wagons average bag weight the weight will be deducted from the stack. Thank you","2026-07-20 09:07:36.003861","2026-07-20 09:07:36.003861"
877,842d894c-fc86-44e3-a191-e97b60e6b63b,TKT-1-202607-02036,vikram6singh,1,2,"2026-07-17 11:52:01",0,"Please check.","2026-07-17 06:22:00.749678","2026-07-17 06:22:00.749678"
877,b2056d06-f0b6-49e0-89dc-212e88f9c6dc,TKT-1-202607-02036,284047,NULL,1,"2026-07-17 11:47:47",0,New,"2026-07-17 06:17:46.706171","2026-07-17 06:17:46.706171"
877,b9b539d8-5fd4-4b84-b011-3c53e58d7075,TKT-1-202607-02036,284047,3,2,"2026-07-29 14:11:55",0,"close trhis ticket","2026-07-29 08:41:55.088428","2026-07-29 08:41:55.088428"
788,1f9c9853-e3af-456c-abd5-4660fdf2501e,TKT-1-202607-02040,satish.d,2,3,"2026-08-12 14:33:23",0,"please check comments and perform the appropriate flows.","2026-08-12 09:03:22.645930","2026-08-12 09:03:22.645930"
788,f08e66c2-2e2d-4c94-a0e5-77d6f017372a,TKT-1-202607-02040,298371,NULL,1,"2026-07-17 12:08:15",0,New,"2026-07-17 06:38:15.267203","2026-07-17 06:38:15.267203"
788,c027a1b1-5ad7-486d-bee3-fc4c1b976047,TKT-1-202607-02040,298371,3,2,"2026-08-11 14:53:26",0,"Please provide proper option available in AnnaDarpan for attached categorization .","2026-08-11 09:23:25.878728","2026-08-11 09:23:25.878728"
788,b9a71c03-3914-43f9-8772-0cc2a87e1374,TKT-1-202607-02040,vikram6singh,1,2,"2026-07-17 12:28:18",0,"Please check.","2026-07-17 06:58:18.434539","2026-07-17 06:58:18.434539"
788,a982d6f1-2eb6-4f38-a0c7-bb85e8240123,TKT-1-202607-02040,298371,3,2,"2026-08-06 11:44:00",0,"catagerory of mentioned stock is FEED I/II/III, COPY ATTATCHED","2026-08-06 06:13:59.962694","2026-08-06 06:13:59.962694"
788,7b947529-8f2b-4ef9-bef8-57eb2fc250ef,TKT-1-202607-02040,satish.d,2,3,"2026-08-06 20:40:49",0,"please share the exact details of this issue","2026-08-06 15:10:49.251270","2026-08-06 15:10:49.251270"
788,46a2b176-30b1-48d8-b781-d9d48d1d43be,TKT-1-202607-02040,saroj.m,2,3,"2026-07-17 12:33:30",0,"As per telephonic discussion on this number (9334255947) Please attached the Screenshot of AnnaDarpan .For any assistance, please contact our support team at: 1800-410-6688.","2026-07-17 07:03:30.487600","2026-07-17 07:03:30.487600"
788,182f109a-ab37-4bf3-9d80-3849b803a858,TKT-1-202607-02040,satish.d,2,3,"2026-07-29 17:03:12",0,"based on the classification given by the committee in the Non-Issuable Stocks Categorization this will reflect","2026-07-29 11:33:12.334795","2026-07-29 11:33:12.334795"
788,154f19e3-2e16-4f3a-b894-a2739770ae79,TKT-1-202607-02040,inish.d,2,3,"2026-07-23 10:11:48",0,"Sir/Madam, Please share the category of mentioned stacks in AD.","2026-07-23 04:41:48.014837","2026-07-23 04:41:48.014837"
788,0c5f59a8-2263-45c6-be39-a973a2eb73cb,TKT-1-202607-02040,298371,3,2,"2026-07-29 16:08:12",0,"A screen shot has been attached of category in AnnaDarpan i.e. A, B,C & D category selecting option is available, while we require FEED I/II/III in AnnaDarpan as per requirement.","2026-07-29 10:38:12.139354","2026-07-29 10:38:12.139354"
788,5f15d086-5cbc-4166-b61e-8d32a16742cd,TKT-1-202607-02040,298371,3,2,"2026-07-22 14:23:01",0,"Screenshot of AnnaDarpan is attached.","2026-07-22 08:53:01.038273","2026-07-22 08:53:01.038273"
971,9f598c5f-fe12-43e6-a46a-ee7d8f8e7c22,TKT-1-202607-02047,sd16036_01,3,2,"2026-07-23 15:53:48",0,"I have attached the screenshoot , please check it once .","2026-07-23 10:23:47.807350","2026-07-23 10:23:47.807350"
971,e06e1abb-cca8-4e6d-b4d7-77d08c8e3384,TKT-1-202607-02047,inzemamul.h,2,3,"2026-07-23 16:37:26",0,"Kindly share the contact details for our further investigation. For further assistance, please contact our support team at 📞 1800-410-6688.","2026-07-23 11:07:26.452115","2026-07-23 11:07:26.452115"
971,c7116a92-8f20-49f6-8e77-c6517d0c49f5,TKT-1-202607-02047,inzemamul.h,2,3,"2026-07-17 13:05:06",0,"kindly share the supportive documents for our further investigation. For further assistance, please contact our support team at : 📞 1800-410-6688.","2026-07-17 07:35:06.013190","2026-07-17 07:35:06.013190"
971,b4525b9c-8a00-4d88-924d-8df57effa82d,TKT-1-202607-02047,inzemamul.h,2,3,"2026-07-20 16:16:29",0,"Kindly refer to the comment box.","2026-07-20 10:46:29.148844","2026-07-20 10:46:29.148844"
971,a647adf1-b1d3-46cc-910a-c82b46bcbbc4,TKT-1-202607-02047,inish.d,2,3,"2026-07-27 12:35:01",0,"Sir, the description is about mismatch in gunny but the  uploaded img 1 is about chemicals.Please  give us clarity whether the issue is only with gunny and if so share the details of operations performed","2026-07-27 07:05:01.074717","2026-07-27 07:05:01.074717"
971,7d862a7a-dc02-47a3-8bdc-997142b092df,TKT-1-202607-02047,sd16036_01,3,2,"2026-07-23 17:18:10",0,contact:8247811562,"2026-07-23 11:48:09.623949","2026-07-23 11:48:09.623949"
971,6003836f-4a43-489d-adb5-72cc7fd8ed91,TKT-1-202607-02047,satish.d,2,7,"2026-07-29 14:12:57",0,"Kindly check the comment section","2026-07-29 08:42:57.370793","2026-07-29 08:42:57.370793"
971,4e0f4fe8-81b3-419f-9488-5688dd71607d,TKT-1-202607-02047,sd16036_01,3,2,"2026-07-29 14:00:18",0,"gunny mismatch screenshot is attached","2026-07-29 08:30:18.282063","2026-07-29 08:30:18.282063"
971,47695c45-96b8-4757-9f32-14fe190371fe,TKT-1-202607-02047,sd16036_01,NULL,1,"2026-07-17 12:40:03",0,New,"2026-07-17 07:10:03.006021","2026-07-17 07:10:03.006021"
971,2b4218fe-c933-4d1d-bcdf-eb08d9a0e0cb,TKT-1-202607-02047,inzemamul.h,2,3,"2026-07-22 15:47:28",0,"Kindly refer to the comment box.","2026-07-22 10:17:27.905655","2026-07-22 10:17:27.905655"
971,26433430-8e5a-4f19-858d-180382c484ec,TKT-1-202607-02047,sd16036_01,3,2,"2026-07-22 15:36:10",0,"gunny register has been attached","2026-07-22 10:06:10.375791","2026-07-22 10:06:10.375791"
971,15c0aa2e-2f1b-4707-aa1d-d384143a35a7,TKT-1-202607-02047,vikram6singh,1,2,"2026-07-17 13:00:22",0,"Please check.","2026-07-17 07:30:21.873619","2026-07-17 07:30:21.873619"
971,0bb51107-a421-42bb-941c-73cf985666b1,TKT-1-202607-02047,sd16036_01,3,2,"2026-07-20 15:55:50",0,"gunny register copy has been attached","2026-07-20 10:25:50.209936","2026-07-20 10:25:50.209936"
2285,01594530-b330-4593-a9dc-1edc30c2aea0,TKT-1-202607-02048,saroj.m,2,5,"2026-07-27 17:36:17",0,"Respected sir , Please share the SOP of the infestation complaints.","2026-07-27 12:06:16.824431","2026-07-27 12:06:16.824431"
2285,02db6399-d17d-4384-b2c3-a9ab694293ca,TKT-1-202607-02048,287525,NULL,1,"2026-07-17 12:40:45",0,New,"2026-07-17 07:10:44.999563","2026-07-17 07:10:44.999563"
2285,1758ef2f-e16c-449e-b596-b736859d0a13,TKT-1-202607-02048,vikram6singh,10,2,"2026-07-27 12:24:17",0,"Please check.","2026-07-27 06:54:16.784507","2026-07-27 06:54:16.784507"
2285,3fff593a-6fe8-44f1-bc98-55745accc446,TKT-1-202607-02048,vikram6singh,1,2,"2026-07-17 13:00:17",0,"Please check.","2026-07-17 07:30:17.254790","2026-07-17 07:30:17.254790"
2285,6cee8ee2-a4b2-451d-a2f5-afedc40cfd2d,TKT-1-202607-02048,287525,7,10,"2026-07-27 12:11:09",0,"Sir, kindly share the workflow for the Movement By Rail - Quality Complaint - Infestation. at Consignee end","2026-07-27 06:41:08.809918","2026-07-27 06:41:08.809918"
2285,be700d34-95b8-4eb9-bcd1-91e658356603,TKT-1-202607-02048,satish.d,2,7,"2026-07-22 17:29:39",0,"Please be informed at the end of quality complaint flow, we have actions to be taken, but as per requirements fumigation cannot be performed on that stack. Please send a mail from HQ for this requirement update.","2026-07-22 11:59:38.958510","2026-07-22 11:59:38.958510"
1772,f8ca64ab-d9aa-4669-843f-2e02e438d674,TKT-1-202607-02073,235071,3,2,"2026-07-22 17:18:25",0,"Supporting documents have been uploaded for necessary action please.","2026-07-22 11:48:24.754873","2026-07-22 11:48:24.754873"
1772,f8be7a13-16ee-447d-8ac5-2dea887c60ac,TKT-1-202607-02073,anshu.r,2,3,"2026-07-21 17:46:31",0,"Kindly check once again from your end, as the supporting document has still not been attached. For further assistance, please contact our support team at : 1800-410-6688","2026-07-21 12:16:31.137918","2026-07-21 12:16:31.137918"
1772,da6ef032-70f6-42f7-a24a-730fbdbbc5ac,TKT-1-202607-02073,satish.d,2,12,"2026-07-27 19:10:36",0,"Dear Sir/Madam, User is asking the edit functionality for the invoice number in the asset module.  Kindly review and provide your approval","2026-07-27 13:40:35.757881","2026-07-27 13:40:35.757881"
1772,2fbf568c-d994-4590-ae91-a125d2a7b08f,TKT-1-202607-02073,anshu.r,2,3,"2026-07-17 16:42:37",0,"kindly share the supportive documents for our further investigation. For further assistance, please contact our support team at : 📞 1800-410-6688.","2026-07-17 11:12:37.186756","2026-07-17 11:12:37.186756"
1772,4c5569f8-9c72-452c-8ca1-980cc199d306,TKT-1-202607-02073,vikram6singh,1,2,"2026-07-17 16:26:51",0,"Please check.","2026-07-17 10:56:50.718278","2026-07-17 10:56:50.718278"
1772,1d3b74a4-b441-4d9d-ac36-4a7cb44f96de,TKT-1-202607-02073,235071,3,2,"2026-07-21 17:42:03",0,"Supporting documents are uploaded.","2026-07-21 12:12:02.510276","2026-07-21 12:12:02.510276"
1772,2944a748-322d-4e21-96ce-f1d8653e0aa4,TKT-1-202607-02073,235071,NULL,1,"2026-07-17 15:59:23",0,New,"2026-07-17 10:29:22.901106","2026-07-17 10:29:22.901106"
2171,0475d4c3-d65d-446a-903a-33cbaae7f196,TKT-1-202607-02074,sanjeet.k,2,12,"2026-09-03 14:19:49",0,"Please kindly approve it for CR consideration.","2026-09-03 08:49:49.456579","2026-09-03 08:49:49.456579"
2171,1aec3da0-47a4-4d9a-959c-49a926419dc5,TKT-1-202607-02074,amitabh.k,5,2,"2026-09-01 11:02:22",0,"Approved. Please enable item-level tracking for scanner.","2026-09-01 05:32:21.793844","2026-09-01 05:32:21.793844"
2171,85f883b0-6f49-4fe3-8db3-257e8a9b80f0,TKT-1-202607-02074,satish.d,2,3,"2026-07-20 17:21:48",0,"Kindly check the comment section","2026-07-20 11:51:47.810753","2026-07-20 11:51:47.810753"
2171,bf1a9c23-4d64-4c40-9775-69b8db99a859,TKT-1-202607-02074,umesh.k,2,5,"2026-08-03 14:46:39",0,"Dear Sir/Madam,Kindly check our comments.Thanks","2026-08-03 09:16:38.957453","2026-08-03 09:16:38.957453"
2171,c7713306-2afe-4f5c-8143-5a891d4487d5,TKT-1-202607-02074,306234,3,2,"2026-08-03 11:09:22",0,"as directed over phone by the AD support team, the ticket is assigned back along with the invoice details of the 10 scanners purchased through GeM portal, for further course of action.","2026-08-03 05:39:21.745129","2026-08-03 05:39:21.745129"
2171,d7c1f191-e030-4d1a-8e47-e1a07b06a1e5,TKT-1-202607-02074,306234,NULL,1,"2026-07-17 16:09:41",0,New,"2026-07-17 10:39:40.852868","2026-07-17 10:39:40.852868"
2171,f649d5e2-5a65-4780-a4b7-920722fd457e,TKT-1-202607-02074,vikram6singh,1,2,"2026-07-17 16:26:45",0,"Please check.","2026-07-17 10:56:45.202555","2026-07-17 10:56:45.202555"
2111,e2373e26-c0d6-469b-8280-b7cd0ae72990,TKT-1-202607-02075,satish.d,2,3,"2026-08-05 12:55:08",0,"Please check provided comments","2026-08-05 07:25:07.813831","2026-08-05 07:25:07.813831"
2111,bccacca0-0abd-49ed-9c64-056515d44bd7,TKT-1-202607-02075,shivaniyadav091298,3,2,"2026-08-11 09:52:15",0,"Please check the comment section.","2026-08-11 04:22:14.848523","2026-08-11 04:22:14.848523"
2111,cc6d6a49-b555-47e6-8923-c17363719d4f,TKT-1-202607-02075,ee16007_10,NULL,1,"2026-07-17 16:16:12",0,New,"2026-07-17 10:46:11.770738","2026-07-17 10:46:11.770738"
2111,d75395b9-0a02-43a6-84fa-e3430a41d511,TKT-1-202607-02075,ee16007_10,3,2,"2026-08-19 17:23:43",0,"you are requested to kindly rectify the current stack records as follows: Current Stack No. Correct Quantity 1B01 1736.41600 QTL ,1B06 1735.71600 QTL","2026-08-19 11:53:43.146258","2026-08-19 11:53:43.146258"
2111,dcbaab3b-9fae-4885-8d56-3c372e9159c4,TKT-1-202607-02075,vikram6singh,10,2,"2026-07-18 09:07:57",0,"Please check.","2026-07-18 03:37:57.107129","2026-07-18 03:37:57.107129"
2111,dcfe0249-b2a0-43a1-9216-1632ba46d7aa,TKT-1-202607-02075,shivaniyadav091298,3,2,"2026-08-28 15:56:42",0,"Please check the comment section.","2026-08-28 10:26:41.996781","2026-08-28 10:26:41.996781"
2111,9d831489-e7c0-4b2e-af6a-baa4302c0f8c,TKT-1-202607-02075,satish.d,2,3,"2026-08-17 17:50:48",0,"Please check comment section","2026-08-17 12:20:48.322086","2026-08-17 12:20:48.322086"
2111,e1772a9d-91c0-43f4-9ca1-bb7ad2f05d81,TKT-1-202607-02075,ee16007_10,3,2,"2026-07-20 13:42:39",0,"attached the relevant document for your reference please.","2026-07-20 08:12:39.487334","2026-07-20 08:12:39.487334"
2111,e3c41813-f2ae-4f11-a11b-e14daff7787f,TKT-1-202607-02075,ee16007_10,7,10,"2026-08-17 14:06:09",0,"We have raised several tickets on the AnnaDarpan portal for the same issue, but despite more than 45 days and repeated follow-ups, no permanent resolution or corrective action has been provided.","2026-08-17 08:36:08.832373","2026-08-17 08:36:08.832373"
2111,e83358eb-0133-44ff-9cc8-8b64e67afa7a,TKT-1-202607-02075,satish.d,2,3,"2026-08-03 11:05:50",0,"Sir, Sohela ISI: after warraferry, 1B6 and 1B11 are now vacant/killed in AD. Dest 1B1 book balance 3480 bags / 1756.600 QTL is on ISI. Source SL remains 0.60 / 1.00 / 0.90 QTL. Please refresh Stock / Complete ISI PV report.","2026-08-03 05:35:50.392188","2026-08-03 05:35:50.392188"
2111,f17d119b-588c-4e6a-af39-e2b590dd996b,TKT-1-202607-02075,satish.d,2,3,"2026-07-20 15:12:01",0,"Please check provided comments","2026-07-20 09:42:00.836599","2026-07-20 09:42:00.836599"
2111,f63be3f6-6e5d-4296-9c4a-973c49e4e494,TKT-1-202607-02075,shivaniyadav091298,2,7,"2026-08-28 15:57:02",0,"Please check the comment section.","2026-08-28 10:27:02.440739","2026-08-28 10:27:02.440739"
2111,f98932e3-9f42-41b4-853b-03b334147cca,TKT-1-202607-02075,satish.d,2,3,"2026-07-22 18:06:38",0,"Please check provided comments","2026-07-22 12:36:38.110862","2026-07-22 12:36:38.110862"
2111,ff8f2f1c-5662-4b43-ab67-13389187b85e,TKT-1-202607-02075,ee16007_10,7,10,"2026-07-18 07:15:47",0,"Book balance figure not tallied and variation of storage loss qnty not showing","2026-07-18 01:45:46.755802","2026-07-18 01:45:46.755802"
2111,250e32fd-70c0-4c3f-a040-aa96de0044f5,TKT-1-202607-02075,ee16007_10,3,2,"2026-08-04 17:19:32",0,"The issue is still not resolved. The stack balance and depot stock balance are not matching. Kindly resolve this issue on top priority, as it is impacting our operations. Please provide an update once the issue has been fixed.","2026-08-04 11:49:32.386648","2026-08-04 11:49:32.386648"
2111,8a4bca09-cadd-4ff4-917c-89915d926463,TKT-1-202607-02075,satish.d,2,3,"2026-08-21 10:01:58",0,"Please check provided comments","2026-08-21 04:31:57.714254","2026-08-21 04:31:57.714254"
2111,0301b6da-104b-45be-a26a-b75aec274d68,TKT-1-202607-02075,satish.d,2,7,"2026-07-28 11:12:17",0,"we hope issue has been resolved we are closing the ticket please create new ticket if any issue still persists","2026-07-28 05:42:16.530938","2026-07-28 05:42:16.530938"
2111,0816d80f-f983-4d2b-a21f-c4ba0fdee1e3,TKT-1-202607-02075,vikram6singh,1,2,"2026-07-17 16:26:40",0,"Please check.","2026-07-17 10:56:39.778566","2026-07-17 10:56:39.778566"
2111,0a71756f-e1a5-419c-8f54-c9f5f3f60a03,TKT-1-202607-02075,ee16007_10,7,10,"2026-08-01 17:18:03",0,"1B/06 and 1b/11 have been vacant after warafery by isi pv team,but in AD the figure is not refected in AD .Apart from that the book balance of stackl no.-1B/06 ,1B/01 ,1c/10 have mismatch with actual one.","2026-08-01 11:48:03.368598","2026-08-01 11:48:03.368598"
2111,27f1add9-2712-4aaf-80f5-d21fc9289873,TKT-1-202607-02075,vikram6singh,10,2,"2026-08-01 17:30:46",0,"Please check.","2026-08-01 12:00:45.625762","2026-08-01 12:00:45.625762"
2111,29a4e7d1-730a-4c9b-bf87-20ae7410e4db,TKT-1-202607-02075,satish.d,2,3,"2026-07-20 09:23:39",0,"Please check comments section","2026-07-20 03:53:39.042840","2026-07-20 03:53:39.042840"
2111,29f7278f-469f-4fda-86ff-c299322e7694,TKT-1-202607-02075,ee16007_10,3,2,"2026-07-22 15:30:32",0,"Downloading of ISIPV report is not possible due to technical issue.attached screenshot,dt.21.07.2026","2026-07-22 10:00:32.414426","2026-07-22 10:00:32.414426"
2111,39127469-f229-4956-9875-e1b333e04ad2,TKT-1-202607-02075,satish.d,2,7,"2026-07-17 18:36:44",0,"Issue has been resolved please check the variation in attachment","2026-07-17 13:06:43.711657","2026-07-17 13:06:43.711657"
2111,3b2fac9f-dfe9-43fc-a008-b11b4bb19e82,TKT-1-202607-02075,shivaniyadav091298,2,7,"2026-08-11 14:15:06",0,"Please check the comment section.","2026-08-11 08:45:05.604529","2026-08-11 08:45:05.604529"
2111,615d57c3-afb9-4bae-baf1-76d3e388315d,TKT-1-202607-02075,vikram6singh,10,2,"2026-08-17 14:30:40",0,"Please check.","2026-08-17 09:00:40.218952","2026-08-17 09:00:40.218952"
2111,6b53f969-8525-45d0-903c-1509768cd987,TKT-1-202607-02075,satish.d,2,3,"2026-07-23 16:05:55",0,"please check provided comments","2026-07-23 10:35:55.044522","2026-07-23 10:35:55.044522"
2111,6e7b672b-d2af-4e8e-bc2f-299741f889f2,TKT-1-202607-02075,satish.d,3,2,"2026-07-28 11:12:07",0,"Assign back","2026-07-28 05:42:07.369762","2026-07-28 05:42:07.369762"
2111,88f6a041-c9f0-4323-8f87-9f61774f57f8,TKT-1-202607-02075,ee16007_10,3,2,"2026-07-23 13:15:52",0,"Till now not downloaded ISIPV","2026-07-23 07:45:51.966901","2026-07-23 07:45:51.966901"
1745,12fd1131-c613-4bef-82f0-b067bb3f015c,TKT-1-202607-02079,279203,7,8,"2026-08-03 15:33:20",0,"As directed, this matter is to be raised with HQ, hence the ticket is closed here.","2026-08-03 10:03:19.541848","2026-08-03 10:03:19.541848"
1745,84a5d4b7-bbfd-436f-a06d-ab8ac989071b,TKT-1-202607-02079,vikram6singh,1,2,"2026-07-17 16:54:42",0,"Please check.","2026-07-17 11:24:41.507313","2026-07-17 11:24:41.507313"
1745,a98f62b7-15fd-4ffb-b093-f32fa3ebebe1,TKT-1-202607-02079,satish.d,2,7,"2026-07-22 17:30:36",0,"Please check with HQ, since updation of refractions and range for FAQ is provided to HQ and URS specification is provided to DGM (QC)","2026-07-22 12:00:35.564879","2026-07-22 12:00:35.564879"
1745,f87ba883-7b1d-48bb-8ba1-23dfb2512c9e,TKT-1-202607-02079,279203,NULL,1,"2026-07-17 16:28:51",0,New,"2026-07-17 10:58:51.027015","2026-07-17 10:58:51.027015"
2046,4ded4a14-a12b-4d75-9e28-8030a131fb8b,TKT-1-202607-02083,vikram6singh,1,2,"2026-07-17 16:54:09",0,"Please check.","2026-07-17 11:24:08.839947","2026-07-17 11:24:08.839947"
2046,7929ea86-640f-4946-93de-d106778ef8f8,TKT-1-202607-02083,inzemamul.h,2,5,"2026-07-23 13:54:22",0,"Respected sir, kindly share the SOP of Infested/Moisture complaint.","2026-07-23 08:24:22.408220","2026-07-23 08:24:22.408220"
2046,44133b6a-d1fe-42b5-92d5-381f9b5e05e2,TKT-1-202607-02083,311049,NULL,1,"2026-07-17 16:52:42",0,New,"2026-07-17 11:22:42.085361","2026-07-17 11:22:42.085361"
257,1045b0b6-3ea1-4964-80f6-ab1efbbff95c,TKT-1-202607-02086,227811,3,2,"2026-07-23 13:06:33",0,"Request to add receipt data of depot at DO level, weekly, fortnightly, monthly, and from date to date.","2026-07-23 07:36:33.452729","2026-07-23 07:36:33.452729"
257,1c942814-decc-408d-9dc7-4f6defb5e394,TKT-1-202607-02086,saroj.m,2,3,"2026-07-17 17:56:12",0,"You are kindly requested to please share the relevant screenshots and supporting documents, so that we may review the matter and determine the further course of action. For any assistance, please contact our support team at: 1800-410-6688.","2026-07-17 12:26:11.790420","2026-07-17 12:26:11.790420"
257,6ab0a13e-ef8d-4fcb-9f15-139d3ca4ccbd,TKT-1-202607-02086,227811,NULL,1,"2026-07-17 17:31:30",0,New,"2026-07-17 12:01:29.615848","2026-07-17 12:01:29.615848"
257,6b06c9fe-8133-4279-aaa0-3db7b14327c0,TKT-1-202607-02086,umesh.k,2,12,"2026-07-23 17:11:17",0,"Dear Sir/Madam,  The requestor is asking to provide a DO-level report for commodity-wise and crop year-wise receipt and issue data with a date range option. Kindly review the requirement and provide the necessary details.","2026-07-23 11:41:17.097228","2026-07-23 11:41:17.097228"
257,8167c011-a311-4ada-b11d-3cb02e60e671,TKT-1-202607-02086,vikram6singh,1,2,"2026-07-17 17:40:17",0,"Please check.","2026-07-17 12:10:16.676883","2026-07-17 12:10:16.676883"
257,86773dda-4d7c-47ad-b934-825901caee09,TKT-1-202607-02086,anshu.r,2,3,"2026-07-22 15:51:03",0,"kindly share the supportive documents for our further investigation. For further assistance, please contact our support team at : 📞 1800-410-6688.","2026-07-22 10:21:03.404124","2026-07-22 10:21:03.404124"
257,d0dc6942-aa34-4b4b-8987-5a8d1019673e,TKT-1-202607-02086,227811,3,2,"2026-07-21 17:05:39",0,"As per remark by you, the images have been attached for your information and further necessary action.","2026-07-21 11:35:39.402120","2026-07-21 11:35:39.402120"
465,352122b0-b0c7-44a1-8fba-be9393f2cd3e,TKT-1-202607-02092,umesh.k,2,3,"2026-07-21 12:35:10",0,"Dear sir/madam, this rake contains 42 wagons so we request you to please mark the wagons any two wagons as test wagons and continue the process","2026-07-21 07:05:09.715315","2026-07-21 07:05:09.715315"
465,f7bfa619-12c6-4c46-a207-6e37e163a2bd,TKT-1-202607-02092,294429,3,2,"2026-07-21 11:44:15",0,"in this rake, the Boiled Rice (Grade: Common) variety has been loaded in only one wagon, which is a mixed wagon.","2026-07-21 06:14:15.162260","2026-07-21 06:14:15.162260"
465,d40fe9ad-fb13-487b-94da-f83c1533144b,TKT-1-202607-02092,umesh.k,2,3,"2026-07-20 09:55:06",0,"Dear sir/madam, for a multi commodity movement one wagon against each commodity should be marked as test wagon for the proper weights calculation. so please proceed in that manner only so that the weights will be calculated accurately. Thank you","2026-07-20 04:25:06.046650","2026-07-20 04:25:06.046650"
465,b01fd4f1-3823-4bbf-b6e8-c3274d5f47ba,TKT-1-202607-02092,294429,3,2,"2026-07-21 12:50:58",0,"Sir/Madam, among the 42 wagons BR grade Common is loaded in only one wagon which is mixed so can't mark as testwagon","2026-07-21 07:20:57.862190","2026-07-21 07:20:57.862190"
465,9935cccb-b762-4568-a0a0-c1188b262aae,TKT-1-202607-02092,richa.k,2,7,"2026-07-21 17:47:51",0,"Please refer the comment section, for further assistance, please contact our support team at: 1800-410-6688.","2026-07-21 12:17:50.750388","2026-07-21 12:17:50.750388"
465,95b3874a-e9a8-452d-835f-554df612c7ea,TKT-1-202607-02092,vikram6singh,1,2,"2026-07-18 09:04:08",0,"Please check.","2026-07-18 03:34:07.907314","2026-07-18 03:34:07.907314"
465,27f6d775-3eb0-46da-9ccb-6590dfc7242e,TKT-1-202607-02092,294429,NULL,1,"2026-07-17 20:38:42",0,New,"2026-07-17 15:08:42.159454","2026-07-17 15:08:42.159454"
1144,148418ab-9cef-4a2e-9b76-1e3eb37ef17f,TKT-1-202607-02093,satish.d,2,12,"2026-07-21 18:13:39",0,"Dear Sir/Madam, Kindly review this change request and provide your approval.","2026-07-21 12:43:39.094423","2026-07-21 12:43:39.094423"
1144,aa864287-686d-4094-a95a-28f772fa7555,TKT-1-202607-02093,vikram6singh,1,2,"2026-07-18 09:04:22",0,"Please check.","2026-07-18 03:34:22.054666","2026-07-18 03:34:22.054666"
1144,ae836e94-ed49-45da-a1d6-26eb709d38a8,TKT-1-202607-02093,317999,NULL,1,"2026-07-17 21:54:22",0,New,"2026-07-17 16:24:21.956063","2026-07-17 16:24:21.956063"
1132,f8c651ce-2285-4096-b394-cd093bd80064,TKT-1-202607-02095,sanjeet.k,2,5,"2026-07-21 17:47:46",0,"respected sir, user wants to add the issue moisture update time list in annadarpan to track real time monitoring of issue work. kindly do confirm whether we should make provision for the same or not.","2026-07-21 12:17:46.451326","2026-07-21 12:17:46.451326"
1132,c16d094f-c149-4347-b833-4963ffdb394b,TKT-1-202607-02095,vikram6singh,1,2,"2026-07-18 09:04:12",0,"Please check.","2026-07-18 03:34:12.059318","2026-07-18 03:34:12.059318"
1132,f2daa636-59ba-45b9-af9d-8e83da2b7ed0,TKT-1-202607-02095,314633,NULL,1,"2026-07-17 22:06:39",0,New,"2026-07-17 16:36:39.330266","2026-07-17 16:36:39.330266"
141,1aacf2a9-d2d8-476a-bb7a-2bd8bb3a2712,TKT-1-202607-02100,283423,NULL,1,"2026-07-18 10:56:25",0,New,"2026-07-18 05:26:24.903060","2026-07-18 05:26:24.903060"
141,674cf1eb-4750-4b0d-bd4a-699486c27670,TKT-1-202607-02100,vikram6singh,1,2,"2026-07-18 10:57:28",0,"Please check","2026-07-18 05:27:28.439330","2026-07-18 05:27:28.439330"
141,8d00b108-3a52-49ed-a264-7dff8f371c92,TKT-1-202607-02100,283423,3,2,"2026-07-24 15:52:56",0,Attached,"2026-07-24 10:22:55.645298","2026-07-24 10:22:55.645298"
141,bb75f823-6042-4c3b-8144-867ccd00c809,TKT-1-202607-02100,inish.d,2,12,"2026-07-24 18:06:15",0,"User wants to add LOT number for Mandi Procurement too, seems like CR, please check and provide suggestion and respective information about this.","2026-07-24 12:36:14.659376","2026-07-24 12:36:14.659376"
141,dc6fc063-f596-4e4d-a3ba-dba765f9c8b3,TKT-1-202607-02100,saroj.m,2,3,"2026-07-21 10:06:21",0,"You are kindly requested to please share the relevant screenshots and supporting documents, so that we may review the matter and determine the further course of action. For any assistance, please contact our support team at: 1800-410-6688","2026-07-21 04:36:21.373306","2026-07-21 04:36:21.373306"
3624,f2e34bc6-5b35-4dfb-b233-725387f8c034,TKT-1-202607-02101,umesh.k,2,7,"2026-09-08 11:06:10",0,"Issue Resolved. Closing the ticket","2026-09-08 05:36:09.856892","2026-09-08 05:36:09.856892"
3624,cf83d734-599b-4902-9de5-d0ab40db1aeb,TKT-1-202607-02101,186897,NULL,1,"2026-07-18 11:00:02",0,New,"2026-07-18 05:30:01.682956","2026-07-18 05:30:01.682956"
3624,bb2ae3b1-c97f-4e3d-90c2-f44ea4c610d9,TKT-1-202607-02101,186897,3,2,"2026-07-31 13:45:13",0,"Please look into this.","2026-07-31 08:15:12.938654","2026-07-31 08:15:12.938654"
3624,b938e06b-1da7-4f77-b84b-9a2f3af7a3a6,TKT-1-202607-02101,186897,3,2,"2026-08-06 15:52:49",0,"Please check the comment section","2026-08-06 10:22:49.207958","2026-08-06 10:22:49.207958"
3624,87637a5c-5534-4d53-a9fb-b5c02cc3ba77,TKT-1-202607-02101,186897,3,2,"2026-09-08 11:05:07",0,"Issue has been sort out","2026-09-08 05:35:07.016463","2026-09-08 05:35:07.016463"
3624,65510f0e-54e0-480b-ae94-0d874e0c7185,TKT-1-202607-02101,vikram6singh,1,2,"2026-07-18 11:04:24",1,"Please check","2026-07-18 05:34:24.023166","2026-07-18 05:34:24.023166"
3624,4f1e89d3-ad40-498f-9135-ff3984bd1251,TKT-1-202607-02101,satish.d,2,3,"2026-08-17 14:35:38",0,"please share the credentials to check the issue","2026-08-17 09:05:38.330774","2026-08-17 09:05:38.330774"
3624,3c8fa88b-dce9-44f7-a28d-e3a0af9f62c1,TKT-1-202607-02101,sanjeet.k,2,3,"2026-07-28 15:16:18",0,"we tried to contact you multiple times, but no response was received from your end. kindly provide your contact details for the further assistance regarding your query.","2026-07-28 09:46:17.862358","2026-07-28 09:46:17.862358"
3624,2ae3837a-0191-4ba8-b6b5-ab1e4d18c8c6,TKT-1-202607-02101,sanjeet.k,2,3,"2026-07-31 17:29:44",0,"As discussed over the call, kindly share the supporting documents/screenshots of the issue faced while uploading data of Tejpur as well as guwahati or mention the ticket number if they have raised for issue while uploading data.","2026-07-31 11:59:43.849315","2026-07-31 11:59:43.849315"
3624,1348ce4e-d053-4e1e-b5ef-af980e196b54,TKT-1-202607-02101,186897,3,2,"2026-07-28 14:56:22",0,"Issue has mail through the Handholding Staff with the detailed data for both the DOs","2026-07-28 09:26:21.712242","2026-07-28 09:26:21.712242"
3624,799646af-7acf-4519-8efe-0a4bdb083cb3,TKT-1-202607-02101,sanjeet.k,2,3,"2026-07-18 11:32:46",0,"kindly check the comment section and do as per advised.","2026-07-18 06:02:45.994752","2026-07-18 06:02:45.994752"
416,8cdbc4b7-86ef-4af5-8436-eeb7d8f5deef,TKT-1-202607-02103,vikram6singh,1,2,"2026-07-18 11:30:13",1,"Please check","2026-07-18 06:00:12.823017","2026-07-18 06:00:12.823017"
416,c738958a-bfa2-44b5-bd1e-29af6b85e86f,TKT-1-202607-02103,312542,7,8,"2026-07-27 13:14:00",0,"stack killed.","2026-07-27 07:43:59.775029","2026-07-27 07:43:59.775029"
416,bb06d3dd-1e95-458e-b547-a2cbed0b92a4,TKT-1-202607-02103,312542,3,2,"2026-07-22 15:52:53",0,"User id-312542 Password-Depot@123 It is to mentioned that receipt transactions are not available in the newly form stack.","2026-07-22 10:22:52.979029","2026-07-22 10:22:52.979029"
416,b9298488-ed32-4c15-9c69-e753b9f9574d,TKT-1-202607-02103,inish.d,2,3,"2026-07-22 17:09:38",0,"Sir/Madam, Issue is fixed. Please check it.","2026-07-22 11:39:38.349355","2026-07-22 11:39:38.349355"
416,97946cce-bca3-4935-925c-f4dd20e055eb,TKT-1-202607-02103,312542,3,2,"2026-07-25 11:56:24",0,"Stack killed. Ticket may be closed.","2026-07-25 06:26:23.543539","2026-07-25 06:26:23.543539"
416,6c80fc36-b838-4b0a-bf18-56e0c551b81e,TKT-1-202607-02103,inish.d,2,3,"2026-07-20 12:45:38",0,"Sir/Madam,  Please provide the login credentials so that we can proceed further.","2026-07-20 07:15:37.938253","2026-07-20 07:15:37.938253"
416,6955e30c-1b17-4ee1-91e2-cf1cbe0c9e0f,TKT-1-202607-02103,inish.d,2,7,"2026-07-27 10:07:47",0,"User mentioned as Stack killed. Ticket may be closed.ticket is resolved.","2026-07-27 04:37:47.449077","2026-07-27 04:37:47.449077"
416,3a875359-c41f-44ea-a840-52687422932e,TKT-1-202607-02103,312542,3,2,"2026-07-23 11:45:07",0,"Daily transaction of receipt report (truckwise) attached which is not available  after the new stack reappear which is suppose to be in the stack card/details.","2026-07-23 06:15:06.798304","2026-07-23 06:15:06.798304"
416,202ed621-f20a-4444-a649-38949d76c720,TKT-1-202607-02103,inish.d,2,3,"2026-07-23 14:31:58",0,"Sir/Madam, Please Share the full report in AD.","2026-07-23 09:01:58.098810","2026-07-23 09:01:58.098810"
416,1668549c-9693-4d7b-9b98-716ca4b827e5,TKT-1-202607-02103,312542,NULL,1,"2026-07-18 11:22:46",0,New,"2026-07-18 05:52:45.735875","2026-07-18 05:52:45.735875"
409,2374d283-9b3f-450a-a6da-8ecf8f255784,TKT-1-202607-02106,vikram6singh,1,2,"2026-07-18 11:51:43",1,"Please check","2026-07-18 06:21:42.573557","2026-07-18 06:21:42.573557"
409,fc46105f-9d5d-4f9a-b1c5-04e1f9cdca54,TKT-1-202607-02106,sb13021_01,NULL,1,"2026-07-18 11:47:10",0,New,"2026-07-18 06:17:10.227467","2026-07-18 06:17:10.227467"
409,ad49765e-8339-498d-93b3-7f59ced6bd0e,TKT-1-202607-02106,satish.d,2,3,"2026-07-21 15:55:07",0,"Please check","2026-07-21 10:25:06.568269","2026-07-21 10:25:06.568269"
409,abdf5397-3dd3-47b2-83c0-a234e003ab8a,TKT-1-202607-02106,sb13021_01,3,2,"2026-07-22 10:18:58",0,"sir still same issue not updated properly .please check and do needful","2026-07-22 04:48:57.522790","2026-07-22 04:48:57.522790"
409,8b332a8b-d2a7-4cd1-999e-4ae716999d5d,TKT-1-202607-02106,satish.d,2,3,"2026-07-22 11:52:08",0,"Please check","2026-07-22 06:22:08.018068","2026-07-22 06:22:08.018068"
409,7d62f09c-2977-4181-a2cc-7b7158af935d,TKT-1-202607-02106,satish.d,2,7,"2026-07-23 15:44:19",0,"Based on user comments issue resolved we are closing the ticket","2026-07-23 10:14:19.400638","2026-07-23 10:14:19.400638"
409,6e7133f0-b117-465d-aea0-6781c82e3bdd,TKT-1-202607-02106,satish.d,2,3,"2026-07-23 10:41:19",0,"Please check provided comments","2026-07-23 05:11:18.613738","2026-07-23 05:11:18.613738"
409,574d5a9a-c88b-4c6f-9dd0-1776d78e26af,TKT-1-202607-02106,sb13021_01,3,2,"2026-07-20 15:14:53",1,"screenshots attched please look into this","2026-07-20 09:44:52.581144","2026-07-20 09:44:52.581144"
409,49c5ceae-14ef-475d-a8cd-ddd5fb0e8d76,TKT-1-202607-02106,sanjeet.k,2,3,"2026-07-18 11:58:53",0,"kindly share the supporting documents/screenshots related to your query for the further assistance.","2026-07-18 06:28:53.288523","2026-07-18 06:28:53.288523"
409,33087936-6249-4a49-a7ee-467cef1ed0dd,TKT-1-202607-02106,sb13021_01,3,2,"2026-07-23 11:24:42",0,"in stack details it showing correct but if we go down in the transaction detailks its shpowing wrong data . please contact 7893545355 for better understanding","2026-07-23 05:54:41.666532","2026-07-23 05:54:41.666532"
409,738f4694-2464-43d2-92cc-5b29e1aa8f24,TKT-1-202607-02106,sb13021_01,3,2,"2026-07-22 14:23:51",0,"Issue not resolved and data is still mismatched please contact this  number for better understanding : 7893545355 and please check the screenshot attched","2026-07-22 08:53:50.905579","2026-07-22 08:53:50.905579"
1080,d64cd4ac-60ce-49b2-b552-39f9496df606,TKT-1-202607-02107,arti.1.t,2,3,"2026-07-18 12:22:53",0,"Kindly share the specific issue along with a proper screenshot for further investigation. For any assistance, please feel free to contact us at 1800-410-6688.","2026-07-18 06:52:53.236964","2026-07-18 06:52:53.236964"
1080,b61ad6bf-ce78-4c8a-ad2b-1ac1937b74c9,TKT-1-202607-02107,vikram6singh,1,2,"2026-07-18 12:13:26",1,"Please check","2026-07-18 06:43:26.397272","2026-07-18 06:43:26.397272"
1080,9aade2ea-5da1-4cec-b868-a9c58d11f29d,TKT-1-202607-02107,265776,NULL,1,"2026-07-18 11:56:29",0,New,"2026-07-18 06:26:29.014851","2026-07-18 06:26:29.014851"
1080,8d1a4b08-8a90-4ed3-8a77-da34f0cf0c8b,TKT-1-202607-02107,arti.1.t,2,3,"2026-07-18 16:15:42",0,"As per telephonic conversation on 9940489600, Kindly share the screenshot of the issue as the same is not reflecting enclosed in the ticket. For any further assistance, kindly contact our Support Team at 1800‑410‑6688.","2026-07-18 10:45:42.024988","2026-07-18 10:45:42.024988"
1080,786dc796-7bba-40d6-b255-57d72b345f8e,TKT-1-202607-02107,265776,3,2,"2026-07-18 12:57:00",1,"sir please see the attached file . IR, IN DIVISIONAL MANAGER ID , QUALITY >>>> IN PRIORITY OVERRIDE APPROVAL REQUEST, DATE IS NOT SHOWING.","2026-07-18 07:27:00.191297","2026-07-18 07:27:00.191297"
1080,61fbd291-135a-4ae5-960c-95bcec565376,TKT-1-202607-02107,265776,3,2,"2026-07-18 16:19:26",1,"sir screenshot attached","2026-07-18 10:49:25.981533","2026-07-18 10:49:25.981533"
1080,0543aa50-c0d9-4eef-94ff-041502ff7e2f,TKT-1-202607-02107,satish.d,2,5,"2026-07-22 17:34:57",0,"As this was not part of initial requirement, please advise on how to proceed with this requirement.","2026-07-22 12:04:57.137978","2026-07-22 12:04:57.137978"
568,00ce3a0f-2be8-4523-a842-1b29a513dc6b,TKT-1-202607-02109,117291,NULL,1,"2026-07-18 12:01:48",0,New,"2026-07-18 06:31:47.681958","2026-07-18 06:31:47.681958"
568,713446b4-11e9-4e18-bbca-e2bf10b4c3ee,TKT-1-202607-02109,anshu.r,2,7,"2026-07-21 11:36:41",0,"As per the telephonic conversation, the user has confirmed that the issue has been resolved; therefore, I am closing the ticket.For further assistance, please contact our support team at : 1800-410-6688","2026-07-21 06:06:41.461316","2026-07-21 06:06:41.461316"
568,86d5c735-7044-4d05-8f9b-3dc798b47191,TKT-1-202607-02109,vikram6singh,1,2,"2026-07-18 12:13:41",0,"Please check","2026-07-18 06:43:41.494935","2026-07-18 06:43:41.494935"
13281,ffa46894-55a0-4125-86d6-de5ca18800fc,TKT-1-202607-02119,104427,NULL,1,"2026-07-18 12:39:03",0,New,"2026-07-18 07:09:02.651895","2026-07-18 07:09:02.651895"
13281,fd5052b0-05b7-467a-bea3-187cb8c3be50,TKT-1-202607-02119,anshu.r,2,3,"2026-07-29 17:40:16",0,"Kindly check comment","2026-07-29 12:10:16.137993","2026-07-29 12:10:16.137993"
13281,f9c14072-6b59-443e-bcbe-15dab0c6abeb,TKT-1-202607-02119,anuj.s,2,3,"2026-08-13 11:16:19",0,"Please refer the comment box.","2026-08-13 05:46:18.652383","2026-08-13 05:46:18.652383"
13281,f8072625-449a-4c4a-a0e0-a6f42161a6d3,TKT-1-202607-02119,anuj.s,2,3,"2026-08-19 11:43:21",0,"We attempt to contact 9400271056 but number was not reachable please share the correct contact details or contact us on our toll free number for earliest assistance.","2026-08-19 06:13:21.194195","2026-08-19 06:13:21.194195"
13281,f55590e9-a166-4721-a013-bee12807f9cf,TKT-1-202607-02119,umesh.k,2,3,"2026-07-31 15:03:44",0,"Kindly check our comments.","2026-07-31 09:33:44.363221","2026-07-31 09:33:44.363221"
13281,d90e48bb-358a-4608-9018-25a5a87042d9,TKT-1-202607-02119,umesh.k,2,7,"2026-08-25 16:56:18",0,"Kindly check our comments.Thanks.","2026-08-25 11:26:17.617282","2026-08-25 11:26:17.617282"
13281,b73d3a51-5385-4b01-9e2f-4711b8d16b73,TKT-1-202607-02119,umesh.k,2,3,"2026-07-27 15:44:32",0,"Kindly check our comments.","2026-07-27 10:14:32.427832","2026-07-27 10:14:32.427832"
13281,abc2c274-11f0-4a88-b564-aa2b944a2374,TKT-1-202607-02119,104427,3,2,"2026-08-05 15:26:41",0,"In the screenshot attached, the bifurcation of bag types is mentioned. however, the tare calculation of gunnies is wrong.","2026-08-05 09:56:41.015567","2026-08-05 09:56:41.015567"
13281,8c64744c-d983-4807-9b3a-a87a812d31b6,TKT-1-202607-02119,104427,3,2,"2026-08-19 12:42:15",0,"kindly check","2026-08-19 07:12:15.396629","2026-08-19 07:12:15.396629"
13281,872133e1-a72c-4783-a2fc-10c248225b28,TKT-1-202607-02119,104427,3,2,"2026-07-29 15:10:37",0,"Kindly look into it","2026-07-29 09:40:37.428984","2026-07-29 09:40:37.428984"
13281,82dfd64e-c343-40de-ad18-a5b9d71237bf,TKT-1-202607-02119,104427,3,2,"2026-07-31 16:57:19",0,"If a stack has mixed gunny, then parent stack will show only one gunny type. In that case, if a truck is being loaded from that stack, then there should be option for mix bag in a truck. Kindly provide that option. DOS had that option.","2026-07-31 11:27:19.013482","2026-07-31 11:27:19.013482"
13281,80707cd2-77fc-4a80-9b30-284e49537612,TKT-1-202607-02119,104427,3,2,"2026-07-30 15:16:22",0,"Mix bag not avaliable. screen shot attached","2026-07-30 09:46:22.320727","2026-07-30 09:46:22.320727"
13281,63e2cb74-4274-45a1-8b98-369c2fc6355b,TKT-1-202607-02119,anuj.s,2,3,"2026-08-04 14:53:45",0,"Please acknowledge so that we may proceed to close the ticket.","2026-08-04 09:23:45.488992","2026-08-04 09:23:45.488992"
13281,59475460-1929-4801-a92c-9ad35e157b76,TKT-1-202607-02119,vikram6singh,1,2,"2026-07-18 12:50:23",1,"Please check","2026-07-18 07:20:22.794170","2026-07-18 07:20:22.794170"
13281,3c7d6f3f-a8f9-4905-b3c6-56a8573e4857,TKT-1-202607-02119,104427,3,2,"2026-08-17 13:04:06",0,"kindly check","2026-08-17 07:34:06.302272","2026-08-17 07:34:06.302272"
13281,32132d06-1523-4316-856e-60da1c4a9da0,TKT-1-202607-02119,anshu.r,2,3,"2026-07-28 17:23:51",0,"Kindly check comment","2026-07-28 11:53:51.207346","2026-07-28 11:53:51.207346"
13281,99c9b298-17a2-4473-9606-f92ef97e3923,TKT-1-202607-02119,104427,3,2,"2026-07-28 09:35:39",0,"Option for mix bag is not seen in sales module. Kinldy direct.","2026-07-28 04:05:39.202150","2026-07-28 04:05:39.202150"
577,3816d1b9-f10f-4a3c-8538-72734ea07ae9,TKT-1-202607-02125,306215,7,8,"2026-07-31 17:29:56",0,solved,"2026-07-31 11:59:56.404622","2026-07-31 11:59:56.404622"
577,f2e67ffe-0835-4310-a90d-52e09a2febaa,TKT-1-202607-02125,306215,NULL,1,"2026-07-18 13:35:20",0,New,"2026-07-18 08:05:19.689004","2026-07-18 08:05:19.689004"
577,ba7174ec-57e8-43de-a726-90fb063d8e79,TKT-1-202607-02125,306215,3,2,"2026-07-21 19:09:41",0,Resolved,"2026-07-21 13:39:40.512270","2026-07-21 13:39:40.512270"
577,5cd351da-d125-41f3-ad6f-d7fab498330c,TKT-1-202607-02125,umesh.k,2,7,"2026-07-22 11:27:26",0,"Closing the ticket as the issue is resolved, Thanks","2026-07-22 05:57:25.640102","2026-07-22 05:57:25.640102"
577,2da468b8-13ed-47ba-81e4-90c7ca46a4a5,TKT-1-202607-02125,umesh.k,2,3,"2026-07-21 15:05:19",0,"Dear sir/madam, please check now we have removed the requested bags and weight, Thank you","2026-07-21 09:35:19.492107","2026-07-21 09:35:19.492107"
577,0d09b787-afd3-46f5-bf3a-5c157ff9dcec,TKT-1-202607-02125,vikram6singh,1,2,"2026-07-18 13:35:53",1,"Please check","2026-07-18 08:05:52.568147","2026-07-18 08:05:52.568147"
475,6a2ee025-fb67-4235-97c8-35d3cb0fdaf1,TKT-1-202607-02126,162638,3,2,"2026-07-21 16:08:58",0,Yes,"2026-07-21 10:38:57.578141","2026-07-21 10:38:57.578141"
475,ec0ed741-153f-4b51-a1a8-43ed6a095ae7,TKT-1-202607-02126,162638,3,2,"2026-07-22 13:31:11",0,"Still unblock and Password reset not working in respect of miller Miller name:- AMARAMANI MODERN RICE MILL, User Mame/ID-m_or398001 in UAT","2026-07-22 08:01:10.821980","2026-07-22 08:01:10.821980"
475,d34b7cea-a4b6-4212-a73f-cbf7c216b48f,TKT-1-202607-02126,inish.d,2,3,"2026-07-31 15:40:31",0,"Please check in Production, please let us know if you facing same issue in Production.","2026-07-31 10:10:30.614237","2026-07-31 10:10:30.614237"
475,9b225209-b3ce-4a24-8bbc-51dabd81b30e,TKT-1-202607-02126,inish.d,2,3,"2026-07-20 09:56:18",0,"Have you performing UAT?","2026-07-20 04:26:17.976757","2026-07-20 04:26:17.976757"
475,92e22123-aee3-434a-ab5f-277b67d51d5e,TKT-1-202607-02126,162638,3,2,"2026-07-28 11:12:29",0,"Other miller unblock and password reset working, only one miller namely Amaramani Modern Rice Mill User Mame/ID-m_or398001 not working.","2026-07-28 05:42:28.897365","2026-07-28 05:42:28.897365"
475,8af9729c-bfbb-45c9-b285-b791d7aec20f,TKT-1-202607-02126,inish.d,2,3,"2026-07-29 10:17:31",0,"Have you performing this activity as a part of UAT test of WINGS subsuming activity?","2026-07-29 04:47:31.142214","2026-07-29 04:47:31.142214"
475,8514ebad-3a05-411f-9dab-92c399f685bc,TKT-1-202607-02126,162638,3,2,"2026-08-01 16:59:33",0,"Resolved, Please close ticket","2026-08-01 11:29:33.192296","2026-08-01 11:29:33.192296"
475,7031cc9f-2cbb-46db-9a32-5efb5778e0df,TKT-1-202607-02126,inish.d,2,7,"2026-08-03 11:48:40",0,"User mentioned Resolved, Please close ticket. ticket is resolved.","2026-08-03 06:18:39.712404","2026-08-03 06:18:39.712404"
475,603c7a45-9bd2-40d8-b9e1-bc6853e14d2e,TKT-1-202607-02126,162638,3,2,"2026-07-31 11:15:31",0,"Yes, performing UAT as well as Production","2026-07-31 05:45:31.005833","2026-07-31 05:45:31.005833"
475,579d398a-192e-4cea-9700-85ef2198b6f2,TKT-1-202607-02126,vikram6singh,1,2,"2026-07-18 13:51:07",1,"Please check.","2026-07-18 08:21:06.542029","2026-07-18 08:21:06.542029"
475,392eded1-b48f-499a-ad7a-8300ea9b6544,TKT-1-202607-02126,inish.d,2,3,"2026-07-22 14:23:12",0,"Sir/Madam, Please select another miller and continue the operation. Meanwhile, we will check this issue with our team.","2026-07-22 08:53:11.640680","2026-07-22 08:53:11.640680"
475,17b2aab1-e952-42e5-b8f7-bf5e003a1d3a,TKT-1-202607-02126,anshu.r,2,3,"2026-07-18 14:10:03",0,"The user was contacted over a call and was requested to share the Miller For further assistance, please contact our support team at : 1800-410-6688ID in the comment box for which they are facing the issue, so that further assistance can be provided.","2026-07-18 08:40:02.947730","2026-07-18 08:40:02.947730"
475,10db6547-16dc-41de-b5d0-303024c5aac5,TKT-1-202607-02126,162638,NULL,1,"2026-07-18 13:40:32",0,New,"2026-07-18 08:10:31.577196","2026-07-18 08:10:31.577196"
475,0bc5928b-406b-4895-8426-74edf9c14ffc,TKT-1-202607-02126,162638,3,2,"2026-07-18 16:38:24",1,"As requested over phone the miller name is:- AMARAMANI MODERN RICE MILL, User Mame/ID-m_or398001.  Also commented in Comment box.","2026-07-18 11:08:24.235379","2026-07-18 11:08:24.235379"
475,069c02fa-845c-4052-9084-946a2512bffd,TKT-1-202607-02126,inish.d,2,3,"2026-07-21 16:32:57",0,"Please share the login credentials","2026-07-21 11:02:56.518759","2026-07-21 11:02:56.518759"
116,4580c966-2f7f-4800-8b24-6dbf68827526,TKT-1-202607-02129,vikram6singh,1,2,"2026-07-18 14:31:31",0,"Please check","2026-07-18 09:01:31.172428","2026-07-18 09:01:31.172428"
116,a9f43e1a-3b4c-485d-aa22-81b86531b906,TKT-1-202607-02129,arti.1.t,2,7,"2026-07-20 15:17:51",0,"This ticket appears to be a duplicate of TKT-1-202607-02128. Closing this ticket and redirecting all further updates to the referenced ticket.","2026-07-20 09:47:51.316770","2026-07-20 09:47:51.316770"
116,dac3dfef-7ba4-42af-afaf-f84f43aaa2e3,TKT-1-202607-02129,173179,NULL,1,"2026-07-18 14:26:09",0,New,"2026-07-18 08:56:08.651093","2026-07-18 08:56:08.651093"
3349,920aa2c9-41f6-4acc-890d-acfa484d3d8c,TKT-1-202607-02131,173179,3,2,"2026-07-22 11:52:40",0,"ISSUE RESOLVED","2026-07-22 06:22:39.708748","2026-07-22 06:22:39.708748"
3349,3a55b4da-985f-417a-b43a-8413da5b5a8a,TKT-1-202607-02131,vikram6singh,1,2,"2026-07-18 14:34:08",0,"Please check","2026-07-18 09:04:08.145169","2026-07-18 09:04:08.145169"
3349,978087f8-94cd-4dae-a553-efee6efe4689,TKT-1-202607-02131,173179,3,2,"2026-07-21 12:18:29",0,"plzz see 21 jul 2026 screenshot","2026-07-21 06:48:29.150446","2026-07-21 06:48:29.150446"
3349,98444ebe-6657-4a3f-a4a2-c18395ae815e,TKT-1-202607-02131,inish.d,2,7,"2026-07-31 12:35:39",0,"As per the given remarks by the user that "Resolved" and hence resolving this ticket. For any further assistance, please feel free to contact our support team at +91-9205515314 or +91-9217020104.","2026-07-31 07:05:39.115669","2026-07-31 07:05:39.115669"
3349,a12ce3a1-b56d-4a32-bcc8-537510b48947,TKT-1-202607-02131,173179,3,2,"2026-07-28 13:19:16",0,""As per the information available in WINGS, TEC got synced with AD. Kindly raise a ticket with Annadarpan Helpdesk sharing the screenshot of WINGS." comments from wings support team","2026-07-28 07:49:16.432494","2026-07-28 07:49:16.432494"
3349,b21ec37d-9870-4fc7-bdf3-38ae177c00ba,TKT-1-202607-02131,173179,3,2,"2026-07-20 16:23:40",0,"Required images is attached, depo code nf22241 , total 27 parties , screenshots of wings is uploaded pls check ( date 20/07/2026)","2026-07-20 10:53:39.888748","2026-07-20 10:53:39.888748"
3349,b640d9df-6688-495b-8ef5-15c6d29b9c06,TKT-1-202607-02131,inish.d,2,3,"2026-07-20 19:05:26",0,"please check comments","2026-07-20 13:35:26.341797","2026-07-20 13:35:26.341797"
3349,c9bbe1cc-da7e-4474-8e31-1c0dc2e0428b,TKT-1-202607-02131,inish.d,2,3,"2026-07-27 17:45:52",0,"It seems like, issue has been occoured during TEC sync , we asked WINGS team to sync again, Anyway please check with WINGS team and ask for re sync.","2026-07-27 12:15:51.723444","2026-07-27 12:15:51.723444"
3349,d9ac140f-ac49-44f6-a8e4-c337b1b000e2,TKT-1-202607-02131,173179,7,8,"2026-08-04 17:26:44",0,RESOLVED,"2026-08-04 11:56:44.258922","2026-08-04 11:56:44.258922"
3349,f0b2d709-e37a-4622-af9e-c8277ec040a0,TKT-1-202607-02131,173179,3,2,"2026-07-25 13:49:31",0,"pls refer attachments ss.1 and ss.2 , it is clearly mentioned ADSynced in wings","2026-07-25 08:19:30.990555","2026-07-25 08:19:30.990555"
3349,fc059182-e632-4f30-922d-df487d0493df,TKT-1-202607-02131,173179,3,2,"2026-07-25 12:46:14",0,""As per the information available in WINGS, TEC got synced with AD. Kindly raise a ticket with Annadarpan Helpdesk sharing the screenshot of WINGS." comments from wings support team","2026-07-25 07:16:13.530424","2026-07-25 07:16:13.530424"
3349,ff44242f-17dc-49b9-b5b5-111d480a2430,TKT-1-202607-02131,inish.d,2,7,"2026-07-22 14:08:23",0,"As per the given remarks by the user that "Resolved" and hence resolving this ticket. For any further assistance, please feel free to contact our support team at +91-9205515314 or +91-9217020104.","2026-07-22 08:38:23.280827","2026-07-22 08:38:23.280827"
3349,76fe34fa-6435-4fb9-9780-3777a759dcd3,TKT-1-202607-02131,sanjeet.k,2,3,"2026-07-23 17:12:07",0,"We tried to contact you multiple times regarding the issue but no response was received from your end. kindly confirm us whether the issue has been resolved or not. if not kindly contact us on 📞 1800-410-6688 for the further assistance.","2026-07-23 11:42:06.559442","2026-07-23 11:42:06.559442"
3349,6d4a8f95-6994-4bbd-9416-0b2f09ece908,TKT-1-202607-02131,173179,3,2,"2026-07-23 17:45:14",0,"except this party , resolved for all other parties, u r requested to pls generate  token for this particular party.","2026-07-23 12:15:13.905398","2026-07-23 12:15:13.905398"
3349,6aab4e21-e005-4f46-9e30-5f722fa21231,TKT-1-202607-02131,vikram6singh,10,2,"2026-07-23 13:55:13",0,"Please check.","2026-07-23 08:25:12.910163","2026-07-23 08:25:12.910163"
3349,699a4321-53b2-405c-bd75-b4e23ae3f480,TKT-1-202607-02131,inish.d,2,3,"2026-07-21 16:22:27",0,"Please check comments","2026-07-21 10:52:26.985294","2026-07-21 10:52:26.985294"
3349,5b9ad4c9-4903-421d-a180-1d0d8e7e4bd7,TKT-1-202607-02131,173179,3,2,"2026-07-18 17:51:33",0,"MILLER CONTRACT NO. NOT SHOWING IN ANNADARPAN ID","2026-07-18 12:21:32.635442","2026-07-18 12:21:32.635442"
3349,5427681a-9546-4b9b-b481-3abea0e70379,TKT-1-202607-02131,173179,NULL,1,"2026-07-18 14:33:01",0,New,"2026-07-18 09:03:01.177059","2026-07-18 09:03:01.177059"
3349,47e19aec-381a-4d32-899d-47862519bfdc,TKT-1-202607-02131,inish.d,2,3,"2026-07-20 09:38:09",0,"Please share the TEC number, Depot Code, Millers wings Id, which will be helpful for further investigation","2026-07-20 04:08:09.218073","2026-07-20 04:08:09.218073"
3349,32757804-736e-43e8-b4ae-94ca0e7b971d,TKT-1-202607-02131,inish.d,2,3,"2026-07-24 18:04:48",0,"Please contact wings team and ask them to sync again","2026-07-24 12:34:48.335707","2026-07-24 12:34:48.335707"
3349,16b89271-502d-401b-8bc9-2d164ad21a66,TKT-1-202607-02131,inish.d,2,3,"2026-07-25 13:11:50",0,"please refer comments","2026-07-25 07:41:49.828451","2026-07-25 07:41:49.828451"
3349,01ff7771-4630-481f-874b-2490803d2405,TKT-1-202607-02131,173179,7,10,"2026-07-23 13:33:08",0,"TEC:1753372/673448 pls add this party, party name "BARNALA BIO COALS AND KIRTI RICE MILLS 105476-27890" stack number 1A16 Godown code nf22241 tokens are not generated for this party","2026-07-23 08:03:08.064131","2026-07-23 08:03:08.064131"
3349,893825dc-1592-4e8a-bfb7-2088e006e9c6,TKT-1-202607-02131,sanjeet.k,2,3,"2026-07-18 17:32:07",0,"As per discussed over the call, kindly share the screenshot of the issue you are facing while syncing with the AD through wings for the further assistance.","2026-07-18 12:02:06.530152","2026-07-18 12:02:06.530152"
39,6fa4994b-0d2c-4465-be44-ffae9274a624,TKT-1-202607-02132,satish.d,2,7,"2026-07-20 14:44:07",0,"Dear sir/madam, you have not been assigned by the DGMQC for Quarterly inspection for the month of July","2026-07-20 09:14:06.897340","2026-07-20 09:14:06.897340"
39,fb43d435-a3be-4135-95bf-cead7c718381,TKT-1-202607-02132,vikram6singh,1,2,"2026-07-18 15:18:26",0,"Please check.","2026-07-18 09:48:26.126761","2026-07-18 09:48:26.126761"
39,d60fc96a-77da-4c4f-8496-fd2ded1c58d6,TKT-1-202607-02132,172044,NULL,1,"2026-07-18 15:07:26",0,New,"2026-07-18 09:37:25.611017","2026-07-18 09:37:25.611017"
39,676f3e1c-f429-4f65-b8db-536deb52a6dc,TKT-1-202607-02132,anshu.r,2,7,"2026-07-25 17:08:37",0,"As per the telephonic conversation, the user has confirmed that the issue has been resolved; therefore, I am closing the ticket For further assistance, please contact our support team at : 1800-410-6688","2026-07-25 11:38:36.531699","2026-07-25 11:38:36.531699"
39,3915fd5d-32c7-46e0-971a-e7c42db598ed,TKT-1-202607-02132,172044,7,10,"2026-07-25 16:20:22",0,"Matter is not resolved ,","2026-07-25 10:50:22.188119","2026-07-25 10:50:22.188119"
39,31e29e10-8762-4865-8eee-5bde24c050d2,TKT-1-202607-02132,vikram6singh,10,2,"2026-07-25 16:59:09",0,"Please check.","2026-07-25 11:29:09.200716","2026-07-25 11:29:09.200716"
481,229c8164-c05e-47bf-8a06-bf10c0501003,TKT-1-202607-02136,vikram6singh,1,2,"2026-07-18 15:36:03",1,"Please check.","2026-07-18 10:06:02.562477","2026-07-18 10:06:02.562477"
481,3d75ebe2-b665-4b98-9a7d-7a80aaf25082,TKT-1-202607-02136,umesh.k,2,12,"2026-07-21 15:56:10",0,"Hi sir,The user has requested that weight be displayed with more than five decimal places.The application currently displays up to five decimal places as per the FCI specification.Kindly review and approve this change if it is required. Thank you.","2026-07-21 10:26:09.776848","2026-07-21 10:26:09.776848"
481,7c9d9844-58cb-4114-9c9d-7f2c025535b3,TKT-1-202607-02136,122375,NULL,1,"2026-07-18 15:31:51",0,New,"2026-07-18 10:01:51.375414","2026-07-18 10:01:51.375414"
5195,2599e6ab-e3a8-46ac-826c-eb1106846ea5,TKT-1-202607-02137,vikram6singh,1,2,"2026-07-18 15:36:25",1,"Please check.","2026-07-18 10:06:25.320487","2026-07-18 10:06:25.320487"
5195,68840c38-5cff-4d15-9cc8-7ff53b84a17f,TKT-1-202607-02137,122375,7,8,"2026-08-29 17:26:36",0,ok,"2026-08-29 11:56:35.675461","2026-08-29 11:56:35.675461"
5195,744eb6f7-7e07-4b27-be93-0c2c32d7b1d7,TKT-1-202607-02137,umesh.k,2,7,"2026-07-31 12:41:04",0,"Dear Sir/Madam,  We will discuss this change with the concerned division. Once the discussion is complete, we will implement the necessary changes as soon as possible.  For now, we are closing this ticket.  Thank you.","2026-07-31 07:11:04.496888","2026-07-31 07:11:04.496888"
5195,8d3bf9fa-149b-4892-9f86-fbd308f9080d,TKT-1-202607-02137,vikram6singh,10,2,"2026-08-29 15:41:15",0,"Please check.","2026-08-29 10:11:14.968763","2026-08-29 10:11:14.968763"
5195,9c481444-c858-440e-aa04-eb0b79018eda,TKT-1-202607-02137,122375,NULL,1,"2026-07-18 15:35:49",0,New,"2026-07-18 10:05:49.233464","2026-07-18 10:05:49.233464"
5195,bdc072d3-c539-40a4-81fd-6e7899dc27fb,TKT-1-202607-02137,anshu.r,2,7,"2026-08-29 16:31:46",0,"Kindly check comment","2026-08-29 11:01:46.153304","2026-08-29 11:01:46.153304"
5195,f7cc1d69-4dca-4595-9ea9-06668ebdc8de,TKT-1-202607-02137,122375,7,10,"2026-08-29 15:40:28",0,"Sir let it be open till the implement of the necessary changes from your side.","2026-08-29 10:10:27.735963","2026-08-29 10:10:27.735963"
1203,1d2ba71e-f008-4e2e-bdac-3dec524417d6,TKT-1-202607-02138,114816,3,2,"2026-07-22 12:00:34",0,"Screenshot attached for reference. The "Wagon Loading from Depot" module allows only wagon-wise bag distribution and does not provide any wagon-wise weight entry option.     Please contact 7981831558 for any query related this","2026-07-22 06:30:34.390854","2026-07-22 06:30:34.390854"
1203,59ec974d-9348-4185-8e7f-551a5937df3a,TKT-1-202607-02138,umesh.k,2,3,"2026-07-24 16:35:44",0,"Dear sir/madam, we are kindly requesting you to check the comments added by us and as we informed earlier entering the quantity against each wagon while loading the bags is completely a new requirement which has to be discussed and planned, Thank you","2026-07-24 11:05:44.286326","2026-07-24 11:05:44.286326"
1203,50593d8b-2587-4efc-aac0-d802e88848fc,TKT-1-202607-02138,114816,NULL,1,"2026-07-18 15:42:09",0,New,"2026-07-18 10:12:09.497646","2026-07-18 10:12:09.497646"
1203,f1a50a15-ee2e-4f54-84c9-624e86235de1,TKT-1-202607-02138,umesh.k,2,7,"2026-07-28 15:12:19",0,"Closing this ticket","2026-07-28 09:42:18.772242","2026-07-28 09:42:18.772242"
1203,e4bfac49-e009-45bf-8c01-67f7fb711796,TKT-1-202607-02138,umesh.k,2,3,"2026-07-27 10:57:35",0,"Dear sir/madam, could you please check the latest comments added by us. Thank you","2026-07-27 05:27:35.464883","2026-07-27 05:27:35.464883"
1203,b711416b-908c-410c-a498-729b975eebb1,TKT-1-202607-02138,114816,7,8,"2026-07-29 12:18:00",0,"Thank You","2026-07-29 06:47:59.882372","2026-07-29 06:47:59.882372"
1203,ab7d0f12-63aa-4487-8862-388ff7b37b04,TKT-1-202607-02138,114816,3,2,"2026-07-28 13:33:47",0,"Ok sir I understood the problem. Please close the ticket at your end","2026-07-28 08:03:47.247256","2026-07-28 08:03:47.247256"
1203,a9c08243-1e68-4abf-b9f9-c1fdef5b1beb,TKT-1-202607-02138,vikram6singh,1,2,"2026-07-18 15:49:09",0,"Please check.","2026-07-18 10:19:09.256196","2026-07-18 10:19:09.256196"
1203,92fd1a23-26fa-43b1-a5f8-284a717db28e,TKT-1-202607-02138,saroj.m,2,3,"2026-07-20 09:20:55",0,"You are kindly requested to please share the relevant screenshots and supporting documents, so that we may review the matter and determine the further course of action. For any assistance, please contact our support team at: 1800-410-6688.","2026-07-20 03:50:54.943908","2026-07-20 03:50:54.943908"
1203,7ec3ef18-1c77-4a8d-af58-801488db46d1,TKT-1-202607-02138,114816,3,2,"2026-07-27 09:43:03",0,"Sir, please check the comment. without weight entry facility we can not release the rake.","2026-07-27 04:13:03.294325","2026-07-27 04:13:03.294325"
702,229f5ff9-08a9-42b9-82cc-75e4238c64ea,TKT-1-202607-02142,shivaniyadav091298,2,7,"2026-07-25 14:25:15",0,"As per telephonic conversation on (9440517189), the concerned user has confirmed that issue has been resolved and hence this ticket is marked as resolved. For any further assistance, please contact our support team at : 1800-410-6688.","2026-07-25 08:55:14.578681","2026-07-25 08:55:14.578681"
702,4b729138-4399-40eb-a9bf-024fee7f07f6,TKT-1-202607-02142,umesh.k,2,3,"2026-07-22 10:36:35",0,"Kindly check our comments.","2026-07-22 05:06:34.948860","2026-07-22 05:06:34.948860"
702,579bf224-1e02-49cb-a3a4-2ab8054d4c90,TKT-1-202607-02142,shivaniyadav091298,3,2,"2026-07-25 14:24:05",0,"Please check","2026-07-25 08:54:04.886043","2026-07-25 08:54:04.886043"
702,8e5d693b-23a4-414f-9ab0-57558f8befbe,TKT-1-202607-02142,vikram6singh,1,2,"2026-07-18 16:26:48",1,"Please check","2026-07-18 10:56:47.585595","2026-07-18 10:56:47.585595"
702,fd04f032-be1f-478c-8deb-a3a1d45ccd82,TKT-1-202607-02142,141280,NULL,1,"2026-07-18 16:23:36",0,New,"2026-07-18 10:53:35.971742","2026-07-18 10:53:35.971742"
2716,3d4d889a-296d-4cdd-904e-05719ef03eb3,TKT-1-202607-02144,179227,3,2,"2026-07-22 16:28:51",0,"plz see comment section PLEASE CONTACT ME. MY PHONE NUMBER IS 9079386878.","2026-07-22 10:58:50.765835","2026-07-22 10:58:50.765835"
2716,876de2a9-3928-4a57-9842-18aaa13fdc93,TKT-1-202607-02144,vikram6singh,1,2,"2026-07-18 16:42:13",1,"Please check","2026-07-18 11:12:13.331753","2026-07-18 11:12:13.331753"
2716,41a9eed0-19a6-4e4a-8216-089ec60a7574,TKT-1-202607-02144,satish.d,2,7,"2026-07-28 10:40:22",0,"it has been resolved please check now","2026-07-28 05:10:22.126121","2026-07-28 05:10:22.126121"
2716,1c4937a2-35c8-4210-9732-4fa768fa0985,TKT-1-202607-02144,179227,NULL,1,"2026-07-18 16:35:55",0,New,"2026-07-18 11:05:54.714372","2026-07-18 11:05:54.714372"
2716,0f874414-4f19-4dea-bc6b-5c7d7a1dbf37,TKT-1-202607-02144,arti.1.t,2,3,"2026-07-21 14:07:03",0,"I tried to contact you regarding your reported issue, but could not connect with you. If you are still facing the issue, kindly coordinate with us and share the relevant details so that we can assist you further in resolving the problem.","2026-07-21 08:37:02.763847","2026-07-21 08:37:02.763847"
857,0cce227b-eb06-4dca-817d-493fad8e36bb,TKT-1-202607-02145,umesh.k,2,3,"2026-07-22 19:15:18",0,"Kindly check our comments.","2026-07-22 13:45:17.880896","2026-07-22 13:45:17.880896"
857,21d936f9-517c-4d7a-a1f9-0a7159dfcd0f,TKT-1-202607-02145,shivaniyadav091298,3,2,"2026-07-25 14:20:10",0,"Please check","2026-07-25 08:50:09.668147","2026-07-25 08:50:09.668147"
857,31edf135-cecd-42ed-99c2-6870244b37fd,TKT-1-202607-02145,vikram6singh,1,2,"2026-07-18 16:42:21",1,"Please check","2026-07-18 11:12:20.653843","2026-07-18 11:12:20.653843"
857,40356600-2345-4cdc-8202-4ce7f57b75e7,TKT-1-202607-02145,umesh.k,2,3,"2026-07-20 15:32:30",0,"Kindly check our comments.","2026-07-20 10:02:29.699035","2026-07-20 10:02:29.699035"
857,80a7a852-0e72-48bb-b212-76c4cf3427ae,TKT-1-202607-02145,141280,NULL,1,"2026-07-18 16:37:49",0,New,"2026-07-18 11:07:49.093662","2026-07-18 11:07:49.093662"
857,8f42e328-7436-4d8f-8ef0-b6cb279bd7df,TKT-1-202607-02145,141280,3,2,"2026-07-21 11:19:27",0,"Extension has given up to 22.07.2026 so we are unable to extend the date.","2026-07-21 05:49:27.088361","2026-07-21 05:49:27.088361"
857,fa781f19-69f5-4120-b313-86d744807264,TKT-1-202607-02145,shivaniyadav091298,2,7,"2026-07-25 14:21:09",0,"As per telephonic conversation on (9440517189), the concerned user has confirmed that issue has been resolved and hence this ticket is marked as resolved. For any further assistance, please contact our support team at : 1800-410-6688.","2026-07-25 08:51:09.216302","2026-07-25 08:51:09.216302"
4129,a6b4b9d9-042a-484d-a95b-edc7d13c68d0,TKT-1-202607-02146,167425,3,2,"2026-08-03 17:36:38",0,"The difference still remains. The Report generated dated 03-08-2026 is hereby attached as ready reference please.","2026-08-03 12:06:38.306206","2026-08-03 12:06:38.306206"
4129,f5b6a17f-e038-4e0f-bbe4-dd659e6d5c65,TKT-1-202607-02146,vikram6singh,1,2,"2026-07-18 16:42:30",0,"Please check","2026-07-18 11:12:29.602406","2026-07-18 11:12:29.602406"
4129,edf42995-76fb-41cb-8b52-81082a710062,TKT-1-202607-02146,vikram6singh,10,2,"2026-07-24 14:34:19",0,"Please check.","2026-07-24 09:04:18.725936","2026-07-24 09:04:18.725936"
4129,e4510dec-735d-4c92-aed4-6bfda45de76d,TKT-1-202607-02146,167425,3,2,"2026-08-07 16:04:57",0,"Please advise for further course of action to resolve the issue at the earliest.","2026-08-07 10:34:57.236849","2026-08-07 10:34:57.236849"
4129,989baaa2-d4f8-4b00-8f8b-fbac44641708,TKT-1-202607-02146,satish.d,2,3,"2026-07-28 12:55:02",0,"some one has edited the opening balance, so if it needs to be corrected please send a mail to HQ","2026-07-28 07:25:02.075960","2026-07-28 07:25:02.075960"
4129,7c5ab21f-98f5-4fb9-98f9-e193c3211a19,TKT-1-202607-02146,satish.d,2,3,"2026-08-04 15:06:37",0,"it has been edited at later stage, so if it needs to be corrected send a mail to HQ","2026-08-04 09:36:37.049454","2026-08-04 09:36:37.049454"
4129,4dc52265-d677-4f45-8542-7bbc3ded310a,TKT-1-202607-02146,167425,NULL,1,"2026-07-18 16:38:40",0,New,"2026-07-18 11:08:40.380765","2026-07-18 11:08:40.380765"
4129,0103f678-fc9d-4604-8a95-b30c8db11aeb,TKT-1-202607-02146,satish.d,2,7,"2026-07-20 16:34:05",0,"For the first fortnight, you edited the Opening Balance for June (1st Fortnight) after the Stock Figures had already been entered. As a result, the Opening Balance no longer matches","2026-07-20 11:04:05.250733","2026-07-20 11:04:05.250733"
4129,476b1dff-32d8-41b7-a1ad-87c59c64b49e,TKT-1-202607-02146,167425,3,2,"2026-07-27 13:44:55",0,"The difference still remains. The report generated on 27-07-2026 is hereby attached as ready reference please.","2026-07-27 08:14:54.894458","2026-07-27 08:14:54.894458"
4129,409b778b-70dc-48e6-81da-4347a03a3a63,TKT-1-202607-02146,167425,7,10,"2026-07-24 14:18:25",0,"The problem still remains.the report generated on 24-07-2026 is attached as ready reference.","2026-07-24 08:48:25.250850","2026-07-24 08:48:25.250850"
4129,18c099ab-2645-4445-b882-c4eefda3d724,TKT-1-202607-02146,satish.d,2,3,"2026-07-24 15:04:31",0,"For the first fortnight, you edited the Opening Balance for June (1st Fortnight) after the Stock Figures had already been entered. As a result, the Opening Balance no longer matches, if it needs to be edited send mail to HQ","2026-07-24 09:34:30.598970","2026-07-24 09:34:30.598970"
4129,68dc8312-91dd-472f-85a2-520ee25b1f4c,TKT-1-202607-02146,satish.d,2,3,"2026-08-17 14:46:44",0,"edit functionality has been enabled for the approved data, so raise a request and once it is approved get it updated in AD itself","2026-08-17 09:16:44.118947","2026-08-17 09:16:44.118947"
1381,8e5f594b-a912-4433-8cd3-08b50fa6ffb3,TKT-1-202607-02149,293085,NULL,1,"2026-07-18 17:00:39",0,New,"2026-07-18 11:30:38.839187","2026-07-18 11:30:38.839187"
1381,f7b9414e-3018-4162-8da5-25dae1ac31f1,TKT-1-202607-02149,inzemamul.h,2,3,"2026-07-27 14:19:30",0,"Please refer the comment box.","2026-07-27 08:49:29.918668","2026-07-27 08:49:29.918668"
1381,f373aba0-230f-4715-a056-b58ecb938c66,TKT-1-202607-02149,vikram6singh,1,2,"2026-07-18 17:02:09",1,"Please check","2026-07-18 11:32:08.729693","2026-07-18 11:32:08.729693"
1381,b9c7b74f-0248-4ab8-a7ed-88520e0db3a4,TKT-1-202607-02149,inzemamul.h,2,3,"2026-07-25 17:38:04",0,"Kindly refer to the comment box.","2026-07-25 12:08:03.653178","2026-07-25 12:08:03.653178"
1381,b5a392b6-5624-49a8-8c4a-7fa4ffb5da11,TKT-1-202607-02149,umesh.k,2,3,"2026-07-23 12:11:31",0,"Dear Sir/Madam,    Please note that no corrections can be made once the commodities have been accounted for in the stack. We request your understanding in this matter, Thank you.","2026-07-23 06:41:30.695452","2026-07-23 06:41:30.695452"
1381,9122e705-d411-4fae-acbb-c15e549fdda8,TKT-1-202607-02149,293085,3,2,"2026-07-27 12:51:35",0,"Sir,  This end is waiting since a long time for these issue , till date no resolution has been provided by the Customer support.","2026-07-27 07:21:34.598734","2026-07-27 07:21:34.598734"
1381,734dce74-174e-4a91-986b-74e6e1fce488,TKT-1-202607-02149,umesh.k,2,3,"2026-07-20 09:45:10",0,"Dear sir/madam, while performing add inward wagon for one wagon - 00137, the specification was selected as "FAQ - 216497". please check loading statement of incoming rakes so there specification which was selected will be shown against each wagon","2026-07-20 04:15:09.680430","2026-07-20 04:15:09.680430"
1381,66f98771-da19-4268-a557-bae898c557f5,TKT-1-202607-02149,293085,3,2,"2026-07-24 16:08:00",0,"Kindly Change the specification of the stack 14B10B which was converted to FAQ 2026-27 instead of URS 2026-27 (Luster Loss) . Find the attachments accordingly.","2026-07-24 10:38:00.427390","2026-07-24 10:38:00.427390"
1381,4585d40d-e83c-455c-8431-79fd668626a2,TKT-1-202607-02149,inzemamul.h,3,2,"2026-07-27 16:55:58",0,"Please check.","2026-07-27 11:25:57.918489","2026-07-27 11:25:57.918489"
1381,32983abe-90a3-40d9-9ca4-984b2a02281d,TKT-1-202607-02149,inzemamul.h,2,7,"2026-07-27 16:56:50",0,"kindly refer to the comment box.","2026-07-27 11:26:49.717578","2026-07-27 11:26:49.717578"
1381,054f93e3-5dad-42cd-99a7-a9bc8ec27b9e,TKT-1-202607-02149,293085,3,2,"2026-07-21 11:56:15",0,"kindly change one wagon bearing the number- 00137, from FAQ 2026-27 to LUSTER LOSS 2026-27 (URS) as per loading particular which was given by dispatching end. ( BAG= 1180 WEIGHT =588.15604)","2026-07-21 06:26:15.244480","2026-07-21 06:26:15.244480"
793,24818e7b-76a1-402e-bb76-121a5b845cc6,TKT-1-202607-02151,vikram6singh,1,2,"2026-07-18 17:39:37",0,"Please check","2026-07-18 12:09:37.035868","2026-07-18 12:09:37.035868"
793,e181a7de-78b0-48fa-a302-37abfdeac5e3,TKT-1-202607-02151,186591,3,2,"2026-07-31 11:50:05",0,"It is to inform that we are unable to edit the data in DISFM as the same is already uploaded by regional office and the same has been enclosed in the Attachment. Kindly solve the issue.","2026-07-31 06:20:04.971330","2026-07-31 06:20:04.971330"
793,bc7483ce-43ac-4086-af8a-6d31347cfb5a,TKT-1-202607-02151,186591,NULL,1,"2026-07-18 17:24:40",0,New,"2026-07-18 11:54:39.793849","2026-07-18 11:54:39.793849"
793,8c60f5bc-99ce-486d-b65a-8b8fe93904ba,TKT-1-202607-02151,satish.d,2,3,"2026-07-31 12:50:29",0,"if it is approved, it cant be edited, please send a mail to HQ","2026-07-31 07:20:29.149595","2026-07-31 07:20:29.149595"
793,726f4d6e-24f9-4d77-8e91-ca27a4aef9f0,TKT-1-202607-02151,pooja.11,2,3,"2026-07-18 17:45:54",0,"You are kindly requested to please share the relevant screenshots and supporting documents, so that we may review the matter and determine the further course of action. For any assistance, please contact our support team at: 1800-410-6688.","2026-07-18 12:15:53.711110","2026-07-18 12:15:53.711110"
793,4f71bf01-fe21-417d-91a1-7aa83c1c7ee5,TKT-1-202607-02151,satish.d,2,3,"2026-07-22 12:39:55",0,"if it is not approved , you can still edit the entry for 2nd FN,please check that","2026-07-22 07:09:54.956788","2026-07-22 07:09:54.956788"
793,4e7e8f73-d0d5-42a9-a2e1-521af304702e,TKT-1-202607-02151,186591,3,2,"2026-08-28 14:51:52",0,"This ticket is Resolved so closing the ticket","2026-08-28 09:21:51.843227","2026-08-28 09:21:51.843227"
793,465292b2-e320-4a59-b242-419ec49ee3be,TKT-1-202607-02151,satish.d,2,3,"2026-08-26 14:02:09",0,"check with RO or Zonal for the approval","2026-08-26 08:32:08.899577","2026-08-26 08:32:08.899577"
793,4647edc3-e4db-4eeb-9509-b7a414e365d3,TKT-1-202607-02151,satish.d,2,7,"2026-08-28 15:00:59",0,"CLOSING THIS TICKET","2026-08-28 09:30:59.077660","2026-08-28 09:30:59.077660"
793,40d128a5-a6f8-42b8-90df-3de8cfec1ed2,TKT-1-202607-02151,186591,3,2,"2026-08-21 16:36:42",0,"Sir, It is to inform that Edit stock figure request hasbeen raised by this office. Please do the needful action.","2026-08-21 11:06:42.189908","2026-08-21 11:06:42.189908"
793,240fe934-996e-4f81-9add-118e36d595b1,TKT-1-202607-02151,186591,3,2,"2026-07-22 12:09:33",0,"The supporting documents i.e. the ISI PV Losses/Gain details pertaining to TSWC Marriguda Depot for the Month of June 2026 and the data of DISFM before PV and after PV are also attached.","2026-07-22 06:39:32.612679","2026-07-22 06:39:32.612679"
176,11daa97d-3b17-467d-a93b-e6d16a9119b5,TKT-1-202607-02156,sanjeet.k,2,7,"2026-07-21 11:26:19",0,"kindly check the comment section.","2026-07-21 05:56:19.294135","2026-07-21 05:56:19.294135"
176,2777068f-6b5d-4766-baa9-a6ee2cfa1d32,TKT-1-202607-02156,vikram6singh,1,2,"2026-07-20 09:34:32",0,"Please check.","2026-07-20 04:04:32.375160","2026-07-20 04:04:32.375160"
176,c37fa234-a883-46c2-8444-c4df63412367,TKT-1-202607-02156,wc17035_02,NULL,1,"2026-07-18 18:32:21",0,New,"2026-07-18 13:02:20.848627","2026-07-18 13:02:20.848627"
1045,707dc05c-09d2-4d26-9e64-7ecbebc34abf,TKT-1-202607-02157,satish.d,2,7,"2026-07-30 16:40:18",0,"closing this ticket","2026-07-30 11:10:18.036890","2026-07-30 11:10:18.036890"
1045,faec8143-9368-439d-82f0-e49ad9a78aa0,TKT-1-202607-02157,umesh.k,2,3,"2026-07-23 11:14:29",0,"Dear sir, the documents you have shared is for the depot PEG GUMLA I, where in the description you have mentioned the issue was for depot PEG Nagri-II . Could you please share the document for the mentioned depot.","2026-07-23 05:44:29.015557","2026-07-23 05:44:29.015557"
1045,a2f327ff-0702-4c57-9db3-473afda32dec,TKT-1-202607-02157,satish.d,2,3,"2026-07-29 18:17:39",0,"this comparison doesnt add up, as DSI is daily basis and DISFM is fortnight basis , so if further details requires please check with HQ","2026-07-29 12:47:39.496929","2026-07-29 12:47:39.496929"
1045,9d904de6-3823-4dfc-bc74-789e7bf404aa,TKT-1-202607-02157,vikram6singh,1,2,"2026-07-20 09:34:28",1,"Please check.","2026-07-20 04:04:27.913128","2026-07-20 04:04:27.913128"
1045,939f83e1-6d9f-45a3-af0b-9d839500914f,TKT-1-202607-02157,152805,NULL,1,"2026-07-18 19:11:44",0,New,"2026-07-18 13:41:44.165820","2026-07-18 13:41:44.165820"
1045,74596bb0-0cde-4fa1-b02a-b03932d5310f,TKT-1-202607-02157,152805,3,2,"2026-07-21 10:49:40",0,"I have uploaded the supporting documents.","2026-07-21 05:19:40.170928","2026-07-21 05:19:40.170928"
1045,1b25feb7-b95c-4942-b068-34ea218b2aca,TKT-1-202607-02157,152805,3,2,"2026-07-30 12:37:21",0,"Please close this ticket.","2026-07-30 07:07:20.642356","2026-07-30 07:07:20.642356"
1045,629fa228-1a5a-4f96-bcb9-556be725f16f,TKT-1-202607-02157,richa.k,2,3,"2026-07-20 09:47:02",0,"Kindly share the supporting documents for further investigation. For further assistance, contact the support team at 📞 1800‑410‑6688.","2026-07-20 04:17:01.692864","2026-07-20 04:17:01.692864"
1045,7938ed76-17fa-4c48-b2b9-06d2c9828044,TKT-1-202607-02157,152805,3,2,"2026-07-29 15:51:43",0,"We have attached the required document.","2026-07-29 10:21:42.795529","2026-07-29 10:21:42.795529"
774,110a289f-77cd-4bb9-9e8f-0c8428606e9a,TKT-1-202607-02159,satish.d,2,3,"2026-07-20 15:50:24",0,"Please check","2026-07-20 10:20:23.632615","2026-07-20 10:20:23.632615"
774,12585f34-9513-4ef3-8c25-06dfe571f023,TKT-1-202607-02159,satish.d,2,7,"2026-08-06 11:41:05",0,"we hope issue has been resolved we are closing the ticket please create new ticket if any issue still persists","2026-08-06 06:11:05.176835","2026-08-06 06:11:05.176835"
774,157a2983-6fac-4229-a69c-0806e8f1aa31,TKT-1-202607-02159,134159,3,2,"2026-08-04 15:08:04",0,"The problem has not been resolved as the same can be observed from the attcahed screenshot.","2026-08-04 09:38:04.345636","2026-08-04 09:38:04.345636"
774,2f3055f8-bf5f-4932-b567-e2be25f6946f,TKT-1-202607-02159,134159,7,8,"2026-08-31 17:33:04",0,"Although, the reply is not convincing, as in this case census list should not contain the information of no. of bags as per PV. This is creating confusion. Although may be closed.","2026-08-31 12:03:04.046389","2026-08-31 12:03:04.046389"
774,4c82daf5-74dc-41b3-b752-3a8b0d1fddb0,TKT-1-202607-02159,134159,NULL,1,"2026-07-19 01:24:25",0,New,"2026-07-18 19:54:25.487059","2026-07-18 19:54:25.487059"
774,ff2c1866-624f-401e-b303-bb42b6355f84,TKT-1-202607-02159,vikram6singh,1,2,"2026-07-20 09:34:20",1,"Please check.","2026-07-20 04:04:19.636393","2026-07-20 04:04:19.636393"
573,6c1cec6c-224c-4515-8b55-c6347ec2f574,TKT-1-202607-02160,satish.d,2,7,"2026-08-06 11:17:29",0,"we hope issue has been resolved so we are closing the ticket if not please reopen or create new ticket thank youuu","2026-08-06 05:47:29.234242","2026-08-06 05:47:29.234242"
573,6fd85754-30e5-40ff-86d4-ce6eb5f9d56c,TKT-1-202607-02160,vikram6singh,1,2,"2026-07-20 09:34:15",0,"Please check.","2026-07-20 04:04:14.875703","2026-07-20 04:04:14.875703"
573,4163c4b8-2fb8-424f-adb7-f254145b6e61,TKT-1-202607-02160,inzemamul.h,2,3,"2026-07-20 12:49:50",0,"Kindly share the relevant reports for our further investigation. For further assistance, please contact our support team at 📞 1800-410-6688.","2026-07-20 07:19:50.314548","2026-07-20 07:19:50.314548"
573,2552d211-43fc-4004-b05c-d6a0fb7987f5,TKT-1-202607-02160,134159,7,8,"2026-08-31 17:27:45",0,"Matter has been resolved, may be closed.","2026-08-31 11:57:44.689436","2026-08-31 11:57:44.689436"
573,1dbedeca-d30e-4375-ba17-ae3ad84744b1,TKT-1-202607-02160,134159,3,2,"2026-08-04 15:03:59",0,"Screen shot has also been attached , which shows both PVs (QPV and ISI) with same name. Name should be different so that we can identify which one we are going to open.","2026-08-04 09:33:59.105830","2026-08-04 09:33:59.105830"
573,026469f4-adb6-494d-82b6-5bc862c782f5,TKT-1-202607-02160,134159,NULL,1,"2026-07-19 01:35:26",0,New,"2026-07-18 20:05:26.123081","2026-07-18 20:05:26.123081"
164,11234a9c-ebdd-4b79-b079-f196ea6fb8a6,TKT-1-202607-02163,vikram6singh,1,2,"2026-07-20 09:34:01",0,"Please check.","2026-07-20 04:04:00.503979","2026-07-20 04:04:00.503979"
164,16c829d5-3434-491b-9304-a18d95e54fa2,TKT-1-202607-02163,nf20057_03,3,2,"2026-07-20 13:07:36",0,"contact details 9026932687","2026-07-20 07:37:36.056546","2026-07-20 07:37:36.056546"
164,627afcaf-3527-448b-84a2-a35443b53637,TKT-1-202607-02163,saroj.m,2,7,"2026-07-21 13:52:02",0,"Please refer the comment box.","2026-07-21 08:22:01.919844","2026-07-21 08:22:01.919844"
164,68164213-9222-4ef1-9c1e-33762f22300f,TKT-1-202607-02163,nf20057_03,NULL,1,"2026-07-19 09:18:23",0,New,"2026-07-19 03:48:22.588493","2026-07-19 03:48:22.588493"
164,9b8148d3-bf08-4120-b4a9-714f45d57c0c,TKT-1-202607-02163,saroj.m,2,3,"2026-07-20 09:55:36",0,"Dear Sir/Ma'am , Please share the contact details for the further investigation . For any assistance, please contact our support team at: 1800-410-6688.","2026-07-20 04:25:35.743967","2026-07-20 04:25:35.743967"
466,4c1b99ae-8bdd-4172-af8d-a83dd5b82a0d,TKT-1-202607-02164,290636,NULL,1,"2026-07-19 10:24:42",0,New,"2026-07-19 04:54:42.365294","2026-07-19 04:54:42.365294"
466,9081f2cf-5c65-426f-b49e-fa6a4db0cc0a,TKT-1-202607-02164,vikram6singh,1,2,"2026-07-20 09:33:56",1,"Please check.","2026-07-20 04:03:55.846117","2026-07-20 04:03:55.846117"
466,bf54074e-50ac-4068-9c3d-938f881291ac,TKT-1-202607-02164,anshu.r,2,5,"2026-07-21 15:41:58",0,"Respected . sir please look into the Regarding Deletion of Extra Bins","2026-07-21 10:11:57.866351","2026-07-21 10:11:57.866351"
162,ec8249ef-b074-466c-bc29-2301cee521a2,TKT-1-202607-02181,umesh.k,2,3,"2026-08-12 12:57:36",0,"Dear sir/madam, Please refer the comments added below. Thank you","2026-08-12 07:27:36.142110","2026-08-12 07:27:36.142110"
162,f06a33ee-d6ad-4dbe-998b-420df8ac235a,TKT-1-202607-02181,kshitiz.s,2,7,"2026-09-08 15:53:48",0,"Please refer to the comment section.","2026-09-08 10:23:48.096371","2026-09-08 10:23:48.096371"
162,d47d4d30-2b31-4428-a198-dc2b1db9d37b,TKT-1-202607-02181,116289,3,2,"2026-08-11 12:01:21",0,"PLEASE CHECK","2026-08-11 06:31:21.332516","2026-08-11 06:31:21.332516"
162,c313e8f3-a7ed-47d9-a7aa-61e2326c6792,TKT-1-202607-02181,116289,3,2,"2026-07-31 12:24:48",1,"Different specification J & K and punjab","2026-07-31 06:54:48.430288","2026-07-31 06:54:48.430288"
162,96d142a2-f565-4700-b38c-4891c989e938,TKT-1-202607-02181,vikram6singh,1,2,"2026-07-20 12:12:55",1,"Please check.","2026-07-20 06:42:54.961739","2026-07-20 06:42:54.961739"
162,53409434-cf5c-4a19-a2c6-4d22fe3aa61c,TKT-1-202607-02181,kshitiz.s,3,2,"2026-09-08 15:53:05",0,"Please check","2026-09-08 10:23:04.779327","2026-09-08 10:23:04.779327"
162,49cb2378-fa97-46e8-b5c6-384d22041779,TKT-1-202607-02181,anshu.r,2,3,"2026-07-20 12:16:59",0,"kindly share the supportive documents for our further investigation. For further assistance, please contact our support team at : 📞 1800-410-6688.","2026-07-20 06:46:58.712145","2026-07-20 06:46:58.712145"
162,0fdedf7b-e37f-4113-b160-4a0cc9ce4bfd,TKT-1-202607-02181,116289,NULL,1,"2026-07-20 12:09:51",0,New,"2026-07-20 06:39:51.278821","2026-07-20 06:39:51.278821"
162,a251496d-9093-4c1e-b680-bdfa869a85e1,TKT-1-202607-02181,umesh.k,2,3,"2026-07-31 12:59:34",0,"Dear sir/madam, kindly check the comments added. Thank you","2026-07-31 07:29:34.414226","2026-07-31 07:29:34.414226"
17255,93653a11-ec73-417b-9d21-d99fcec328d7,TKT-1-202607-02182,316895,3,2,"2026-07-20 14:29:48",0,"Screenshot attached. Unable to see with whom the file is pending. Also, the request is not reflecting on the portal of my assigned reporting authority/immediate senior (i.e. Manager (CE)).","2026-07-20 08:59:48.021436","2026-07-20 08:59:48.021436"
17255,f72a4a47-b4ec-46e1-b5ba-844e6fbc1733,TKT-1-202607-02182,316895,3,2,"2026-08-05 13:37:34",0,"How is it that an estimate prepared by a Junior Engineer (Civil/Electrical) at the Zonal level can be forwarded directly to Headquarters without the review and approval of the Competent authorities. Kindly clarify.","2026-08-05 08:07:34.353933","2026-08-05 08:07:34.353933"
17255,d8b02593-f692-4d84-9265-ff8ca939d9dc,TKT-1-202607-02182,316895,3,2,"2026-08-03 16:24:27",0,"Name of Work: Repair and Maintenance work at FCI Flats and Guest Houses Salt Lake Block CJ 254 FE 231 DL 95 Ellora Apartment Dhakuria 6 Sunny Park Ballygunge under ZO East Work request ID is present in the attached screenshots (1.png.).","2026-08-03 10:54:27.386193","2026-08-03 10:54:27.386193"
17255,d673e348-de6c-4ee4-b87b-67b5f181bb92,TKT-1-202607-02182,satish.d,2,3,"2026-07-22 11:56:04",0,"at which step it is stopped for you?","2026-07-22 06:26:03.963839","2026-07-22 06:26:03.963839"
17255,ab537f89-ada0-4b3b-8019-ece7cad48fe3,TKT-1-202607-02182,arti.1.t,2,3,"2026-07-20 15:02:21",0,"The screenshot is missing from your submission. Kindly reattach the screenshot so that we can review and assist you further.","2026-07-20 09:32:21.378145","2026-07-20 09:32:21.378145"
17255,9ab775e3-8ddd-434e-9af3-f95593bb0bb2,TKT-1-202607-02182,316895,3,2,"2026-08-06 14:11:45",0,"Then it should be fixed. Since work request created by JE (CE) at ZO level can not go directly to Hqrs. without vetting at ZO level by relevant officers. Kindly fix the issue.","2026-08-06 08:41:45.451439","2026-08-06 08:41:45.451439"
17255,8b81faf1-e5ad-4e2d-88df-2146c0139716,TKT-1-202607-02182,satish.d,2,3,"2026-07-22 14:57:13",0,"in next higher authority manager or engineering staff login you can see the work request","2026-07-22 09:27:12.868771","2026-07-22 09:27:12.868771"
17255,803e1c0f-9183-4430-9f4c-ecee3301e38b,TKT-1-202607-02182,316895,3,2,"2026-07-28 11:02:55",0,"Request can be seen, but they are unable to act on it. As the option for Approval/Rejection/Forwarding is not available with them.","2026-07-28 05:32:54.582698","2026-07-28 05:32:54.582698"
17255,53608650-027d-4f0d-816f-18545fa9ed6b,TKT-1-202607-02182,316895,3,2,"2026-07-22 12:51:52",0,"I am creating the work requests, but can't tell to the higher officers with whom the request is, since it does not show with whom it is pending. Also the request is not showing on Manager's/AGMs account for review/approval. That is the problem.","2026-07-22 07:21:51.969635","2026-07-22 07:21:51.969635"
17255,46fc94ed-5f76-43fe-9637-74864695bdaa,TKT-1-202607-02182,satish.d,2,3,"2026-07-31 12:41:43",0,"share the details of the work request created, name of the work request or work request id","2026-07-31 07:11:42.504936","2026-07-31 07:11:42.504936"
17255,42d8d71e-406f-4f26-8d41-6e5260c4a122,TKT-1-202607-02182,satish.d,2,3,"2026-08-05 15:23:26",0,"as per requirements, now there is no approval to forward, if the W.R is created for zone it will directly go to HQ bucket for approval","2026-08-05 09:53:26.144320","2026-08-05 09:53:26.144320"
17255,3ee8dc33-f6f7-45c4-b164-2b872c79c222,TKT-1-202607-02182,316895,3,2,"2026-07-21 16:08:13",0,"Unable to attach the screenshot as it is not getting uploaded. Work request Id no. 256.","2026-07-21 10:38:13.477234","2026-07-21 10:38:13.477234"
17255,3e3f9d48-2dd9-4eb9-a98e-55e7e4068963,TKT-1-202607-02182,satish.d,2,3,"2026-07-28 12:37:55",0,"Approval Of Work Request page they can do the approval, please check this page","2026-07-28 07:07:55.095663","2026-07-28 07:07:55.095663"
17255,3d41f941-e19e-46d1-bd27-7a1154be230e,TKT-1-202607-02182,arti.1.t,2,3,"2026-07-20 13:01:23",0,"Kindly share the specific issue along with a proper screenshot for further investigation. For any assistance, please feel free to contact us at 1800-410-6688.","2026-07-20 07:31:22.670698","2026-07-20 07:31:22.670698"
17255,213e9389-caea-4184-a1e7-16ec22a79e1f,TKT-1-202607-02182,vikram6singh,1,2,"2026-07-20 12:19:41",0,"Please check.","2026-07-20 06:49:40.595168","2026-07-20 06:49:40.595168"
17255,19a71646-b31f-4613-9732-d5e1c3091e0b,TKT-1-202607-02182,316895,3,2,"2026-07-30 16:19:07",0,"We have reviewed the 'Work Approval' page; however the concerned work request is not showing in her portal (refer 'ss manager 1'), also, manager is unable to take any action because the options for Approval, Rejection, or Forwarding are not showing.","2026-07-30 10:49:07.344601","2026-07-30 10:49:07.344601"
17255,105d8ec6-71da-4e54-be35-c2e5116321f0,TKT-1-202607-02182,satish.d,2,3,"2026-08-04 19:33:51",0,"the mentioned W.R has been created for zone , so please check in HQ engg for approval","2026-08-04 14:03:51.488637","2026-08-04 14:03:51.488637"
17255,498c1aee-0076-40fa-8cd8-e49b2a0fc5bd,TKT-1-202607-02182,316895,NULL,1,"2026-07-20 12:16:38",0,New,"2026-07-20 06:46:38.195355","2026-07-20 06:46:38.195355"
1347,7c53fdbe-011c-43f4-99a2-9d1cc55d3716,TKT-1-202607-02190,umesh.k,2,3,"2026-07-27 18:46:28",0,"kindly atach supporting documents as well as provide login details.","2026-07-27 13:16:28.239130","2026-07-27 13:16:28.239130"
1347,88707966-f53b-4c34-ad3e-b4e2f6b89ffe,TKT-1-202607-02190,119236,3,2,"2026-08-03 11:19:19",0,"IN MSA Part-II (by road receipt data not showing )","2026-08-03 05:49:18.686071","2026-08-03 05:49:18.686071"
1347,adaa6901-bcbc-4f86-8904-00956e1bb9e6,TKT-1-202607-02190,119236,3,2,"2026-07-29 10:40:06",0,"IN MSA Part-II (by road receipt data not showing ) Photo Enclosed","2026-07-29 05:10:05.703283","2026-07-29 05:10:05.703283"
1347,ae9a8181-9eca-450b-b9b6-11b6887bd355,TKT-1-202607-02190,umesh.k,2,3,"2026-08-06 16:19:10",0,"Dear Sir, At FSD Alwar Depot, all road movement transactions are currently marked as Inprogress. Kindly perform the closure operation for these transactions. Once the closure is completed, the data will be reflected in the report.","2026-08-06 10:49:10.013725","2026-08-06 10:49:10.013725"
1347,b3c02e91-1ada-4f54-9873-ca6396a47bc8,TKT-1-202607-02190,119236,3,2,"2026-07-29 16:24:00",0,"Sir,  Every month, FSD Alwar receives stock by road. However, the monthly reports (In MSA Anna Darpan Monthly receipts) are not showing any road-received stock. Kindly check this issue and resolve the problem as soon as possible.","2026-07-29 10:54:00.357330","2026-07-29 10:54:00.357330"
1347,c3d194d9-0d66-4e4b-acdb-6af3b38b90c1,TKT-1-202607-02190,119236,3,2,"2026-08-06 16:16:29",0,"IN MSA Part-II (by road receipt data not showing )","2026-08-06 10:46:28.799715","2026-08-06 10:46:28.799715"
1347,d1b733b4-8cdc-4a85-a2bf-31e273b2814d,TKT-1-202607-02190,umesh.k,2,3,"2026-07-29 14:32:07",0,"Dear Sir,  We have checked our records and found that no inward road movement was completed at the depot during the month of July.  Could you verify this from your end and share the details if any completed inward road movement during that month.","2026-07-29 09:02:07.345366","2026-07-29 09:02:07.345366"
1347,d278dad6-ee72-4394-80b8-7b3144d9e9b1,TKT-1-202607-02190,umesh.k,2,3,"2026-07-30 10:56:22",0,"Dear sir, Could you please share the details of that particular movement that is carried out in the mentioned month, so that we can further investigate the issue.","2026-07-30 05:26:22.202299","2026-07-30 05:26:22.202299"
1347,e04fb11d-f481-4780-8842-b8f55c5c0854,TKT-1-202607-02190,sanjeet.k,2,3,"2026-07-20 15:08:08",0,"Kindly specify which type of reports are not being generated by you for the further assistance regarding your query.","2026-07-20 09:38:08.265093","2026-07-20 09:38:08.265093"
1347,e84e4070-6d8e-45c6-832b-427d93716681,TKT-1-202607-02190,119236,3,2,"2026-07-29 14:06:44",0,"IN MSA Part-II (by road receipt data not showing ) Photo Enclosed id :-119236 password:- Depot@2026","2026-07-29 08:36:44.309660","2026-07-29 08:36:44.309660"
1347,fcfa6ed1-4dc4-496e-8cc1-0353118aae44,TKT-1-202607-02190,119236,NULL,1,"2026-07-20 12:32:08",0,New,"2026-07-20 07:02:08.094759","2026-07-20 07:02:08.094759"
1347,2a15db43-10fb-4223-b6ee-b9c843d6078c,TKT-1-202607-02190,119236,3,2,"2026-07-27 13:43:50",0,"that sir in PART-II (Anna Darpan) truck wise receipt is not showing while generating in Monthly MSA Report Monthly Receipt Statement so please solve this issue (Contact no. - 7014519263)","2026-07-27 08:13:50.371394","2026-07-27 08:13:50.371394"
1347,5bdf7c64-04b9-4a9f-bbf4-1668c6a84c98,TKT-1-202607-02190,umesh.k,2,3,"2026-07-29 11:25:51",0,"Dear sir, cant able to see any attachments for this ticket, kindly check once again.","2026-07-29 05:55:50.553008","2026-07-29 05:55:50.553008"
1347,651dfa4c-42d4-45bb-80ec-b1f33eaebcca,TKT-1-202607-02190,shivaniyadav091298,2,7,"2026-08-11 17:30:51",0,"As per the user's remarks on this ticket, "The issue has been resolved now", this ticket is being marked as resolved. For further assistance, please contact our support team at 1800-410-6688.","2026-08-11 12:00:51.212983","2026-08-11 12:00:51.212983"
1347,04d3a72e-5986-4bc4-bafb-02bae88803d6,TKT-1-202607-02190,119236,3,2,"2026-08-03 15:24:54",0,"IN MSA Part-II (by road receipt data not showing ) yes road movement","2026-08-03 09:54:53.734609","2026-08-03 09:54:53.734609"
1347,0d068135-5ca8-4d22-ad36-d9f4799c1fed,TKT-1-202607-02190,umesh.k,2,3,"2026-07-31 12:15:21",0,"kindly refer the comment section and follow the same, so that the specific report will be generate.","2026-07-31 06:45:21.164223","2026-07-31 06:45:21.164223"
1347,1363238a-a0ea-45f3-b93a-1b4c8e799105,TKT-1-202607-02190,119236,3,2,"2026-08-11 15:16:22",0,"ok i understand close this request","2026-08-11 09:46:21.734624","2026-08-11 09:46:21.734624"
1347,1b406f45-ca42-4ef1-8843-e1a19890266f,TKT-1-202607-02190,119236,3,2,"2026-07-30 14:54:04",0,"IN Anna darpan (MSA) report By road receipt data is not showing in any month","2026-07-30 09:24:03.825508","2026-07-30 09:24:03.825508"
1347,00c0cacb-5082-4f67-97e9-b226a9dd0ee6,TKT-1-202607-02190,vikram6singh,1,2,"2026-07-20 12:37:59",0,"Please check.","2026-07-20 07:07:58.743754","2026-07-20 07:07:58.743754"
1347,4207b9ec-b7cf-4338-ba81-21ceb6918be4,TKT-1-202607-02190,119236,3,2,"2026-07-31 11:31:33",0,"IN MSA Part-II (by road receipt data not showing )","2026-07-31 06:01:32.892234","2026-07-31 06:01:32.892234"
1347,4b91a96e-338d-4a15-b57b-3bb1fba6f8e6,TKT-1-202607-02190,umesh.k,2,3,"2026-07-30 16:22:16",0,"Dear Sir,  At FSD Alwar Depot, all road movement transactions are currently marked as Inprogress. Kindly perform the closure operation for these transactions. Once the closure is completed, the data will be reflected in the report.","2026-07-30 10:52:15.972225","2026-07-30 10:52:15.972225"
1347,4de48f7c-e63e-4b25-a6c0-f39ef2fc4732,TKT-1-202607-02190,umesh.k,2,3,"2026-08-03 12:11:53",0,"Kindly confirm whether closer operation is  performed for ROAD movement, even after the closer operation you are not able to see the data then please let us know.","2026-08-03 06:41:52.995047","2026-08-03 06:41:52.995047"
1347,580cc861-a9b9-4eb9-abe5-9f58b74658d7,TKT-1-202607-02190,umesh.k,2,3,"2026-08-05 11:00:36",0,"Dear sir/madam, Can you check this now. Thank you","2026-08-05 05:30:36.437140","2026-08-05 05:30:36.437140"
749,12ce2382-62d2-417f-b354-ad822586e2cd,TKT-1-202607-02191,311060,NULL,1,"2026-07-20 12:34:57",0,New,"2026-07-20 07:04:57.189467","2026-07-20 07:04:57.189467"
749,375e3294-3760-4c1d-8711-10438114a283,TKT-1-202607-02191,vikram6singh,1,2,"2026-07-20 12:37:54",0,"Please check.","2026-07-20 07:07:54.490234","2026-07-20 07:07:54.490234"
749,4c4bea0b-c8ff-45b2-ae11-49f5b6547802,TKT-1-202607-02191,311060,3,2,"2026-07-20 14:43:19",0,"No,the mentioned ROs are not listed in expired list.","2026-07-20 09:13:18.764993","2026-07-20 09:13:18.764993"
749,b1613977-0713-45a9-8673-fc0f1c133271,TKT-1-202607-02191,richa.k,2,7,"2026-07-21 17:49:48",0,"Trying to reach you multiple times but not get response, please be informed that mention ROs has been extended please check, now we are closing this ticket, for any further assistance, please contact our support team at: 📞 1800‑410‑6688.","2026-07-21 12:19:47.986218","2026-07-21 12:19:47.986218"
749,ec761c70-1a94-49e1-bad7-bc157a687245,TKT-1-202607-02191,richa.k,2,3,"2026-07-20 13:26:13",0,"Kindly do confirm whether the mentioned ROs in the attached document is listed in expired list?For any further assistance, please contact our support team at:📞1800-410-6688","2026-07-20 07:56:13.001743","2026-07-20 07:56:13.001743"
1671,182ef1fe-41fe-48b4-b114-177f7731b16f,TKT-1-202607-02192,315337,3,2,"2026-07-21 11:42:11",0,"Please check the comments.","2026-07-21 06:12:10.700352","2026-07-21 06:12:10.700352"
1671,f33c0047-ae45-409a-b38a-e6db59db9607,TKT-1-202607-02192,315337,NULL,1,"2026-07-20 12:35:45",0,New,"2026-07-20 07:05:45.057730","2026-07-20 07:05:45.057730"
1671,740fa601-6069-47d2-a4ed-234f32979328,TKT-1-202607-02192,315337,3,2,"2026-08-03 12:54:17",0,"Issue not yet resolved.","2026-08-03 07:24:17.299784","2026-08-03 07:24:17.299784"
1671,5eaa00c4-7d73-4aa7-a970-59f6422545d3,TKT-1-202607-02192,anuj.s,2,5,"2026-08-03 13:09:28",0,"Please look into the given user concern regarding the importing of the commodity allocation of mahe revenue district to keral region. However, mahe revenue distrcts is currently mapped with puducherryUT but operationally it reporting to kerala region","2026-08-03 07:39:28.060385","2026-08-03 07:39:28.060385"
1671,5779d307-3253-4098-825d-2ceb11d4f69d,TKT-1-202607-02192,anuj.s,2,3,"2026-07-25 17:06:07",0,"Kindly acknowledge once the issue has been resolved so that we may proceed with the ticket closure.","2026-07-25 11:36:06.505797","2026-07-25 11:36:06.505797"
1671,56d37617-9ab6-49e8-86c1-ccabe66570a9,TKT-1-202607-02192,anuj.s,2,3,"2026-07-25 10:52:04",0,"Sir, please elaborate the actual issue you are facing so that we can investigate and assist you as earliest.","2026-07-25 05:22:04.218389","2026-07-25 05:22:04.218389"
1671,48a7a266-2dd4-4170-a8f6-da8e7421840d,TKT-1-202607-02192,vikram6singh,1,2,"2026-07-20 12:37:49",0,"Please check.","2026-07-20 07:07:49.313694","2026-07-20 07:07:49.313694"
1671,39f357de-e526-4f85-8c09-481b3072c9b2,TKT-1-202607-02192,315337,3,2,"2026-07-25 14:35:12",0,"Issue in Importing PM POSHAN 2nd Quarter Allocation for Mahe Revenue District in the Anna Darpan Portal.","2026-07-25 09:05:12.279938","2026-07-25 09:05:12.279938"
1671,0f58b893-e2a2-4b92-8c4c-6409a6ed16f1,TKT-1-202607-02192,umesh.k,2,3,"2026-07-20 15:52:00",0,"Kindly check our comments.","2026-07-20 10:21:59.983335","2026-07-20 10:21:59.983335"
8779,0708537e-c157-4396-b5aa-7476b9c97152,TKT-1-202607-02196,inish.d,2,3,"2026-08-12 15:20:20",0,"Dear Sir/Madam,we need an approval from higher authority to take up this request,please raise a mail to higher authority","2026-08-12 09:50:20.194320","2026-08-12 09:50:20.194320"
8779,e6152af4-73dd-422b-aac7-f74c4e8416e8,TKT-1-202607-02196,inish.d,2,3,"2026-09-08 16:03:23",0,"Send us the labour employee number list we will cross check","2026-09-08 10:33:22.950430","2026-09-08 10:33:22.950430"
8779,e3e2ad5b-2f78-4986-8244-97a1b450fe68,TKT-1-202607-02196,inish.d,2,3,"2026-08-10 15:43:28",0,"Dear Sir/madam,Try to attach few labours with their employee number","2026-08-10 10:13:28.442609","2026-08-10 10:13:28.442609"
8779,e0bea78f-c2a9-4833-b52f-3947a22e2d41,TKT-1-202607-02196,inish.d,2,3,"2026-08-26 17:59:58",0,"Have you taken the attendance?","2026-08-26 12:29:57.658578","2026-08-26 12:29:57.658578"
8779,dd27c59c-04fc-43b0-a9c1-19095049cad2,TKT-1-202607-02196,vikram6singh,1,2,"2026-07-20 13:14:35",0,"Please check.","2026-07-20 07:44:35.021871","2026-07-20 07:44:35.021871"
8779,c61dee25-df76-479a-9e7f-45b18de4362d,TKT-1-202607-02196,113777,3,2,"2026-08-10 11:11:53",0,"The physical file which is in PDF format is not being attached, tried many times.","2026-08-10 05:41:52.942048","2026-08-10 05:41:52.942048"
8779,ba18c524-67c9-424c-b990-5cf8ecc67f8f,TKT-1-202607-02196,umesh.k,2,3,"2026-07-20 15:36:17",0,"Dear Sir/Madam,did you recorded the attendance?","2026-07-20 10:06:16.624412","2026-07-20 10:06:16.624412"
8779,b7c8de53-6df0-4a02-8962-7feea9b4ecd1,TKT-1-202607-02196,inish.d,2,3,"2026-07-21 14:13:31",0,"Dear Sir/Madam,no attendance has been recorded on 17 and 18 with your id.","2026-07-21 08:43:30.850961","2026-07-21 08:43:30.850961"
8779,8bc683ce-d3da-47b9-8415-3bfc2dcf20ac,TKT-1-202607-02196,113777,3,2,"2026-08-12 15:07:27",0,"please check attachment "labour .pdf"","2026-08-12 09:37:26.801479","2026-08-12 09:37:26.801479"
8779,78c90b00-bee2-46fb-9222-52ae3519c501,TKT-1-202607-02196,inish.d,2,3,"2026-08-05 13:35:45",0,"No Attendance has been recorded for 17 and 18 of july, if you need attendance , please share the list we will update the same at backend","2026-08-05 08:05:45.170505","2026-08-05 08:05:45.170505"
8779,27a40d68-938a-4c80-8b72-fba26e031582,TKT-1-202607-02196,113777,3,2,"2026-08-17 12:11:49",0,"we have shared the mail to DO & Ro","2026-08-17 06:41:48.897084","2026-08-17 06:41:48.897084"
8779,418f937f-da72-4b91-a2f1-aaa9a5cbdaf5,TKT-1-202607-02196,inish.d,2,3,"2026-08-07 16:58:08",0,"Dear Sir/Madam, can you please re attach the physical attendance copy , we couldn't see any attchments of physical attendance","2026-08-07 11:28:07.869628","2026-08-07 11:28:07.869628"
8779,441ca4f0-3ecd-4d0b-b13a-94c9e0522bba,TKT-1-202607-02196,113777,NULL,1,"2026-07-20 13:11:21",0,New,"2026-07-20 07:41:21.294834","2026-07-20 07:41:21.294834"
8779,4aa67393-6a28-4135-9dcf-f2468ab878cf,TKT-1-202607-02196,113777,3,2,"2026-07-31 11:55:09",0,"Mailed copy attach, do needful.","2026-07-31 06:25:08.662795","2026-07-31 06:25:08.662795"
8779,53063104-f4ff-42bf-ae42-8c550db9239b,TKT-1-202607-02196,113777,3,2,"2026-08-06 15:48:12",0,"yes, physical attendace register copy attech.","2026-08-06 10:18:12.073724","2026-08-06 10:18:12.073724"
8779,563e555e-f0bc-4a12-a706-e249004899f5,TKT-1-202607-02196,113777,3,2,"2026-07-21 11:56:28",0,"yes but it not shown","2026-07-21 06:26:27.595346","2026-07-21 06:26:27.595346"
8779,616b8097-5c83-4632-8a58-0a7a39f458ca,TKT-1-202607-02196,113777,3,2,"2026-09-07 16:21:03",0,"Yes, But not fetched by Annadarpan module.","2026-09-07 10:51:03.201593","2026-09-07 10:51:03.201593"
8779,7b0213fa-357a-4361-9100-c92e28047576,TKT-1-202607-02196,113777,3,2,"2026-09-10 11:40:15",0,"already attach in screen shot " laboure.pdf "","2026-09-10 06:10:14.695035","2026-09-10 06:10:14.695035"
35,e0850072-48d0-4839-babc-6644266cf2b3,TKT-1-202607-02199,inish.d,2,3,"2026-07-21 14:23:23",0,"Shall we close the ticker?","2026-07-21 08:53:22.862005","2026-07-21 08:53:22.862005"
35,caa0401b-3b12-46b1-b75a-51bea0b0b51c,TKT-1-202607-02199,anshu.r,2,3,"2026-07-20 13:52:01",0,"kindly share the supportive documents for our further investigation. For further assistance, please contact our support team at : 📞 1800-410-6688.","2026-07-20 08:22:00.908614","2026-07-20 08:22:00.908614"
35,c4f7562d-dea0-4684-8bea-41614940d1f0,TKT-1-202607-02199,inish.d,3,2,"2026-07-21 12:17:30",0,"Assign back to update proper comment","2026-07-21 06:47:29.880032","2026-07-21 06:47:29.880032"
35,adc11efb-f116-4045-8ec5-ed99cd25b227,TKT-1-202607-02199,312680,3,2,"2026-07-20 14:32:32",0,"kindly check the attached supportive document, for further action","2026-07-20 09:02:32.478388","2026-07-20 09:02:32.478388"
35,9dd3c442-d0c4-49e1-bc04-38eb799e24ef,TKT-1-202607-02199,inish.d,3,2,"2026-07-21 10:09:17",0,.,"2026-07-21 04:39:17.410911","2026-07-21 04:39:17.410911"
35,9650f91f-00a5-457e-ba1b-04cc58fc5672,TKT-1-202607-02199,312680,NULL,1,"2026-07-20 13:23:39",0,New,"2026-07-20 07:53:38.509645","2026-07-20 07:53:38.509645"
35,8cab46d9-d06d-4c56-bc23-4206a633350d,TKT-1-202607-02199,inish.d,2,3,"2026-07-21 10:09:32",0,"Please check the comments","2026-07-21 04:39:31.721070","2026-07-21 04:39:31.721070"
35,89bd709f-69bd-4e71-b68d-6896b1665c5a,TKT-1-202607-02199,inish.d,2,3,"2026-07-21 12:16:31",0,"Check respective stack category in stackcard, By Default for WCM system consider category A. Due to this system may not allowing to perform WCM. You can resolve this by performing Stack Upgrade.","2026-07-21 06:46:30.559033","2026-07-21 06:46:30.559033"
35,74dc5603-dbf9-41ce-9d94-583a1a2706b8,TKT-1-202607-02199,inish.d,2,3,"2026-07-21 12:18:01",0,"Since TEC has been closed, Stack details also unlinked,so please Proceed with OT sir.","2026-07-21 06:48:01.238985","2026-07-21 06:48:01.238985"
35,5dbde3a5-5dc0-4425-ac64-b4278bf830e2,TKT-1-202607-02199,312680,3,2,"2026-07-21 11:09:40",0,"check remarks","2026-07-21 05:39:40.457600","2026-07-21 05:39:40.457600"
35,56e8c6d5-2397-4ea7-9b55-b90bcbbbd84b,TKT-1-202607-02199,kshitiz.s,3,2,"2026-07-21 17:10:44",0,"Please check.","2026-07-21 11:40:43.518876","2026-07-21 11:40:43.518876"
35,37300fbc-8dea-406c-9407-1205ffd17740,TKT-1-202607-02199,anshu.r,2,3,"2026-07-21 09:59:24",0,"We spoke with the user over the phone regarding the issue. The user has been requested to describe the exact problem they are facing while fetching data in Wings and provide detailed information in the comment box for further analysis and assistance.","2026-07-21 04:29:23.583403","2026-07-21 04:29:23.583403"
35,334da787-2731-4d0f-8fb0-e8894483459e,TKT-1-202607-02199,kshitiz.s,2,7,"2026-07-21 17:11:43",0,"Please refer to the comment section.","2026-07-21 11:41:42.521160","2026-07-21 11:41:42.521160"
35,2dde3012-2cc9-4f52-af32-92443044ed0a,TKT-1-202607-02199,312680,3,2,"2026-07-21 12:24:25",0,"ok Thanks","2026-07-21 06:54:25.209894","2026-07-21 06:54:25.209894"
35,1e3eed21-8b7d-4554-894f-13ccd80e3749,TKT-1-202607-02199,312680,3,2,"2026-07-21 10:27:03",0,"FOR TEC NO-1738302, AS PER AD TEAM SUGGESTION, WE TRY MULTIPLE TIMES IN WING TO SYNCHRONIZE THE LOT BUT SAME MESSAGE DESPLAY ** ad Error CMR contract {0} is inactive.** so kindly solve this problem as earlier as possible,  screen shot attached.","2026-07-21 04:57:02.853496","2026-07-21 04:57:02.853496"
35,1396e194-45bd-41b9-99ef-03a8e0ff7597,TKT-1-202607-02199,vikram6singh,1,2,"2026-07-20 13:27:08",0,"Please check.","2026-07-20 07:57:08.226415","2026-07-20 07:57:08.226415"
35,791b35cf-3995-4538-8ec8-34f029514a15,TKT-1-202607-02199,inish.d,2,3,"2026-07-21 11:00:40",0,"1738302 - since TEC created with 583.064910 Qtls and delivered quanity is 868.358000, TEC has been closed on Sat Jul 18 16:25:12.","2026-07-21 05:30:39.835159","2026-07-21 05:30:39.835159"
4515,b6931f93-bac6-4e2f-b409-f681e62b748e,TKT-1-202607-02204,314325,7,10,"2026-07-25 11:56:48",0,"In this context  the email send Regional office for further nececssary action please","2026-07-25 06:26:47.720646","2026-07-25 06:26:47.720646"
4515,cc1d0024-2d14-42de-accf-6995d1ccc8be,TKT-1-202607-02204,satish.d,2,7,"2026-07-22 20:00:18",0,"Please send in mail via HQ.","2026-07-22 14:30:18.032235","2026-07-22 14:30:18.032235"
4515,c52f6522-f296-4410-a437-4b9c3246b567,TKT-1-202607-02204,richa.k,2,5,"2026-08-03 12:51:18",0,"Please do confirmation regarding the modification in the receipt moisture content.","2026-08-03 07:21:18.006429","2026-08-03 07:21:18.006429"
4515,787c36ab-10b6-4736-aaa3-61653aa893b5,TKT-1-202607-02204,vikram6singh,1,2,"2026-07-20 14:01:53",0,"Please check.","2026-07-20 08:31:52.640348","2026-07-20 08:31:52.640348"
4515,4a21ef9c-7d37-43d9-a4ce-34772c4f03c5,TKT-1-202607-02204,satish.d,2,7,"2026-07-24 09:17:27",0,"Please send in mail via HQ.","2026-07-24 03:47:27.283440","2026-07-24 03:47:27.283440"
4515,72b42183-9bba-4a5b-924d-54f1f07b00e8,TKT-1-202607-02204,vikram6singh,10,2,"2026-07-23 16:58:52",0,"Please check.","2026-07-23 11:28:51.838629","2026-07-23 11:28:51.838629"
4515,3985aea3-ee89-4ac5-89b7-5062dad3fa19,TKT-1-202607-02204,vikram6singh,10,2,"2026-07-25 11:58:45",0,"Please check","2026-07-25 06:28:45.220912","2026-07-25 06:28:45.220912"
4515,2792927e-cbd4-47ef-826b-186c32e6037f,TKT-1-202607-02204,314325,7,10,"2026-07-23 16:36:37",0,"the issue not resolve yet so please recheck, it is needful","2026-07-23 11:06:36.559016","2026-07-23 11:06:36.559016"
4515,0c140768-0538-44f1-9593-55e724169ad1,TKT-1-202607-02204,314325,NULL,1,"2026-07-20 13:53:24",0,New,"2026-07-20 08:23:23.500568","2026-07-20 08:23:23.500568"
6091,a02ab8b0-d3d4-4d60-9d75-2e3e5bfca8c2,TKT-1-202607-02238,100876,3,2,"2026-07-27 16:36:33",0,"OT can not be carried out as no bin is showing.","2026-07-27 11:06:32.536908","2026-07-27 11:06:32.536908"
6091,a29b3ef8-78fa-4506-a8af-a7f062953cb9,TKT-1-202607-02238,100876,3,2,"2026-07-21 12:51:40",0,"OK SIR. KINDLY GUIDE US WHAT TO DO IN THIS SITUTATION SO THAT RAKE MAY SUCCESSFULLY BE UNLOADED THROUGH ANNA DARPAN.","2026-07-21 07:21:39.557565","2026-07-21 07:21:39.557565"
6091,a563237d-bf5e-43f5-8861-be5f06d99945,TKT-1-202607-02238,100876,3,2,"2026-08-07 11:27:09",0,"SCREENSHOT(SS) IS ATTACHED HEREWITH.","2026-08-07 05:57:08.863736","2026-08-07 05:57:08.863736"
6091,c3b0cf6a-720a-4162-834f-c5e22d2c35f0,TKT-1-202607-02238,inish.d,2,3,"2026-08-07 12:14:28",0,"Sir, as per your screenshot we found that remarks field exceeds 250 characters and please avoid "KILL" Keyword used 2 times in the stanza use "killing" instead of kill and enter below 250 chars including (special characters an space) and try","2026-08-07 06:44:28.463901","2026-08-07 06:44:28.463901"
6091,c41acc53-6acb-4c16-aa97-6b39bd74518b,TKT-1-202607-02238,100876,3,2,"2026-08-06 21:12:20",0,"AS PER YOUR SUGGESTION, WHENEVER IT IS TRIED TO CARRY OUT PARTIAL KILL OF THE SILO BIN SB101 IT IS SHOWING "Something went wrong. Please try again later".(SS ATTACHED).HENCE IT IS REQUESTED TO KINDLY CHANGE THE MODE OF THE BIN FOR FURTHER PROCESS.","2026-08-06 15:42:20.400466","2026-08-06 15:42:20.400466"
6091,c9aab782-e1ea-4d8b-85ad-f3f8d6750894,TKT-1-202607-02238,umesh.k,2,3,"2026-07-21 11:22:53",0,"Dear sir/madam, please check the comments added. Thank you","2026-07-21 05:52:53.443449","2026-07-21 05:52:53.443449"
6091,cf14307d-821e-432d-96b1-b6883afc27fe,TKT-1-202607-02238,inish.d,2,5,"2026-08-10 12:14:53",0,"Currently, the Remarks field across the application has a maximum limit of 255 characters. The user has requested an increase in this limit. Kindly review this enhancement request.","2026-08-10 06:44:53.087776","2026-08-10 06:44:53.087776"
6091,df2381bf-eb62-4288-8642-273be5c50d58,TKT-1-202607-02238,vikram6singh,1,2,"2026-07-21 08:58:45",1,"Please check.","2026-07-21 03:28:45.107203","2026-07-21 03:28:45.107203"
6091,e154534f-3178-44da-8abd-6c3fac4101aa,TKT-1-202607-02238,inish.d,2,3,"2026-08-05 10:39:50",0,"Sir, since the movement was created for nonsilo and outward has already been completed please perform a partial bin kill to receive the stock, cancel the movement, and compensate the quantity by performing a Silo Other Transaction on the receipt bin.","2026-08-05 05:09:50.413410","2026-08-05 05:09:50.413410"
6091,e821396a-3580-4fcb-af17-7e27457d6f96,TKT-1-202607-02238,saroj.m,2,7,"2026-07-29 11:35:25",0,"Kindly refer the comment box.","2026-07-29 06:05:24.692673","2026-07-29 06:05:24.692673"
6091,ec072633-6994-415c-b603-4b5304d780c6,TKT-1-202607-02238,100876,3,2,"2026-08-08 10:43:57",0,"STEPS HAVE BEEN FOLLOWED AS SUGGESTED AND STOCK HAS BEEN INDUCTED.IT IS ALSO REQUESTED TO KINDLY TAKE UP THE MATTER REGARDING THE RESTRICTION OF WORD LIMIT WITH THE FCI HIGHER AUTHORITY.THANK YOU","2026-08-08 05:13:56.660071","2026-08-08 05:13:56.660071"
6091,b1acf31a-43b2-4c56-aa70-a8bc7c7ed18f,TKT-1-202607-02238,100876,3,2,"2026-08-07 16:38:37",0,"PROCESS HAS BEEN CONDUCTED AS PER YOUR SUGGESTION. BUT IT IS TO INFORM YOU THAT 250 WORDS ARE NOT SUFFICIENT TO DESCRIBE EVERY CIRCUMTANCES UNDER WHICH PARTIAL KILL AND OT IS CARRIED OUT.HENCE IT IS REQUESTED TO KINDLY INCREASE THE WORD LIMIT.","2026-08-07 11:08:37.207921","2026-08-07 11:08:37.207921"
6091,8c56ca42-f300-4926-a737-d3b76af35274,TKT-1-202607-02238,saroj.m,2,3,"2026-08-01 10:05:56",0,"A separate discussion regarding the Simultaneous Operation at Silo is currently being carried out with HQrs. Based on the confirmation received from HQrs, we will proceed with the necessary development activities.","2026-08-01 04:35:55.903685","2026-08-01 04:35:55.903685"
6091,8ae6b35b-830f-4d0e-8313-8a8ac8f26192,TKT-1-202607-02238,umesh.k,2,3,"2026-07-22 11:30:15",0,"Dear sir/madam, only the solution here is that this inward movement should be cancelled and the rake should receipted through silo other transactions. To avoid this in future we won't show the railhead stations as well, Thank you","2026-07-22 06:00:15.319097","2026-07-22 06:00:15.319097"
6091,78f22623-2ed9-421f-9807-c92748f43b9a,TKT-1-202607-02238,100876,7,10,"2026-07-29 14:06:52",0,"Kinldy suggest the way out to change the bins from issue to receipt so that stocks may be added to the bins.","2026-07-29 08:36:51.847986","2026-07-29 08:36:51.847986"
6091,5c9d319a-dbd7-4297-9000-c583b2592435,TKT-1-202607-02238,inish.d,2,3,"2026-08-07 18:24:34",0,"Sir, please confirm whether the partial killing issue has been resolved so we can close the ticket. Regarding remarks, the maximum limit across AD is currently 255 characters.Further enhancements will be taken up after confirmation from FCI.Thank you","2026-08-07 12:54:33.982295","2026-08-07 12:54:33.982295"
6091,5b9e7b6f-2759-4748-a7c5-5ec0a774c12a,TKT-1-202607-02238,vikram6singh,10,2,"2026-07-29 14:24:47",0,"Please check.","2026-07-29 08:54:47.110103","2026-07-29 08:54:47.110103"
6091,4c7a5f20-0709-46e5-83c6-960b27539c32,TKT-1-202607-02238,saroj.m,2,3,"2026-07-28 12:02:48",0,"Mutiples times i have called you on this number (7890848663) but response awaited once you get free please fell free to contact on this number . For any assistance, please contact our support team at: 1800-410-6688.","2026-07-28 06:32:47.604208","2026-07-28 06:32:47.604208"
6091,1b4647ce-7e4a-4111-8709-ac5b364d2509,TKT-1-202607-02238,inish.d,2,3,"2026-08-07 10:22:30",0,"Sir, In parital kill screen fill all the details  without clicking on submit and share us the screenshot so that the issue can be resolved at the earllier","2026-08-07 04:52:30.201015","2026-08-07 04:52:30.201015"
6091,17e2eab5-0392-48eb-91d1-5e4497a0b48b,TKT-1-202607-02238,saroj.m,2,3,"2026-07-27 12:39:52",0,"Kindly refer the comment box.","2026-07-27 07:09:52.445221","2026-07-27 07:09:52.445221"
6091,08e83876-19e1-49c5-a987-84f25662a20e,TKT-1-202607-02238,100876,3,2,"2026-07-28 14:06:15",0,"KINDLY DO THE NEEDFUL SO THAT THE STOCKS MAY BE ADDED IN ANNA DARPAN AT EARLIEST AS THERE IS STILL A MISMATCH IN ACTUAL STOCK POSITION AND STOCKS IN ANNA DARPAN. KINDLY TRY TO CONTACT WITH THIS NUMBER 8240315582.","2026-07-28 08:36:15.255030","2026-07-28 08:36:15.255030"
6091,01e0ca66-a07c-4cf7-9aa9-c29c4627b575,TKT-1-202607-02238,100876,NULL,1,"2026-07-20 18:07:25",0,New,"2026-07-20 12:37:25.030382","2026-07-20 12:37:25.030382"
6091,016c5194-8069-4862-92de-dbc9bb43bf49,TKT-1-202607-02238,100876,3,2,"2026-07-23 11:55:34",0,"Log in ID:100876 Password: AnnaDarpan@345","2026-07-23 06:25:33.927238","2026-07-23 06:25:33.927238"
6091,9b8991b7-221c-470f-882e-dcb36ca32e58,TKT-1-202607-02238,100876,3,2,"2026-08-01 13:32:56",0,"Ok. But how to add the current pending stock in Anna Darpan , considering the situation that both the bins are in issue mode,so that the stock can be matched with the actual stock balance?","2026-08-01 08:02:55.580133","2026-08-01 08:02:55.580133"
2698,e9caf0d2-3dd6-484f-9040-d9c36e8e663f,TKT-1-202607-02252,292215,3,2,"2026-07-21 11:05:49",1,"The screenshot is attached, kindly look into it.","2026-07-21 05:35:48.621196","2026-07-21 05:35:48.621196"
2698,6ee4385a-1ea1-4c9d-b15d-459ba36830be,TKT-1-202607-02252,292215,3,2,"2026-07-21 11:39:33",0,"The credentials are shared, kindly resolve the issue.","2026-07-21 06:09:33.327166","2026-07-21 06:09:33.327166"
2698,605cdee7-22fd-413f-b73f-a6e30401a90b,TKT-1-202607-02252,umesh.k,2,7,"2026-07-28 09:59:30",0,"Issue has been resolved.","2026-07-28 04:29:30.409074","2026-07-28 04:29:30.409074"
2698,469355ac-a915-45a2-87b0-380ffa363ffa,TKT-1-202607-02252,sanjeet.k,2,3,"2026-07-21 10:58:48",0,"kindly share the supporting documents/screenshots related to your query for the further assistance.","2026-07-21 05:28:47.609423","2026-07-21 05:28:47.609423"
2698,0c1f3ea6-8d30-4af1-a5bd-7e7916c82be9,TKT-1-202607-02252,umesh.k,2,3,"2026-07-21 11:25:23",0,"kindly provide login details, so that we can check the issue.","2026-07-21 05:55:23.043471","2026-07-21 05:55:23.043471"
2698,08709f95-ae8e-44cb-b305-24c7c11857bd,TKT-1-202607-02252,292215,NULL,1,"2026-07-21 10:07:35",0,New,"2026-07-21 04:37:34.828812","2026-07-21 04:37:34.828812"
2698,4b5e7245-1967-454d-984f-7ea55367c058,TKT-1-202607-02252,vikram6singh,1,2,"2026-07-21 10:43:25",1,"Please check.","2026-07-21 05:13:25.320860","2026-07-21 05:13:25.320860"
752,036d9806-01ac-4d82-9d06-66620988a4c1,TKT-1-202607-02253,umesh.k,2,3,"2026-07-23 12:55:18",0,"Dear sir/madam, as the stack activities are created the correction cannot be made from the backend. we request you to please utilize the other transactions for accounting. Thanks","2026-07-23 07:25:17.881132","2026-07-23 07:25:17.881132"
752,3f18807a-5f4f-4df8-ab8a-31edb62f38a5,TKT-1-202607-02253,vikram6singh,1,2,"2026-07-21 10:43:18",1,"Please check.","2026-07-21 05:13:17.777023","2026-07-21 05:13:17.777023"
752,88652862-dc00-4c09-b362-a4c20513226c,TKT-1-202607-02253,kshitiz.s,2,7,"2026-07-28 11:51:28",0,"Please refer to the comment section.","2026-07-28 06:21:28.126488","2026-07-28 06:21:28.126488"
752,f54cde82-47be-4f13-89d4-6c840d6040c7,TKT-1-202607-02253,kshitiz.s,3,2,"2026-07-28 11:50:39",0,"Please check.","2026-07-28 06:20:38.939108","2026-07-28 06:20:38.939108"
752,fc772e58-be0c-42dd-aac9-2f4f2f2b5eb3,TKT-1-202607-02253,291636,NULL,1,"2026-07-21 10:27:27",0,New,"2026-07-21 04:57:26.648491","2026-07-21 04:57:26.648491"
6793,89b8dbb0-af95-48c6-a08b-7a9c3a5f7dce,TKT-1-202607-02255,umesh.k,2,7,"2026-08-05 14:53:21",0,"kindly refer comment section for more information.","2026-08-05 09:23:21.425008","2026-08-05 09:23:21.425008"
6793,e1403c1e-a488-4893-bbff-9ea3305f2588,TKT-1-202607-02255,vikram6singh,1,2,"2026-07-21 10:42:46",1,"Please check.","2026-07-21 05:12:45.765188","2026-07-21 05:12:45.765188"
6793,bf384744-541b-43d2-a56d-11ea0fa45ea3,TKT-1-202607-02255,167498,3,2,"2026-07-21 11:39:19",0,"User ID - 167498 Password - AnnaDarpan@123","2026-07-21 06:09:19.436579","2026-07-21 06:09:19.436579"
6793,97ad2732-6d2e-4ac0-bbcb-5a93c4910ffe,TKT-1-202607-02255,167498,NULL,1,"2026-07-21 10:28:22",0,New,"2026-07-21 04:58:21.523480","2026-07-21 04:58:21.523480"
6793,22ee4083-629b-4e52-a416-c47a08ab3e1c,TKT-1-202607-02255,umesh.k,2,3,"2026-07-21 11:23:23",0,"kindly provide login details, so that we can check the issue.","2026-07-21 05:53:22.836027","2026-07-21 05:53:22.836027"
281,ab2e5a77-8f64-4c1a-9784-d751c9b42a5c,TKT-1-202607-02258,umesh.k,2,3,"2026-07-23 16:53:10",0,"Dear sir/madam, please check the transport contract will reflect during token creation. Thanks","2026-07-23 11:23:09.800559","2026-07-23 11:23:09.800559"
281,fe8de8a2-2db7-442e-a56c-29cf1e421200,TKT-1-202607-02258,vikram6singh,1,2,"2026-07-21 10:42:33",0,"Please check.","2026-07-21 05:12:32.642514","2026-07-21 05:12:32.642514"
281,eec72fe0-0002-4ef1-94c6-1ffbd62a9585,TKT-1-202607-02258,167495,3,2,"2026-07-24 15:22:44",0,"Yes,issue resolved.Close ticket.","2026-07-24 09:52:44.492614","2026-07-24 09:52:44.492614"
281,d4c0c88a-d3ee-4dbf-843f-a6dae69a29c0,TKT-1-202607-02258,vikram6singh,10,2,"2026-07-22 12:26:08",0,"Please check.","2026-07-22 06:56:08.206155","2026-07-22 06:56:08.206155"
281,d10576b3-fc2d-4b42-b927-e8f58f0b8210,TKT-1-202607-02258,167495,7,10,"2026-07-22 12:22:42",0,"the issue is not resolved yhet and still not showing transaport contractor in annadarpan for outward movement","2026-07-22 06:52:42.081891","2026-07-22 06:52:42.081891"
281,bd6b70bc-5595-42ce-aacf-7ad0c7a2e95f,TKT-1-202607-02258,umesh.k,2,3,"2026-07-23 17:29:27",0,"Dear sir/madam, we have attached a screenshot now where the transport contract is showing please check it, and also we would like to request you that before reverting please cross check twice as we are rechecking and it consumes our time. Thank you","2026-07-23 11:59:27.187475","2026-07-23 11:59:27.187475"
281,b89dde34-8c5d-4b8d-8785-098a7ece0f5f,TKT-1-202607-02258,anshu.r,2,3,"2026-07-22 12:55:44",0,"AS discuss with user on call Kindly share the screenshot for further investigation.For further assistance, please contact our support team at : 1800-410-6688","2026-07-22 07:25:44.276730","2026-07-22 07:25:44.276730"
281,b0748a9f-7791-4060-bda3-c8d7da4c5324,TKT-1-202607-02258,umesh.k,2,7,"2026-07-24 16:39:39",0,"Closing the ticket as the issue is resolved, Thanks","2026-07-24 11:09:38.870306","2026-07-24 11:09:38.870306"
281,a06a7b40-4e26-489c-8cf5-fe5fa983f9fd,TKT-1-202607-02258,167495,3,2,"2026-07-22 12:46:03",0,"screenshot attached","2026-07-22 07:16:02.998905","2026-07-22 07:16:02.998905"
281,9323d2f9-e82e-4f0a-9f39-728583be1021,TKT-1-202607-02258,167495,3,2,"2026-07-22 15:18:35",0,attached,"2026-07-22 09:48:35.473828","2026-07-22 09:48:35.473828"
281,832647b4-40f9-4175-b5b5-b9638dd71f3b,TKT-1-202607-02258,167495,3,2,"2026-07-23 17:21:01",0,"still not showing","2026-07-23 11:51:01.237282","2026-07-23 11:51:01.237282"
281,304a890a-0602-4d7a-8aa2-40b71d105289,TKT-1-202607-02258,167495,NULL,1,"2026-07-21 10:39:16",0,New,"2026-07-21 05:09:15.605198","2026-07-21 05:09:15.605198"
281,29359207-b68e-44be-a876-7900ed1948d1,TKT-1-202607-02258,anshu.r,2,7,"2026-07-21 10:52:03",0,"As per the telephonic conversation, the user has confirmed that the issue has been resolved; therefore, I am closing the ticket For further assistance, please contact our support team at : 1800-410-6688","2026-07-21 05:22:02.998120","2026-07-21 05:22:02.998120"
281,1112156d-a255-48bd-9cd2-8f109e318735,TKT-1-202607-02258,anshu.r,2,3,"2026-07-22 12:43:59",0,"AS discuss with user on call Kindly share the screenshot for further investigation.For further assistance, please contact our support team at : 1800-410-6688","2026-07-22 07:13:58.675763","2026-07-22 07:13:58.675763"
629,80af68e9-9c9a-48ef-a58b-1b1e7b14c7a8,TKT-1-202607-02260,inish.d,2,12,"2026-07-23 11:23:05",0,"Please confirm if we can proceed with this user-requested enhancement to add specification details in the report.","2026-07-23 05:53:04.694680","2026-07-23 05:53:04.694680"
629,a2cbf33c-3934-4979-b907-d7005c8de21f,TKT-1-202607-02260,vikram6singh,1,2,"2026-07-21 11:02:01",0,"Please check.","2026-07-21 05:32:01.456286","2026-07-21 05:32:01.456286"
629,cc72b1ed-6cbf-475d-b53b-bfd5d0716bef,TKT-1-202607-02260,307180,NULL,1,"2026-07-21 10:58:23",0,New,"2026-07-21 05:28:22.925099","2026-07-21 05:28:22.925099"
2662,61aebe97-328d-4f7a-ace7-282afea96ee2,TKT-1-202607-02263,292215,NULL,1,"2026-07-21 11:30:25",0,New,"2026-07-21 06:00:24.968623","2026-07-21 06:00:24.968623"
2662,765da782-d7d0-4dbe-b5c1-4e09ac3af363,TKT-1-202607-02263,vikram6singh,1,2,"2026-07-21 11:42:01",1,"Please check.","2026-07-21 06:12:00.505714","2026-07-21 06:12:00.505714"
2662,d059ddf9-6304-4bb3-93a9-11542ab3fbd2,TKT-1-202607-02263,umesh.k,2,7,"2026-07-28 09:59:05",0,"Issue has been resolved.","2026-07-28 04:29:05.419067","2026-07-28 04:29:05.419067"
1953,d2a94b03-bce5-41d3-8622-bcac16eda5c0,TKT-1-202607-02294,inish.d,2,5,"2026-08-24 17:59:57",0,"Sir/Madam, currently, an entire invoice cannot be deleted or cancelled in Asset Procurement; only individual assets can be edited or cancelled. Kindly confirm if invoice-level deletion/cancellation is required for implementation.","2026-08-24 12:29:56.636482","2026-08-24 12:29:56.636482"
1953,de00f3e7-2532-42c4-955e-a5b6777fde2d,TKT-1-202607-02294,318500,7,10,"2026-08-19 13:17:47",0,"Earlier it was advised to dispose off the asset which were wrongly entered. However, when this issue was raised during the last Hqrs VC for Anna Darpan, the coforge represenataive attending the VC has told us not to do so. Kindly advise","2026-08-19 07:47:47.090390","2026-08-19 07:47:47.090390"
1953,ca648d58-9433-435d-ba52-ddf803d5f783,TKT-1-202607-02294,318500,NULL,1,"2026-07-21 14:24:04",0,New,"2026-07-21 08:54:04.109817","2026-07-21 08:54:04.109817"
1953,70307319-f57e-492d-87f0-851859d45bed,TKT-1-202607-02294,vikram6singh,1,2,"2026-07-21 14:36:39",0,"Please check.","2026-07-21 09:06:38.788922","2026-07-21 09:06:38.788922"
1953,4ce4d4a4-4531-4e5a-8cdd-deaa88879737,TKT-1-202607-02294,arti.1.t,2,7,"2026-07-21 14:49:16",0,"Kindly refer to the comment box. For any assistance, please feel free to contact us at 1800-410-6688.","2026-07-21 09:19:15.602520","2026-07-21 09:19:15.602520"
1953,9072926f-bf10-4765-86d2-b4768d8b7259,TKT-1-202607-02294,vikram6singh,10,2,"2026-08-19 13:55:43",1,"Please check.","2026-08-19 08:25:43.044961","2026-08-19 08:25:43.044961"
3569,d003688b-5e81-426c-8334-6c7cc8dd5d47,TKT-1-202607-02298,294767,3,2,"2026-08-20 15:40:21",0,"please contact to this:9980983326","2026-08-20 10:10:20.592900","2026-08-20 10:10:20.592900"
3569,809cd003-4285-4795-bd51-7e7a90a9a58a,TKT-1-202607-02298,inzemamul.h,2,3,"2026-08-20 17:36:21",0,"kindly refer to the comment box.","2026-08-20 12:06:21.375890","2026-08-20 12:06:21.375890"
3569,843bb48b-44c4-455b-93f2-bc485c9c5663,TKT-1-202607-02298,294767,3,2,"2026-08-24 13:37:57",0,"Still difference is there","2026-08-24 08:07:57.377443","2026-08-24 08:07:57.377443"
3569,84b51a64-dd06-4081-9617-266306afe3d0,TKT-1-202607-02298,satish.d,2,3,"2026-08-17 18:52:38",0,"Please check provided comments","2026-08-17 13:22:38.402548","2026-08-17 13:22:38.402548"
3569,8678e414-377d-462d-bf49-15f1c87a661e,TKT-1-202607-02298,294767,NULL,1,"2026-07-21 15:08:54",0,New,"2026-07-21 09:38:53.930606","2026-07-21 09:38:53.930606"
3569,956d0b16-32f1-40d0-8915-b049de5170d9,TKT-1-202607-02298,294767,3,2,"2026-07-21 16:01:57",0,please,"2026-07-21 10:31:56.679213","2026-07-21 10:31:56.679213"
3569,a93b715a-eaa6-4ef2-a526-7e74a59191fd,TKT-1-202607-02298,inzemamul.h,2,3,"2026-07-21 15:19:33",0,"kindly share the supportive documents for our further investigation. For further assistance, please contact our support team at : 📞 1800-410-6688.","2026-07-21 09:49:33.373502","2026-07-21 09:49:33.373502"
3569,b304cb31-b941-4b49-ba2f-46671afda3c5,TKT-1-202607-02298,294767,3,2,"2026-08-17 16:28:18",0,"not yet resolved.","2026-08-17 10:58:17.672935","2026-08-17 10:58:17.672935"
3569,c6ae1292-666b-4ad1-bc79-3821d7c3a55a,TKT-1-202607-02298,294767,7,10,"2026-08-06 15:07:32",0,"Issues still persist difference between Manually generated QPV and AD Consolidated QPV in case of Bangalore, Mysore and Hubli ..","2026-08-06 09:37:32.105143","2026-08-06 09:37:32.105143"
3569,da6dcd7d-c766-4131-a4ce-d683dcd9117e,TKT-1-202607-02298,satish.d,2,3,"2026-08-12 10:26:25",0,"Please check provided comments","2026-08-12 04:56:25.399974","2026-08-12 04:56:25.399974"
3569,db9b9cfa-930b-468e-bfd7-7996930c1a5a,TKT-1-202607-02298,satish.d,2,3,"2026-07-23 15:55:19",0,"Please check provided comments","2026-07-23 10:25:19.090173","2026-07-23 10:25:19.090173"
3569,efd1a9d4-ff66-428f-aa8e-6fdabf301b8f,TKT-1-202607-02298,294767,7,10,"2026-08-25 12:57:54",0,.,"2026-08-25 07:27:54.435829","2026-08-25 07:27:54.435829"
3569,f4b535e5-6a43-470d-b357-6854f29b8e47,TKT-1-202607-02298,vikram6singh,10,2,"2026-08-06 16:10:45",0,"Please check.","2026-08-06 10:40:44.830821","2026-08-06 10:40:44.830821"
3569,f96627e7-7d2d-460f-8119-1b1c13e3a625,TKT-1-202607-02298,satish.d,2,7,"2026-08-07 11:51:30",0,"we hope issue has been resolved we are closing the ticket, if not please reopen","2026-08-07 06:21:29.526192","2026-08-07 06:21:29.526192"
3569,406be698-eab1-4cbc-8207-ea21e364dc3f,TKT-1-202607-02298,satish.d,2,7,"2026-08-24 14:58:53",0,"we hope issue has been resolved we are closing the ticket please create new ticket if any issue still persists","2026-08-24 09:28:53.324770","2026-08-24 09:28:53.324770"
3569,679e6e95-c7cb-4e8c-abb6-eb86563b296f,TKT-1-202607-02298,shivaniyadav091298,2,7,"2026-08-05 17:50:05",0,"Please check the comment section.","2026-08-05 12:20:04.858347","2026-08-05 12:20:04.858347"
3569,0099fa8a-de41-4c69-98de-1763368026bf,TKT-1-202607-02298,vikram6singh,10,2,"2026-08-04 11:24:19",0,"Please check.","2026-08-04 05:54:19.185320","2026-08-04 05:54:19.185320"
3569,0c14808b-d3c3-4b1c-81f4-7102b6fb4102,TKT-1-202607-02298,shivaniyadav091298,3,2,"2026-08-05 17:41:01",0,"Please check","2026-08-05 12:11:01.383884","2026-08-05 12:11:01.383884"
3569,14766a01-fead-4672-b520-b7bff4a7586c,TKT-1-202607-02298,294767,7,10,"2026-08-04 11:19:13",0,"please update further","2026-08-04 05:49:12.677101","2026-08-04 05:49:12.677101"
3569,21f7ff4a-0ff5-4c75-9d2f-ea0ab1b02c10,TKT-1-202607-02298,294767,3,2,"2026-07-24 16:16:25",0,"Now iam closing this ticket , When you will get update on this  ticket let us inform .","2026-07-24 10:46:24.817264","2026-07-24 10:46:24.817264"
3569,271d12df-df6e-4102-be6c-e0d7135bf8ca,TKT-1-202607-02298,vikram6singh,1,2,"2026-07-21 15:15:43",1,"Please check.","2026-07-21 09:45:42.861537","2026-07-21 09:45:42.861537"
3569,27a06868-6436-4492-bc4b-e7506828fa5d,TKT-1-202607-02298,shrutipan966,2,7,"2026-07-24 17:10:39",0,"As per User's remarks (Now i am closing this ticket , When you will get update on this ticket let us inform .)","2026-07-24 11:40:38.988768","2026-07-24 11:40:38.988768"
3569,2bd8f656-f6d1-4005-9a5b-6fdb034c89d6,TKT-1-202607-02298,inzemamul.h,2,7,"2026-08-27 14:33:02",0,"kindly refer to the comment box.","2026-08-27 09:03:02.453991","2026-08-27 09:03:02.453991"
3569,43c6bcad-b79c-448d-ad75-d249b266816a,TKT-1-202607-02298,satish.d,2,3,"2026-08-05 10:04:15",0,"Please check provided comments","2026-08-05 04:34:14.605800","2026-08-05 04:34:14.605800"
3569,48d8fd97-c48d-4ca4-94f2-1170b0501533,TKT-1-202607-02298,vikram6singh,10,2,"2026-08-07 16:41:34",0,"Please check","2026-08-07 11:11:33.702282","2026-08-07 11:11:33.702282"
3569,53e8acf8-b895-4667-9622-22558b6b03cf,TKT-1-202607-02298,vikram6singh,10,2,"2026-08-25 13:04:32",0,"Please check.","2026-08-25 07:34:32.283468","2026-08-25 07:34:32.283468"
3569,57784ae4-df9b-4dc6-8574-985f0ac0dab0,TKT-1-202607-02298,294767,7,10,"2026-08-07 16:29:46",0,"Issue not resolved","2026-08-07 10:59:46.133378","2026-08-07 10:59:46.133378"
3569,59cf198e-69ec-47c1-bef7-9093b4378b88,TKT-1-202607-02298,294767,3,2,"2026-08-11 14:34:59",0,"ticket not resolved","2026-08-11 09:04:59.458262","2026-08-11 09:04:59.458262"
3569,79c1c9f4-58bb-4b90-a68b-728e6a17f7ff,TKT-1-202607-02298,inzemamul.h,2,3,"2026-08-10 14:36:18",0,"kindly refer to the comment box.","2026-08-10 09:06:18.282578","2026-08-10 09:06:18.282578"
849,f50008bd-0432-43f6-b38c-2d0ce78ecd4b,TKT-1-202607-02302,vikram6singh,1,2,"2026-07-21 15:58:13",0,"Please check.","2026-07-21 10:28:12.786926","2026-07-21 10:28:12.786926"
849,ed21c23a-d56d-4261-ad0f-4af38e595724,TKT-1-202607-02302,277032,3,2,"2026-07-24 12:17:01",0,"Kindly find the recently attachments for your reference and necessary action.","2026-07-24 06:47:01.175042","2026-07-24 06:47:01.175042"
849,e63bbcfb-972a-4613-a2f1-e1dc0b2d5326,TKT-1-202607-02302,inish.d,2,12,"2026-07-30 16:52:44",0,"User wants to do some changes to see historical data which are accepted before creation of Improved rice, please check and provide your comments.","2026-07-30 11:22:43.528483","2026-07-30 11:22:43.528483"
849,dea2751d-a35f-487a-a16e-9b642519974d,TKT-1-202607-02302,277032,3,2,"2026-07-23 15:00:43",0,"Kindly see into the matter for the support.","2026-07-23 09:30:42.545332","2026-07-23 09:30:42.545332"
849,d08184a4-df26-4e93-814a-0fbd87d3dcaa,TKT-1-202607-02302,277032,NULL,1,"2026-07-21 15:24:21",0,New,"2026-07-21 09:54:20.948542","2026-07-21 09:54:20.948542"
849,b9bd928f-581f-4198-b4e4-d3e8a95a2d97,TKT-1-202607-02302,inish.d,2,3,"2026-07-23 11:30:04",0,"10% RRC  , would fall under Improved Raw Raice , COMMON in Anna Darpan.","2026-07-23 06:00:04.340854","2026-07-23 06:00:04.340854"
849,b8bfb136-dbfe-41ed-ae5c-32300f8ab4b3,TKT-1-202607-02302,inish.d,2,3,"2026-07-24 18:43:31",0,"Sir, for completted transaction, we have not received the Improved rice details, since its recently introduced in AD, for new records you can get the improved rice details.","2026-07-24 13:13:30.907729","2026-07-24 13:13:30.907729"
849,ae362bd7-511e-4763-9459-f88288144fd9,TKT-1-202607-02302,umesh.k,2,3,"2026-07-23 15:34:52",0,"Dear Sir,  The report reflects the commodity, variety, crop year, and specification exactly as they have been entered into the Anna Darpan portal. Any differentiation in the report is based on the data entered in the portal.","2026-07-23 10:04:52.346269","2026-07-23 10:04:52.346269"
849,46f0338b-fff3-4dcb-831e-2b78a598e571,TKT-1-202607-02302,inish.d,2,3,"2026-07-24 14:52:25",0,"Are you mentioning about DISFM data entry?","2026-07-24 09:22:24.994631","2026-07-24 09:22:24.994631"
849,0106b42f-e1ed-42e8-9fb6-970f38e699d7,TKT-1-202607-02302,277032,3,2,"2026-07-30 14:33:30",0,"Please consider the separation possibility for separate variety of RRC CMR report generation.","2026-07-30 09:03:29.597201","2026-07-30 09:03:29.597201"
849,c6b5e789-5f23-4da8-baca-8bceb18d8feb,TKT-1-202607-02302,277032,3,2,"2026-07-24 15:27:32",0,"Please find the reference for further action.","2026-07-24 09:57:32.121769","2026-07-24 09:57:32.121769"
3168,94d96204-937f-4930-881f-4295f4f136a1,TKT-1-202607-02308,satish.d,2,3,"2026-07-22 15:09:21",0,"it is created like that , check with that depot for the naming convention","2026-07-22 09:39:20.549528","2026-07-22 09:39:20.549528"
3168,f9794d78-b23d-44f6-8c15-c1c887b43f39,TKT-1-202607-02308,saroj.m,2,3,"2026-09-01 16:19:41",0,"Sir, please elaborate the issue so that we may assist you as as earliest.","2026-09-01 10:49:41.197787","2026-09-01 10:49:41.197787"
3168,f7f94258-4e0c-4bae-a21e-7d5ca13dc8ac,TKT-1-202607-02308,186177,7,10,"2026-08-25 17:15:55",0,"remainder,   sofar, no rectify same issue","2026-08-25 11:45:54.731058","2026-08-25 11:45:54.731058"
3168,b8588731-f682-4fe5-81c4-f1d873379537,TKT-1-202607-02308,satish.d,2,3,"2026-07-23 15:10:54",0,"please update your password and share the credentials again","2026-07-23 09:40:54.177843","2026-07-23 09:40:54.177843"
3168,b13e64f5-267a-4e59-8aec-a809b6870acf,TKT-1-202607-02308,vikram6singh,10,2,"2026-08-25 17:18:28",0,"Please check.","2026-08-25 11:48:28.246596","2026-08-25 11:48:28.246596"
3168,8acc8245-fb3c-4c58-969c-368015283eec,TKT-1-202607-02308,satish.d,2,7,"2026-07-24 17:32:45",0,"Dear sir/madam, with what ever name you have create the stack name same will be visible throughout the depot in all operations","2026-07-24 12:02:44.970551","2026-07-24 12:02:44.970551"
3168,7fb80385-4600-4501-9f76-58d415f1ab33,TKT-1-202607-02308,186177,3,2,"2026-07-22 11:25:22",0,"Screen shot also uploaded, While doing Inspection, The stacks in shed 3 reflecting like 301,302,303 instead of 3A01, 3A02, 3A03. And login ID - 186177 , Password - Depot@321","2026-07-22 05:55:21.646266","2026-07-22 05:55:21.646266"
3168,7a392cc6-c986-4e43-9220-dc6bcb8fd187,TKT-1-202607-02308,186177,NULL,1,"2026-07-21 15:55:39",0,New,"2026-07-21 10:25:39.165998","2026-07-21 10:25:39.165998"
3168,0f515c42-62ae-46fa-bc82-e7560291a7a0,TKT-1-202607-02308,vikram6singh,1,2,"2026-07-21 15:56:55",0,"Please check.","2026-07-21 10:26:54.507290","2026-07-21 10:26:54.507290"
3168,7029d25e-d0f1-498d-8e8b-f7203904b8c8,TKT-1-202607-02308,richa.k,2,3,"2026-07-21 16:50:24",0,"Please describe properly what you want to convey also share proper snapshot, so that it will help us to support you at the earliest. For further assistance, please contact our support team at:📞 1800‑410‑6688.","2026-07-21 11:20:23.796308","2026-07-21 11:20:23.796308"
3168,63547be2-e53f-47fd-ae0d-40087390fcdc,TKT-1-202607-02308,186177,3,2,"2026-07-24 15:29:34",0,"login ID - 186177 , Password - Depot@123","2026-07-24 09:59:34.194060","2026-07-24 09:59:34.194060"
3168,39e50c70-9da2-40a2-952b-989b9fc2bed3,TKT-1-202607-02308,kshitiz.s,2,7,"2026-09-08 17:30:24",0,"As per the user's remark " Resolved, close the Ticket", this ticket is being marked as resolved.","2026-09-08 12:00:23.681464","2026-09-08 12:00:23.681464"
3168,1bca8800-5c58-4e15-9ed2-bc49df997b10,TKT-1-202607-02308,186177,3,2,"2026-07-23 11:30:22",0,"In shed 3 , The stacks names created like 3A01,3A02, 3A03. I already provided my Login details plz check it. But only in inspection The stacks are reflecting like  301,302,303. Plz do needful","2026-07-23 06:00:21.849000","2026-07-23 06:00:21.849000"
3168,7d6c2ce5-9e70-4c48-bfe3-8fc00c40b9ba,TKT-1-202607-02308,186177,3,2,"2026-09-08 11:07:57",0,"Resolved , close the Ticket","2026-09-08 05:37:57.309517","2026-09-08 05:37:57.309517"
296,61c482f5-6fe0-45e0-9550-c5527c518dab,TKT-1-202607-02311,277032,3,2,"2026-07-23 14:45:21",0,"Please look into the issue for the 29.10 report displayed by AnnaDarpan having loss/gain and other variations.","2026-07-23 09:15:20.615906","2026-07-23 09:15:20.615906"
296,f57c3ac3-eabd-425c-b817-be2436d67683,TKT-1-202607-02311,umesh.k,2,7,"2026-07-31 10:15:57",0,"This issue is already being tracked under master ticket TKT-1-202604-02629. so we are Closing this ticket.","2026-07-31 04:45:56.650182","2026-07-31 04:45:56.650182"
296,baf410a4-19fa-46b9-a405-bafbe15217e0,TKT-1-202607-02311,umesh.k,2,3,"2026-07-23 17:06:05",0,"kindly refer comment section for more details.","2026-07-23 11:36:04.775591","2026-07-23 11:36:04.775591"
296,7902f7f0-078c-47f4-a1e5-a8e699a2f3f8,TKT-1-202607-02311,277032,NULL,1,"2026-07-21 16:07:58",0,New,"2026-07-21 10:37:57.701530","2026-07-21 10:37:57.701530"
296,69df240a-7c46-47ae-b987-31af1c8243b0,TKT-1-202607-02311,vikram6singh,1,2,"2026-07-21 16:24:26",0,"Please check.","2026-07-21 10:54:25.704141","2026-07-21 10:54:25.704141"
296,45d2988c-68f5-469f-8b8c-7882394e6b73,TKT-1-202607-02311,277032,3,2,"2026-07-30 14:36:32",0,"Please rectify the accuracy of the generation of the data.","2026-07-30 09:06:31.808458","2026-07-30 09:06:31.808458"
296,0be065d5-3803-4f16-afb1-181b4486aa92,TKT-1-202607-02311,umesh.k,2,3,"2026-07-22 13:01:22",0,"kindly refer the comment section for more information.","2026-07-22 07:31:21.592127","2026-07-22 07:31:21.592127"
18715,f76de553-8753-4c41-876c-ced11c485f04,TKT-1-202607-02346,richa.k,2,5,"2026-07-22 11:17:47",0,"Respected Sir, please look into this new requirement as user Requested for Increase "Add Inward wagon" Rows Per Page from 20 to 50.","2026-07-22 05:47:47.180571","2026-07-22 05:47:47.180571"
18715,db346f01-0e2b-4d19-a4eb-4ada2105bb74,TKT-1-202607-02346,richa.k,2,5,"2026-07-22 14:40:21",0,"Respected Sir, Kindly filter the tickets based on the module and division. The ticket has been forwarded to the IT team for their remarks.","2026-07-22 09:10:21.304988","2026-07-22 09:10:21.304988"
18715,d662aefb-37fb-4a1a-b18e-34c818ca4b69,TKT-1-202607-02346,104427,3,2,"2026-08-11 16:46:02",0,"Kindly check","2026-08-11 11:16:02.072059","2026-08-11 11:16:02.072059"
18715,95a34478-5792-41b5-bc53-97b93316a2ee,TKT-1-202607-02346,Movement_admin,5,2,"2026-07-22 13:35:56",0,"This is the second time a request is marked when comments were already given on the said issue on a previous ticket. SI to go through the comments given by Movt. Divn before marking tickets to divisions.60 rows may be created in a single page.","2026-07-22 08:05:55.994622","2026-07-22 08:05:55.994622"
18715,58d66461-b3d5-420d-9fde-347b541c2af3,TKT-1-202607-02346,104427,NULL,1,"2026-07-22 11:06:10",0,New,"2026-07-22 05:36:10.390073","2026-07-22 05:36:10.390073"
18715,540809d2-57a2-4d38-8926-c8b957ea9520,TKT-1-202607-02346,Movement_admin,5,2,"2026-07-30 15:36:18",0,"comment already given on similar ticket to make the page display upto 60 rows. please do not mark such tickets again for which decision is already conveyed.","2026-07-30 10:06:18.279905","2026-07-30 10:06:18.279905"
18715,40af0bce-df69-48cd-90c3-799acd851f44,TKT-1-202607-02346,umesh.k,2,3,"2026-08-11 08:50:00",0,"Dear sir/madam, kindly check the comments added. Thank you","2026-08-11 03:19:59.793629","2026-08-11 03:19:59.793629"
18715,799e3987-bf70-4a08-be80-770c91e88c3a,TKT-1-202607-02346,vikram6singh,1,2,"2026-07-22 11:07:48",0,"Please check.","2026-07-22 05:37:48.383767","2026-07-22 05:37:48.383767"
14529,a541f4ef-66fc-4586-8f88-d7fe3fa4e988,TKT-1-202607-02353,umesh.k,2,3,"2026-08-07 11:43:33",0,"Dear Sir/Madam,  Upon verification from our end, we found that the movement was created for only 13 wagons, and the transit loss is also correct. Kindly check this from your end.  Thank you.","2026-08-07 06:13:32.762785","2026-08-07 06:13:32.762785"
14529,de8a18a4-998f-43b2-bc47-9a730941dae8,TKT-1-202607-02353,294200,3,2,"2026-09-09 12:35:16",0,"User id : 294200 , Password : Anand@1993.","2026-09-09 07:05:15.634772","2026-09-09 07:05:15.634772"
14529,c6d4f340-8524-4a46-89f3-cfb46063a87a,TKT-1-202607-02353,sanjeet.k,2,3,"2026-08-31 10:27:52",0,"As discussed over the call, kindly mention the issue in the comment section for the further course of action.","2026-08-31 04:57:52.318475","2026-08-31 04:57:52.318475"
14529,c4174481-8565-48b4-9347-3d6117695576,TKT-1-202607-02353,sanjeet.k,2,3,"2026-09-09 17:07:18",0,"kindly share the rake movement reference number for the further course of action","2026-09-09 11:37:17.904307","2026-09-09 11:37:17.904307"
14529,afc2006d-25b2-4df9-80aa-d4f13ce1c5b5,TKT-1-202607-02353,umesh.k,2,3,"2026-08-27 11:48:53",0,"Dear sir/madam, Please refer the comments added below. Thank you","2026-08-27 06:18:52.529870","2026-08-27 06:18:52.529870"
14529,9d0ddef8-f621-48cd-8217-120c743d1e89,TKT-1-202607-02353,294200,3,2,"2026-08-28 15:03:27",0,"Please call to this number 8870663340 .","2026-08-28 09:33:27.118185","2026-08-28 09:33:27.118185"
14529,75555c52-abe4-47e0-8cb6-da7912664a7d,TKT-1-202607-02353,294200,NULL,1,"2026-07-22 11:33:47",0,New,"2026-07-22 06:03:46.701946","2026-07-22 06:03:46.701946"
14529,5b257282-ae23-4ada-980b-e692e1315aa6,TKT-1-202607-02353,294200,3,2,"2026-08-11 15:40:15",0,"Please refer comments","2026-08-11 10:10:15.067404","2026-08-11 10:10:15.067404"
14529,49c46e11-bf69-49c1-ac5e-013f147d940b,TKT-1-202607-02353,294200,3,2,"2026-09-08 16:04:58",0,"Please refer to comments","2026-09-08 10:34:58.246808","2026-09-08 10:34:58.246808"
14529,40735afb-beee-46e5-b14d-98f07060b840,TKT-1-202607-02353,sanjeet.k,2,3,"2026-09-08 17:57:56",0,"We have attempted to reach out but no response was received from your end. However please share the rake movement reference number, respective user credential and reach out to us on 1800-410-6688 for the further assistance.","2026-09-08 12:27:56.065672","2026-09-08 12:27:56.065672"
14529,1f83ce2a-ff60-4ae4-b879-0c69216964f3,TKT-1-202607-02353,vikram6singh,1,2,"2026-07-22 11:40:38",0,"Please check.","2026-07-22 06:10:38.258651","2026-07-22 06:10:38.258651"
478,1ea8d105-6594-4eed-b48e-4092848a25ab,TKT-1-202607-02368,richa.k,2,3,"2026-07-30 11:15:46",0,"Trying to reach on this number #9013932150 but not get response please share email approval from HQ for RO extension,For any further assistance, please contact our support team at : 1800-410-6688.","2026-07-30 05:45:46.079562","2026-07-30 05:45:46.079562"
478,fb4cad06-8e01-4a8c-b7c1-2e768a63f80f,TKT-1-202607-02368,311060,3,2,"2026-07-22 13:41:31",0,"Yes,the mentioned RO is listed in expired list.","2026-07-22 08:11:30.993131","2026-07-22 08:11:30.993131"
478,f74d5d6f-c22c-4ca1-ba18-275d46e48aff,TKT-1-202607-02368,311060,NULL,1,"2026-07-22 12:41:07",0,New,"2026-07-22 07:11:06.852202","2026-07-22 07:11:06.852202"
478,def0b3e3-18eb-4358-8ac7-568bb1ab4193,TKT-1-202607-02368,311060,3,2,"2026-07-31 11:00:29",0,"Already mailed","2026-07-31 05:30:29.269718","2026-07-31 05:30:29.269718"
478,d539ab8f-b334-44ab-850a-47de61e1f67b,TKT-1-202607-02368,umesh.k,2,7,"2026-07-23 16:50:22",0,"As per requester confirmation,we are closing this ticket.","2026-07-23 11:20:22.273718","2026-07-23 11:20:22.273718"
478,c72c2752-d8db-4d80-b644-7a62da308ee3,TKT-1-202607-02368,vikram6singh,1,2,"2026-07-22 12:41:52",0,"Please check.","2026-07-22 07:11:51.611102","2026-07-22 07:11:51.611102"
478,91525166-026c-4c10-ad26-47385083b2a6,TKT-1-202607-02368,richa.k,2,3,"2026-07-22 13:28:43",0,"Kindly do confirm whether the mentioned ROs in the attached document is listed in expired list? For any further assistance, please contact our support team at:📞1800-410-6688.","2026-07-22 07:58:42.939783","2026-07-22 07:58:42.939783"
478,836cfcab-8dc9-43a8-831b-8366dd6a25ba,TKT-1-202607-02368,umesh.k,2,3,"2026-07-22 19:20:16",0,"Kindly check our comments.","2026-07-22 13:50:16.092572","2026-07-22 13:50:16.092572"
478,779b9431-1322-4387-8b41-75f2fd17a9f0,TKT-1-202607-02368,311060,7,10,"2026-07-30 10:50:28",0,"Kindly extend the release order date to 15.08.26 as it has not yet been extended.","2026-07-30 05:20:28.485645","2026-07-30 05:20:28.485645"
478,6904981c-dc85-4e90-a0c2-336756879185,TKT-1-202607-02368,richa.k,2,5,"2026-08-01 12:21:37",0,"Respected Sir, kindly do confirmation regarding extension of RO, refer the attachment of RO details.","2026-08-01 06:51:36.561377","2026-08-01 06:51:36.561377"
478,6461fef5-5749-4932-bde6-4c197a0eb8a6,TKT-1-202607-02368,vikram6singh,10,2,"2026-07-30 11:01:12",0,"Please check.","2026-07-30 05:31:12.037787","2026-07-30 05:31:12.037787"
478,1a162e89-4dbe-4cb1-b4a0-6f83de0caf48,TKT-1-202607-02368,311060,3,2,"2026-07-23 16:36:21",0,close,"2026-07-23 11:06:21.253944","2026-07-23 11:06:21.253944"
464,a1c6a3f6-b1d2-4724-b033-1b409bb77087,TKT-1-202607-02373,100083,NULL,1,"2026-07-22 12:59:30",0,New,"2026-07-22 07:29:29.683703","2026-07-22 07:29:29.683703"
464,a77424dd-665b-4052-bd54-07ea779f3db1,TKT-1-202607-02373,umesh.k,2,12,"2026-07-24 10:39:35",0,"The requestor is requesting to display additional free time and actual DC hours in the Rake-wise Demurrage and Wharfage Report at the Divisional Office level. Kindly verify the requirement and provide the necessary details.","2026-07-24 05:09:34.679246","2026-07-24 05:09:34.679246"
464,afeacb2d-87ff-4ebb-b4a1-71d05acfbe54,TKT-1-202607-02373,vikram6singh,1,2,"2026-07-22 13:01:42",1,"Please check.","2026-07-22 07:31:42.230347","2026-07-22 07:31:42.230347"
274,965cf240-f72d-48e9-b3d6-8bd8c7d16118,TKT-1-202607-02374,292205,3,2,"2026-07-23 16:20:25",0,7047198257,"2026-07-23 10:50:25.038397","2026-07-23 10:50:25.038397"
274,9091822a-3472-430c-a774-6552a78689aa,TKT-1-202607-02374,satish.d,2,5,"2026-07-27 19:22:58",0,"Kindly check the comment section","2026-07-27 13:52:57.935527","2026-07-27 13:52:57.935527"
274,8633f0f0-5d19-4428-ad20-730dd87d4ffd,TKT-1-202607-02374,umesh.k,2,3,"2026-07-24 14:28:48",0,"Kindly check our comments.","2026-07-24 08:58:48.441979","2026-07-24 08:58:48.441979"
274,61eab32d-9ccf-49a1-ada6-7a68994bf3c3,TKT-1-202607-02374,292205,NULL,1,"2026-07-22 13:01:32",0,New,"2026-07-22 07:31:31.801202","2026-07-22 07:31:31.801202"
274,3c37cad3-16d6-4c74-9466-007f0696f6f9,TKT-1-202607-02374,vikram6singh,1,2,"2026-07-22 13:01:47",0,"Please check.","2026-07-22 07:31:47.288497","2026-07-22 07:31:47.288497"
274,35224f9a-b201-4a7f-841a-8da7d4dc093d,TKT-1-202607-02374,292205,3,2,"2026-07-27 15:01:19",0,"Could you please check with HQ about enabling item-level tracking for the wooden bench asset?","2026-07-27 09:31:19.224032","2026-07-27 09:31:19.224032"
274,76a36fcf-304e-485e-91c5-f8a8b8516d8c,TKT-1-202607-02374,arti.1.t,2,3,"2026-07-22 15:25:23",0,"Please refer to the comment box.","2026-07-22 09:55:22.524316","2026-07-22 09:55:22.524316"
1861,d44cca7e-9542-4ac4-8063-cfbad5027bc9,TKT-1-202607-02379,122375,NULL,1,"2026-07-22 13:05:44",0,New,"2026-07-22 07:35:43.609032","2026-07-22 07:35:43.609032"
1861,816d0863-bf7c-42e7-811d-b916aaf96018,TKT-1-202607-02379,vikram6singh,1,2,"2026-07-22 13:08:01",0,"Please check.","2026-07-22 07:38:01.321940","2026-07-22 07:38:01.321940"
1861,3a3bdf2d-269b-4c5d-9ec1-9e46cdb03159,TKT-1-202607-02379,122375,3,2,"2026-07-22 16:51:51",0,"screenshot attached for ready reference.","2026-07-22 11:21:50.788446","2026-07-22 11:21:50.788446"
1861,31398846-36a2-499e-a62e-c6e33a4f547d,TKT-1-202607-02379,saroj.m,2,3,"2026-07-22 14:54:12",0,"You are kindly requested to please share the relevant screenshots and supporting documents, so that we may review the matter and determine the further course of action. For any assistance, please contact our support team at: 1800-410-6688.","2026-07-22 09:24:11.609870","2026-07-22 09:24:11.609870"
1861,16afb892-5d80-4b45-8332-78fbc0cd8f25,TKT-1-202607-02379,satish.d,2,12,"2026-07-27 19:25:13",0,"Dear Sir/Madam,  We are sending it again for formal approval so that the ticket can be categorized appropriately and processed under the correct category. Kindly provide your approval.Thanks","2026-07-27 13:55:13.144720","2026-07-27 13:55:13.144720"
16,9f401c1e-3943-4012-9bd1-c2f6bc83141f,TKT-1-202607-02388,298194,3,2,"2026-07-29 14:30:10",0,assigned,"2026-07-29 09:00:10.043256","2026-07-29 09:00:10.043256"
16,f6bdcf83-bf3c-4565-ac2c-4597487fbec2,TKT-1-202607-02388,298194,3,2,"2026-07-29 11:44:50",0,"please check comment section","2026-07-29 06:14:49.842911","2026-07-29 06:14:49.842911"
16,da49c652-3851-4458-a246-e66244a432ad,TKT-1-202607-02388,kshitiz.s,2,7,"2026-07-31 15:53:41",0,"Please refer to the comment section.","2026-07-31 10:23:40.747804","2026-07-31 10:23:40.747804"
16,d58e1b50-aeb2-4362-9f97-04f3cb97c6e8,TKT-1-202607-02388,umesh.k,2,3,"2026-07-29 12:00:55",0,"Sir/Madam, In given user login details for stack as 2B03A has closing balance as 239.85300 Qtls. Please check from our side.","2026-07-29 06:30:54.563955","2026-07-29 06:30:54.563955"
16,ce5eab48-8887-4616-8761-ffbe7f254134,TKT-1-202607-02388,inish.d,2,3,"2026-07-24 14:28:40",0,"Sir/Madam, kindly provide the complete details. Based on the information provided, the depot code is FE14006, the stack is 2B03A, and the closing balance is 392.410000. Please specify the issue or discrepancy you are referring to.","2026-07-24 08:58:40.234307","2026-07-24 08:58:40.234307"
16,cab47159-76ee-4d41-9422-7624bc69a4bb,TKT-1-202607-02388,298194,3,2,"2026-07-23 17:50:14",0,"FE14006, in regards to user id & passwrod, the same has been reply in comment section","2026-07-23 12:20:13.692335","2026-07-23 12:20:13.692335"
16,a2733109-2af0-4359-85d0-df1ef9ed1e4d,TKT-1-202607-02388,inish.d,2,3,"2026-07-29 15:04:38",0,"Please check the comment section","2026-07-29 09:34:37.808619","2026-07-29 09:34:37.808619"
16,9f1efd11-1c5d-48f7-b0c0-0b7c7f0c8968,TKT-1-202607-02388,298194,3,2,"2026-07-23 15:26:45",0,"assigned back","2026-07-23 09:56:44.860241","2026-07-23 09:56:44.860241"
16,945ab1d8-7e52-4ecd-b5fb-12a30f30662f,TKT-1-202607-02388,298194,3,2,"2026-07-28 15:47:51",0,FE14006,"2026-07-28 10:17:51.009086","2026-07-28 10:17:51.009086"
16,0aa3e6eb-58a1-4ba6-91bc-2c14f3fc1059,TKT-1-202607-02388,298194,3,2,"2026-07-28 12:17:51",0,"reassigned as per telephonic discussion. It is to mention that wherever the stack is showing difference, stack kill history shows -0.0000 Qtls as CB or killed figure","2026-07-28 06:47:50.731217","2026-07-28 06:47:50.731217"
16,82c6eeb7-8838-4b55-a268-6c8d63269cb5,TKT-1-202607-02388,inish.d,2,3,"2026-07-28 12:51:24",0,"Sir/Madam, Please share the depot code.","2026-07-28 07:21:23.601729","2026-07-28 07:21:23.601729"
16,763d9bab-999f-4bb4-9511-12ebadad9e42,TKT-1-202607-02388,inish.d,2,3,"2026-07-22 14:14:09",0,"Sir/Madam,  Please provide the login credentials and depot details so that we can proceed further.","2026-07-22 08:44:09.184120","2026-07-22 08:44:09.184120"
16,6eb99e6c-7026-40e6-a8e6-f4dbcb118f0f,TKT-1-202607-02388,298194,NULL,1,"2026-07-22 13:45:18",0,New,"2026-07-22 08:15:18.290045","2026-07-22 08:15:18.290045"
16,5bf773c6-c8a6-44c3-99b0-9be3da3a1a55,TKT-1-202607-02388,inish.d,2,3,"2026-07-28 16:00:23",0,"Sir/Madam,  Please provide the login credentials so that we can proceed further.","2026-07-28 10:30:23.432415","2026-07-28 10:30:23.432415"
16,50a70f0f-c2d8-474e-abd8-7c10b142269d,TKT-1-202607-02388,inish.d,2,3,"2026-07-23 16:01:53",0,"Sir/Madam, Please share the depot code.","2026-07-23 10:31:53.337427","2026-07-23 10:31:53.337427"
16,205400d3-00ae-4455-a567-2015c2ef8f95,TKT-1-202607-02388,vikram6singh,1,2,"2026-07-22 13:51:24",0,"Please check.","2026-07-22 08:21:23.582128","2026-07-22 08:21:23.582128"
16,9a34263a-80b6-4565-a96b-b1fd44806d99,TKT-1-202607-02388,kshitiz.s,3,2,"2026-07-31 15:52:17",0,"Please check.","2026-07-31 10:22:17.067352","2026-07-31 10:22:17.067352"
96,3ee81f1b-41f0-4644-883a-bbc711077c64,TKT-1-202607-02393,umesh.k,2,12,"2026-07-23 14:48:11",0,"The requestor is requesting to display Gunny Type bifurcation, Variety details, and Loading Date in the Loading Statement, as these details are currently not reflected. Kindly verify the requirement and provide the necessary details.","2026-07-23 09:18:11.441856","2026-07-23 09:18:11.441856"
96,a261543f-20a8-44d9-9f5e-00aaa20c6dbf,TKT-1-202607-02393,276377,NULL,1,"2026-07-22 14:15:39",0,New,"2026-07-22 08:45:39.001212","2026-07-22 08:45:39.001212"
96,10d8ff41-0a26-4233-9408-4f1ed462f023,TKT-1-202607-02393,vikram6singh,1,2,"2026-07-22 14:18:17",0,"Please check.","2026-07-22 08:48:17.363371","2026-07-22 08:48:17.363371"
1195,21fae8ec-b99e-42d8-a2e9-8411d3a121af,TKT-1-202607-02404,276201,3,2,"2026-07-27 16:22:17",0,"The document is attached, kindly resolve this.","2026-07-27 10:52:17.165713","2026-07-27 10:52:17.165713"
1195,fe6f43ed-d31a-4c97-a0ba-b4a3cc470c98,TKT-1-202607-02404,vikram6singh,1,2,"2026-07-22 15:24:23",0,"Please check","2026-07-22 09:54:23.121990","2026-07-22 09:54:23.121990"
1195,d2808175-0297-4bad-b826-bf45b755971c,TKT-1-202607-02404,276201,3,2,"2026-08-22 12:01:04",0,"In cases if both specification total and crop year total are same .Please avoid the duplication of data.","2026-08-22 06:31:03.819852","2026-08-22 06:31:03.819852"
1195,d24268e4-7a6d-4a76-93db-e472cf144578,TKT-1-202607-02404,anuj.s,2,3,"2026-08-11 12:46:51",0,"As discussed on the call with 8086767798, the concerned user was unavailable at the time of contact. Kindly connect with us through our toll-free number once the user is available so that we may assist further.","2026-08-11 07:16:50.906603","2026-08-11 07:16:50.906603"
1195,cc496fae-292a-4e65-a439-ccc9bc32405f,TKT-1-202607-02404,276201,NULL,1,"2026-07-22 15:15:09",0,New,"2026-07-22 09:45:08.535401","2026-07-22 09:45:08.535401"
1195,b20f0a62-d632-4c81-bcc8-00e4d3870416,TKT-1-202607-02404,276201,3,2,"2026-09-03 10:47:20",0,"Please see the attached report and do the needful.","2026-09-03 05:17:19.687559","2026-09-03 05:17:19.687559"
1195,ad4d7cc8-7413-4f20-888f-0570421fe3b0,TKT-1-202607-02404,276201,7,10,"2026-08-11 07:20:28",0,"Please modify the format of the report in such a way that, for each commodity and crop year, a single consolidated total is presented. It is very important to provide the crop-year-wise total separately for Boiled Rice, Raw Rice, and Wheat.","2026-08-11 01:50:27.649888","2026-08-11 01:50:27.649888"
1195,aab42c9d-4f9c-4462-8332-4bb3098f8ec3,TKT-1-202607-02404,umesh.k,2,3,"2026-09-10 14:49:34",0,"Dear sir, could you please attach document where one specification is there and multiple times total aggreagtion is showing.","2026-09-10 09:19:33.622678","2026-09-10 09:19:33.622678"
1195,9dc65265-f293-4022-b97e-12e750fe2e42,TKT-1-202607-02404,vikram6singh,10,2,"2026-08-11 09:03:56",0,"Please check.","2026-08-11 03:33:55.827655","2026-08-11 03:33:55.827655"
1195,7cf99856-fbef-4e01-81cb-9ee6aa221374,TKT-1-202607-02404,umesh.k,2,3,"2026-08-11 14:23:48",0,"Dear sir, in the current report as well you can see the cropyear wise date.. the modification (specification and cropyear wise aggreagation) were done as per FCI requirement.","2026-08-11 08:53:48.452175","2026-08-11 08:53:48.452175"
1195,6bcf2424-8501-4912-89d3-199c346de78b,TKT-1-202607-02404,276201,3,2,"2026-07-25 11:54:08",0,"Please see the comment section and do the needful.","2026-07-25 06:24:08.329080","2026-07-25 06:24:08.329080"
1195,613fb76e-1c7f-4d59-9e57-44c282e9f276,TKT-1-202607-02404,276201,3,2,"2026-08-11 13:01:28",0,"Contacted Toll free number. The issue is explained i.e while taking COMMODITY WISE CURRENT STOCK REPORT, there is a seperate column for Specicification total wheras the specification are already totalled.  As advised token is assigned back.","2026-08-11 07:31:28.180435","2026-08-11 07:31:28.180435"
1195,431bc74d-13a8-4f63-9034-96e9210c129e,TKT-1-202607-02404,umesh.k,2,3,"2026-08-24 11:16:19",0,"Dear sir, if the specification or cropyear is different then only we are doing specification total or cropyear total aggreagtion, kindly check from your end once again.","2026-08-24 05:46:19.330269","2026-08-24 05:46:19.330269"
1195,3d74a3a2-775e-4723-9593-b48cbccfbadd,TKT-1-202607-02404,umesh.k,2,3,"2026-07-27 09:53:32",0,"Dear sir, kindly attach the supporting document, we cant able to see any attachments for this ticket.","2026-07-27 04:23:32.391650","2026-07-27 04:23:32.391650"
1195,3ab1283b-cf0e-4212-bc9e-7db9bbef09f1,TKT-1-202607-02404,arti.1.t,2,3,"2026-07-22 16:22:48",0,"Kindly share the specific issue along with a proper screenshot for further investigation. For any assistance, please feel free to contact us at 1800-410-6688.","2026-07-22 10:52:48.187102","2026-07-22 10:52:48.187102"
1195,387eb32f-d06e-4317-833e-de8c87b9095b,TKT-1-202607-02404,276201,3,2,"2026-09-10 10:29:25",0,"We are not referring to cases where different specifications are present but the cases where only a single specification is present. In those cases, the same data is appearing three times resulting in duplicate rows.","2026-09-10 04:59:24.702611","2026-09-10 04:59:24.702611"
1195,26a2ee44-b361-42b2-af56-cec8618f10f6,TKT-1-202607-02404,umesh.k,2,3,"2026-09-03 11:15:46",0,"kindly refer comment section for more details.","2026-09-03 05:45:45.662184","2026-09-03 05:45:45.662184"
1195,9aee103c-a4d9-4303-9bc5-f24b11e1fbc6,TKT-1-202607-02404,umesh.k,2,7,"2026-07-27 18:26:05",0,"Dear sir, can you check the attachment attached by you where, different specifications and cropyears are present, that why it is showing in two different aggregations.","2026-07-27 12:56:04.646977","2026-07-27 12:56:04.646977"
1225,12993345-2bba-46bf-9666-3c1b4cc8e2cb,TKT-1-202607-02411,315824,NULL,1,"2026-07-22 16:00:56",0,New,"2026-07-22 10:30:56.069350","2026-07-22 10:30:56.069350"
1225,3a4fd79c-3394-4ee6-a9fc-b35724c2aad5,TKT-1-202607-02411,amitabh.k,5,2,"2026-08-04 14:54:30",0,"Provision "All" option under Shed option","2026-08-04 09:24:30.085120","2026-08-04 09:24:30.085120"
1225,232e77a3-817c-4966-9a62-5651ee53f50d,TKT-1-202607-02411,sanjeet.k,2,12,"2026-08-04 15:05:16",0,"Please kindly approve it for CR consideration.","2026-08-04 09:35:15.776313","2026-08-04 09:35:15.776313"
1225,21e9aecf-5b23-43fc-b361-926c6d3c541c,TKT-1-202607-02411,sanjeet.k,2,5,"2026-07-25 17:12:08",0,"Please look into the given requirement for the All provision in the shed selection for 29.10 reports","2026-07-25 11:42:07.705972","2026-07-25 11:42:07.705972"
1225,0cff63e7-573b-4592-988d-545bfa13e61e,TKT-1-202607-02411,vikram6singh,1,2,"2026-07-22 16:04:24",0,"Please check.","2026-07-22 10:34:23.920100","2026-07-22 10:34:23.920100"
15586,fd48fddd-8449-4ebd-870c-7181af62628d,TKT-1-202607-02413,inish.d,2,3,"2026-07-23 11:36:13",0,"Sir/Madam, If you consume the Palla/Madeup bags consumed for the stack it will updated the stack bags count it wont affect the weight after that you done the PV for the stack.","2026-07-23 06:06:12.680896","2026-07-23 06:06:12.680896"
15586,f4ce076c-cdba-428a-840c-c21eb835cb1c,TKT-1-202607-02413,inish.d,2,3,"2026-08-07 10:31:01",0,"Sir/madam, Please check the comment section","2026-08-07 05:01:00.721705","2026-08-07 05:01:00.721705"
15586,e13eacf4-dbc5-4c90-9e9d-417fb2cdec51,TKT-1-202607-02413,ed12030_01,3,2,"2026-08-06 16:12:07",0,"Issue not resolved.","2026-08-06 10:42:06.520052","2026-08-06 10:42:06.520052"
15586,ca727b27-ae85-471f-8108-9ce2e40577bd,TKT-1-202607-02413,inish.d,2,3,"2026-07-22 17:54:29",0,"Sir/Madam,  Please provide the login credentials so that we can proceed further.","2026-07-22 12:24:28.839016","2026-07-22 12:24:28.839016"
15586,b4913cd4-5484-42ce-b4f8-dd0eac0e48ad,TKT-1-202607-02413,ed12030_01,3,2,"2026-07-22 17:28:18",0,"Sir/ mam, I have shared all details, which details are required please confirm.","2026-07-22 11:58:18.018893","2026-07-22 11:58:18.018893"
15586,8d9b0498-2aa0-4047-82a8-4bbc5cbd0b03,TKT-1-202607-02413,ed12030_01,NULL,1,"2026-07-22 16:02:00",0,New,"2026-07-22 10:31:59.526418","2026-07-22 10:31:59.526418"
15586,88d256f8-9918-4cf0-a80b-071702b081e6,TKT-1-202607-02413,ed12030_01,3,2,"2026-07-24 11:47:02",0,"I HAVE ASSIGN BACK TICKET","2026-07-24 06:17:02.396807","2026-07-24 06:17:02.396807"
15586,6b7e1b34-38eb-4354-a341-50cf40a32fbe,TKT-1-202607-02413,inish.d,2,3,"2026-07-22 17:10:08",0,"Sir/Madam, Please share the more details.","2026-07-22 11:40:08.205613","2026-07-22 11:40:08.205613"
15586,4a19efb1-fad5-4d3d-b3d9-4562f389b67b,TKT-1-202607-02413,ed12030_01,3,2,"2026-07-30 12:44:49",0,"Problem still not resolved. Please check and resolve this issue.","2026-07-30 07:14:49.023368","2026-07-30 07:14:49.023368"
15586,4824d47f-0ee4-4ca7-8ef1-48a2279dcb6f,TKT-1-202607-02413,ed12030_01,3,2,"2026-08-17 11:36:31",0,"Sir/ Mam, Issue has not been resolved till now, please resolve this issue on priority basis.","2026-08-17 06:06:31.007702","2026-08-17 06:06:31.007702"
15586,430bd48f-b504-4469-a34c-c0c73f41a2f2,TKT-1-202607-02413,vikram6singh,1,2,"2026-07-22 16:04:14",1,"Please check.","2026-07-22 10:34:13.920635","2026-07-22 10:34:13.920635"
15586,3b57334c-44a0-47cd-a9e4-318980905b44,TKT-1-202607-02413,inish.d,2,3,"2026-08-06 10:50:06",0,"Sir/Madam, If you consume the Palla/Madeup bags consumed for the stack it will updated the stack bags count it wont affect the weight after that you done the PV for the stack.","2026-08-06 05:20:06.357569","2026-08-06 05:20:06.357569"
15586,06ddffce-392d-4680-a70b-c04c86c7f595,TKT-1-202607-02413,inish.d,2,3,"2026-07-24 17:16:21",0,"Sir/Madam, one bag has been added to or removed from some stacks during PV. Kindly verify the same.","2026-07-24 11:46:21.463670","2026-07-24 11:46:21.463670"
15586,708e8ef6-c3c5-4e1c-bcd5-61f55fbb10fc,TKT-1-202607-02413,ed12030_01,3,2,"2026-07-23 10:42:59",0,"Sir/Mam, login credential is ed12030_01 , password - AnnaDarpan#123 . My contact number is 9835881724.","2026-07-23 05:12:59.250176","2026-07-23 05:12:59.250176"
149,81fe9b93-8462-4966-bed7-fe5aaa970fd2,TKT-1-202607-02414,276377,3,2,"2026-07-23 10:55:32",0,"महोदय, choose file option में excel फाइल upload नहीं हो रही है , अतः excel फाइल की स्क्रीनशॉट हाईलाइट कर एवं pdf रिपोर्ट सन्दर्भ हेतु attach की जा रही है","2026-07-23 05:25:32.001682","2026-07-23 05:25:32.001682"
149,cda1586c-cab0-40fe-8673-07bf1b7c2d22,TKT-1-202607-02414,276377,NULL,1,"2026-07-22 16:04:44",0,New,"2026-07-22 10:34:43.564282","2026-07-22 10:34:43.564282"
149,9262c572-49a8-409e-82f0-26d18219c9a1,TKT-1-202607-02414,inzemamul.h,2,3,"2026-07-22 17:41:46",0,"kindly share the supportive documents for our further investigation. For further assistance, please contact our support team at : 📞 1800-410-6688.","2026-07-22 12:11:46.156056","2026-07-22 12:11:46.156056"
149,50a8dd00-7074-41c8-af0f-f70821c497eb,TKT-1-202607-02414,umesh.k,2,12,"2026-07-24 10:43:11",0,"The requestor is requesting to display headers and footers only on the first page of Excel reports, while retaining them on all pages of PDF reports. Kindly verify the requirement and provide the necessary details.","2026-07-24 05:13:11.055988","2026-07-24 05:13:11.055988"
149,2803a6a8-978a-478a-bd3d-f3d40a5da8af,TKT-1-202607-02414,vikram6singh,1,2,"2026-07-22 16:05:44",0,"Please check.","2026-07-22 10:35:43.761986","2026-07-22 10:35:43.761986"
155,2513ff09-7f72-4199-8d38-bb0c8c50a1e8,TKT-1-202607-02416,276637,3,2,"2026-07-24 11:13:23",0,"User ID 276637,   Password - Palwal@1234,  The gunny dispatched to various mandis and depot is not showing in Anna Darpan. The screenshot is already attached.","2026-07-24 05:43:22.545183","2026-07-24 05:43:22.545183"
155,f6b1d1dd-417a-4a8e-8079-961d9e9b8727,TKT-1-202607-02416,kshitiz.s,3,2,"2026-07-28 10:46:54",0,"Please check.","2026-07-28 05:16:53.783240","2026-07-28 05:16:53.783240"
155,e29266cc-c074-452c-bb12-7c780652f35f,TKT-1-202607-02416,inish.d,2,3,"2026-07-23 14:33:47",0,"Sir/Madam,  Please provide the login credentials so that we can proceed further.","2026-07-23 09:03:46.889601","2026-07-23 09:03:46.889601"
155,dea5079f-9743-418b-9a5b-925a65376ead,TKT-1-202607-02416,inish.d,2,3,"2026-07-24 14:20:41",0,"Sir/Madam, Please confirm as dispatched the gunny from Depot to  Mandi ??","2026-07-24 08:50:40.657344","2026-07-24 08:50:40.657344"
155,d2b9c948-6686-4033-abd5-c53607d9bd1f,TKT-1-202607-02416,inish.d,2,3,"2026-07-24 16:39:25",0,"Sir/Madam, kindly verify whether the Mandi has been mapped to the depot under the Mandi–Depot Association in the Area Procurement module.","2026-07-24 11:09:25.395728","2026-07-24 11:09:25.395728"
155,be8bb76e-3ffa-4233-91e9-a4a8fc81b0af,TKT-1-202607-02416,276637,NULL,1,"2026-07-22 16:12:02",0,New,"2026-07-22 10:42:01.670266","2026-07-22 10:42:01.670266"
155,8b59e8f0-c8db-4776-bf85-a71fc384e469,TKT-1-202607-02416,276637,3,2,"2026-07-24 16:14:37",0,"Gunny Dispatched to Hafed Aurangabad Mandi, FCI FSD Mayapuri (Delhi) and Fci FSD Shaktinagar(Delhi).  user ID- 276637, Password- Palwal@1234","2026-07-24 10:44:37.204455","2026-07-24 10:44:37.204455"
155,78c9bb7f-b756-4e86-a6fa-2ba633702488,TKT-1-202607-02416,vikram6singh,1,2,"2026-07-22 16:15:48",0,"Please check.","2026-07-22 10:45:47.769910","2026-07-22 10:45:47.769910"
155,74fcec77-f43f-49f7-bef6-989567e6db96,TKT-1-202607-02416,richa.k,2,3,"2026-07-22 16:49:28",0,"Kindly share the supporting documents for further investigation. For further assistance, contact the support team at 📞 1800‑410‑6688.","2026-07-22 11:19:28.408235","2026-07-22 11:19:28.408235"
155,1b0bf5e6-5943-4675-b8b7-dd7be934fa51,TKT-1-202607-02416,kshitiz.s,2,7,"2026-07-28 10:49:00",0,"Please refer to the comment section.","2026-07-28 05:19:00.289346","2026-07-28 05:19:00.289346"
155,014e6c32-c99c-4ab7-ad7d-6ec3957df257,TKT-1-202607-02416,276637,3,2,"2026-07-22 17:12:42",0,"Aurangabad Mandi is not showing, Screenshot Attached for the Said Query.","2026-07-22 11:42:42.356516","2026-07-22 11:42:42.356516"
5673,9b892f56-4a13-4e18-8209-4b8831c60017,TKT-1-202607-02430,187216,3,2,"2026-08-07 18:11:19",0,"A mail has been sent to HQ citing all the details. Kindly consider this issue as the infestation parameter has been skipped unintentionally which is accepted automatically(lot no BRGA/80/27) & alter the lot to rejected lot. note is attached here.","2026-08-07 12:41:19.385213","2026-08-07 12:41:19.385213"
5673,a9520f92-76b5-4c0b-a628-76260d36f4be,TKT-1-202607-02430,umesh.k,2,7,"2026-08-13 11:12:55",0,"Dear Sir/Madam,Kindly check our comments.","2026-08-13 05:42:55.499535","2026-08-13 05:42:55.499535"
5673,a370ca8f-d5d9-4177-a9ea-a9f79750ee20,TKT-1-202607-02430,inzemamul.h,2,3,"2026-07-23 14:11:35",0,"Kindly refer to the comment box.","2026-07-23 08:41:34.956767","2026-07-23 08:41:34.956767"
5673,8d859ebd-8322-4b15-a0ee-3bbdc1a7e6e4,TKT-1-202607-02430,187216,NULL,1,"2026-07-22 16:52:36",0,New,"2026-07-22 11:22:36.343265","2026-07-22 11:22:36.343265"
5673,86f3bb11-58d2-414d-afc8-809ec3d3c7af,TKT-1-202607-02430,vikram6singh,1,2,"2026-07-22 16:57:00",0,"Please check","2026-07-22 11:26:59.793508","2026-07-22 11:26:59.793508"
5673,4ea7bc35-3f5a-4fe7-9cb7-ae9c1070415c,TKT-1-202607-02430,inzemamul.h,2,7,"2026-09-05 12:01:22",0,"kindly refer to the comment box.","2026-09-05 06:31:21.594447","2026-09-05 06:31:21.594447"
5673,421509a1-add4-4546-8afd-7967a2e817e4,TKT-1-202607-02430,187216,3,2,"2026-07-23 14:06:50",0,"DOCUMENT ATTACHED","2026-07-23 08:36:49.696702","2026-07-23 08:36:49.696702"
5673,3e0cf74b-15df-4e04-bc58-aab0fa9394d1,TKT-1-202607-02430,187216,3,2,"2026-07-29 16:08:12",0,"NECESSARY DOCUMENT ATTACHED FOR KIND INFORMATION","2026-07-29 10:38:11.754446","2026-07-29 10:38:11.754446"
5673,2788c424-4b07-4c96-aacb-37b00818d7d8,TKT-1-202607-02430,satish.d,2,3,"2026-08-06 16:38:28",0,"please check comments","2026-08-06 11:08:27.672854","2026-08-06 11:08:27.672854"
5673,13437b81-f48c-4413-8d83-1fe480a41c45,TKT-1-202607-02430,vikram6singh,10,2,"2026-09-05 11:51:45",0,"Please check.","2026-09-05 06:21:44.687583","2026-09-05 06:21:44.687583"
5673,05f31f3d-b0ee-4bf1-8fcd-ffb7937ec503,TKT-1-202607-02430,187216,7,10,"2026-09-05 11:37:53",0,"The issue is still not resolved. please look into this and reolve it.","2026-09-05 06:07:53.282376","2026-09-05 06:07:53.282376"
5673,468c4720-6878-44ad-9183-7989e0539131,TKT-1-202607-02430,inzemamul.h,2,3,"2026-07-22 17:26:04",0,"kindly share the supportive documents for our further investigation. For further assistance, please contact our support team at : 📞 1800-410-6688.","2026-07-22 11:56:04.426900","2026-07-22 11:56:04.426900"
226,094c7bcb-0892-48df-9ef6-867369ea5d20,TKT-1-202607-02439,vikram6singh,1,2,"2026-07-22 17:27:04",0,"Please check.","2026-07-22 11:57:04.168621","2026-07-22 11:57:04.168621"
226,286b36db-d04f-443a-9450-602fcd05dae2,TKT-1-202607-02439,277033,3,2,"2026-07-23 11:59:39",0,"29.10 Statement in the reports module is displaying only shed-wise data. It is requested that the 29.10 Statement may kindly be modified to provide the consolidated SL data for the entire depot, so as to facilitate effective monitoring and reporting.","2026-07-23 06:29:38.602477","2026-07-23 06:29:38.602477"
226,423ee354-9951-4539-a987-4ed5c1acaf2d,TKT-1-202607-02439,anuj.s,2,3,"2026-07-22 17:37:34",0,"Sir, kindly elaborate on the issue in detail so that we may review it and assist you at the earliest.","2026-07-22 12:07:34.230863","2026-07-22 12:07:34.230863"
226,7edf2f94-da22-4289-a708-b26d063f08da,TKT-1-202607-02439,277033,NULL,1,"2026-07-22 17:25:36",0,New,"2026-07-22 11:55:35.701366","2026-07-22 11:55:35.701366"
226,98ee9719-00de-4b55-8391-24972389d12f,TKT-1-202607-02439,umesh.k,2,12,"2026-07-24 14:30:13",0,"Sir/Madam, The requestor has requested to add All option for the shed filter in 29.10 Report. Kindly verify the requirement and provide the necessary details.","2026-07-24 09:00:12.957127","2026-07-24 09:00:12.957127"
440,788e7a6e-8777-416b-94ce-a1d12c0655c6,TKT-1-202607-02443,277033,3,2,"2026-07-25 15:27:56",0,"The required supporting document has been attached","2026-07-25 09:57:55.681642","2026-07-25 09:57:55.681642"
440,f16ba508-015a-45d4-8830-9b96de926483,TKT-1-202607-02443,277033,3,2,"2026-07-24 17:08:19",0,"Resume the ticket please","2026-07-24 11:38:18.874077","2026-07-24 11:38:18.874077"
440,9cc5ea0e-a3fb-485b-a5fd-b5c6a9b800e2,TKT-1-202607-02443,sanjeet.k,2,7,"2026-07-25 16:30:45",0,"Respected sir, we have already given the provision regarding the 34.9 statement report with the name of "TRANSIT LOSS" in the manager depot id. kindly check and verify from your end. for your reference we have attached an pdf of transit loss.","2026-07-25 11:00:44.917250","2026-07-25 11:00:44.917250"
440,876f5bee-2a31-472e-a294-1d46272c4457,TKT-1-202607-02443,vikram6singh,1,2,"2026-07-22 17:35:41",0,"Please check","2026-07-22 12:05:41.072952","2026-07-22 12:05:41.072952"
440,856dd759-e9e1-436e-bd4d-7ad157bba2b1,TKT-1-202607-02443,277033,NULL,1,"2026-07-22 17:32:36",0,New,"2026-07-22 12:02:36.020232","2026-07-22 12:02:36.020232"
440,5e15d8e6-98f0-4a47-8a58-6d1ac71a5893,TKT-1-202607-02443,sanjeet.k,2,3,"2026-07-24 12:59:58",0,"We tried to contact you multiple times regarding the issue but no response was received from your end. kindly confirm us whether the issue has been resolved or not. if not kindly contact us on 📞 1800-410-6688 for the further assistance.","2026-07-24 07:29:57.912511","2026-07-24 07:29:57.912511"
440,13ebd0e1-e970-49d5-8a92-c79ed745b588,TKT-1-202607-02443,sanjeet.k,2,3,"2026-07-24 17:54:35",0,"as discussed over the call, kindly share the supporting document regarding 34.9 statement report for the further assistance","2026-07-24 12:24:34.996996","2026-07-24 12:24:34.996996"
14361,03eaafc7-e891-4cf4-b7ee-5955e1d03f8c,TKT-1-202607-02444,292247,3,2,"2026-09-10 17:34:06",0,"Kindly check the attachment - Screenshot which is attached","2026-09-10 12:04:06.219675","2026-09-10 12:04:06.219675"
14361,fbbd8141-2ded-412f-89da-19ef15a6dac7,TKT-1-202607-02444,umesh.k,2,3,"2026-09-03 11:00:48",0,"Addressed, please check comments","2026-09-03 05:30:48.441908","2026-09-03 05:30:48.441908"
14361,ae05fbaa-6060-4eee-a741-174839b10d86,TKT-1-202607-02444,292247,3,2,"2026-07-27 12:49:06",0,"16.078080 MT is the CB of wheat non issuable commodity","2026-07-27 07:19:06.389147","2026-07-27 07:19:06.389147"
14361,ab81cb49-8183-47d3-a477-5a21e63559d9,TKT-1-202607-02444,satish.d,2,3,"2026-08-27 17:41:11",0,"please check now, if the issue is there","2026-08-27 12:11:10.919974","2026-08-27 12:11:10.919974"
14361,a3fc67f2-36d0-4352-b9f7-a496fa92360b,TKT-1-202607-02444,292247,NULL,1,"2026-07-22 17:34:15",0,New,"2026-07-22 12:04:15.046380","2026-07-22 12:04:15.046380"
14361,800052ee-98f0-4a5f-9bac-a20599c8533e,TKT-1-202607-02444,satish.d,2,3,"2026-07-23 16:32:49",0,"16.078080 is the CB of wheat commodity , please check again and share the issue","2026-07-23 11:02:49.306077","2026-07-23 11:02:49.306077"
14361,73d06e31-3229-4723-9c98-0883520127ee,TKT-1-202607-02444,292247,3,2,"2026-08-31 15:36:29",0,"Issue still not resolved","2026-08-31 10:06:29.289406","2026-08-31 10:06:29.289406"
14361,53987bdc-872b-403c-a3ea-89b1f286ebba,TKT-1-202607-02444,satish.d,2,3,"2026-07-22 18:49:11",0,"2ND FN has been recorded?","2026-07-22 13:19:10.904940","2026-07-22 13:19:10.904940"
14361,520e34d5-5bab-441a-933f-b459b20bd464,TKT-1-202607-02444,vikram6singh,1,2,"2026-07-22 17:35:53",0,"Please check","2026-07-22 12:05:52.817217","2026-07-22 12:05:52.817217"
14361,3fc7d509-689f-47b7-9370-f4e763f11d70,TKT-1-202607-02444,umesh.k,2,3,"2026-09-11 15:27:50",0,"As RO has not approved, instead of Edit page, you can go to normal data entry page and do the data entry.","2026-09-11 09:57:50.344680","2026-09-11 09:57:50.344680"
14361,2d73cab6-cb65-48ec-a2f1-b3208f45206b,TKT-1-202607-02444,umesh.k,2,3,"2026-09-02 15:52:42",0,"Addressed, please check comments","2026-09-02 10:22:42.170013","2026-09-02 10:22:42.170013"
14361,1bbc69d4-bacc-43e1-b49b-3ef5412a8dc6,TKT-1-202607-02444,satish.d,2,3,"2026-07-28 12:53:18",0,"for which commodity there is a mismatch please share proper details of that","2026-07-28 07:23:17.785824","2026-07-28 07:23:17.785824"
14361,19e852f0-ac6e-441b-a661-d3dd51387445,TKT-1-202607-02444,292247,3,2,"2026-07-29 14:53:41",0,"Wheat FAQ Non issuable","2026-07-29 09:23:40.510803","2026-07-29 09:23:40.510803"
14361,125d0d4b-619f-4e23-a52e-5f351a5e8f94,TKT-1-202607-02444,292247,3,2,"2026-09-02 17:34:59",0,"Edit option is also not working as it is showing "Regional Manager has not approved for this combination"","2026-09-02 12:04:59.383322","2026-09-02 12:04:59.383322"
14361,05871dcd-58ff-4854-9a39-eb6c12a987df,TKT-1-202607-02444,292247,3,2,"2026-07-23 16:06:04",0,"Issue not resolved yet. OB and CB for non issuable rice is still showing ZERO","2026-07-23 10:36:04.236478","2026-07-23 10:36:04.236478"
1138,c0e286e9-61c0-4de1-88a1-82df4dfff104,TKT-1-202607-02450,313762,7,10,"2026-08-06 17:06:12",0,"Respected Sir,PV is still not completed by the PV team as errors like "Failed to submit PV" is appearing while submitting PV. The PV is still showing pending at higher offices. It is requested to kindly resolve the issue.","2026-08-06 11:36:12.195742","2026-08-06 11:36:12.195742"
1138,c4b86f01-9f09-4f68-abff-2fcc85b708ee,TKT-1-202607-02450,313762,3,2,"2026-08-12 14:12:54",0,"Kindly look into the issue as requested.","2026-08-12 08:42:53.724061","2026-08-12 08:42:53.724061"
1138,ead0f159-02d3-48d5-8d6f-6d42a8619372,TKT-1-202607-02450,satish.d,2,3,"2026-08-06 18:12:28",0,"Please check provided comments","2026-08-06 12:42:27.702824","2026-08-06 12:42:27.702824"
1138,ebf12ecf-9903-4ac7-a5ac-efb2dbd77771,TKT-1-202607-02450,vikram6singh,1,2,"2026-07-22 18:00:12",1,"Please check.","2026-07-22 12:30:11.994237","2026-07-22 12:30:11.994237"
1138,ed2b229f-c245-4ddf-9d48-5cc7a50af068,TKT-1-202607-02450,anuj.s,2,3,"2026-08-13 13:13:21",0,"Please refer the comment box and acknowledge the same so that we may proceed to close the ticket.","2026-08-13 07:43:21.173129","2026-08-13 07:43:21.173129"
1138,f737eb73-9d02-4d05-b186-dab4c7ad8b7d,TKT-1-202607-02450,satish.d,2,3,"2026-07-24 18:22:07",0,"please check provided comments","2026-07-24 12:52:06.770895","2026-07-24 12:52:06.770895"
1138,fc3a8b3c-79af-4036-8d53-eb5f922401b3,TKT-1-202607-02450,satish.d,2,3,"2026-08-26 10:36:13",0,"Please check provided comments","2026-08-26 05:06:13.178238","2026-08-26 05:06:13.178238"
1138,74c8f51f-e2fd-4d09-9baf-eebab0932036,TKT-1-202607-02450,313762,3,2,"2026-08-25 13:53:45",0,"Kindly do the needful.","2026-08-25 08:23:44.829947","2026-08-25 08:23:44.829947"
1138,755ce36a-634c-4764-ad2d-288d5a1a1983,TKT-1-202607-02450,satish.d,2,7,"2026-08-03 09:45:16",0,"we hope issue has been resolved we are closing the ticket please create new ticket if any issue still persists","2026-08-03 04:15:16.031811","2026-08-03 04:15:16.031811"
1138,6d2454ab-9120-4e7a-8f3e-76f0237a2a9a,TKT-1-202607-02450,vikram6singh,10,2,"2026-08-06 17:39:02",0,"Please check","2026-08-06 12:09:01.637572","2026-08-06 12:09:01.637572"
1138,43b503b5-4db7-4517-9386-d679112b101b,TKT-1-202607-02450,313762,3,2,"2026-08-10 13:01:08",0,"Respected Sir, We are unable to verify even a single stack as none of the stacks are showing while doing "Record Stack PV". Screenshot of the same is attached for your reference.","2026-08-10 07:31:07.527702","2026-08-10 07:31:07.527702"
1138,34dbecb6-8ddd-4455-9e9a-3b9015de4acf,TKT-1-202607-02450,313762,3,2,"2026-07-24 16:08:09",1,"Find attachment","2026-07-24 10:38:08.640748","2026-07-24 10:38:08.640748"
1138,2f82a03e-bdef-4ebf-a5f4-1b039cd5e89d,TKT-1-202607-02450,313762,3,2,"2026-07-31 16:31:52",0,"Kindly check the comments.","2026-07-31 11:01:51.555137","2026-07-31 11:01:51.555137"
1138,12ff2c07-9a21-4663-9154-2ddbf6b4ddf5,TKT-1-202607-02450,satish.d,2,3,"2026-08-10 14:23:57",0,"Please check provided comments","2026-08-10 08:53:56.812451","2026-08-10 08:53:56.812451"
1138,1208a18a-2eb6-402f-9631-b40d7299d7be,TKT-1-202607-02450,anuj.s,2,3,"2026-07-22 18:00:38",0,"You are kindly requested to please share the relevant screenshots and supporting documents, so that we may review the matter and determine the further course of action.","2026-07-22 12:30:37.595494","2026-07-22 12:30:37.595494"
1138,a88a2762-a971-4167-8c86-b0d745a4de4f,TKT-1-202607-02450,313762,NULL,1,"2026-07-22 17:58:36",0,New,"2026-07-22 12:28:36.178347","2026-07-22 12:28:36.178347"
5573,d5996959-288e-4d6c-8770-dc032434473b,TKT-1-202607-02490,satish.d,2,3,"2026-08-05 17:39:58",0,"Please check comment section","2026-08-05 12:09:58.449787","2026-08-05 12:09:58.449787"
5573,f26a6bf5-05a5-4662-a0a6-0e33e5d56e1f,TKT-1-202607-02490,vikram6singh,1,2,"2026-07-23 11:20:02",0,"Please check.","2026-07-23 05:50:01.879867","2026-07-23 05:50:01.879867"
5573,be5284a0-5cdf-4e4b-b75a-017a1ca08b71,TKT-1-202607-02490,277033,NULL,1,"2026-07-23 11:13:55",0,New,"2026-07-23 05:43:54.830752","2026-07-23 05:43:54.830752"
5573,8acf72c0-77c9-43ed-bc9c-c71e0fcbaf6a,TKT-1-202607-02490,277033,3,2,"2026-08-06 15:35:10",0,"Remark: Please check comment section","2026-08-06 10:05:10.213901","2026-08-06 10:05:10.213901"
5573,8ac62608-bd43-4d3a-8aa1-3bc2376c11c4,TKT-1-202607-02490,satish.d,2,7,"2026-08-05 15:26:36",0,"we hope issue has been resolved we are closing the ticket please reopen if any issue still persists","2026-08-05 09:56:36.196298","2026-08-05 09:56:36.196298"
5573,743a34a8-ab6b-481c-8ec2-e68fa013c4f4,TKT-1-202607-02490,277033,3,2,"2026-08-04 15:59:32",0,"It should be reflected as  toal labourers count is 79 ,Active labourers is 79 and In-active labourers is 79.For clarification, kindly contact to this number (9566690354)","2026-08-04 10:29:31.837114","2026-08-04 10:29:31.837114"
5573,6d05f0b0-8e7d-451f-995c-9a954531d187,TKT-1-202607-02490,vikram6singh,10,2,"2026-08-05 16:22:13",0,"Please check.","2026-08-05 10:52:12.917080","2026-08-05 10:52:12.917080"
5573,3f815376-1157-4977-a137-b679f617ac90,TKT-1-202607-02490,satish.d,2,5,"2026-08-07 11:57:12",0,"Currently, the Labour dashboard displays the labour count based on labour type (Departmental, DPS, and NWNP). However, the user has requested that the dashboard display the Total Labourers, Active Labourers, and Inactive Labourers separately.","2026-08-07 06:27:11.730170","2026-08-07 06:27:11.730170"
5573,6a1835df-ff0e-44e6-969d-f14a88a10f3a,TKT-1-202607-02490,satish.d,2,3,"2026-08-03 15:56:50",0,"Please check provided comments","2026-08-03 10:26:50.406699","2026-08-03 10:26:50.406699"
5573,89e28ebd-b823-4779-9a3a-e387dda28cc0,TKT-1-202607-02490,277033,7,10,"2026-08-05 16:18:38",0,"It is requested that the Dashboard be updated as: Total Labourers Count: 79 Active Labourers: 79 Inactive Labourers: 0.For clarification, kindly contact to this number (9566690354)","2026-08-05 10:48:38.103806","2026-08-05 10:48:38.103806"
4003,aea45811-0122-4a94-8b17-632c1b176a64,TKT-1-202607-02498,299091,NULL,1,"2026-07-23 11:46:17",0,New,"2026-07-23 06:16:16.673944","2026-07-23 06:16:16.673944"
4003,f3e0b1db-39d2-4951-9dfe-3424db8ffb94,TKT-1-202607-02498,inish.d,2,5,"2026-08-06 14:15:51",0,"We dont have any flow like deputaton of labour, please check","2026-08-06 08:45:51.126422","2026-08-06 08:45:51.126422"
4003,e50713a3-10c5-42c5-b9e2-a256a22200f9,TKT-1-202607-02498,299091,3,2,"2026-07-29 15:24:10",0,"Deputation and transfer both are different,labour transfer is not possible if transfer the labour it might be issue otherwise provide the provision for edit attendance","2026-07-29 09:54:09.694320","2026-07-29 09:54:09.694320"
4003,df10148c-9f21-4c8e-8e5c-92653122e47d,TKT-1-202607-02498,299091,3,2,"2026-08-05 14:55:30",0,"sir,you mentioned the remarks as do the labour transfer but deputation and transfer both are different if we transfer the labour we have to face difficulties our side so we can't transfer the labour,please provide any solution for this issue","2026-08-05 09:25:30.125224","2026-08-05 09:25:30.125224"
4003,cecd8598-02f1-41b4-98a3-873a64b8dd17,TKT-1-202607-02498,saroj.m,2,3,"2026-07-23 15:15:28",0,"You are kindly requested to please share the relevant screenshots and supporting documents, so that we may review the matter and determine the further course of action. For any assistance, please contact our support team at: 1800-410-6688.","2026-07-23 09:45:28.130350","2026-07-23 09:45:28.130350"
4003,9d90027d-de12-489e-8c04-072a2075a434,TKT-1-202607-02498,299091,3,2,"2026-07-27 16:22:59",0,"we attached screenshot and please check the comment section also","2026-07-27 10:52:59.107026","2026-07-27 10:52:59.107026"
4003,7cd46fac-38c4-4dbe-8dcd-75ab4da2c503,TKT-1-202607-02498,vikram6singh,1,2,"2026-07-23 11:49:11",0,"Please check","2026-07-23 06:19:11.416693","2026-07-23 06:19:11.416693"
4003,775ed0c2-9c48-4a2a-9085-afcc21844348,TKT-1-202607-02498,sanjeet.k,2,3,"2026-08-04 12:06:57",0,"We tried to contact you multiple times regarding the issue but no response was received from your end. kindly confirm us whether the issue has been resolved or not. if not kindly contact us on 📞 1800-410-6688 for the further assistance.","2026-08-04 06:36:56.855345","2026-08-04 06:36:56.855345"
4003,44a7f62a-df44-4887-b55b-307af4adff29,TKT-1-202607-02498,IRL_admin,5,2,"2026-09-10 16:25:31",0,"Technical matter, maybe resolved by SI.","2026-09-10 10:55:30.863854","2026-09-10 10:55:30.863854"
4003,2715116b-e4a9-4ccd-abdc-c7b80c42e944,TKT-1-202607-02498,saroj.m,2,3,"2026-07-27 17:57:00",0,"Sir currently there is no provision of this so please do the transfer the Labour.  For any assistance, please contact our support team at: 1800-410-6688.","2026-07-27 12:27:00.419973","2026-07-27 12:27:00.419973"
1113,b59ed244-f988-4893-bbcd-2d0e4d6d5d8d,TKT-1-202607-02507,inish.d,2,3,"2026-07-28 14:23:14",0,"Currently system will not support QR reading for this , system will support QR read only if QR generated in AD.","2026-07-28 08:53:13.756148","2026-07-28 08:53:13.756148"
1113,e474ec16-504b-407e-b28a-0158499c9124,TKT-1-202607-02507,inish.d,2,3,"2026-07-27 16:46:07",0,"can you please attach full e-way bill with QR code","2026-07-27 11:16:07.394376","2026-07-27 11:16:07.394376"
1113,db529640-37c9-4f88-9ca3-c349ff6fca3d,TKT-1-202607-02507,294675,3,2,"2026-07-29 14:29:21",0,"Okay sir,kindly close the ticket","2026-07-29 08:59:20.573494","2026-07-29 08:59:20.573494"
1113,cdd3da37-000c-4a23-afdd-acf1591752e1,TKT-1-202607-02507,shrutipan966,2,7,"2026-07-29 15:58:04",0,"As per User's remarks (Okay sir,kindly close the ticket)","2026-07-29 10:28:03.603682","2026-07-29 10:28:03.603682"
1113,bc14c491-3339-4380-9dd1-3408b187def9,TKT-1-202607-02507,294675,3,2,"2026-07-28 12:42:44",0,"Please find the attached E-way bill copy","2026-07-28 07:12:44.477647","2026-07-28 07:12:44.477647"
1113,8701342a-eddd-4dad-916e-94724e162ef6,TKT-1-202607-02507,294675,NULL,1,"2026-07-23 12:14:09",0,New,"2026-07-23 06:44:09.483378","2026-07-23 06:44:09.483378"
1113,7198b10e-fd57-42a6-af48-d87b23990d69,TKT-1-202607-02507,vikram6singh,1,2,"2026-07-23 12:16:21",0,"Please check.","2026-07-23 06:46:21.201217","2026-07-23 06:46:21.201217"
1113,6f2467f0-ead7-477e-8ef8-1b458ab6b435,TKT-1-202607-02507,294675,7,8,"2026-09-04 13:02:06",0,"CLOSE THE TICKET","2026-09-04 07:32:05.587566","2026-09-04 07:32:05.587566"
1113,548b311a-0985-4513-b7d2-d3c43d33053e,TKT-1-202607-02507,umesh.k,2,3,"2026-07-23 16:57:47",0,"Kindly check our comments.","2026-07-23 11:27:46.608311","2026-07-23 11:27:46.608311"
1113,1654910c-39c6-4faf-b6f8-fb604bb58def,TKT-1-202607-02507,294675,3,2,"2026-07-24 16:08:48",0,"Unable to create token for CMR receipts through scanning of QR available on E-way bill in procurement module.Kindly resolve the issue","2026-07-24 10:38:47.683600","2026-07-24 10:38:47.683600"
5658,4ecc93f8-3758-48ee-b17d-c37bc4979297,TKT-1-202607-02515,vikram6singh,10,2,"2026-08-12 15:24:19",0,"Please check.","2026-08-12 09:54:18.631246","2026-08-12 09:54:18.631246"
5658,edaaf627-123d-4cee-99ce-e049764440b9,TKT-1-202607-02515,umesh.k,2,7,"2026-08-05 15:04:19",0,"kindly refer comment section for more information.","2026-08-05 09:34:19.427762","2026-08-05 09:34:19.427762"
5658,be073659-8112-4727-8a5a-dd63c829132c,TKT-1-202607-02515,292558,7,10,"2026-08-12 15:16:24",0,"The issue is not resolved and contact me on 9685162668","2026-08-12 09:46:24.172555","2026-08-12 09:46:24.172555"
5658,9cb510ea-48ed-4c2c-ab46-266e1e37f29b,TKT-1-202607-02515,292558,NULL,1,"2026-07-23 13:00:22",0,New,"2026-07-23 07:30:21.696907","2026-07-23 07:30:21.696907"
5658,84625f0b-6ba0-4099-a141-4d5539db66dc,TKT-1-202607-02515,vikram6singh,10,2,"2026-08-07 16:07:39",0,"Please check.","2026-08-07 10:37:39.137045","2026-08-07 10:37:39.137045"
5658,5ec66ddf-aa4c-4a67-8077-4d0583e6fd4a,TKT-1-202607-02515,vikram6singh,1,2,"2026-07-23 13:00:44",1,"Please check","2026-07-23 07:30:44.084578","2026-07-23 07:30:44.084578"
5658,47787fb2-d56f-4f7c-8540-98c465381657,TKT-1-202607-02515,inzemamul.h,2,7,"2026-08-12 15:35:42",0,"kindly refer to the comment box.","2026-08-12 10:05:42.396232","2026-08-12 10:05:42.396232"
5658,0b63752f-8860-421b-b452-38ea177610e5,TKT-1-202607-02515,292558,7,10,"2026-08-07 15:55:10",0,"Issue was not solved reports are showing as earlier.","2026-08-07 10:25:10.365832","2026-08-07 10:25:10.365832"
5658,05f89614-7deb-421e-82c8-7b9d968f51f8,TKT-1-202607-02515,umesh.k,2,7,"2026-08-07 17:06:53",0,"Dear sir, kindly go through the comment section and try to understand the matter.","2026-08-07 11:36:53.423552","2026-08-07 11:36:53.423552"
17801,5fd7dcde-158b-409b-94ae-9ace84294dc4,TKT-1-202607-02518,anshu.r,2,3,"2026-07-23 13:21:00",0,"kindly share the supportive documents for our further investigation. For further assistance, please contact our support team at : 📞 1800-410-6688.","2026-07-23 07:51:00.099536","2026-07-23 07:51:00.099536"
17801,a5f429bc-34bd-4064-b3d4-9c3f0f41002d,TKT-1-202607-02518,160042,NULL,1,"2026-07-23 13:13:52",0,New,"2026-07-23 07:43:52.289839","2026-07-23 07:43:52.289839"
17801,9e1384b5-63fa-4988-9ba6-71e7fb398333,TKT-1-202607-02518,vikram6singh,1,2,"2026-07-23 13:18:05",0,"Please check","2026-07-23 07:48:04.989529","2026-07-23 07:48:04.989529"
17801,31db0764-f12c-4bd3-90a8-6984a420f1d0,TKT-1-202607-02518,160042,3,2,"2026-07-24 13:25:24",0,"Uploaded supporting document","2026-07-24 07:55:23.976392","2026-07-24 07:55:23.976392"
17801,28c8c626-319b-48f8-ba81-46fbd77a7626,TKT-1-202607-02518,umesh.k,2,7,"2026-09-04 11:56:32",0,"issue has been resolved.","2026-09-04 06:26:32.498632","2026-09-04 06:26:32.498632"
11848,0c2a9c7f-9b23-4d12-b2d9-047dbd524897,TKT-1-202607-02523,umesh.k,2,3,"2026-08-31 10:31:26",0,"Dear Sir/Madam, Could you please specify which report shows the discrepancy and indicate the depot where the issue is occurring.","2026-08-31 05:01:25.641731","2026-08-31 05:01:25.641731"
11848,2435e0a3-764d-4038-bf4b-47143724c741,TKT-1-202607-02523,umesh.k,2,3,"2026-09-10 15:02:25",0,"Dear sir, In the killed stack history repot, we can clearly see that , receipt transaction are done by other transaction, so it wont comes under mandi procurement transaction type. kindly check from your end once again.","2026-09-10 09:32:24.581234","2026-09-10 09:32:24.581234"
11848,35d21235-c8be-4d09-a07a-91eadea997c3,TKT-1-202607-02523,101802,3,2,"2026-08-06 16:35:37",0,"the concerned person contact number is 8585922336","2026-08-06 11:05:37.267838","2026-08-06 11:05:37.267838"
11848,3d8a6a54-2a75-407b-8bff-93a2e21e3c0e,TKT-1-202607-02523,inish.d,2,3,"2026-07-23 16:50:49",0,"This might have occurred due to Other transaction. May I know what is the expected quantity and what is the difference!!","2026-07-23 11:20:49.285431","2026-07-23 11:20:49.285431"
11848,5f28f36e-7c3f-489b-9d05-9807e1d13364,TKT-1-202607-02523,inish.d,2,3,"2026-07-29 17:18:47",0,"This might have occurred due to Other transactions.Because whenever Commodity received via other transaction, that will not falls under CMR procurement details.","2026-07-29 11:48:46.553059","2026-07-29 11:48:46.553059"
11848,6574d99b-fe02-42e9-bc96-15553c85cc29,TKT-1-202607-02523,101802,NULL,1,"2026-07-23 13:52:18",0,New,"2026-07-23 08:22:17.854311","2026-07-23 08:22:17.854311"
11848,889ea844-7a4e-4c9a-a5c9-6bfb28e40be2,TKT-1-202607-02523,101802,3,2,"2026-07-29 16:47:31",0,"Expected quantity is 92.340 MT and visible qty is 61.10 MT. hence, the difference is 31.24 MT.","2026-07-29 11:17:30.609824","2026-07-29 11:17:30.609824"
11848,8f0e2bc9-4ea8-4187-a411-7dc64bcd53ae,TKT-1-202607-02523,101802,3,2,"2026-09-08 16:30:41",0,"MANDI STATUS FROM : 15-04-2026 TO 15-06-2026(attached) showing figure in quintals  and with the symbol minus(-)","2026-09-08 11:00:41.016515","2026-09-08 11:00:41.016515"
11848,ab60a8f7-b307-42aa-abd0-d8bd10013f36,TKT-1-202607-02523,101802,3,2,"2026-07-31 14:39:34",0,"It is wheat that was procured not CMR. Kindly rectify it.","2026-07-31 09:09:34.148959","2026-07-31 09:09:34.148959"
11848,d5ba092e-1cc7-41e9-a8b1-08a46866cb05,TKT-1-202607-02523,vikram6singh,1,2,"2026-07-23 13:55:36",1,"Please check","2026-07-23 08:25:36.252571","2026-07-23 08:25:36.252571"
11848,fd5723fa-c81f-40c9-9e98-1cba5a18b0d1,TKT-1-202607-02523,anuj.s,2,3,"2026-08-03 17:07:49",0,"Please refer the latest comment .","2026-08-03 11:37:49.069095","2026-08-03 11:37:49.069095"
4551,0ed4cd1a-8214-40bd-94ff-ffa02fee5f08,TKT-1-202607-02531,umesh.k,2,7,"2026-08-05 15:07:41",0,"kindly refer comment section for more information.","2026-08-05 09:37:40.672702","2026-08-05 09:37:40.672702"
4551,ddff50a3-61b5-457e-aaac-caacd3dcd2ca,TKT-1-202607-02531,umesh.k,2,3,"2026-07-24 14:27:09",0,"kindly share login details.","2026-07-24 08:57:08.710029","2026-07-24 08:57:08.710029"
4551,cd57aa11-1607-41cf-86ef-d901a589cb57,TKT-1-202607-02531,298303,3,2,"2026-07-27 12:07:49",0,"login id 298303, password : Depot@123456","2026-07-27 06:37:49.442305","2026-07-27 06:37:49.442305"
4551,12ae3dbd-5c98-4484-a19f-fdf8a1238f46,TKT-1-202607-02531,298303,NULL,1,"2026-07-23 14:38:52",0,New,"2026-07-23 09:08:52.049622","2026-07-23 09:08:52.049622"
4551,696eefe0-f9ca-490f-9e33-30f4965dd6e0,TKT-1-202607-02531,vikram6singh,1,2,"2026-07-23 14:41:28",0,"Please check","2026-07-23 09:11:27.846380","2026-07-23 09:11:27.846380"
625,8059e4ea-96bc-436b-a451-1e5d28b7474c,TKT-1-202607-02533,nf12038_01,7,10,"2026-07-24 11:54:10",0,"new empty stack no. is 17E840 also not showing . please check","2026-07-24 06:24:10.017737","2026-07-24 06:24:10.017737"
625,fdf1a4ee-1e48-4db6-81d1-174c7f10e127,TKT-1-202607-02533,richa.k,2,7,"2026-08-19 14:12:50",0,"please refer the comment section, for any further assistance, please contact our support team at 📞 1800-410-6688.","2026-08-19 08:42:49.821672","2026-08-19 08:42:49.821672"
625,fab44ef1-bb1a-41c9-9c11-69b7ee1f4980,TKT-1-202607-02533,nf12038_01,NULL,1,"2026-07-23 15:01:24",0,New,"2026-07-23 09:31:23.800478","2026-07-23 09:31:23.800478"
625,effa5114-fab4-4910-a1a5-47d3314cb558,TKT-1-202607-02533,richa.k,3,2,"2026-07-24 13:14:43",0,"Please check as discussed with user issue still not resolved.","2026-07-24 07:44:43.253803","2026-07-24 07:44:43.253803"
625,bb3e23c8-bb3a-4cf9-be7a-b020c65290a4,TKT-1-202607-02533,vikram6singh,10,2,"2026-07-24 12:59:38",0,"Please check","2026-07-24 07:29:38.178044","2026-07-24 07:29:38.178044"
625,a8ea0cf1-9269-499b-825e-3b30275ad1a6,TKT-1-202607-02533,nf12038_01,7,10,"2026-08-19 13:48:47",0,"BRL Stack status to be changed to receipt mode to match the data","2026-08-19 08:18:46.802310","2026-08-19 08:18:46.802310"
625,79ab74d5-503d-4bee-8efc-2dc53327a5bf,TKT-1-202607-02533,sanjeet.k,2,7,"2026-07-25 16:13:57",0,"kindly check the comment section","2026-07-25 10:43:57.351998","2026-07-25 10:43:57.351998"
625,739d98b8-7268-408d-b502-794a19d38748,TKT-1-202607-02533,vikram6singh,10,2,"2026-08-19 15:42:57",0,"Please check","2026-08-19 10:12:56.585457","2026-08-19 10:12:56.585457"
625,73386af3-1141-4cfc-8d1e-51c35ef6f52f,TKT-1-202607-02533,vikram6singh,10,2,"2026-08-19 13:55:33",0,"Please check.","2026-08-19 08:25:33.234063","2026-08-19 08:25:33.234063"
625,6f8f8e15-345f-43c6-9524-cd81ced15faf,TKT-1-202607-02533,satish.d,2,3,"2026-08-20 10:45:30",0,"Please perform BRL lifting step and submit BRL stock for approval from Divisional Manager. Please follow the complete process and check.","2026-08-20 05:15:30.211770","2026-08-20 05:15:30.211770"
625,6212c0ab-e541-4d30-a8ca-33893e9e61ec,TKT-1-202607-02533,satish.d,2,7,"2026-07-23 16:57:58",0,"Only empty stack will come for stack allocation for BRL.","2026-07-23 11:27:58.228111","2026-07-23 11:27:58.228111"
625,55deacf8-4b5d-41dc-a480-37a404146f21,TKT-1-202607-02533,shivaniyadav091298,2,7,"2026-09-02 11:56:17",0,"Please check the comment section.","2026-09-02 06:26:17.245929","2026-09-02 06:26:17.245929"
625,4796defe-2004-431c-9fa0-fc7802e8e034,TKT-1-202607-02533,vikram6singh,1,2,"2026-07-23 15:02:52",1,"Please check","2026-07-23 09:32:51.807504","2026-07-23 09:32:51.807504"
625,461a6155-91ca-4643-9d05-c051866fe7f3,TKT-1-202607-02533,shivaniyadav091298,3,2,"2026-09-02 11:55:16",0,"Please check","2026-09-02 06:25:16.146048","2026-09-02 06:25:16.146048"
625,38260568-1476-4d6b-9c09-0bd141ccfe44,TKT-1-202607-02533,nf12038_01,7,10,"2026-08-19 15:22:07",0,"now 07 consignments are showing in stack we were unable to issue BRL-LotNum: 4098 through anna darpan portal. Now issue the rejected lot from stack and stack status needs to be change from brl to normal so the data can be matched","2026-08-19 09:52:06.952036","2026-08-19 09:52:06.952036"
625,0649972d-924c-4b73-b84f-713cbad10caf,TKT-1-202607-02533,richa.k,2,3,"2026-07-24 13:06:10",0,"Please check your contact details for discussion,For any further assistance, please contact our support team at:📞1800-410-6688.","2026-07-24 07:36:10.107844","2026-07-24 07:36:10.107844"
1374,da6ad5ae-9c7d-4164-a84c-fdec6132d1d0,TKT-1-202607-02536,saroj.m,2,3,"2026-07-27 16:51:59",0,"Dear Sir/Ma'am , I have tried to contact on this number 8696367313 but response awaited . For any assistance, please contact our support team at: 1800-410-6688.","2026-07-27 11:21:58.869523","2026-07-27 11:21:58.869523"
1374,e25805ec-fc05-48a0-81a3-ce49f5a03dde,TKT-1-202607-02536,saroj.m,2,3,"2026-07-23 16:10:43",0,"You are kindly requested to please share the relevant screenshots and supporting documents, so that we may review the matter and determine the further course of action. For any assistance, please contact our support team at: 1800-410-6688.","2026-07-23 10:40:42.532182","2026-07-23 10:40:42.532182"
1374,deb7bb94-0f6c-4af1-bbc1-398809fa4633,TKT-1-202607-02536,inzemamul.h,2,3,"2026-08-04 14:31:10",0,"kindly refer to the comment box.","2026-08-04 09:01:09.624064","2026-08-04 09:01:09.624064"
1374,c59db265-cebf-482b-bf2d-d5f608c88e84,TKT-1-202607-02536,saroj.m,2,3,"2026-07-30 10:24:44",0,"As per discussion over call please raise the fresh ticket as this is diffrent and concern is regarding advanced lifting. For any assistance, please contact our support team at: 1800-410-6688.","2026-07-30 04:54:44.440478","2026-07-30 04:54:44.440478"
1374,c4eecac6-6a4d-4c5b-9c3c-be58e5967863,TKT-1-202607-02536,276542,3,2,"2026-08-04 12:07:03",0,"plz see comment section","2026-08-04 06:37:03.252374","2026-08-04 06:37:03.252374"
1374,bb244865-d613-435f-aa95-815488a31599,TKT-1-202607-02536,saroj.m,2,3,"2026-07-28 15:51:44",0,"Dear Sir/ Ma'am , I have called you two times but number is getting busy once you get busy please fell free to reach out on this toll free number 1800-410-6688.","2026-07-28 10:21:44.452993","2026-07-28 10:21:44.452993"
1374,9bacbc14-d959-4d51-a2a8-ae8782336c92,TKT-1-202607-02536,vikram6singh,2,5,"2026-08-05 15:27:23",0,"Kindly do confirm on inclusion of the "Lifting Month" column in the RO List.","2026-08-05 09:57:23.132468","2026-08-05 09:57:23.132468"
1374,791c8ddb-3939-4ea6-af31-f8a4a93f14c6,TKT-1-202607-02536,inzemamul.h,2,3,"2026-08-03 17:17:49",0,"kindly refer to the comment box.","2026-08-03 11:47:48.897706","2026-08-03 11:47:48.897706"
1374,739b3900-1612-4ec6-89d5-ba1c010bdb3d,TKT-1-202607-02536,vikram6singh,1,2,"2026-07-23 15:07:02",1,"Please check","2026-07-23 09:37:02.400551","2026-07-23 09:37:02.400551"
1374,503189ae-e9a4-4d54-bae2-5d3de36705ed,TKT-1-202607-02536,276542,NULL,1,"2026-07-23 15:06:42",0,New,"2026-07-23 09:36:41.594390","2026-07-23 09:36:41.594390"
1374,4c65c74c-5a93-4f64-80aa-7c1a84a5a0f9,TKT-1-202607-02536,276542,3,2,"2026-07-29 14:33:07",0,"8696367313 plz contact this no","2026-07-29 09:03:06.802697","2026-07-29 09:03:06.802697"
1374,31e11c78-f95e-4e87-9c77-56cafb3b13f1,TKT-1-202607-02536,276542,3,2,"2026-07-24 16:01:36",0,"attached screenshot plz look this issue","2026-07-24 10:31:36.200723","2026-07-24 10:31:36.200723"
1374,167011a3-8620-46f0-8a07-fb670dbf1a88,TKT-1-202607-02536,276542,3,2,"2026-08-03 14:47:54",0,"plz see comment section","2026-08-03 09:17:54.079625","2026-08-03 09:17:54.079625"
1374,04f15f01-0707-456c-9202-0bf30eea413f,TKT-1-202607-02536,276542,3,2,"2026-07-28 14:59:54",0,"I was unable to respond to your call due to a prior engagement/busy schedule.  Kindly request you to please recall on the same number (8696367313) so that we can discuss and resolve this issue.","2026-07-28 09:29:54.437768","2026-07-28 09:29:54.437768"
1374,87e4e95e-c0ec-489e-b7da-d32b26c11da9,TKT-1-202607-02536,276542,3,2,"2026-08-05 15:06:16",0,"plz see comment section","2026-08-05 09:36:16.176862","2026-08-05 09:36:16.176862"
178,251ccde9-523c-42ba-aa59-c56c04ddc951,TKT-1-202607-02541,vikram6singh,1,2,"2026-07-23 15:51:11",0,"Please check","2026-07-23 10:21:11.064413","2026-07-23 10:21:11.064413"
178,841942df-6e51-4be7-8051-c4b36f56ad52,TKT-1-202607-02541,inish.d,2,12,"2026-07-24 17:28:48",0,"Sir/Madam, the user is requesting to consume palla bags for the stack using a bag type different from the stack's bag type. Kindly verify the requirement and provide the necessary details.","2026-07-24 11:58:48.245335","2026-07-24 11:58:48.245335"
178,9f188c1b-9f88-49f1-aafb-e3a957b02c34,TKT-1-202607-02541,238031,NULL,1,"2026-07-23 15:34:33",0,New,"2026-07-23 10:04:33.430579","2026-07-23 10:04:33.430579"
16646,140495f4-4272-41a3-b9a9-dfb4d8a72eb1,TKT-1-202607-02555,sanjeet.k,2,3,"2026-07-27 14:51:05",0,"kindly share the supporting documents/screenshots related to your query for the further assistance.","2026-07-27 09:21:05.446456","2026-07-27 09:21:05.446456"
16646,d469a0e5-1443-4e34-a124-871389963266,TKT-1-202607-02555,233491,3,2,"2026-07-27 15:30:55",0,"supporting documents attached","2026-07-27 10:00:55.470645","2026-07-27 10:00:55.470645"
16646,cf5ec8c9-ff41-464b-b01e-00c45bc46fba,TKT-1-202607-02555,umesh.k,2,7,"2026-09-04 11:56:10",0,"Issue has been resolved.","2026-09-04 06:26:10.290707","2026-09-04 06:26:10.290707"
16646,aef42515-8016-4110-8351-8e272d67da29,TKT-1-202607-02555,sanjeet.k,2,3,"2026-07-23 17:58:17",0,"kindly share the supporting documents/screenshots related to your query for the further assistance.","2026-07-23 12:28:16.699390","2026-07-23 12:28:16.699390"
16646,ab4ef28c-9d4e-4091-a489-0a6338ec4132,TKT-1-202607-02555,233491,3,2,"2026-07-27 14:47:31",0,"supporting documents attached","2026-07-27 09:17:30.541659","2026-07-27 09:17:30.541659"
16646,9a0ae6f5-3895-42b1-b37d-5d13941b7484,TKT-1-202607-02555,vikram6singh,1,2,"2026-07-23 17:17:39",1,"Please check","2026-07-23 11:47:39.236613","2026-07-23 11:47:39.236613"
16646,16c915ba-3e15-4d3a-ac98-ad99ba18c189,TKT-1-202607-02555,233491,NULL,1,"2026-07-23 17:04:00",0,New,"2026-07-23 11:33:59.606987","2026-07-23 11:33:59.606987"
807,02e3d432-7212-4616-917e-b80d4f6f2815,TKT-1-202607-02563,sf18012_01,3,2,"2026-08-04 11:54:50",0,"This ticket is Resolved so closing the ticket","2026-08-04 06:24:49.891382","2026-08-04 06:24:49.891382"
807,ee773f56-f6b6-421e-b4bd-a03a49d57a1b,TKT-1-202607-02563,sf18012_01,3,2,"2026-07-29 12:38:34",0,"Error problem","2026-07-29 07:08:34.097136","2026-07-29 07:08:34.097136"
807,bf07b549-3051-45c0-8acb-42e91175e0e0,TKT-1-202607-02563,umesh.k,2,3,"2026-07-31 15:20:46",0,"Dear sir/madam, kindly check the comments added. Thank you","2026-07-31 09:50:46.445198","2026-07-31 09:50:46.445198"
807,9053b11e-db4b-4bff-ba5c-332d9c44c320,TKT-1-202607-02563,vikram6singh,1,2,"2026-07-24 09:08:29",0,"Please check.","2026-07-24 03:38:28.586896","2026-07-24 03:38:28.586896"
807,67e59f2f-23b8-42da-a9ea-6035cfa9a78e,TKT-1-202607-02563,umesh.k,2,7,"2026-08-04 11:59:29",0,"closing the ticket as the issue is resolved","2026-08-04 06:29:28.522531","2026-08-04 06:29:28.522531"
807,5baab170-f1da-40ae-b207-91726896a4f1,TKT-1-202607-02563,sf18012_01,NULL,1,"2026-07-23 18:14:14",0,New,"2026-07-23 12:44:13.542940","2026-07-23 12:44:13.542940"
807,569e7481-ebdb-4e6b-99a6-ea3d6bb25faf,TKT-1-202607-02563,umesh.k,2,3,"2026-07-24 09:36:38",0,"Dear sir/madam,in manual loading statement for netweight in MT's you have considered till 6 decimals but in Anna Darpan loading statement upto 5 decimals only considered so due to that reason only there might be a difference. Please check, Thank you","2026-07-24 04:06:37.991909","2026-07-24 04:06:37.991909"
4,0832c9ec-4936-48bf-b129-8ac182d300e0,TKT-1-202607-02574,umesh.k,2,3,"2026-07-24 14:53:00",0,"Dear sir/madam, please check now the issue has been resolved. Thank you","2026-07-24 09:22:59.784168","2026-07-24 09:22:59.784168"
4,1fd2b2f2-f1e9-4e43-80f1-c0c52c250daf,TKT-1-202607-02574,umesh.k,2,7,"2026-07-28 16:27:02",0,"closing this ticket","2026-07-28 10:57:02.333408","2026-07-28 10:57:02.333408"
4,2c25b1a2-a662-41ee-8e76-eceb7b7b55fd,TKT-1-202607-02574,ee16007_09,3,2,"2026-07-28 13:40:19",0,Resolve,"2026-07-28 08:10:18.532943","2026-07-28 08:10:18.532943"
4,3f51db04-4f1e-4e5c-8b44-669a47faf4ed,TKT-1-202607-02574,ee16007_09,3,2,"2026-07-24 10:29:02",0,"Attachment is not forwarded during raising a ticket.","2026-07-24 04:59:01.853495","2026-07-24 04:59:01.853495"
4,8102775d-a093-4fcb-a767-b9a87f4eb71f,TKT-1-202607-02574,pooja.11,2,3,"2026-07-24 09:51:46",0,"You are kindly requested to please share the relevant screenshots and supporting documents, so that we may review the matter and determine the further course of action. For any assistance, please contact our support team at: 1800-410-6688.","2026-07-24 04:21:46.182602","2026-07-24 04:21:46.182602"
4,a7247c8d-a4b9-4e48-b568-a1ba2a3a3f23,TKT-1-202607-02574,ee16007_09,NULL,1,"2026-07-24 07:52:39",0,New,"2026-07-24 02:22:39.190768","2026-07-24 02:22:39.190768"
4,e2298e38-e4db-47e8-8269-b35e4755d066,TKT-1-202607-02574,vikram6singh,1,2,"2026-07-24 09:06:53",0,"Please check.","2026-07-24 03:36:52.819635","2026-07-24 03:36:52.819635"
95,28b06430-e57e-4760-b06e-13db41df185a,TKT-1-202607-02608,sanjeet.k,2,5,"2026-07-24 11:32:36",0,"user wants to add some listed assets in the anna darpan. kindly check, verify and do the needful","2026-07-24 06:02:36.442286","2026-07-24 06:02:36.442286"
95,b7f0c995-fbb2-4b14-a69d-a897b7203d30,TKT-1-202607-02608,vikram6singh,10,2,"2026-08-18 12:12:03",0,"Please check.","2026-08-18 06:42:02.890333","2026-08-18 06:42:02.890333"
95,a66b2eb1-2c98-4752-bd22-451994f3b796,TKT-1-202607-02608,142410,NULL,1,"2026-07-24 11:03:04",0,New,"2026-07-24 05:33:03.912361","2026-07-24 05:33:03.912361"
95,a3e836a4-707c-43c5-9722-8e780ecbe6c8,TKT-1-202607-02608,142410,7,10,"2026-08-18 12:05:48",0,"These items is nota available please check","2026-08-18 06:35:48.265523","2026-08-18 06:35:48.265523"
95,4c21714e-ce90-49f5-a7f5-a683ed2dece2,TKT-1-202607-02608,vikram6singh,1,2,"2026-07-24 11:05:11",0,"Please check","2026-07-24 05:35:11.457661","2026-07-24 05:35:11.457661"
95,266da067-7742-47e6-9e8b-6222fdf2c7fa,TKT-1-202607-02608,amitabh.k,5,7,"2026-08-05 12:32:30",0,"Asset list has been updated kindly check under all categories","2026-08-05 07:02:30.171819","2026-08-05 07:02:30.171819"
95,53a09652-3fa7-4737-8df5-5a798cdd44ba,TKT-1-202607-02608,sanjeet.k,2,5,"2026-08-19 12:13:54",0,"as per the confirmation from the user, the required assets have not been added. kindly check and do confirm for the further course of action","2026-08-19 06:43:54.272775","2026-08-19 06:43:54.272775"
4614,0a951634-365f-4b18-a6d8-41e490babce3,TKT-1-202607-02615,276497,7,10,"2026-08-19 17:22:24",0,"तलोजा सायलों डिपो के अन्नदर्पण पोर्टल मे वितरण आदेश की मात्रा edit नहीं हो रही है, "No distribution was found for the selected commodity" ऐसा दिख रहा है। अतः कृपया उपरोक्त संबंध मे मार्गदर्शन करे।","2026-08-19 11:52:24.108921","2026-08-19 11:52:24.108921"
4614,136e2c30-c7ea-4f45-8b75-0555a076894c,TKT-1-202607-02615,richa.k,2,7,"2026-07-24 11:43:16",0,"Please refer the comment section, For further assistance, please contact our support team at: 1800-410-6688.","2026-07-24 06:13:15.797835","2026-07-24 06:13:15.797835"
4614,1f7cd2a3-785d-45b3-b092-431b58bd785d,TKT-1-202607-02615,276497,NULL,1,"2026-07-24 11:26:57",0,New,"2026-07-24 05:56:57.443886","2026-07-24 05:56:57.443886"
4614,2812f32d-24ea-4b53-8fbf-3d08603be42b,TKT-1-202607-02615,vikram6singh,1,2,"2026-07-24 11:29:39",0,"Please check","2026-07-24 05:59:39.110093","2026-07-24 05:59:39.110093"
4614,35bdb0c7-f1c7-4fc5-b689-282871751ecd,TKT-1-202607-02615,shrutipan966,3,2,"2026-09-07 15:39:25",0,"Please check","2026-09-07 10:09:25.157276","2026-09-07 10:09:25.157276"
4614,45ee6746-6fc3-4593-8e6f-f43c3245cad4,TKT-1-202607-02615,shrutipan966,2,7,"2026-09-07 15:42:46",0,"Please refer to the comment section.","2026-09-07 10:12:46.260658","2026-09-07 10:12:46.260658"
4614,980a3be9-4d7c-4379-bc19-5880222e691b,TKT-1-202607-02615,umesh.k,2,3,"2026-09-01 12:12:40",0,"Kindly check our comments.","2026-09-01 06:42:40.120527","2026-09-01 06:42:40.120527"
4614,cefb7516-3ecd-400f-88a7-1e67a0c7a508,TKT-1-202607-02615,vikram6singh,10,2,"2026-08-19 17:41:12",0,"Please check.","2026-08-19 12:11:11.957365","2026-08-19 12:11:11.957365"
186,2f56bf22-2526-4fb7-83f0-219bf65028f9,TKT-1-202607-02621,276526,NULL,1,"2026-07-24 11:42:15",0,New,"2026-07-24 06:12:15.188929","2026-07-24 06:12:15.188929"
186,f671446f-cbb3-4710-b4df-a437f5786d5b,TKT-1-202607-02621,inzemamul.h,2,3,"2026-07-24 17:36:05",0,"Please describe properly what you want to convey.For any further assistance, please contact our support team at : 1800-410-6688.","2026-07-24 12:06:05.150989","2026-07-24 12:06:05.150989"
186,cd9e6a5f-a25b-4454-8f2d-d099e6c14992,TKT-1-202607-02621,satish.d,2,7,"2026-07-27 19:40:22",0,"Kindly check the comment section","2026-07-27 14:10:21.980071","2026-07-27 14:10:21.980071"
186,52f462ad-203d-400c-8b5c-1cce548c226e,TKT-1-202607-02621,vikram6singh,1,2,"2026-07-24 11:54:38",0,"Please check","2026-07-24 06:24:37.547293","2026-07-24 06:24:37.547293"
186,244d8085-a92b-4028-8c02-20549b1524af,TKT-1-202607-02621,276526,3,2,"2026-07-27 12:40:00",0,"Please check the comment","2026-07-27 07:10:00.419481","2026-07-27 07:10:00.419481"
525,2edd2621-926a-460e-9dd9-4dbf9071eb5c,TKT-1-202607-02624,satish.d,2,7,"2026-07-27 19:50:32",0,"Kindly check the comment section","2026-07-27 14:20:31.964370","2026-07-27 14:20:31.964370"
525,2fd89713-9134-4e4d-b187-b595e461664a,TKT-1-202607-02624,vikram6singh,10,2,"2026-08-05 16:27:00",0,"Please check.","2026-08-05 10:56:59.703390","2026-08-05 10:56:59.703390"
525,76e06949-cbb9-488a-9afe-74b7ed922de4,TKT-1-202607-02624,satish.d,2,7,"2026-08-05 18:58:26",0,"Kindly check the comment section. Kindly reopen this ticket if you need any further assistance. Thanks","2026-08-05 13:28:26.395958","2026-08-05 13:28:26.395958"
525,94a9f21d-c463-4c20-8765-167aabe5481f,TKT-1-202607-02624,vikram6singh,1,2,"2026-07-24 11:54:57",1,"Please check","2026-07-24 06:24:57.126789","2026-07-24 06:24:57.126789"
525,cd8cc6e9-31b0-4239-8848-c0ef3fa311dc,TKT-1-202607-02624,276761,NULL,1,"2026-07-24 11:52:34",0,New,"2026-07-24 06:22:33.511309","2026-07-24 06:22:33.511309"
525,e2dec94e-a72b-48cb-900e-123655dfaa42,TKT-1-202607-02624,276761,7,10,"2026-08-05 16:22:38",0,"Kindly guide the process to mark the above-mentioned missing items as received at the receiver end. Please let us know the required steps so that we can complete the receipt process accordingly.","2026-08-05 10:52:38.487382","2026-08-05 10:52:38.487382"
185,f38823f0-1bdb-4597-8c0e-38b77ecfc52f,TKT-1-202607-02631,292208,3,2,"2026-07-28 11:15:58",0,ok,"2026-07-28 05:45:57.719252","2026-07-28 05:45:57.719252"
185,ef4120c0-fb8e-4618-83f7-55351588bdb8,TKT-1-202607-02631,vikram6singh,1,2,"2026-07-24 12:27:08",1,"Please check","2026-07-24 06:57:08.372159","2026-07-24 06:57:08.372159"
185,b20438c7-fad7-4d9a-96f4-dfde5563d4d8,TKT-1-202607-02631,292208,3,2,"2026-07-27 16:25:53",0,"Sir, The last rake Loaded from FSD Mancherial to ETK is showing 63 wagons because of different FAQ, however commodity and crop year was same. The Copy of AD generated Loading statement are enclosed  for kind perusal","2026-07-27 10:55:53.072186","2026-07-27 10:55:53.072186"
185,615d069a-12a7-4566-b189-f0dada034c8c,TKT-1-202607-02631,umesh.k,2,3,"2026-07-27 12:14:52",0,"Dear sir, kindly share the supporting documents for the 2nd issue, where it is showing different FAQ, so that we can check the issue.","2026-07-27 06:44:51.967432","2026-07-27 06:44:51.967432"
185,52833df7-0860-4594-88c8-66087f11c10b,TKT-1-202607-02631,umesh.k,2,12,"2026-07-28 11:52:10",0,"Sir/Madam, the user is requesting to Provision of Made-up bags, No of Loaded bags and Total number of Bags separately in loading statement report. Kindly verify the requirement and provide the necessary details.","2026-07-28 06:22:09.855764","2026-07-28 06:22:09.855764"
185,1fe5e47d-d203-4651-a025-8a06c98f4db0,TKT-1-202607-02631,umesh.k,2,3,"2026-07-27 18:21:29",0,"Yes isr, that is expected behaviour, if the variety is different then it will split to 2 different columns to show the data as per multi commodity flow.","2026-07-27 12:51:28.787006","2026-07-27 12:51:28.787006"
185,6a93a39d-b37e-484d-8033-22392cf80a92,TKT-1-202607-02631,292208,NULL,1,"2026-07-24 12:23:11",0,New,"2026-07-24 06:53:11.259824","2026-07-24 06:53:11.259824"
27,b326458d-be54-4211-b5bd-4df16491af99,TKT-1-202607-02634,shrutipan966,2,7,"2026-07-29 14:47:52",0,"Please refer the comment section.","2026-07-29 09:17:52.460992","2026-07-29 09:17:52.460992"
27,9fb54be9-ed08-4a97-91ca-3ea2f8514577,TKT-1-202607-02634,vikram6singh,1,2,"2026-07-24 12:43:10",1,"Please check","2026-07-24 07:13:09.947738","2026-07-24 07:13:09.947738"
27,8ad94d26-df83-41af-bed9-945eebd03cd2,TKT-1-202607-02634,179548,3,2,"2026-07-24 13:36:56",1,"SCREEN SHOT ATTACHED","2026-07-24 08:06:56.046591","2026-07-24 08:06:56.046591"
27,65d978f8-4ec5-4ea3-8d23-528efd1f2924,TKT-1-202607-02634,shrutipan966,3,2,"2026-07-29 14:47:20",0,"Please check","2026-07-29 09:17:19.704412","2026-07-29 09:17:19.704412"
27,59dbcda0-0780-42bc-9c30-346a93b35ed3,TKT-1-202607-02634,anshu.r,2,3,"2026-07-24 13:12:26",0,"kindly share the supportive documents for our further investigation. For further assistance, please contact our support team at : 📞 1800-410-6688.","2026-07-24 07:42:26.386440","2026-07-24 07:42:26.386440"
27,2c90fd50-3944-48bf-a1a6-feb488d622c5,TKT-1-202607-02634,179548,NULL,1,"2026-07-24 12:38:11",0,New,"2026-07-24 07:08:11.173946","2026-07-24 07:08:11.173946"
27,25fc488e-5a66-455b-b91d-aa8b5f0ae14f,TKT-1-202607-02634,umesh.k,2,3,"2026-07-27 12:26:38",0,"Dear sir/madam, there is no stack available in shed -8 with the stack name - 8B11. kindly check, Thank you","2026-07-27 06:56:37.784574","2026-07-27 06:56:37.784574"
981,9bb32aa1-6d07-45ce-9854-34ed5032419d,TKT-1-202607-02636,105177,NULL,1,"2026-07-24 12:41:29",0,New,"2026-07-24 07:11:29.196509","2026-07-24 07:11:29.196509"
981,afed72e9-2a5d-4be0-b64d-dc2b3a22f7fd,TKT-1-202607-02636,vikram6singh,1,2,"2026-07-24 12:43:31",0,"Please check","2026-07-24 07:13:31.448555","2026-07-24 07:13:31.448555"
981,c247b08a-cd5e-4b37-a0d2-bb742e23909b,TKT-1-202607-02636,umesh.k,2,7,"2026-07-28 09:57:51",0,"Issue has been resolved.","2026-07-28 04:27:50.644693","2026-07-28 04:27:50.644693"
11537,2f71fd48-1b0c-4ac9-a1b6-cd7343c80977,TKT-1-202607-02639,vikram6singh,10,2,"2026-08-03 16:27:29",0,"Please check.","2026-08-03 10:57:29.068179","2026-08-03 10:57:29.068179"
11537,f210ae2c-23b8-4cdc-93d2-c97bd39ade6a,TKT-1-202607-02639,vikram6singh,10,2,"2026-08-20 14:24:47",0,"Please check","2026-08-20 08:54:47.064759","2026-08-20 08:54:47.064759"
11537,e7017546-90c5-4fb7-a026-c69f21661664,TKT-1-202607-02639,kshitiz.s,3,2,"2026-08-11 12:41:29",0,"Please check.","2026-08-11 07:11:28.776144","2026-08-11 07:11:28.776144"
11537,cf72f59d-344b-464a-aaf9-5040ce7d0f74,TKT-1-202607-02639,wc20002_01,7,10,"2026-08-20 12:49:39",0,"Please contact IT Section DO Panvel. Mobile number-9892004129","2026-08-20 07:19:39.374301","2026-08-20 07:19:39.374301"
11537,c107145d-ded6-438b-bc50-6b2f91172bb6,TKT-1-202607-02639,umesh.k,2,3,"2026-07-27 12:36:58",0,"Dear sir/madam, please check the comments added. Thank you","2026-07-27 07:06:58.054042","2026-07-27 07:06:58.054042"
11537,9b6745a0-5cf5-4c39-bd0f-36bf1e4d6eac,TKT-1-202607-02639,wc20002_01,NULL,1,"2026-07-24 12:44:53",0,New,"2026-07-24 07:14:52.638196","2026-07-24 07:14:52.638196"
11537,5a1c26b1-4fa0-4222-90e6-6167f9f52f94,TKT-1-202607-02639,kshitiz.s,2,7,"2026-08-11 12:42:04",0,"Please refer to the comment section.","2026-08-11 07:12:03.582427","2026-08-11 07:12:03.582427"
11537,5262dcb5-6fcc-4e9c-8880-7f895060bbba,TKT-1-202607-02639,shivaniyadav091298,2,7,"2026-07-31 10:05:09",0,"Please check the comment section.","2026-07-31 04:35:09.230143","2026-07-31 04:35:09.230143"
11537,50177cd5-f2ab-4829-a23d-3f1fb60abe70,TKT-1-202607-02639,shivaniyadav091298,3,2,"2026-07-31 10:04:53",0,"Please check","2026-07-31 04:34:53.327751","2026-07-31 04:34:53.327751"
11537,4e033089-c1b8-4969-8fcc-93b55a17b39e,TKT-1-202607-02639,wc20002_01,7,10,"2026-08-03 16:02:32",0,"While receipt the foodgrains are in loose form. But in Add inward movement module Loose grain option is not available. Please add Loose grain option so that movement can be created.","2026-08-03 10:32:31.825756","2026-08-03 10:32:31.825756"
11537,216bfdfa-e2c6-4387-927d-ff89c3fa82ee,TKT-1-202607-02639,arti.1.t,2,3,"2026-08-05 15:14:17",0,"Kindly provide your contact details so that we can discuss your issue in detail. The proposed solution has already been provided in the comment box for your reference.","2026-08-05 09:44:17.126063","2026-08-05 09:44:17.126063"
11537,20bb5fa6-dcb9-408a-8df1-61f3478f8561,TKT-1-202607-02639,vikram6singh,1,2,"2026-07-24 12:49:30",1,"Please check","2026-07-24 07:19:29.616244","2026-07-24 07:19:29.616244"
3614,ec4393f7-18d6-4a2e-934c-986c233acfc2,TKT-1-202607-02656,inish.d,2,3,"2026-07-24 18:12:34",0,"Please provide LOT number for which you wants to perform REjection pickup and Respective TEC number and millers WINGS id.","2026-07-24 12:42:33.608392","2026-07-24 12:42:33.608392"
3614,e3851918-7541-4e27-92d3-3b0361bf7ba0,TKT-1-202607-02656,satish.d,2,3,"2026-08-11 12:49:01",0,"There is already a provision to reject the consignment during the Record Quality process, and this option is available for both the TA and Manager QC.","2026-08-11 07:19:01.189130","2026-08-11 07:19:01.189130"
3614,d8d74b66-221c-401a-a59b-be6445957294,TKT-1-202607-02656,inish.d,3,2,"2026-08-04 10:34:20",0,"Assigning back since given wrong comment","2026-08-04 05:04:20.307331","2026-08-04 05:04:20.307331"
3614,cb96df66-2e5b-4758-9624-0c98220c73f1,TKT-1-202607-02656,132363,3,2,"2026-08-20 10:05:04",0,"Manager depot has no option for reject consignment in anna darpan","2026-08-20 04:35:04.083352","2026-08-20 04:35:04.083352"
3614,c162a5bb-12b6-4ad8-9a53-faecf36ff685,TKT-1-202607-02656,inish.d,2,3,"2026-08-04 10:39:52",0,"Please find attachemnt, 1748466.png. All the Lots belongs to the TEC 1748466 has been in accepted state.","2026-08-04 05:09:51.532672","2026-08-04 05:09:51.532672"
3614,b7374c27-b627-4206-aa6c-f2839c9c563c,TKT-1-202607-02656,132363,NULL,1,"2026-07-24 15:07:37",0,New,"2026-07-24 09:37:37.225363","2026-07-24 09:37:37.225363"
3614,8f9258e9-6733-4969-b843-a73fcd603eb1,TKT-1-202607-02656,inish.d,2,3,"2026-08-04 10:31:02",0,"TEC: 1748466 has been created for Depot :Badrukhan New Godown PSWC Sangrur-II under PEG, so it will not appear under depot SANGRUR II FSD","2026-08-04 05:01:02.435129","2026-08-04 05:01:02.435129"
3614,59ae8471-69d7-42d6-8418-34a83a772ff6,TKT-1-202607-02656,inish.d,2,7,"2026-08-20 20:22:22",0,"This issue has been fixed, but due to some technical issue, we can not restore completted transaction. sorry for the inconvenience","2026-08-20 14:52:22.401795","2026-08-20 14:52:22.401795"
3614,4a3df976-6460-451b-8524-9c5ef5f63d8f,TKT-1-202607-02656,132363,3,2,"2026-07-28 15:27:10",0,"The lot no for rejection pickup is 3042,3043 and 3450 of Tanish Rice Mill wings id 28365 and tec no 1748466. Name of godown Badrukhan New Godown NF-22090.","2026-07-28 09:57:10.173686","2026-07-28 09:57:10.173686"
3614,40b50f4a-9b55-4ac3-9bb0-cbf30c58277c,TKT-1-202607-02656,inish.d,2,3,"2026-08-13 15:39:01",0,"As per the requirements received, Rejection has to be done by Manager QC/ Depot manager. Depot staff can not reject.","2026-08-13 10:09:01.053056","2026-08-13 10:09:01.053056"
3614,2b6a292a-44f7-4564-b044-e85a072d25d7,TKT-1-202607-02656,132363,3,2,"2026-08-10 15:08:13",0,"There is no option for depot staff to reject consignments in the Anna Darpan portal. Under CMR > Token Rejection, only the lot number is displayed, which  TA staff rejected consignments based on their parameters. Kindly look into this .","2026-08-10 09:38:12.535561","2026-08-10 09:38:12.535561"
3614,092a009a-bcba-4f17-b1ca-4631783b85aa,TKT-1-202607-02656,vikram6singh,1,2,"2026-07-24 15:11:59",1,"Please check","2026-07-24 09:41:59.094042","2026-07-24 09:41:59.094042"
3614,a58ca885-8c69-44ae-97c0-4e5d851c6a54,TKT-1-202607-02656,132363,3,2,"2026-08-12 14:00:01",0,"There is no option for depot staff to reject consignments in the Anna Darpan portal.","2026-08-12 08:30:01.185919","2026-08-12 08:30:01.185919"
591,d1a0a794-62bf-483b-9a61-34656f96e6be,TKT-1-202607-02670,vikram6singh,1,2,"2026-07-24 16:26:20",0,"Please check","2026-07-24 10:56:20.450467","2026-07-24 10:56:20.450467"
591,ffa0c682-9fe0-4f34-b182-b64a4d921433,TKT-1-202607-02670,307627,3,2,"2026-08-03 10:53:21",0,"Ticket not closed as "Add Budget section is not displaying any work requests. Upon clicking the dropdown, it initially shows "Loading..." and then changes to "No options available", even though work requests have already been created in the system."","2026-08-03 05:23:20.737155","2026-08-03 05:23:20.737155"
591,eec2770e-796e-48f1-ba05-65d9817b9e29,TKT-1-202607-02670,shivaniyadav091298,3,2,"2026-08-11 17:43:48",0,"Please check","2026-08-11 12:13:48.315617","2026-08-11 12:13:48.315617"
591,e781571a-e82e-41d9-8e55-f7c6cedfde14,TKT-1-202607-02670,307627,NULL,1,"2026-07-24 16:20:20",0,New,"2026-07-24 10:50:20.378140","2026-07-24 10:50:20.378140"
591,a76127ad-e5f4-4660-82af-916d33383b9a,TKT-1-202607-02670,satish.d,2,3,"2026-08-04 14:14:28",0,"the work request is created for DO , so only that DO engg can add the budget, please check in his login","2026-08-04 14:14:27.622173","2026-08-04 14:14:27.622173"
591,16e0124a-1b35-477f-9f6d-75cfd95e2664,TKT-1-202607-02670,shivaniyadav091298,2,7,"2026-08-11 17:44:03",0,"Please check the comment section.","2026-08-11 12:14:02.514104","2026-08-11 12:14:02.514104"
591,14932a41-36d7-4da8-bb63-2754dc1e2483,TKT-1-202607-02670,satish.d,2,3,"2026-07-27 12:46:02",0,"Please refer the comment section.","2026-07-27 07:16:01.933405","2026-07-27 07:16:01.933405"
14284,552bde0c-1bd0-4934-9221-1b1765082166,TKT-1-202607-02671,263796,3,2,"2026-08-27 12:36:40",0,"id 263796 password Zara@123","2026-08-27 07:06:40.377291","2026-08-27 07:06:40.377291"
14284,f54bf71d-2384-404b-86c7-98d52967a2b1,TKT-1-202607-02671,umesh.k,2,3,"2026-08-17 10:14:57",0,"Dear sir/madam, kindly check the comments added and share us the details. Thank you","2026-08-17 04:44:57.040837","2026-08-17 04:44:57.040837"
14284,f49241f7-6c0f-447b-a70c-ccb1565232b7,TKT-1-202607-02671,saroj.m,2,3,"2026-08-25 17:22:09",0,"Sir , I have tried to contact but voice is breaking , Please share the User ID & Password. For any assistance, please contact our support team at: 1800-410-6688.","2026-08-25 11:52:09.430043","2026-08-25 11:52:09.430043"
14284,f16f0357-e6c7-4f53-8352-7109fc9f5ef0,TKT-1-202607-02671,263796,3,2,"2026-08-25 17:23:27",0,"id 263796  password Zara@123","2026-08-25 11:53:26.997549","2026-08-25 11:53:26.997549"
14284,f0519086-9657-4cbe-b1e8-eacfe5e46aef,TKT-1-202607-02671,anshu.r,2,3,"2026-09-10 15:41:35",0,"Kindly check comment","2026-09-10 10:11:34.592719","2026-09-10 10:11:34.592719"
14284,e7713f6c-ca93-491b-9fff-cab00123a3e1,TKT-1-202607-02671,263796,3,2,"2026-08-12 15:02:20",0,"please check below comment","2026-08-12 09:32:20.194562","2026-08-12 09:32:20.194562"
14284,c310336b-2c84-40e2-bb30-79cb2b63de0d,TKT-1-202607-02671,vikram6singh,1,2,"2026-07-24 16:26:27",0,"Please check","2026-07-24 10:56:26.574751","2026-07-24 10:56:26.574751"
14284,70f88c01-8f91-4ece-833a-ca4c394c4800,TKT-1-202607-02671,263796,3,2,"2026-08-19 11:47:33",0,"KINDLY GO THROUGH THE AD VS MANUAL ATTACHED WHILE IN WHICH IT HAS BEEN CROSS CHECKED WITH MANUAL AND IT IS OBSERVED THAT THE AVG. ANNADARPAN IS TAKING IN BIFURCATED TRUCK DURING WAGON WISE IS DIFFERENT i.e. 0.48953 INSTEAD OF ACTUAL W/B AVG 0.4953","2026-08-19 06:17:32.582605","2026-08-19 06:17:32.582605"
14284,5f60a5d0-eda3-4e29-96bd-b12a99186b0c,TKT-1-202607-02671,umesh.k,2,3,"2026-08-05 12:21:20",0,"Dear sir/madam, Please refer the comments added below . Thank you","2026-08-05 06:51:20.296812","2026-08-05 06:51:20.296812"
14284,3e3dacce-7548-42d3-a3c4-46286fd980a5,TKT-1-202607-02671,umesh.k,2,3,"2026-07-31 15:32:44",0,"Dear sir/madam, the rake has been loaded through 100% of weighment trucks. so the weight of each wagon was determined based on the weighbridge readings only. please check it, Thank you","2026-07-31 10:02:44.245268","2026-07-31 10:02:44.245268"
14284,3989ec51-ac27-4afa-ac9e-c6b6a0cb6639,TKT-1-202607-02671,263796,NULL,1,"2026-07-24 16:24:47",0,New,"2026-07-24 10:54:47.422670","2026-07-24 10:54:47.422670"
14284,39723ffe-b842-4de3-8075-671a364df01f,TKT-1-202607-02671,saroj.m,2,3,"2026-08-25 17:24:56",0,"Sir , I have tried to contact but voice is breaking , Please share the User ID & Password. For any assistance, please contact our support team at: 1800-410-6688.","2026-08-25 11:54:55.916940","2026-08-25 11:54:55.916940"
14284,2eeb85b8-ea3e-4ec4-b250-25b3b34ebd3c,TKT-1-202607-02671,263796,3,2,"2026-08-04 12:19:59",0,"we can only do bifurcation of bags according to weight required in that wagon . in that case There is no chance of difference in weight because we cant change the weight of any truck .It is automatically done by AD. KINDLY RESOLVE","2026-08-04 06:49:58.646262","2026-08-04 06:49:58.646262"
704,07addedd-037c-4baf-8f71-be9b9bf74cd6,TKT-1-202607-02681,satish.d,2,3,"2026-07-27 18:48:19",0,"Kindly check the comment section","2026-07-27 13:18:19.356610","2026-07-27 13:18:19.356610"
704,0f90ee42-a559-4888-a143-32d12f701165,TKT-1-202607-02681,satish.d,2,7,"2026-07-28 14:02:33",0,"closing this ticket","2026-07-28 08:32:33.259914","2026-07-28 08:32:33.259914"
704,23d3d0e0-ccdb-42de-ba66-f3fc365720f9,TKT-1-202607-02681,298113,3,2,"2026-07-28 12:22:06",0,"issue resolved","2026-07-28 06:52:05.574445","2026-07-28 06:52:05.574445"
704,67870b69-2a62-418d-92ee-0c11cd2de2c2,TKT-1-202607-02681,298113,NULL,1,"2026-07-24 18:00:14",0,New,"2026-07-24 12:30:14.445409","2026-07-24 12:30:14.445409"
704,9d5aca52-37b7-4f07-8783-7366befe2224,TKT-1-202607-02681,vikram6singh,1,2,"2026-07-25 09:03:23",0,"Please check.","2026-07-25 03:33:23.380868","2026-07-25 03:33:23.380868"
2241,12123da9-591a-4615-8dcb-75bfaba5a041,TKT-1-202607-02682,313102,3,2,"2026-08-12 21:03:40",0,"Movement Name: MBR/PATHANKOT FSD/PWS Kishtwar/771282/276 ; Token No:342","2026-08-12 15:33:40.415976","2026-08-12 15:33:40.415976"
2241,fb2a5b5c-b1ac-4da3-afd6-35dc3cebe796,TKT-1-202607-02682,313102,3,2,"2026-07-28 16:43:05",0,"issue not resolved","2026-07-28 11:13:04.910570","2026-07-28 11:13:04.910570"
2241,b1ee1818-f015-4a82-9adc-5343e8c4350c,TKT-1-202607-02682,vikram6singh,1,2,"2026-07-25 09:03:17",0,"Please check.","2026-07-25 03:33:17.345060","2026-07-25 03:33:17.345060"
2241,aeb2ea7d-028d-478b-8a08-37f45b1d4672,TKT-1-202607-02682,anshu.r,2,3,"2026-08-12 12:08:19",0,"Kindly check comment","2026-08-12 06:38:19.104046","2026-08-12 06:38:19.104046"
2241,ad094935-c9bc-459a-9273-67fb55ddf9b3,TKT-1-202607-02682,313102,NULL,1,"2026-07-24 18:09:21",0,New,"2026-07-24 12:39:20.917975","2026-07-24 12:39:20.917975"
2241,9414fbe3-eebb-48ab-a5cd-6fab59cf045f,TKT-1-202607-02682,umesh.k,2,3,"2026-07-31 11:16:41",0,"Dear sir/madam, Could you please share us the Movement name and Token number to investigate on this issue. Thank You","2026-07-31 05:46:41.008996","2026-07-31 05:46:41.008996"
2241,7e1e6a18-3c6f-4a4d-9c68-373851c71f65,TKT-1-202607-02682,umesh.k,2,3,"2026-08-17 10:15:31",0,"Dear sir/madam, kindly check the comments added. Thank you","2026-08-17 04:45:31.439369","2026-08-17 04:45:31.439369"
2241,7052b7f2-bfd6-4634-8118-d45926af8d74,TKT-1-202607-02682,arti.1.t,2,3,"2026-07-25 10:20:30",0,"I tried to connect with you to discuss your issue; however, we were unable to get in touch. Kindly connect with us at your earliest convenience so that we can assist you further.","2026-07-25 04:50:30.211178","2026-07-25 04:50:30.211178"
2241,a3b35d61-d3b4-40f5-be57-8a23bb32a674,TKT-1-202607-02682,313102,3,2,"2026-08-11 18:25:32",0,"issue not resolved","2026-08-11 12:55:32.335589","2026-08-11 12:55:32.335589"
178,8515c83e-ba0b-4717-8d43-faec8392ad1d,TKT-1-202607-02686,276219,3,2,"2026-08-04 16:48:40",0,"THE ISSUE HAS NOT BEEN RESOLVED YET.","2026-08-04 11:18:40.153369","2026-08-04 11:18:40.153369"
178,e3304156-48da-451a-b669-cfa93fdc5464,TKT-1-202607-02686,276219,3,2,"2026-08-10 17:02:56",0,"RO approval mail is attached.","2026-08-10 11:32:56.015057","2026-08-10 11:32:56.015057"
178,da95ff8d-18a0-427d-91f1-8215594c9468,TKT-1-202607-02686,sanjeet.k,2,5,"2026-08-10 17:13:39",0,"kindly approve the extension of the mentioned RO to take the further course of action.","2026-08-10 11:43:39.152147","2026-08-10 11:43:39.152147"
178,da2540e2-e5b4-4647-8ffe-1ec84312cbf5,TKT-1-202607-02686,276219,NULL,1,"2026-07-24 20:21:33",0,New,"2026-07-24 14:51:32.962051","2026-07-24 14:51:32.962051"
178,ce220c4d-bf6f-498d-afbd-2ea3e8925d85,TKT-1-202607-02686,sanjeet.k,2,3,"2026-08-10 15:17:34",0,"as discussed over the call, kindly attach the extension approval letter to take the further course of action.","2026-08-10 09:47:34.444482","2026-08-10 09:47:34.444482"
178,7ab112de-00fd-4e75-955b-52f70b6fa66e,TKT-1-202607-02686,vikram6singh,1,2,"2026-07-25 09:02:32",0,"Please check.","2026-07-25 03:32:31.952073","2026-07-25 03:32:31.952073"
178,731b40f7-1d38-48e3-b0e8-b153c3f911c4,TKT-1-202607-02686,276219,3,2,"2026-08-10 13:30:49",0,"kindly resolve the issue","2026-08-10 08:00:48.916259","2026-08-10 08:00:48.916259"
178,06e0ea65-14e9-43e4-8af1-ee3122b088eb,TKT-1-202607-02686,sanjeet.k,2,3,"2026-07-25 09:41:59",0,"kindly share the supporting documents/screenshots of the issue you are facing while doing the operation for the further assistance.","2026-07-25 04:11:58.638766","2026-07-25 04:11:58.638766"
178,03f30967-b86c-4267-913c-34e5c00b8594,TKT-1-202607-02686,sanjeet.k,2,3,"2026-08-05 16:04:45",0,"kindly share the approval letter from Headquarter for the extension of the RO for the further assistance.","2026-08-05 10:34:44.686655","2026-08-05 10:34:44.686655"
2892,21d92a49-7478-4d43-8d4c-505f73ecd86a,TKT-1-202607-02688,vikram6singh,1,2,"2026-07-25 10:14:48",1,"Please check","2026-07-25 04:44:47.626962","2026-07-25 04:44:47.626962"
2892,bee85a15-7d4f-4e9b-9fa7-827b0f6985af,TKT-1-202607-02688,shivaniyadav091298,3,2,"2026-08-18 11:38:30",0,"Please check","2026-08-18 06:08:29.775528","2026-08-18 06:08:29.775528"
2892,916c9fbc-7918-4018-b75d-36be9a7b3dd1,TKT-1-202607-02688,satish.d,2,3,"2026-08-10 09:47:04",0,"Please send in mail via HQ.","2026-08-10 04:17:03.584481","2026-08-10 04:17:03.584481"
2892,77ae46d4-ed24-41f5-920e-7e894c35a206,TKT-1-202607-02688,inish.d,2,3,"2026-07-30 16:44:52",0,"please provide your credentials, let us login and check","2026-07-30 11:14:51.889509","2026-07-30 11:14:51.889509"
2892,64aa509a-cb8b-4252-b8fa-e377dbbbdddf,TKT-1-202607-02688,nf13050_01,NULL,1,"2026-07-25 10:12:30",0,New,"2026-07-25 04:42:29.637414","2026-07-25 04:42:29.637414"
2892,561f0d83-3811-439a-9fda-105ab6320d66,TKT-1-202607-02688,nf13050_01,3,2,"2026-08-06 15:22:24",0,"username:- nf13050_01 Password:- AnnaDarpan@321","2026-08-06 09:52:23.619027","2026-08-06 09:52:23.619027"
2892,5300b8a1-ab0b-4570-9e25-c2a5c2b15197,TKT-1-202607-02688,shivaniyadav091298,2,7,"2026-08-18 11:38:47",0,"Please check the comment section.","2026-08-18 06:08:46.965031","2026-08-18 06:08:46.965031"
6242,e77e97f8-86a3-4dfe-aafc-8ecc7b3a5c9c,TKT-1-202607-02689,IRL_admin,5,2,"2026-09-07 17:42:13",0,"Technical issue. Needs to be resolved at SI level.","2026-09-07 12:12:12.912867","2026-09-07 12:12:12.912867"
6242,a1dd4ed8-0b4a-4326-abd2-7e05fc0a2097,TKT-1-202607-02689,sanjeet.k,2,5,"2026-09-09 15:10:45",0,"For your kind information, the concerned user has submitted a request for inter-zonal transfer, which is currently pending approval at HQ level. You are requested to kindly look into the matter and do the needful.","2026-09-09 09:40:45.107057","2026-09-09 09:40:45.107057"
6242,9ae106b3-db2b-40d8-a221-8b06e68680e3,TKT-1-202607-02689,vikram6singh,1,2,"2026-07-25 10:38:52",0,"Please check","2026-07-25 05:08:52.402178","2026-07-25 05:08:52.402178"
6242,5d3ee662-3148-43b3-ad16-842a68e0c5ba,TKT-1-202607-02689,sanjeet.k,2,3,"2026-09-08 16:47:42",0,"We tried to contact you multiple times regarding the issue but no response was received from your end. kindly confirm us whether the issue has been resolved or not. if not kindly contact us on 📞 1800-410-6688 for the further assistance.","2026-09-08 11:17:41.615834","2026-09-08 11:17:41.615834"
6242,21adbc21-7a76-497c-b190-5e9af001d0b8,TKT-1-202607-02689,IRL_admin,5,2,"2026-09-10 16:26:40",0,"Technical matter","2026-09-10 10:56:40.288039","2026-09-10 10:56:40.288039"
6242,4ba12054-9422-4d54-ba63-ee1b642095cc,TKT-1-202607-02689,inish.d,2,3,"2026-07-29 11:24:58",0,"please refer comments","2026-07-29 05:54:57.527820","2026-07-29 05:54:57.527820"
6242,49ded430-9543-42fa-aa69-50d008fbaa54,TKT-1-202607-02689,sanjeet.k,2,5,"2026-08-12 11:45:47",0,"kindly approve the inter-zonal labour transfer request from the respective login","2026-08-12 06:15:46.603347","2026-08-12 06:15:46.603347"
6242,2ae5ce74-adbc-46a1-881b-b6442d3e5d67,TKT-1-202607-02689,145257,3,2,"2026-09-09 12:53:12",0,"please again try to contact on this number:8121449736","2026-09-09 07:23:11.895990","2026-09-09 07:23:11.895990"
6242,48d1ed73-aed5-4e60-b17a-fca6694e0a52,TKT-1-202607-02689,sanjeet.k,2,5,"2026-09-10 18:08:19",0,"respected sir/ma'am, kindly check the comment section and do the needful","2026-09-10 12:38:19.291796","2026-09-10 12:38:19.291796"
6242,04a244e0-698c-41b6-84ce-2526f0c56738,TKT-1-202607-02689,sanjeet.k,2,3,"2026-07-25 10:52:35",0,"Kindly share the HRMS data and supporting documents related to the labour for the further assistance","2026-07-25 05:22:34.824753","2026-07-25 05:22:34.824753"
6242,0ba4126c-eb10-473d-961d-2b2f048f2e81,TKT-1-202607-02689,145257,NULL,1,"2026-07-25 10:35:11",0,New,"2026-07-25 05:05:11.011580","2026-07-25 05:05:11.011580"
6242,155870e7-e09a-46af-9222-e2df3ac2fda0,TKT-1-202607-02689,145257,3,2,"2026-07-30 14:47:10",0,"we already send mail to HQ two times,we attached screenshots also.please check and do needful","2026-07-30 09:17:09.703480","2026-07-30 09:17:09.703480"
6242,14875ed3-38c3-4463-bb1b-8be6f864ebfc,TKT-1-202607-02689,145257,3,2,"2026-07-27 16:36:20",0,"we shared document,please check and do needful","2026-07-27 11:06:19.908143","2026-07-27 11:06:19.908143"
465,8f270149-d704-4aae-8ee7-b8e67008046b,TKT-1-202607-02692,inish.d,2,7,"2026-08-05 10:26:55",0,"User confirmed ISSUE RESOLVED","2026-08-05 04:56:54.956446","2026-08-05 04:56:54.956446"
465,d6cb6982-9932-4c4a-a8cd-f0147efae15b,TKT-1-202607-02692,224371,7,10,"2026-07-30 02:58:51",0,"Sir, railhead storage option is not appearing in Gunny movement issue, kindly add","2026-07-29 21:28:50.717039","2026-07-29 21:28:50.717039"
465,bbf77d5e-a88d-4c0a-ad43-94f75161e2f3,TKT-1-202607-02692,inish.d,2,3,"2026-08-03 10:35:26",0,"Sir/Madam,  Please provide the login credentials so that we can proceed further.","2026-08-03 05:05:25.842302","2026-08-03 05:05:25.842302"
465,b57650da-7d48-4ecc-b120-1a8fa51a6ce9,TKT-1-202607-02692,arti.1.t,2,3,"2026-07-30 17:50:20",0,"Kindly share the specific issue along with a proper screenshot for further investigation. For any assistance, please feel free to contact us at 1800-410-6688.","2026-07-30 12:20:19.608698","2026-07-30 12:20:19.608698"
465,aafa49e9-ba75-4c2b-a141-cb982241b8d4,TKT-1-202607-02692,arti.1.t,2,7,"2026-07-25 12:06:44",0,"This ticket appears to be a duplicate of TKT-1-202607-02691. Closing this ticket and redirecting all further updates to the referenced ticket.","2026-07-25 06:36:43.624405","2026-07-25 06:36:43.624405"
465,9d0f51cf-94ca-4b95-8076-c2d8b05b8613,TKT-1-202607-02692,224371,3,2,"2026-08-04 11:39:48",0,"id:-224371, Password:-Vivek#2025","2026-08-04 06:09:47.601285","2026-08-04 06:09:47.601285"
465,86836fbb-9959-47d0-a898-bcc834753634,TKT-1-202607-02692,inish.d,2,3,"2026-08-04 14:28:08",0,"Sir/Madam, Issue is fixed. Please check it.","2026-08-04 08:58:08.135343","2026-08-04 08:58:08.135343"
465,5d59bfb3-513c-4713-be79-694d0e9d6ec9,TKT-1-202607-02692,224371,3,2,"2026-07-30 17:42:58",0,"Issue is still not resolved, kindly contact me on this number 8708868780","2026-07-30 12:12:58.008057","2026-07-30 12:12:58.008057"
465,4a8f99b7-39c1-4109-98d3-a510fcb8f85f,TKT-1-202607-02692,224371,3,2,"2026-08-04 22:38:19",0,"Ok resolved","2026-08-04 17:08:18.555778","2026-08-04 17:08:18.555778"
465,4757337b-d374-4810-a6d8-ad9638c54be1,TKT-1-202607-02692,224371,NULL,1,"2026-07-25 11:12:52",0,New,"2026-07-25 05:42:52.082279","2026-07-25 05:42:52.082279"
465,4056633c-c102-41b8-8cc6-c270819adad7,TKT-1-202607-02692,vikram6singh,10,2,"2026-07-30 09:05:19",0,"Please check.","2026-07-30 03:35:18.958194","2026-07-30 03:35:18.958194"
465,365ff84a-6b16-4ea5-954b-a84bad51f158,TKT-1-202607-02692,224371,3,2,"2026-08-01 14:59:16",0,"Screenshot attached, Railsiding Storage option is available, Railhead Storage option is not available","2026-08-01 09:29:16.136282","2026-08-01 09:29:16.136282"
465,1a4451fc-863e-48ce-9ee5-aa93b807c108,TKT-1-202607-02692,arti.1.t,2,3,"2026-07-30 14:59:43",0,"We have attempted to contact you multiple times regarding your issue; however, we were unable to connect.","2026-07-30 09:29:43.153648","2026-07-30 09:29:43.153648"
465,0456896a-1d2e-498a-b3a1-979d2c8fa5f0,TKT-1-202607-02692,vikram6singh,1,2,"2026-07-25 11:16:46",0,"Please check","2026-07-25 05:46:46.402346","2026-07-25 05:46:46.402346"
153,216634df-c68d-40ee-ac70-b0abce35e4c4,TKT-1-202607-02693,inish.d,2,3,"2026-07-28 16:47:01",0,"Sir/Madam, as per our database records, no transactions have taken place in the Srikakulam district.","2026-07-28 11:17:00.809575","2026-07-28 11:17:00.809575"
153,c09964e7-0008-4eee-b73b-5e613fd65ad6,TKT-1-202607-02693,vikram6singh,1,2,"2026-07-25 11:36:58",0,"Please check","2026-07-25 06:06:57.509619","2026-07-25 06:06:57.509619"
153,a747901f-0f80-4f14-9bc6-23117af3b2a9,TKT-1-202607-02693,inish.d,2,3,"2026-07-27 11:38:38",0,"Sir/Madam,  Please provide the login credentials so that we can proceed further.","2026-07-27 06:08:37.551518","2026-07-27 06:08:37.551518"
153,75bd5f83-834c-4e31-92c5-93b853372e52,TKT-1-202607-02693,umesh.k,2,7,"2026-07-29 16:30:51",0,"User mentioned as ok sir,close the ticket. ticket is resolved.","2026-07-29 11:00:51.228300","2026-07-29 11:00:51.228300"
153,56b8f80c-70ba-4134-9090-2819f9482c54,TKT-1-202607-02693,141404,3,2,"2026-07-28 15:39:30",0,"user id:312442,password:Depot@2619","2026-07-28 10:09:29.870654","2026-07-28 10:09:29.870654"
153,3d535ed5-4eb3-4780-bea7-70f0a76b3d16,TKT-1-202607-02693,141404,3,2,"2026-07-29 16:10:41",0,"ok sir,close the ticket","2026-07-29 10:40:41.096444","2026-07-29 10:40:41.096444"
153,2ae92272-0ff3-4259-bd5a-fa1fda29f755,TKT-1-202607-02693,141404,NULL,1,"2026-07-25 11:24:24",0,New,"2026-07-25 05:54:24.133577","2026-07-25 05:54:24.133577"
194,1d2cf973-dee7-428f-9d68-c481473d4f4b,TKT-1-202607-02694,vikram6singh,1,2,"2026-07-25 11:37:07",0,"Please check","2026-07-25 06:07:06.712286","2026-07-25 06:07:06.712286"
194,25c25aca-d2f3-48d8-b4c9-44219789287d,TKT-1-202607-02694,sanjeet.k,2,3,"2026-07-25 12:06:05",0,"Respected sir/ma'am, kindly describe the issue in detail in the comment section that why you want to cancel the token number for the further assistance.","2026-07-25 06:36:04.769418","2026-07-25 06:36:04.769418"
194,4c16f1f4-827c-4f78-8bd0-fb1e49911194,TKT-1-202607-02694,umesh.k,2,3,"2026-07-30 17:44:10",0,"Dear sir/madam, we are seeing that the token 1055 has been completed. could you please share us the depot code if the transaction is not yet completed. we will delete the token, Thank you","2026-07-30 12:14:10.445139","2026-07-30 12:14:10.445139"
194,66979a94-bffc-4339-b8d4-d749507cca37,TKT-1-202607-02694,kshitiz.s,3,2,"2026-08-07 12:24:08",0,"Please check.","2026-08-07 06:54:07.995756","2026-08-07 06:54:07.995756"
194,b286ddbb-d456-40ac-8356-dccb78ba5264,TKT-1-202607-02694,kshitiz.s,2,7,"2026-08-07 12:24:31",0,"Please refer to the comment section.","2026-08-07 06:54:31.196611","2026-08-07 06:54:31.196611"
194,c371b494-e66a-47b9-99b0-e2bfa367e262,TKT-1-202607-02694,nf15014_01,NULL,1,"2026-07-25 11:34:25",0,New,"2026-07-25 06:04:25.369997","2026-07-25 06:04:25.369997"
194,f9d3a612-50b8-4439-816a-365e70032a66,TKT-1-202607-02694,nf15014_01,3,2,"2026-07-29 16:03:01",0,"sir, it is to inform you that this token had been issued by mistakenly during the special loading operation. As the stock dispatched was completed before this token that's why this is an extra token for this operation so kindly delete the token.","2026-07-29 10:33:00.846224","2026-07-29 10:33:00.846224"
265,11dbd13a-3d8e-4b09-acbe-12d63c5b231f,TKT-1-202607-02702,vikram6singh,1,2,"2026-07-25 12:08:22",1,"Please check","2026-07-25 06:38:21.624440","2026-07-25 06:38:21.624440"
265,d2721a0e-37b3-4287-bda0-e3392ef44e8f,TKT-1-202607-02702,283207,NULL,1,"2026-07-25 12:06:01",0,New,"2026-07-25 06:36:00.605798","2026-07-25 06:36:00.605798"
265,576e649f-5ae6-4050-9c51-483ad802331a,TKT-1-202607-02702,satish.d,2,7,"2026-07-28 12:20:03",0,"Kindly check the comemnt section","2026-07-28 06:50:02.638873","2026-07-28 06:50:02.638873"
54,280523ae-d814-4261-b775-abdc5670e14a,TKT-1-202607-02703,287303,7,8,"2026-07-28 14:10:41",0,"ticket may be closed","2026-07-28 08:40:40.734102","2026-07-28 08:40:40.734102"
54,71b682cc-a5e8-4820-b6c2-b23e7defcc42,TKT-1-202607-02703,287303,3,2,"2026-07-27 12:33:06",0,"Ok.Kindly close the ticket","2026-07-27 07:03:06.236786","2026-07-27 07:03:06.236786"
54,87053f95-7f76-4cc3-8891-28d00ffa548c,TKT-1-202607-02703,287303,NULL,1,"2026-07-25 12:08:17",0,New,"2026-07-25 06:38:16.741239","2026-07-25 06:38:16.741239"
54,9297fbdf-0d16-49dd-b89f-79bde0c92a4e,TKT-1-202607-02703,vikram6singh,1,2,"2026-07-25 12:08:37",0,"Please check","2026-07-25 06:38:36.888699","2026-07-25 06:38:36.888699"
54,b9e0df02-1ffd-49bb-a8ed-55d511525f31,TKT-1-202607-02703,inish.d,2,3,"2026-07-27 10:13:19",0,"Sir/Madam, as per the requirement, once a gunny replacement is completed, it will not be displayed in the Stack Transaction Details.Please check in gunny register report","2026-07-27 04:43:19.304260","2026-07-27 04:43:19.304260"
54,bb5d3522-1284-4242-9bc4-aac7f169c68e,TKT-1-202607-02703,inish.d,2,7,"2026-07-27 14:18:39",0,"User mentioned as Ok.Kindly close the ticket. ticket is resolved.","2026-07-27 08:48:39.416819","2026-07-27 08:48:39.416819"
131,3bff66c5-3ba2-428f-8ac5-699fa7f5b3e4,TKT-1-202607-02704,inish.d,2,7,"2026-07-28 14:44:28",0,"closing the ticket as user mentioned it as resolved","2026-07-28 09:14:27.520271","2026-07-28 09:14:27.520271"
131,4b4624e4-fd8d-43a4-ae3a-dec6af3ea039,TKT-1-202607-02704,inish.d,2,3,"2026-07-27 10:09:33",0,"Dear Sir, as the lwb api is failing the system shows no response found. Please check with your respective lwb provider for the api failing issue.","2026-07-27 04:39:33.313824","2026-07-27 04:39:33.313824"
131,6e376501-9a2f-4978-bab3-014e46e75a76,TKT-1-202607-02704,vikram6singh,1,2,"2026-07-25 12:17:48",0,"Please check","2026-07-25 06:47:47.558156","2026-07-25 06:47:47.558156"
131,7416bace-235d-46a9-8a84-c1ad7a6883df,TKT-1-202607-02704,inish.d,2,3,"2026-07-27 14:54:32",0,"Sir, please share the depot details and LWB details (provider type and URL). Also open Inspect → Network, trigger the LWB APIand verify whether the request reaches the configured URL and returns a valid response or any error.Please share the findings","2026-07-27 09:24:31.647860","2026-07-27 09:24:31.647860"
131,930de426-f903-4168-a337-be97f21e678a,TKT-1-202607-02704,317748,3,2,"2026-07-28 13:26:42",0,"FSD DHANBAD, LEOTRONICS WEIGHBRIDGE, leo - (http://localhost/getwt.ashx?format=j)","2026-07-28 07:56:41.817796","2026-07-28 07:56:41.817796"
131,a6ae26d6-a10f-499d-82e2-c8072b83e2fa,TKT-1-202607-02704,317748,3,2,"2026-07-27 12:55:36",0,"leo ke dwara check kiya gya unhone bola h unke trf se koi problem nhi h. please isko resolve kriye urgent basis pr.","2026-07-27 07:25:36.227054","2026-07-27 07:25:36.227054"
131,b24f6e0c-53a2-45b4-88a0-48b57dfb2eff,TKT-1-202607-02704,317748,NULL,1,"2026-07-25 12:09:21",0,New,"2026-07-25 06:39:21.282384","2026-07-25 06:39:21.282384"
411,6fa1f1a1-fc38-458f-8d97-7b665d87695f,TKT-1-202607-02709,vikram6singh,1,2,"2026-07-25 13:21:39",0,"Please check","2026-07-25 07:51:39.208343","2026-07-25 07:51:39.208343"
411,c9f2147c-7400-44c6-b438-3e7bc4e6dc3d,TKT-1-202607-02709,umesh.k,2,7,"2026-07-28 10:08:23",0,"Issue has been resolved, kindly check with qntls, currently for MT we are doing fixes.","2026-07-28 04:38:23.067350","2026-07-28 04:38:23.067350"
411,918c1b76-c93b-4516-9fe7-17919e96266d,TKT-1-202607-02709,277033,NULL,1,"2026-07-25 13:15:41",0,New,"2026-07-25 07:45:41.245048","2026-07-25 07:45:41.245048"
5200,0248c770-8059-496e-872e-6fe349cbbc06,TKT-1-202607-02711,290552,3,2,"2026-08-12 15:49:32",0,"Ok ticket may be closed","2026-08-12 10:19:32.273528","2026-08-12 10:19:32.273528"
5200,204a6466-9848-4c18-b976-bab41709b7dd,TKT-1-202607-02711,290552,NULL,1,"2026-07-25 13:29:46",0,New,"2026-07-25 07:59:46.133849","2026-07-25 07:59:46.133849"
5200,33bef531-433d-481d-87c9-6d87db5d63cb,TKT-1-202607-02711,shivaniyadav091298,2,7,"2026-08-12 17:30:11",0,"As per the user's remarks on this ticket, "The issue has been resolved now", this ticket is being marked as resolved. For further assistance, please contact our support team at 1800-410-6688.","2026-08-12 12:00:10.792421","2026-08-12 12:00:10.792421"
5200,a2befb36-ef05-4f11-9e1e-1da5a7118ba0,TKT-1-202607-02711,vikram6singh,1,2,"2026-07-25 13:36:24",0,"Please check","2026-07-25 08:06:23.667767","2026-07-25 08:06:23.667767"
5200,c8c37ec4-7fa9-4442-899f-ece5fbd66155,TKT-1-202607-02711,umesh.k,2,3,"2026-08-06 16:32:03",0,"Dear Sir/Madam,  There are no rakes in your division that have been released during the free time. Therefore, the chart is displaying empty data. I hope this clarifies the reason.  Thank you.","2026-08-06 11:02:03.117338","2026-08-06 11:02:03.117338"
1966,fbc58b3a-f502-42ed-a43a-dea6794ad7ac,TKT-1-202607-02712,shivaniyadav091298,2,7,"2026-08-10 14:45:05",0,"As per the user's remarks on this ticket, "The issue has been resolved now", this ticket is being marked as resolved. For further assistance, please contact our support team at 1800-410-6688.","2026-08-10 09:15:05.496104","2026-08-10 09:15:05.496104"
1966,f9646557-813c-4bad-a4d5-ae6ebeed59a2,TKT-1-202607-02712,sf14012_01,7,8,"2026-08-11 11:46:37",0,cleared...,"2026-08-11 06:16:36.761439","2026-08-11 06:16:36.761439"
1966,d0712e77-5eb1-4897-919a-27cbda50f268,TKT-1-202607-02712,inish.d,2,3,"2026-08-05 10:21:47",0,"Please share Respective TEC number, so that we can investigate further!!","2026-08-05 04:51:47.267645","2026-08-05 04:51:47.267645"
1966,cb5a4a2e-12b4-4e33-a2c6-baa487408d2b,TKT-1-202607-02712,sf14012_01,3,2,"2026-08-10 13:30:40",0,cleared....,"2026-08-10 08:00:40.252251","2026-08-10 08:00:40.252251"
1966,7614d033-6ccd-49a6-8138-ec16dceb7137,TKT-1-202607-02712,sf14012_01,3,2,"2026-08-03 11:30:22",0,"In token list of 20.07.2026, same details are showing in Token number 3311 instead of 3310.","2026-08-03 06:00:22.276968","2026-08-03 06:00:22.276968"
1966,c4f7e6c5-b115-46c8-aaf6-c8a5d4ee7203,TKT-1-202607-02712,sf14012_01,3,2,"2026-08-06 15:44:16",0,"TEC number---1752139","2026-08-06 10:14:16.062618","2026-08-06 10:14:16.062618"
1966,adb2848d-9483-447f-b9f3-8a5c68f55e1e,TKT-1-202607-02712,sf14012_01,3,2,"2026-07-27 11:08:34",0,"8978446917 Avinash","2026-07-27 05:38:34.205378","2026-07-27 05:38:34.205378"
1966,938f7846-9852-43b4-a15a-24fbd24c9163,TKT-1-202607-02712,arti.1.t,2,3,"2026-07-27 14:46:25",0,"We attempted to contact you multiple times regarding your issue, but your phone was busy. Please share a convenient time to connect or feel free to contact us for further discussion For any assistance, please feel free to contact us at 1800-410-6688.","2026-07-27 09:16:24.744688","2026-07-27 09:16:24.744688"
1966,8dc8b3c0-687f-4f39-aea8-33cc6b90a340,TKT-1-202607-02712,sf14012_01,NULL,1,"2026-07-25 13:31:26",0,New,"2026-07-25 08:01:25.880198","2026-07-25 08:01:25.880198"
1966,700d3852-e6b9-46e9-bc47-17e1ab3af66a,TKT-1-202607-02712,sf14012_01,3,2,"2026-07-28 14:51:57",0,"10:00 AM TO 05:30 PM","2026-07-28 09:21:56.562927","2026-07-28 09:21:56.562927"
1966,61e99d08-5ef5-4414-bd93-5891bca57551,TKT-1-202607-02712,vikram6singh,1,2,"2026-07-25 13:36:52",1,"Please check","2026-07-25 08:06:52.200087","2026-07-25 08:06:52.200087"
1966,5df23400-e522-448b-a803-8b4357227baf,TKT-1-202607-02712,inish.d,2,3,"2026-08-08 14:59:40",0,"Sir/Madam, Please raise the cancel token and then approval by Manager depot in Pending Approval List.","2026-08-08 09:29:39.937285","2026-08-08 09:29:39.937285"
1966,45c4975a-458c-43d2-abbc-f12980032d1f,TKT-1-202607-02712,arti.1.t,2,3,"2026-07-25 16:41:42",0,"Kindly share your contact details for further discussion regarding the issue. We will connect with you and assist accordingly.","2026-07-25 11:11:42.485949","2026-07-25 11:11:42.485949"
1966,9e1e806b-440a-40f0-a4f6-f5a17ec4c855,TKT-1-202607-02712,inish.d,2,3,"2026-07-28 20:17:35",0,"Apply some wide date range, also next to that search bar, ther will be filters button, please search that token number and cancel that.","2026-07-28 14:47:35.181656","2026-07-28 14:47:35.181656"
662,fa7b2864-9331-403b-bfe4-0a13f10b70fb,TKT-1-202607-02715,108884,NULL,1,"2026-07-25 13:53:07",0,New,"2026-07-25 08:23:06.606082","2026-07-25 08:23:06.606082"
662,cdcdd0b2-4584-4b17-8681-004baa0d5d73,TKT-1-202607-02715,satish.d,2,3,"2026-07-28 12:51:49",0,"if june data needs to be entered send a mail to HQ as entry window for june is closed","2026-07-28 07:21:48.853844","2026-07-28 07:21:48.853844"
662,7dfae45e-fc04-4fd1-bb1d-3ef4600bf3c3,TKT-1-202607-02715,vikram6singh,1,2,"2026-07-25 13:54:56",0,"Please check","2026-07-25 08:24:56.271300","2026-07-25 08:24:56.271300"
662,75ee6aa5-7357-4a53-a615-a93457fb9795,TKT-1-202607-02715,satish.d,2,3,"2026-07-27 12:30:52",0,"Kindly check the comment section","2026-07-27 07:00:51.738115","2026-07-27 07:00:51.738115"
662,2e96bce6-9a8f-460d-9bd5-59d6081f2292,TKT-1-202607-02715,108884,3,2,"2026-07-29 11:53:22",0,"ID-108884 Password-Civil72#$","2026-07-29 06:23:21.833864","2026-07-29 06:23:21.833864"
662,1b1237c7-5c71-4e79-971d-a103bb1046d8,TKT-1-202607-02715,shivaniyadav091298,2,7,"2026-08-14 16:27:10",0,"Please check the comment section.","2026-08-14 10:57:09.654818","2026-08-14 10:57:09.654818"
662,140fc032-e217-4d50-9d6a-6b8a2c44fbc4,TKT-1-202607-02715,satish.d,2,3,"2026-07-29 14:50:34",0,"2ndFN entry window is closed, if entry needs to be done please send a mail to HQ","2026-07-29 09:20:34.331475","2026-07-29 09:20:34.331475"
662,0219c753-8816-49f6-ad1d-3cd9dc073a7b,TKT-1-202607-02715,108884,3,2,"2026-07-27 13:42:19",0,"ID-108884 Password-Civil72#$","2026-07-27 08:12:18.797836","2026-07-27 08:12:18.797836"
662,3e597929-ae0e-4b98-b1b6-6820474fba47,TKT-1-202607-02715,shivaniyadav091298,3,2,"2026-08-14 16:11:04",0,"Please check","2026-08-14 10:41:04.035298","2026-08-14 10:41:04.035298"
480,eda608c5-79de-4b10-b762-ef1e59ead97b,TKT-1-202607-02721,172867,3,2,"2026-07-28 13:55:37",0,done,"2026-07-28 08:25:36.576117","2026-07-28 08:25:36.576117"
480,f9d10957-99d1-4a30-8b44-319c8c6a689c,TKT-1-202607-02721,umesh.k,2,7,"2026-08-06 16:11:23",0,"kindly refer comment section for more information.","2026-08-06 10:41:22.551622","2026-08-06 10:41:22.551622"
480,f211a1b2-ec47-4e4d-8cae-c583a3c27bc2,TKT-1-202607-02721,anshu.r,2,3,"2026-07-25 15:15:19",0,"kindly share the supportive documents for our further investigation. For further assistance, please contact our support team at : 📞 1800-410-6688.","2026-07-25 09:45:18.635720","2026-07-25 09:45:18.635720"
480,deffdfab-a59a-40ae-b09b-3faa91563435,TKT-1-202607-02721,172867,3,2,"2026-08-06 15:27:32",0,"Please check the comment section","2026-08-06 09:57:32.340417","2026-08-06 09:57:32.340417"
480,cb93c294-26df-40aa-a1e0-87e97488d564,TKT-1-202607-02721,172867,NULL,1,"2026-07-25 15:08:52",0,New,"2026-07-25 09:38:51.598331","2026-07-25 09:38:51.598331"
480,4d4bed6e-22a9-4af5-937a-754f1ffb9209,TKT-1-202607-02721,vikram6singh,1,2,"2026-07-25 15:12:18",0,"Please check","2026-07-25 09:42:17.515966","2026-07-25 09:42:17.515966"
480,07475a7a-0df1-41cb-a582-fd3a124e34b1,TKT-1-202607-02721,umesh.k,2,3,"2026-07-30 11:05:26",0,"Kindly refer the comment section.","2026-07-30 05:35:25.763690","2026-07-30 05:35:25.763690"
56,19f6aead-2a98-43ad-b33f-2e73235d4a9e,TKT-1-202607-02723,nf22177_08,NULL,1,"2026-07-25 15:24:23",0,New,"2026-07-25 09:54:22.855778","2026-07-25 09:54:22.855778"
56,af28d5f8-718a-4eff-9134-6c7c21cb1d50,TKT-1-202607-02723,satish.d,2,7,"2026-07-27 17:52:52",0,"Issue has been resolved.","2026-07-27 12:22:52.394278","2026-07-27 12:22:52.394278"
56,ee0b185c-c442-4f2b-b026-63c39660e0c7,TKT-1-202607-02723,vikram6singh,1,2,"2026-07-25 15:25:55",0,"Please check","2026-07-25 09:55:55.263686","2026-07-25 09:55:55.263686"
24,d9902881-55b9-4b8e-86f3-d72be7fb56c6,TKT-1-202607-02728,311717,NULL,1,"2026-07-25 16:14:28",0,New,"2026-07-25 10:44:27.744173","2026-07-25 10:44:27.744173"
24,bc543cb4-04a3-4aa8-9cd4-1e03de09a0a6,TKT-1-202607-02728,arti.1.t,2,12,"2026-08-10 10:36:35",0,"Workflow for residential flats under ROs to be restricted to RO only. Not to be forwarded to Zonal Office.","2026-08-10 05:06:35.120136","2026-08-10 05:06:35.120136"
24,7e141341-619c-458f-9782-46091a61dc2a,TKT-1-202607-02728,arti.1.t,2,5,"2026-07-25 17:11:49",0,"Clarification regarding workflow for raising repair and maintenance work requests for residential flats under Regional Office.Kindly review the process mentioned in the ticket.","2026-07-25 11:41:48.504338","2026-07-25 11:41:48.504338"
24,b7da5172-4913-4e9d-81cb-48c9358805e6,TKT-1-202607-02728,HA11_ENG_MAINT_INCHARGE,5,2,"2026-08-07 14:17:23",0,"Workflow for residential flats under ROs to be restricted to RO only. Not to be forwarded to Zonal Office.","2026-08-07 08:47:22.761200","2026-08-07 08:47:22.761200"
24,4ea78a36-8d5a-4af0-b16b-8e5c2eeb96c6,TKT-1-202607-02728,vikram6singh,1,2,"2026-07-25 16:16:23",0,"Please check","2026-07-25 10:46:23.464978","2026-07-25 10:46:23.464978"
24,1b8291b3-1dd6-4006-9235-e3f15b569c32,TKT-1-202607-02728,arti.1.t,2,5,"2026-08-04 13:08:53",0,"Please do confirm the workflow mentioned in the tickets to take further course of actions, however currently system has design as per the hierarchy.","2026-08-04 07:38:53.104277","2026-08-04 07:38:53.104277"
24,90a7cf33-cac9-4d79-982e-e7186596647f,TKT-1-202607-02728,HA11_ENG_MAINT_INCHARGE,5,2,"2026-08-04 11:04:31",0,"As mentioned in the ticket, the DoP for approval of works pertaining to residential flats under ROs vests with RO only, NOT with Zonal Office.","2026-08-04 05:34:30.685054","2026-08-04 05:34:30.685054"
632,f3b79d27-8a82-44a4-8fc5-2c60f923bc53,TKT-1-202607-02729,satish.d,2,3,"2026-07-30 10:19:15",0,"share the quality parameters value, we will try to submit from here","2026-07-30 04:49:14.527288","2026-07-30 04:49:14.527288"
632,b82d2274-fe77-4214-bdc8-0bbc14176e2b,TKT-1-202607-02729,318902,3,2,"2026-08-06 18:07:57",0,Depot@123,"2026-08-06 12:37:56.843276","2026-08-06 12:37:56.843276"
632,b30f7718-3e3a-4ea4-97dc-8a5cd863c19c,TKT-1-202607-02729,318902,NULL,1,"2026-07-25 16:21:45",0,New,"2026-07-25 10:51:45.299576","2026-07-25 10:51:45.299576"
632,9fd7d901-462b-452b-816b-8abfdfbd7aa0,TKT-1-202607-02729,satish.d,2,3,"2026-08-06 20:34:58",0,"please check now, it has been fixed","2026-08-06 15:04:58.499167","2026-08-06 15:04:58.499167"
632,94e57126-0c2a-41b9-978d-fb753a22c3cc,TKT-1-202607-02729,satish.d,2,3,"2026-07-31 10:27:33",0,"please share the updated password","2026-07-31 04:57:32.957262","2026-07-31 04:57:32.957262"
632,6ae3173f-69ee-4a4a-9112-9ccc2c744dd3,TKT-1-202607-02729,umesh.k,2,7,"2026-08-11 12:53:58",0,"As per requester confirmation,we are closing this ticket.Thanks.","2026-08-11 07:23:57.609778","2026-08-11 07:23:57.609778"
632,638b1bb8-f351-48ef-85c4-ddb90736bbf5,TKT-1-202607-02729,318902,3,2,"2026-07-30 09:33:28",0,"ID 318902 Password: Geetham512@","2026-07-30 04:03:27.968073","2026-07-30 04:03:27.968073"
632,4318db3c-7cf0-4687-af93-be9bb225243c,TKT-1-202607-02729,318902,3,2,"2026-08-10 17:37:02",0,Resolved,"2026-08-10 12:07:01.715619","2026-08-10 12:07:01.715619"
632,406a909c-836b-47d2-89fd-f1f98884148a,TKT-1-202607-02729,vikram6singh,1,2,"2026-07-25 16:23:06",1,"Please check","2026-07-25 10:53:05.585762","2026-07-25 10:53:05.585762"
632,2c211b5e-99b7-4399-ae34-8b24f44f772b,TKT-1-202607-02729,satish.d,2,3,"2026-07-28 11:08:04",0,"please share the user credential to check this ticket","2026-07-28 05:38:03.690026","2026-07-28 05:38:03.690026"
632,93f94a33-f5eb-49f1-b1a1-6ae37be8d66c,TKT-1-202607-02729,318902,3,2,"2026-07-30 17:07:14",0,"4B02 DAM-1.4, DIS-0.3, MC-12.4:","2026-07-30 11:37:14.227981","2026-07-30 11:37:14.227981"
168,7d3b0b67-6f37-4641-a6c3-4e4d66811dfd,TKT-1-202607-02733,wc21034_01,7,8,"2026-08-19 16:35:13",0,Ok,"2026-08-19 11:05:13.438231","2026-08-19 11:05:13.438231"
168,b4272693-156d-49df-9938-a003d2d3174e,TKT-1-202607-02733,wc21034_01,3,2,"2026-07-27 19:42:03",0,"The issue has been resolved. Thanks for quick response. Highly appreciable.","2026-07-27 14:12:03.013402","2026-07-27 14:12:03.013402"
168,8145a0de-ae1a-473d-9d5f-412d795d9a93,TKT-1-202607-02733,umesh.k,2,3,"2026-07-27 17:38:24",0,"Dear sir/madam, could you please check the bags against each wagon and perform the unloading acknowledgment now?. Please confirm whether the issue is resolved or not, Thank you","2026-07-27 12:08:23.838647","2026-07-27 12:08:23.838647"
168,74a4d831-36cd-4690-8c4d-deec1ddefc18,TKT-1-202607-02733,shivaniyadav091298,2,7,"2026-07-28 09:59:51",0,"As per the user's remarks on this ticket, "The issue has been resolved now", this ticket is being marked as resolved. For further assistance, please contact our support team at 1800-410-6688.","2026-07-28 04:29:51.028469","2026-07-28 04:29:51.028469"
168,57e81999-b232-48b2-9d8a-5446cb476063,TKT-1-202607-02733,vikram6singh,1,2,"2026-07-25 16:54:10",0,"Please check.","2026-07-25 11:24:09.837479","2026-07-25 11:24:09.837479"
168,515f7379-648c-4baf-aa1e-3d8986c8e6a9,TKT-1-202607-02733,wc21034_01,NULL,1,"2026-07-25 16:51:46",0,New,"2026-07-25 11:21:46.106144","2026-07-25 11:21:46.106144"
2769,f3ea8bfc-bc51-4fdb-8cfd-671e81ffff33,TKT-1-202607-02734,vikram6singh,10,2,"2026-07-30 13:34:08",0,"Please check.","2026-07-30 08:04:07.842573","2026-07-30 08:04:07.842573"
2769,d81b2984-49b9-4d3e-b996-531e6981942a,TKT-1-202607-02734,umesh.k,2,3,"2026-07-27 09:55:04",0,"Dear sir/madam, please check the comments added. Thank you","2026-07-27 04:25:04.124062","2026-07-27 04:25:04.124062"
2769,d4ce027a-c8ea-445d-9ef6-39e17a96a975,TKT-1-202607-02734,HA11_MOVEMENT_ADMIN,5,2,"2026-09-01 13:06:45",0,"Depot-wise Wagon Planning should have option to assign wagons to depots by receiving end, as consignor end cannot decide the same. please rectify by allowing consignee to modify the position.","2026-09-01 07:36:45.226377","2026-09-01 07:36:45.226377"
2769,bd9dc835-84ac-4f6b-964c-a3ac8f2f7ca3,TKT-1-202607-02734,vikram6singh,1,2,"2026-07-25 16:59:38",1,"Please check.","2026-07-25 11:29:37.903945","2026-07-25 11:29:37.903945"
2769,a3f4488b-8711-4133-8da3-a192ba34e2dc,TKT-1-202607-02734,inzemamul.h,2,5,"2026-08-20 13:57:04",0,"Respected sir, please look into the given new requirement regarding provision for the selection of wagon during wagon-wise depot planning.","2026-08-20 08:27:04.222166","2026-08-20 08:27:04.222166"
2769,9fa474f1-276c-4ce0-8dc8-5d259364c2f1,TKT-1-202607-02734,276255,3,2,"2026-08-15 13:05:13",0,"Please go through With my remark","2026-08-15 07:35:12.786634","2026-08-15 07:35:12.786634"
2769,76ad3e8b-a7ad-44d8-a08f-8e05da49a188,TKT-1-202607-02734,shivaniyadav091298,3,2,"2026-07-28 16:50:03",0,"Please check","2026-07-28 11:20:02.903640","2026-07-28 11:20:02.903640"
2769,74f8a966-c8c0-4325-ac99-dd7b711469e5,TKT-1-202607-02734,276255,NULL,1,"2026-07-25 16:59:22",0,New,"2026-07-25 11:29:21.647289","2026-07-25 11:29:21.647289"
2769,68606ac0-de80-4c00-a0e1-bf5d0c861f0b,TKT-1-202607-02734,shivaniyadav091298,2,7,"2026-07-28 16:56:53",0,"Please check the comment section.","2026-07-28 11:26:52.845985","2026-07-28 11:26:52.845985"
2769,33c0bded-b7f4-4584-92e4-a83461d9262d,TKT-1-202607-02734,276255,7,10,"2026-07-30 13:17:31",0,"it's not resolved yet","2026-07-30 07:47:30.994603","2026-07-30 07:47:30.994603"
2769,17feb324-96e1-4f8b-a610-b7b32d1c51f5,TKT-1-202607-02734,inzemamul.h,2,12,"2026-09-01 17:21:41",0,"Please kindly approve it for CR consideration.","2026-09-01 11:51:40.555865","2026-09-01 11:51:40.555865"
2769,97970202-d8ad-460b-b3a5-8c912b74e92b,TKT-1-202607-02734,inzemamul.h,2,3,"2026-08-01 12:26:25",0,"kindly refer to the comment box.","2026-08-01 06:56:24.829138","2026-08-01 06:56:24.829138"
743,59b29ee8-42db-4b4e-8f8c-c7540dc5b1f3,TKT-1-202607-02736,106186,NULL,1,"2026-07-25 17:20:44",0,New,"2026-07-25 11:50:44.195498","2026-07-25 11:50:44.195498"
743,e5c5496b-3675-478e-a228-dc6b0f0993bb,TKT-1-202607-02736,106186,3,2,"2026-07-30 16:24:10",0,"Kindly check the comment for userid and password , the work request is not shown in the work request list.","2026-07-30 10:54:10.255806","2026-07-30 10:54:10.255806"
743,dbd4cf2f-8ef3-40a6-85d7-1bd7dcfd7f19,TKT-1-202607-02736,vikram6singh,1,2,"2026-07-25 17:27:32",1,"Please check","2026-07-25 11:57:31.542616","2026-07-25 11:57:31.542616"
743,db142dc4-43e8-4dc5-97f6-bb297f40bd1b,TKT-1-202607-02736,106186,3,2,"2026-08-07 15:24:38",0,"Kindly close the ticket.","2026-08-07 09:54:37.670466","2026-08-07 09:54:37.670466"
743,acf28424-9a72-44ec-94eb-e0f6fabbdb98,TKT-1-202607-02736,106186,3,2,"2026-07-27 17:03:21",0,"The screenshot is attached, kindly resolve this","2026-07-27 11:33:21.387025","2026-07-27 11:33:21.387025"
743,89754cd6-debd-4de6-9ff6-9d0b74a1df09,TKT-1-202607-02736,satish.d,2,3,"2026-07-28 12:39:46",0,"share the user detail of the one who created work request, and the work request you are expecting to see","2026-07-28 07:09:45.987548","2026-07-28 07:09:45.987548"
743,87ab788e-953d-4863-ba05-a6f16268155a,TKT-1-202607-02736,shrutipan966,2,7,"2026-08-07 17:21:05",0,"As per the user's remark(Kindly close the ticket).","2026-08-07 11:51:04.599048","2026-08-07 11:51:04.599048"
743,5392ecc2-8559-45c9-9529-9eb41111f31b,TKT-1-202607-02736,106186,3,2,"2026-08-03 14:29:06",0,"User id: 315467, psswd: Jackson@123","2026-08-03 08:59:05.689354","2026-08-03 08:59:05.689354"
743,483a4eb5-2801-4478-aa52-c24314762836,TKT-1-202607-02736,saroj.m,2,3,"2026-07-25 17:59:01",0,"You are kindly requested to please share the relevant screenshots and supporting documents, so that we may review the matter and determine the further course of action. For any assistance, please contact our support team at: 1800-410-6688.","2026-07-25 12:29:01.286817","2026-07-25 12:29:01.286817"
743,2caf9dd0-9d86-4616-bfde-0982950ac5ba,TKT-1-202607-02736,satish.d,2,3,"2026-08-04 14:12:26",0,"please check the comment section","2026-08-04 14:12:25.980266","2026-08-04 14:12:25.980266"
743,123adef9-642e-4c84-a1d9-70e2c5b49de6,TKT-1-202607-02736,satish.d,2,3,"2026-07-31 12:29:54",0,"please check the share credentials, it not proper","2026-07-31 06:59:54.208189","2026-07-31 06:59:54.208189"
645,a165da01-d470-41db-b275-cc436ae4d801,TKT-1-202607-02738,292750,NULL,1,"2026-07-25 17:57:00",0,New,"2026-07-25 12:27:00.477771","2026-07-25 12:27:00.477771"
645,e218c271-0f81-4eb6-b202-f4a12ad14ec9,TKT-1-202607-02738,satish.d,2,3,"2026-07-28 14:01:38",0,"data cant be edited through backend","2026-07-28 08:31:37.615371","2026-07-28 08:31:37.615371"
645,c7a0a17d-1eba-4919-9c32-5c145c562db1,TKT-1-202607-02738,292750,3,2,"2026-07-30 11:48:28",0,"please close the ticket issue has been resolved","2026-07-30 06:18:28.422703","2026-07-30 06:18:28.422703"
645,c02044ca-de37-4c64-a464-9d377a23f131,TKT-1-202607-02738,satish.d,2,7,"2026-07-30 16:26:56",0,"closing this ticket","2026-07-30 10:56:56.444061","2026-07-30 10:56:56.444061"
645,1d9c15bf-5283-4658-91f6-42d2e6cf313a,TKT-1-202607-02738,vikram6singh,1,2,"2026-07-25 17:58:47",0,"Please check","2026-07-25 12:28:47.058911","2026-07-25 12:28:47.058911"
3430,2c67a0d4-0d9f-42cd-9da6-3b7d63d84b40,TKT-1-202607-02740,satish.d,2,3,"2026-07-28 14:00:40",0,"spray due date is showing in the spraying details section in the stack card at the end please check","2026-07-28 08:30:40.009253","2026-07-28 08:30:40.009253"
3430,49a3e57c-b054-4174-842a-cc2f7a86a2cd,TKT-1-202607-02740,sanjeet.k,2,3,"2026-07-25 18:06:30",0,"Kindly share the supporting documents/screenshot related to your query for the further assistance","2026-07-25 12:36:29.583320","2026-07-25 12:36:29.583320"
3430,8faa3ec4-fcaa-4750-84d1-2b83659c4543,TKT-1-202607-02740,282775,3,2,"2026-07-28 12:58:33",0,"SPRAY DUE DATE NOT SHOWING IN ANNADRPAN","2026-07-28 07:28:33.318998","2026-07-28 07:28:33.318998"
3430,a600c362-682f-4060-97ed-35bdc72daffc,TKT-1-202607-02740,282775,NULL,1,"2026-07-25 17:59:56",0,New,"2026-07-25 12:29:56.452082","2026-07-25 12:29:56.452082"
3430,aec55a54-486c-4d87-9ccf-6f239fe80482,TKT-1-202607-02740,satish.d,2,5,"2026-08-07 13:12:09",0,"please check this requirement","2026-08-07 07:42:08.680119","2026-08-07 07:42:08.680119"
3430,d6a90e00-748f-4426-bec3-d4d73de5e6cd,TKT-1-202607-02740,vikram6singh,1,2,"2026-07-25 18:03:36",0,"Please check","2026-07-25 12:33:35.613711","2026-07-25 12:33:35.613711"
3430,e5a811b8-c617-46ae-bfc7-082a237c0700,TKT-1-202607-02740,282775,3,2,"2026-07-29 12:08:15",0,"please check comment","2026-07-29 06:38:15.127721","2026-07-29 06:38:15.127721"
970,756df124-9444-4751-b957-3fcf42748abb,TKT-1-202607-02742,126554,7,10,"2026-08-12 15:19:17",0,"Our problem to add procurement of SHS gunny yet not resolved. please give option under the head gunny receive in gunny receive head - purchage - SHS. SHS gunny should be reflect in drop down field to select SHS like SBT, SBT (580) etc","2026-08-12 09:49:16.619624","2026-08-12 09:49:16.619624"
970,84320636-961b-400d-878d-f1b6dfdd009a,TKT-1-202607-02742,shivaniyadav091298,3,2,"2026-08-12 11:40:18",0,"Please check","2026-08-12 06:10:17.959927","2026-08-12 06:10:17.959927"
970,9d0029e2-5140-4322-b0c8-7dae79c26705,TKT-1-202607-02742,inish.d,2,7,"2026-08-27 12:52:04",0,"User mentioned as please closed the Ticket issue has been resolve . ticket is resolved.","2026-08-27 07:22:03.823086","2026-08-27 07:22:03.823086"
970,b16c789c-b8cc-43cb-82f1-8cd5d9574f9c,TKT-1-202607-02742,126554,3,2,"2026-08-27 12:37:37",0,"please closed the Ticket issue has been resolve","2026-08-27 07:07:36.890921","2026-08-27 07:07:36.890921"
970,c0307d8e-2b6f-41a6-b02c-8f424922bb93,TKT-1-202607-02742,vikram6singh,1,2,"2026-07-27 09:17:56",0,"Please check.","2026-07-27 03:47:55.804925","2026-07-27 03:47:55.804925"
970,cedfe448-1730-4376-9762-2e45bc95d62d,TKT-1-202607-02742,inish.d,2,3,"2026-07-28 14:16:34",0,"Sir/Madam, please ensure that the reference number does not exceed 50 characters.","2026-07-28 08:46:34.424196","2026-07-28 08:46:34.424196"
970,fa4d1133-510d-4fda-aabd-5125bb194ec9,TKT-1-202607-02742,126554,3,2,"2026-07-29 14:12:03",0,"Whats do you want to say by "please ensure that the reference number does not exceed 50 characters". we have not quirried about it. Please go through my problem again and solve it.","2026-07-29 08:42:02.903760","2026-07-29 08:42:02.903760"
970,1c77c734-2370-4a5e-bb85-67ea2ed98bc0,TKT-1-202607-02742,inish.d,2,3,"2026-07-27 18:22:50",0,"Sir/Madam, Please share the screenshot without error message","2026-07-27 12:52:50.324030","2026-07-27 12:52:50.324030"
970,54244176-2af5-49a8-9ff3-da99d94eaaf9,TKT-1-202607-02742,inish.d,2,3,"2026-08-25 16:05:34",0,"Please check the comment section","2026-08-25 10:35:34.318803","2026-08-25 10:35:34.318803"
970,32169ef4-b5c1-47f3-ad90-35bd257c6b9a,TKT-1-202607-02742,126554,3,2,"2026-07-28 13:17:20",0,"how can we share the screenshot without the error message as it is showing error in the system .","2026-07-28 07:47:20.159593","2026-07-28 07:47:20.159593"
970,2900ee1d-8678-43a4-82b5-4e8be719004b,TKT-1-202607-02742,126554,3,2,"2026-08-25 11:54:43",0,"please check comment below","2026-08-25 06:24:42.596558","2026-08-25 06:24:42.596558"
970,21add318-617d-489b-8077-7d3df9e5ce29,TKT-1-202607-02742,vikram6singh,10,2,"2026-08-12 15:24:04",0,"Please check.","2026-08-12 09:54:04.475420","2026-08-12 09:54:04.475420"
970,0ae161c3-defb-4379-ae77-88c377f66b76,TKT-1-202607-02742,shivaniyadav091298,2,7,"2026-08-12 11:41:04",0,"Please check the comment section.","2026-08-12 06:11:03.938121","2026-08-12 06:11:03.938121"
970,1b8c8ee2-74ea-49ec-b1bf-b4565f626478,TKT-1-202607-02742,inish.d,2,3,"2026-08-13 11:26:12",0,"Sir/Madam, Please check the comment","2026-08-13 05:56:12.351909","2026-08-13 05:56:12.351909"
970,14dfb3cf-de09-49dd-b272-16c94284a0fe,TKT-1-202607-02742,inish.d,2,3,"2026-07-30 10:10:35",0,"Sir, Based on the error message, it appears the Reference Number may exceed the 50-character limit. Please enter a reference number within 50 characters (including spaces) and try submitting again. Please check.","2026-07-30 04:40:34.755199","2026-07-30 04:40:34.755199"
970,65834e76-9c02-485b-a8e0-d96d52ae8bf5,TKT-1-202607-02742,126554,NULL,1,"2026-07-25 18:29:53",0,New,"2026-07-25 12:59:53.424391","2026-07-25 12:59:53.424391"
169,fc05004e-f1f7-4e9f-9edb-cc6280da6747,TKT-1-202607-02744,satish.d,2,7,"2026-07-29 17:53:10",0,"closing this ticket","2026-07-29 12:23:10.423906","2026-07-29 12:23:10.423906"
169,862f4952-111f-421a-9643-7ab5d790643b,TKT-1-202607-02744,157538,NULL,1,"2026-07-25 19:43:30",0,New,"2026-07-25 14:13:29.916259","2026-07-25 14:13:29.916259"
169,83af2347-7fe7-45af-b041-7de1556be3a4,TKT-1-202607-02744,vikram6singh,1,2,"2026-07-27 09:17:39",0,"Please check.","2026-07-27 03:47:38.827335","2026-07-27 03:47:38.827335"
169,7b7ce3bd-3c77-4f93-9984-3d6ea7c3f417,TKT-1-202607-02744,satish.d,2,3,"2026-07-28 10:56:23",0,"check the comment section","2026-07-28 05:26:22.521036","2026-07-28 05:26:22.521036"
169,311850ee-1995-4113-bd54-4975f3f20dc1,TKT-1-202607-02744,157538,7,8,"2026-08-11 14:54:20",0,close,"2026-08-11 09:24:20.434866","2026-08-11 09:24:20.434866"
169,164ae8a6-581f-4b93-bfbb-5fc261f4705a,TKT-1-202607-02744,157538,3,2,"2026-07-29 17:46:31",0,"Issue resolved","2026-07-29 12:16:31.449651","2026-07-29 12:16:31.449651"
4037,0647b09a-3e5a-448e-9f8e-ef2112d51b53,TKT-1-202607-02758,318481,NULL,1,"2026-07-27 10:48:22",0,New,"2026-07-27 05:18:22.480331","2026-07-27 05:18:22.480331"
4037,1283f3a7-6f7b-4a8c-89b0-2ba80d656d5f,TKT-1-202607-02758,HA11_MOVEMENT_ADMIN,5,2,"2026-09-01 13:02:12",0,"the data is limited to concerned DO only and RO shall have data in respect of all DOs of the concerned region.","2026-09-01 07:32:12.194389","2026-09-01 07:32:12.194389"
4037,150cf3b7-f02d-4c6b-867a-88aeda6b9c0b,TKT-1-202607-02758,vikram6singh,1,2,"2026-07-27 11:04:58",0,"Please check.","2026-07-27 05:34:58.018807","2026-07-27 05:34:58.018807"
4037,501b9eed-08a0-4a1b-ac1a-da2ff238b803,TKT-1-202607-02758,saroj.m,2,12,"2026-09-09 12:43:29",0,"Respected Sir, Please do the needfull.","2026-09-09 07:13:29.305421","2026-09-09 07:13:29.305421"
4037,7ec2d2f3-e0f6-4460-a69b-ee1075c24768,TKT-1-202607-02758,Movement_admin,5,2,"2026-07-30 14:40:02",0,"does not pertains to Movt. Divn.","2026-07-30 09:10:02.481203","2026-07-30 09:10:02.481203"
4037,bb5f245d-2ad7-4497-8f8d-ab05e49425fd,TKT-1-202607-02758,saroj.m,2,5,"2026-08-01 09:11:25",0,"Respected sir , Please look into this suggestion.","2026-08-01 03:41:24.612057","2026-08-01 03:41:24.612057"
4037,cccb4ca0-42a4-4ae3-8aa5-adfa3c57c500,TKT-1-202607-02758,saroj.m,2,5,"2026-07-28 08:57:42",0,"Respected Sir , Please look into this suggestion.","2026-07-28 03:27:41.701632","2026-07-28 03:27:41.701632"
15384,d9331311-7988-4921-8ce6-1bfbbc55af34,TKT-1-202607-02762,vikram6singh,10,2,"2026-08-29 12:21:06",0,"Please check","2026-08-29 06:51:05.885360","2026-08-29 06:51:05.885360"
15384,cbc7e73a-22da-42a1-b969-9e445f3c3c0d,TKT-1-202607-02762,311086,7,10,"2026-08-29 12:08:42",0,"Same error after App update, QR Scanner not working in App","2026-08-29 06:38:41.643947","2026-08-29 06:38:41.643947"
15384,3e49a727-13a4-41f9-8e77-7d2010399a21,TKT-1-202607-02762,311086,3,2,"2026-07-31 11:45:32",0,"Please find attached pdf while scanning QR from stack details error is showing in mobile app.","2026-07-31 06:15:31.637504","2026-07-31 06:15:31.637504"
15384,c75259b7-207e-4f95-91a9-34e4fd3b5e67,TKT-1-202607-02762,311086,3,2,"2026-09-09 18:46:26",0,"Respected Sir, we would like a Digital Stack Card for each physical stack that includes a QR code. When scanned, this QR code will link to an app that displays all stack details, including transaction, inspection, and chemical treatment histories.","2026-09-09 13:16:26.096066","2026-09-09 13:16:26.096066"
15384,a73f82a1-2434-4051-ad54-487314648434,TKT-1-202607-02762,311086,NULL,1,"2026-07-27 11:28:37",0,New,"2026-07-27 05:58:36.580969","2026-07-27 05:58:36.580969"
15384,87069c91-6f5e-44da-9ad4-4fe5d289c4d8,TKT-1-202607-02762,umesh.k,2,3,"2026-07-31 11:17:50",0,"Kindly check our comments.","2026-07-31 05:47:49.751252","2026-07-31 05:47:49.751252"
15384,6babbea3-684c-4532-8134-77e18cfa6efc,TKT-1-202607-02762,umesh.k,2,7,"2026-09-11 15:06:46",0,"As per requester confirmation,we are closing this ticket.Thanks.","2026-09-11 09:36:46.456696","2026-09-11 09:36:46.456696"
15384,4e02c920-be38-4629-8b32-a10d99cf9307,TKT-1-202607-02762,umesh.k,2,3,"2026-09-09 10:16:34",0,"Kindly check our comments.","2026-09-09 04:46:33.950501","2026-09-09 04:46:33.950501"
15384,3f917103-7ebd-48eb-b7df-c23d4281652a,TKT-1-202607-02762,311086,3,2,"2026-09-11 12:52:44",0,RESOLVED,"2026-09-11 07:22:43.716096","2026-09-11 07:22:43.716096"
15384,1f0783fb-9833-466e-bb0e-f264218e954e,TKT-1-202607-02762,umesh.k,2,7,"2026-08-20 11:51:03",0,"Kindly check our comments.","2026-08-20 06:21:03.122461","2026-08-20 06:21:03.122461"
15384,13dcb48b-a658-4093-a1f6-c38c3be0706c,TKT-1-202607-02762,vikram6singh,1,2,"2026-07-27 11:55:29",1,"Please check.","2026-07-27 06:25:28.621320","2026-07-27 06:25:28.621320"
15384,8255ea18-4e49-4e47-8e84-e945c4d91590,TKT-1-202607-02762,umesh.k,2,3,"2026-09-10 12:17:42",0,"Kindly check our comments.","2026-09-10 06:47:42.490823","2026-09-10 06:47:42.490823"
11,14de91ee-c088-48b0-b1fd-685edc820c5c,TKT-1-202607-02763,inish.d,2,3,"2026-07-28 12:37:03",0,"Sir/Madam, Please check the comment section","2026-07-28 07:07:03.103778","2026-07-28 07:07:03.103778"
11,231ba996-f6b6-40ce-b3aa-382dacc7fad8,TKT-1-202607-02763,176967,3,2,"2026-08-06 13:29:13",0,"please check","2026-08-06 07:59:12.723347","2026-08-06 07:59:12.723347"
11,4851eb96-2033-4ccf-ab48-2e76c675a934,TKT-1-202607-02763,176967,NULL,1,"2026-07-27 11:34:24",0,New,"2026-07-27 06:04:24.329726","2026-07-27 06:04:24.329726"
11,60bf31bc-ae9e-435d-83d3-5e6344fc4ed0,TKT-1-202607-02763,vikram6singh,1,2,"2026-07-27 11:56:05",0,"Please check.","2026-07-27 06:26:04.763026","2026-07-27 06:26:04.763026"
11,f2e530af-cb7e-47e5-811c-73584b56ddf6,TKT-1-202607-02763,inish.d,2,12,"2026-08-06 19:23:22",0,"User wants to change depot code, please cehck and give your suggestion","2026-08-06 13:53:22.033032","2026-08-06 13:53:22.033032"
5631,2fd67a57-d186-401f-a5ea-3fae64bb37d2,TKT-1-202607-02766,pooja.11,2,3,"2026-07-27 13:06:21",0,"Kindly refer the comment box. For Further assistance, please contact our Support team at: 1800 410 6688.","2026-07-27 07:36:20.757227","2026-07-27 07:36:20.757227"
5631,ffc5a6e5-aad3-4d39-be20-fd49009988fd,TKT-1-202607-02766,vikram6singh,1,2,"2026-07-27 11:55:53",0,"Please check.","2026-07-27 06:25:52.973572","2026-07-27 06:25:52.973572"
5631,e6176431-97f8-4643-9021-520caf4922f5,TKT-1-202607-02766,inish.d,2,5,"2026-08-10 12:51:01",0,"User has requested more details on QR code scanning on the Stack Details page. Please confirm the requirement and specify the additional information to be displayed in the Stack Card upon scanning.","2026-08-10 07:21:00.879845","2026-08-10 07:21:00.879845"
5631,cbec2158-5230-43a0-a8e0-70dca115ba5d,TKT-1-202607-02766,311086,NULL,1,"2026-07-27 11:43:49",0,New,"2026-07-27 06:13:48.750239","2026-07-27 06:13:48.750239"
5631,8c5b0d52-d57f-49f0-9fd4-267d1fb751bf,TKT-1-202607-02766,311086,3,2,"2026-07-27 14:10:59",0,"please get details in comments","2026-07-27 08:40:58.996019","2026-07-27 08:40:58.996019"
54,f17424d3-1582-42cc-bcc9-0a23ee714289,TKT-1-202607-02771,inzemamul.h,2,7,"2026-08-11 17:28:27",0,"kindly refer to the comment box.","2026-08-11 11:58:26.564690","2026-08-11 11:58:26.564690"
54,f0c92809-8dbe-494c-a69d-8b7c792f2668,TKT-1-202607-02771,vikram6singh,1,2,"2026-07-27 12:23:34",1,"Please check.","2026-07-27 06:53:34.345742","2026-07-27 06:53:34.345742"
54,e7c7c895-29f9-43bc-9c41-b78c05327dbb,TKT-1-202607-02771,294767,7,10,"2026-08-06 13:41:24",0,"In the Stock Report → Reconciliation Report, Depot-wise, Division-wise, and Region-wise totals are not available. It is requested to incorporate these totals in the report to facilitate easy consolidation and user-friendly access to real-time data","2026-08-06 08:11:23.607469","2026-08-06 08:11:23.607469"
54,bff38cc1-c399-4b3e-961d-cf2d7c7aad6d,TKT-1-202607-02771,294767,7,10,"2026-08-10 12:16:55",0,"It is requested to incorporate Depot-wise/ Division-wise total column in Stock Reconciliation Report.","2026-08-10 06:46:54.794662","2026-08-10 06:46:54.794662"
54,abf7eff5-070f-4ea9-93b9-5ad6254811e3,TKT-1-202607-02771,vikram6singh,10,2,"2026-08-06 14:30:23",0,"Please check.","2026-08-06 09:00:23.091954","2026-08-06 09:00:23.091954"
54,9bf34257-5f5b-446f-8818-6e2bd19a6c19,TKT-1-202607-02771,294767,3,2,"2026-08-07 16:21:31",0,"Issue is resolved.","2026-08-07 10:51:30.500882","2026-08-07 10:51:30.500882"
54,994ba850-f3c5-45a1-91f6-99cc643b2e19,TKT-1-202607-02771,amitabh.k,5,7,"2026-08-05 11:50:00",0,"Requisite total values can be explored via putting formulas in excel system by downloadin the report","2026-08-05 06:19:59.932188","2026-08-05 06:19:59.932188"
54,49aba254-50d6-45cc-965f-5b877893cd1f,TKT-1-202607-02771,arti.1.t,2,3,"2026-08-10 14:35:13",0,"I tried to contact you, but we were unable to connect.For any further assistance, please contact our support team at 1800-410-6688.","2026-08-10 09:05:12.701423","2026-08-10 09:05:12.701423"
54,5193cca6-b33a-4a46-9c55-8a372d1df7fb,TKT-1-202607-02771,arti.1.t,2,7,"2026-08-07 16:27:42",0,"As confirmed by the user, the issue has been resolved. Therefore, the ticket has been closed.For further assistance, please contact our support team at: 1800-410-6688.","2026-08-07 10:57:42.361059","2026-08-07 10:57:42.361059"
54,16de1930-0694-4f2a-9ec5-88199504f7cb,TKT-1-202607-02771,294767,NULL,1,"2026-07-27 12:12:32",0,New,"2026-07-27 06:42:32.375386","2026-07-27 06:42:32.375386"
54,4122b1ae-d9c8-4da9-aec6-ca5bced6d261,TKT-1-202607-02771,vikram6singh,10,2,"2026-08-10 12:56:45",0,"Please check.","2026-08-10 07:26:44.828107","2026-08-10 07:26:44.828107"
54,425da616-6ba9-43a0-9644-a54421dbd44d,TKT-1-202607-02771,294767,3,2,"2026-08-11 15:11:04",0,"Issue has been not resolved , Please check it once and do needful.","2026-08-11 09:41:04.470160","2026-08-11 09:41:04.470160"
54,42fdb0b4-a29b-489b-88f8-1dc9cfd09a67,TKT-1-202607-02771,arti.1.t,2,5,"2026-07-27 14:05:36",0,"Provision of Depot-wise, Division-wise, and Region-wise Totals in Reconciliation Report -reg.Kindly do the needful","2026-07-27 08:35:35.791750","2026-07-27 08:35:35.791750"
54,469f27c8-9c6f-45ac-982f-664166b21a2a,TKT-1-202607-02771,arti.1.t,2,3,"2026-08-06 17:25:51",0,"I tried to connect with you. Whenever you are available, kindly connect with us so that we can discuss and resolve the issue.","2026-08-06 11:55:50.994366","2026-08-06 11:55:50.994366"
15768,098ebb18-9cab-4ce7-a7eb-cb36d5e40c3f,TKT-1-202607-02780,umesh.k,2,3,"2026-09-08 18:34:07",0,"Dear sir/madam, kindly check the comments added. Thank you","2026-09-08 13:04:06.699592","2026-09-08 13:04:06.699592"
15768,1eb21f73-386d-4fff-8e76-22c67215e7fb,TKT-1-202607-02780,292751,3,2,"2026-09-09 13:31:01",0,"please closed The Ticket issue has been Resolve","2026-09-09 08:01:01.125423","2026-09-09 08:01:01.125423"
15768,338755a6-b48c-4733-a3ea-8990ad8f0900,TKT-1-202607-02780,292751,3,2,"2026-08-05 12:34:31",0,"loadiong statement is attached for your reference.","2026-08-05 07:04:31.128065","2026-08-05 07:04:31.128065"
15768,406c8c28-f6ec-4c14-9e9c-701ab1e32d5d,TKT-1-202607-02780,vikram6singh,1,2,"2026-07-27 13:26:14",1,"Please check","2026-07-27 07:56:13.671158","2026-07-27 07:56:13.671158"
15768,45221dde-9db5-4d45-b32e-2163b1761550,TKT-1-202607-02780,umesh.k,2,3,"2026-07-29 15:03:45",0,"Dear Sir/Madam,  Kindly share the wagon details where you are seeing the excess bags, along with the original bag count. This will help us investigate the issue and identify the cause.  Thank you.","2026-07-29 09:33:44.842477","2026-07-29 09:33:44.842477"
15768,5eefd3ea-1787-4e16-b95c-b813e082b497,TKT-1-202607-02780,292751,NULL,1,"2026-07-27 12:51:46",0,New,"2026-07-27 07:21:46.118627","2026-07-27 07:21:46.118627"
15768,9674468c-48bb-4cd9-a9ef-23d0bc706e73,TKT-1-202607-02780,umesh.k,2,7,"2026-09-09 15:38:27",0,"Closing this ticket as the issue is resolved","2026-09-09 10:08:27.163129","2026-09-09 10:08:27.163129"
4543,eb9426e6-16ce-40ae-b6b3-b90265ca5b4f,TKT-1-202607-02782,175119,NULL,1,"2026-07-27 12:56:25",0,New,"2026-07-27 07:26:25.413684","2026-07-27 07:26:25.413684"
4543,b9f34612-2d21-43ee-b71a-8f4ae5cb9745,TKT-1-202607-02782,amitabh.k,5,7,"2026-08-31 18:01:30",0,"The provision has been implemented.","2026-08-31 12:31:29.743143","2026-08-31 12:31:29.743143"
4543,b4778bd7-a4e2-4d89-8fe4-4a8a75a4ac48,TKT-1-202607-02782,vikram6singh,1,2,"2026-07-27 13:26:33",1,"Please check","2026-07-27 07:56:33.418063","2026-07-27 07:56:33.418063"
4543,20bcb130-7c9b-4042-bd8f-39d4abe449a3,TKT-1-202607-02782,umesh.k,2,5,"2026-08-06 19:51:51",0,"Dear Sir/Madam,  The user has requested a new enhancement for adding/removing loose grains for MBR. Please review and confirm whether this change request can be taken up.  Thank you.","2026-08-06 14:21:50.506340","2026-08-06 14:21:50.506340"
4543,04fae0aa-215f-4042-ae34-5d2c5bd120c7,TKT-1-202607-02782,175119,3,2,"2026-07-27 16:16:17",1,"Screenshot Attached","2026-07-27 10:46:17.424697","2026-07-27 10:46:17.424697"
4543,86aa1df9-f095-4c09-b33f-0a9aa383e3d9,TKT-1-202607-02782,saroj.m,2,3,"2026-07-27 13:52:26",0,"You are kindly requested to please share the relevant screenshots and supporting documents, so that we may review the matter and determine the further course of action. For any assistance, please contact our support team at: 1800-410-6688.","2026-07-27 08:22:26.001892","2026-07-27 08:22:26.001892"
5110,a9a4736f-2fb0-4f10-a841-34853d814065,TKT-1-202607-02800,237071,3,2,"2026-08-05 13:26:41",0,"At FSD Ashoknagar rake received via trucks from BT siding and wagon wise stacking is not done.RMC is recorded from completed stack during initial fortnight inspection. So initial stack inspection moisture needs to be treated as RMC at FSD Ashoknagar.","2026-08-05 07:56:40.850771","2026-08-05 07:56:40.850771"
5110,fa9d384d-ea00-409f-bb05-9d3d21a57988,TKT-1-202607-02800,umesh.k,2,3,"2026-08-10 16:31:10",0,"Dear Sir,  We are calculating the average of all moisture content values captured during each receipt transaction and displaying the corresponding RMC value.","2026-08-10 11:01:10.200317","2026-08-10 11:01:10.200317"
5110,af7c01af-7357-4500-b0f1-7cd38718533e,TKT-1-202607-02800,satish.d,2,5,"2026-08-17 17:10:29",0,"please check this requirement","2026-08-17 11:40:28.660813","2026-08-17 11:40:28.660813"
5110,a9c76176-d789-4cd7-9908-d70f4ebb7602,TKT-1-202607-02800,satish.d,2,3,"2026-07-30 10:51:35",0,"avergae of all receipt transactions moisture and avaerage of all issue transactions moisture is what being shown in the 29.10 report not the moisture from inspection","2026-07-30 05:21:34.591108","2026-07-30 05:21:34.591108"
5110,a611ec61-1a62-4638-ba1d-15651514da9c,TKT-1-202607-02800,vikram6singh,1,2,"2026-07-27 15:59:40",1,"Please check.","2026-07-27 10:29:40.078974","2026-07-27 10:29:40.078974"
5110,9f771d52-fc7f-4e01-a7b4-21e657e6c007,TKT-1-202607-02800,237071,NULL,1,"2026-07-27 15:51:23",0,New,"2026-07-27 10:21:22.730623","2026-07-27 10:21:22.730623"
5110,5239b7de-14cc-4d0e-9a87-a141cdd82116,TKT-1-202607-02800,237071,3,2,"2026-07-28 12:57:40",1,"If required please call me on 9007407526 for queries regarding the issue.","2026-07-28 07:27:39.511571","2026-07-28 07:27:39.511571"
5110,45375b49-a242-49c3-9de6-f6f7610813d8,TKT-1-202607-02800,237071,3,2,"2026-08-11 15:59:09",0,"please refer the text in comment section for detailed ticket.","2026-08-11 10:29:09.336595","2026-08-11 10:29:09.336595"
5110,056980c9-878b-43be-853a-f9593ec2736e,TKT-1-202607-02800,anshu.r,2,3,"2026-07-27 16:49:18",0,"kindly share the supportive documents for our further investigation. For further assistance, please contact our support team at : 📞 1800-410-6688.","2026-07-27 11:19:18.025934","2026-07-27 11:19:18.025934"
3960,17382ef2-c060-4213-80ac-41ba8440e8e5,TKT-1-202607-02801,kshitiz.s,3,2,"2026-08-12 14:05:23",0,"Please check.","2026-08-12 08:35:22.950894","2026-08-12 08:35:22.950894"
3960,182cc5ea-e019-4e0f-947a-244a8be9b304,TKT-1-202607-02801,vikram6singh,1,2,"2026-07-27 15:59:36",0,"Please check.","2026-07-27 10:29:36.228599","2026-07-27 10:29:36.228599"
3960,5b0ba8da-b939-4dd2-8551-cdcc05f1dbd4,TKT-1-202607-02801,kshitiz.s,2,7,"2026-08-12 14:06:18",0,"Please refer to the comment section.","2026-08-12 08:36:18.032876","2026-08-12 08:36:18.032876"
3960,7deea31a-6fd9-4a6f-9ae5-e3ec7e025985,TKT-1-202607-02801,satish.d,2,3,"2026-08-06 14:43:46",0,"Please be informed, the conditions for generating priority list is not only based on date of issue, but also on other factors like grade, age, luster loss, etc., so please check as per the rules","2026-08-06 09:13:46.423503","2026-08-06 09:13:46.423503"
3960,a2feae59-ec01-4d1c-b25b-dd7979aae037,TKT-1-202607-02801,286858,3,2,"2026-07-30 14:56:33",0,"plz see comment section","2026-07-30 09:26:32.504675","2026-07-30 09:26:32.504675"
3960,e93b8a90-2a77-41e1-8236-efb8001552f0,TKT-1-202607-02801,satish.d,2,3,"2026-07-29 19:04:58",0,"where the order has been changed?","2026-07-29 13:34:57.559963","2026-07-29 13:34:57.559963"
3960,ddee9c12-8874-4f2b-a730-b1ddc9b3f58c,TKT-1-202607-02801,286858,NULL,1,"2026-07-27 15:51:34",0,New,"2026-07-27 10:21:33.589675","2026-07-27 10:21:33.589675"
9359,04fa6276-5823-48b0-bcd1-6390ba72d84f,TKT-1-202607-02804,inzemamul.h,2,3,"2026-09-05 10:59:35",0,"kindly refer to the comment box.","2026-09-05 05:29:34.945503","2026-09-05 05:29:34.945503"
9359,03f7624d-b953-4664-99e0-ed2447227ba5,TKT-1-202607-02804,inish.d,2,3,"2026-08-24 17:43:45",0,"Sir, Few details are missing in the screenshot like remarks and mode of transaport field values and no of items selected for transfer and share user login details.","2026-08-24 12:13:44.871267","2026-08-24 12:13:44.871267"
9359,d9755ad2-e1f7-4481-934d-a73973ad52d5,TKT-1-202607-02804,shivaniyadav091298,3,2,"2026-09-07 16:37:55",0,"Please check","2026-09-07 11:07:55.381797","2026-09-07 11:07:55.381797"
9359,d018b6fd-beea-4926-bc62-6d7f7f0e6267,TKT-1-202607-02804,140983,3,2,"2026-07-31 12:41:30",0,"Sir, The issue still persists, we can't transfer remaining bally to fsd partapur. Kindly resolve it. Thank you.","2026-07-31 07:11:29.561035","2026-07-31 07:11:29.561035"
9359,be231f6e-1849-489b-9bb0-eebabb6d4ddd,TKT-1-202607-02804,shivaniyadav091298,2,7,"2026-09-07 17:05:01",0,"Please check the comment section.","2026-09-07 11:35:01.440722","2026-09-07 11:35:01.440722"
9359,9f53cdee-298b-4207-91d9-75c209dfb93e,TKT-1-202607-02804,satish.d,2,3,"2026-07-27 17:20:42",0,"Kindly check the comment section","2026-07-27 11:50:41.633936","2026-07-27 11:50:41.633936"
9359,9b828b0c-5dc6-44cc-a4e9-5adb4103b278,TKT-1-202607-02804,satish.d,2,3,"2026-08-05 19:05:50",0,"Kindly check the comment section","2026-08-05 13:35:49.750205","2026-08-05 13:35:49.750205"
9359,6acf4400-ef70-4bc8-827b-9f3909b8c683,TKT-1-202607-02804,vikram6singh,1,2,"2026-07-27 15:59:09",1,"Please check.","2026-07-27 10:29:09.165613","2026-07-27 10:29:09.165613"
9359,60ce45b4-e94f-4405-9e37-1bf7a61521f5,TKT-1-202607-02804,satish.d,2,3,"2026-07-29 14:25:39",0,"Kindly check the comment section","2026-07-29 08:55:38.882862","2026-07-29 08:55:38.882862"
9359,4dac2f2c-564f-4637-8b3b-aa0002e8550a,TKT-1-202607-02804,satish.d,2,3,"2026-07-31 15:04:22",0,"Kindly check the comment section","2026-07-31 09:34:22.473886","2026-07-31 09:34:22.473886"
9359,48a0a667-0895-4677-9a24-63d8b64fbe1c,TKT-1-202607-02804,140983,3,2,"2026-08-04 15:24:33",0,"Sir, REQUIRED SCREENSHOT UNABLE TO ATTACHED.ID-140983 password Nadeem@22090","2026-08-04 09:54:33.207878","2026-08-04 09:54:33.207878"
9359,35eef233-bbc7-4caa-91d7-8132cad77553,TKT-1-202607-02804,140983,3,2,"2026-08-10 15:42:19",0,"Sir, issue still remains persists. we can't transfer remaining bally to fsd partapur. Kindly resolve it. Thank you.","2026-08-10 10:12:18.609409","2026-08-10 10:12:18.609409"
9359,2530e578-4ece-47bd-abe7-88b192aba815,TKT-1-202607-02804,140983,3,2,"2026-08-25 16:08:45",0,"Sir, As per your requirement, screenshot is attached herewith & issue still remains persists. Thanking you","2026-08-25 10:38:45.177722","2026-08-25 10:38:45.177722"
9359,12744025-23dc-4ec0-97da-fca341c1febd,TKT-1-202607-02804,140983,3,2,"2026-08-21 10:35:40",0,"Sir, As per your requirement, screenshot is attached herewith & issue still remains persists. Thanking you","2026-08-21 05:05:40.351039","2026-08-21 05:05:40.351039"
9359,094e2183-8cf6-4b4b-8f3c-a8fad001ad85,TKT-1-202607-02804,satish.d,2,3,"2026-08-17 11:01:22",0,"Kindly check the comment section","2026-08-17 05:31:21.718905","2026-08-17 05:31:21.718905"
9359,091ed492-5a0b-46be-bae8-6528c48b1785,TKT-1-202607-02804,140983,3,2,"2026-07-28 16:33:58",0,"we have to transfer remaining bally to fsd partapur. login details are . 140983  password Nadeem@22090","2026-07-28 11:03:58.307143","2026-07-28 11:03:58.307143"
9359,5ad412cf-9827-4fbf-b993-f4370f1b4974,TKT-1-202607-02804,140983,NULL,1,"2026-07-27 15:58:06",0,New,"2026-07-27 10:28:05.842973","2026-07-27 10:28:05.842973"
315,f6ad4ed0-2dc2-4271-9e5a-f022eadf1e49,TKT-1-202607-02816,ni13006_01,NULL,1,"2026-07-27 17:49:40",0,New,"2026-07-27 12:19:39.788239","2026-07-27 12:19:39.788239"
315,85cf580c-568f-4ea4-b7c1-b2e96ec4263c,TKT-1-202607-02816,umesh.k,2,12,"2026-07-30 10:49:26",0,"Dear Sir/Madam,The user requests creation of a sales token with a quantity of 0.45 Qtls.Currently,the system allows sales token creation only for quantities above 0.5 Qtls.Kindly review and advise if changes are needed.Thanks.","2026-07-30 05:19:26.428218","2026-07-30 05:19:26.428218"
315,53c4c6bd-77f6-4cb6-bdf0-23ca34453fa6,TKT-1-202607-02816,vikram6singh,1,2,"2026-07-27 17:50:11",1,"Please check.","2026-07-27 12:20:10.650482","2026-07-27 12:20:10.650482"
315,4ed31982-5cdc-4bc1-9e3d-f2134dc95d55,TKT-1-202607-02816,ni13006_01,3,2,"2026-07-28 15:47:37",0,"kindly read comments","2026-07-28 10:17:36.615101","2026-07-28 10:17:36.615101"
315,229252f6-39a5-43c5-abfa-4808eb354971,TKT-1-202607-02816,umesh.k,2,3,"2026-07-27 18:19:53",0,"Kindly check our comments.","2026-07-27 12:49:52.926836","2026-07-27 12:49:52.926836"
3206,3895053f-5ddd-46f9-b186-22c06924c6c5,TKT-1-202607-02818,vikram6singh,1,2,"2026-07-28 09:00:30",0,"Please check.","2026-07-28 03:30:30.169010","2026-07-28 03:30:30.169010"
3206,58ae6a84-c58e-4b52-9837-9bbbd24999ef,TKT-1-202607-02818,arti.1.t,2,3,"2026-07-28 09:58:44",0,"Your attachment is missing. Kindly reattach the document/file for our reference and further investigation.","2026-07-28 04:28:43.834924","2026-07-28 04:28:43.834924"
3206,6c8174ce-077d-42b7-994d-92add41b2cd5,TKT-1-202607-02818,shivaniyadav091298,3,2,"2026-08-10 16:36:21",0,"Please check","2026-08-10 11:06:21.343034","2026-08-10 11:06:21.343034"
3206,92489747-dd30-4c6e-a549-b3bb978ddd3f,TKT-1-202607-02818,umesh.k,2,3,"2026-08-07 09:47:35",0,"Dear Sir/Madam,  Please note that once the transaction is completed, the details cannot be modified from the backend, as it may affect the rake receipt process. Kindly verify all details before completing the transaction.  Thank you.","2026-08-07 04:17:35.137666","2026-08-07 04:17:35.137666"
3206,a825553e-0f40-408d-859d-99022caeae9a,TKT-1-202607-02818,wc18062_01,3,2,"2026-07-30 12:29:36",0,"DESIRED DOCUMENTS ATTACHED","2026-07-30 06:59:36.160003","2026-07-30 06:59:36.160003"
3206,bd37ad15-185f-43bd-93f0-7134559e2d2e,TKT-1-202607-02818,wc18062_01,NULL,1,"2026-07-27 18:06:23",0,New,"2026-07-27 12:36:22.565068","2026-07-27 12:36:22.565068"
3206,c18d9da8-52ee-441b-9e28-bd6d0eb3e28c,TKT-1-202607-02818,shivaniyadav091298,2,7,"2026-08-10 16:42:25",0,"Please check the comment section.","2026-08-10 11:12:24.618080","2026-08-10 11:12:24.618080"
549,68f27002-5e2c-471b-b367-691fa19cbd53,TKT-1-202607-02819,113873,NULL,1,"2026-07-27 18:22:15",0,New,"2026-07-27 12:52:14.996478","2026-07-27 12:52:14.996478"
549,d99f9006-528c-436e-bb4a-26275a7646e0,TKT-1-202607-02819,vikram6singh,1,2,"2026-07-28 08:59:48",1,"Please check.","2026-07-28 03:29:48.293431","2026-07-28 03:29:48.293431"
549,a04d914c-67e4-4802-b5e1-8c1dc6b0848c,TKT-1-202607-02819,saroj.m,2,3,"2026-07-28 14:57:14",0,"Kindly refer the comment box.","2026-07-28 09:27:14.491174","2026-07-28 09:27:14.491174"
549,93638946-348d-482c-bdc7-81c737f7a7e1,TKT-1-202607-02819,113873,3,2,"2026-07-30 15:03:53",0,"please contact us on 9462709620 for further discussion and resolution of this issue.","2026-07-30 09:33:53.208615","2026-07-30 09:33:53.208615"
549,7e0dd735-f253-4118-b22f-217f97339f53,TKT-1-202607-02819,113873,3,2,"2026-07-28 10:06:14",0,"report showing excess quantity than RO has been attached.","2026-07-28 04:36:14.204981","2026-07-28 04:36:14.204981"
549,6002c299-d966-4ffb-bd86-c8ec4418a612,TKT-1-202607-02819,saroj.m,2,3,"2026-07-28 09:10:36",0,"You are kindly requested to please share the relevant screenshots and supporting documents, so that we may review the matter and determine the further course of action. For any assistance, please contact our support team at: 1800-410-6688.","2026-07-28 03:40:36.366736","2026-07-28 03:40:36.366736"
549,280d55c7-51c0-44ce-9149-50a053e126a9,TKT-1-202607-02819,saroj.m,2,3,"2026-08-01 09:07:05",0,"Dear Sir/Ma'am, Kindly provide the DM approval letter, keeping HQ in CC, for carrying out the required backend update. For further assistance, please contact our support team at : 📞 1800-410-6688.","2026-08-01 03:37:04.941195","2026-08-01 03:37:04.941195"
427,077594d7-ce5d-4143-a360-a054ad07d21b,TKT-1-202607-02830,umesh.k,2,3,"2026-07-29 14:55:04",0,"Dear Sir/Madam, We verified the Rake Movement Number, and the outward process has been completed successfully. If you encounter this issue again, kindly contact us for further assistance. Thank you.","2026-07-29 09:25:03.719252","2026-07-29 09:25:03.719252"
427,07aca9db-e1f5-433e-9a0a-c554dd31be81,TKT-1-202607-02830,306005,3,2,"2026-07-31 12:53:03",0,"may please close the ticket","2026-07-31 07:23:03.447796","2026-07-31 07:23:03.447796"
427,4d5560ea-c717-44eb-a74a-9989bd7aa7e5,TKT-1-202607-02830,306005,NULL,1,"2026-07-28 10:40:13",0,New,"2026-07-28 05:10:12.960873","2026-07-28 05:10:12.960873"
427,528112b2-1ccb-413c-b263-8a471d1f2479,TKT-1-202607-02830,umesh.k,2,7,"2026-07-31 15:01:33",0,"As per the user confirmation, we are closing this ticket. thank you","2026-07-31 09:31:33.193154","2026-07-31 09:31:33.193154"
427,f4646d3b-2e53-4e47-8aac-dcac7e706621,TKT-1-202607-02830,vikram6singh,1,2,"2026-07-28 11:00:33",1,"Please check.","2026-07-28 05:30:33.370226","2026-07-28 05:30:33.370226"
2756,d8e26a86-36f9-484d-b0d4-5c98720868b2,TKT-1-202607-02831,292983,NULL,1,"2026-07-28 10:41:13",0,New,"2026-07-28 05:11:13.086554","2026-07-28 05:11:13.086554"
2756,f9f4c3fc-a522-4492-a2f2-56666996d497,TKT-1-202607-02831,umesh.k,2,3,"2026-08-17 10:16:07",0,"Dear sir/madam, kindly check the comments added. Thank you","2026-08-17 04:46:07.025565","2026-08-17 04:46:07.025565"
2756,f9028bb2-9536-4eed-8884-36d4beb8425d,TKT-1-202607-02831,292983,3,2,"2026-08-12 14:49:55",0,"moisture with other quality refractions are updated in wagon wise quality tab and are reflecting also in that tab so kindly refer the wagon wise analysis report and resolve the matter. thank you.","2026-08-12 09:19:54.601184","2026-08-12 09:19:54.601184"
2756,ec9dc75a-8350-45f5-ae75-f26049bdd3df,TKT-1-202607-02831,satish.d,2,3,"2026-07-29 19:06:16",0,"share the special number to check the transaction","2026-07-29 13:36:16.228169","2026-07-29 13:36:16.228169"
2756,c0f85cfc-c5b9-43b9-a4c4-f135b1611823,TKT-1-202607-02831,umesh.k,2,3,"2026-08-07 12:53:01",0,"Dear sir/madam, as the moisture is not updated in wagon verification page the moisture is not reflecting for the stacks. please kindly check, Thank you","2026-08-07 07:23:01.043395","2026-08-07 07:23:01.043395"
2756,98418793-dfb5-4d88-8986-bbad7b3c878b,TKT-1-202607-02831,292983,3,2,"2026-08-05 15:48:44",0,"refer the enclosed movement no.of both containers","2026-08-05 10:18:43.775335","2026-08-05 10:18:43.775335"
2756,58eebe97-2479-4169-abaf-3e6dd20e7f75,TKT-1-202607-02831,shrutipan966,3,2,"2026-09-07 15:38:57",0,"Please check","2026-09-07 10:08:56.854813","2026-09-07 10:08:56.854813"
2756,0ea01abf-9c4d-4911-aa6a-c10286ab0510,TKT-1-202607-02831,shrutipan966,2,7,"2026-09-07 15:42:03",0,"Please refer to the comment section.","2026-09-07 10:12:03.229294","2026-09-07 10:12:03.229294"
2756,02359a54-5013-42ff-87c1-866f1ee98327,TKT-1-202607-02831,vikram6singh,1,2,"2026-07-28 11:00:52",1,"Please check.","2026-07-28 05:30:52.191962","2026-07-28 05:30:52.191962"
1295,0d312a39-9cea-4630-a4eb-33a089a1af53,TKT-1-202607-02832,satish.d,2,3,"2026-08-24 20:13:56",0,"approval or forwarding will be in the approval work request page,please check that page","2026-08-24 14:43:56.277102","2026-08-24 14:43:56.277102"
1295,52b2fff2-1403-470c-984c-edc7995fc228,TKT-1-202607-02832,306170,3,2,"2026-08-21 16:38:29",0,"Kindly check comment","2026-08-21 11:08:28.846075","2026-08-21 11:08:28.846075"
1295,87f29eeb-c18f-4013-b33d-6b34ff0bf9e1,TKT-1-202607-02832,vikram6singh,1,2,"2026-07-28 11:00:28",1,"Please check.","2026-07-28 05:30:27.801354","2026-07-28 05:30:27.801354"
1295,aaee040e-2bef-449c-a310-8cf46d6b321a,TKT-1-202607-02832,306170,NULL,1,"2026-07-28 10:59:17",0,New,"2026-07-28 05:29:17.329568","2026-07-28 05:29:17.329568"
1295,b00c03e4-2810-4e60-b040-5899d8fb353a,TKT-1-202607-02832,306170,3,2,"2026-07-30 14:14:16",0,"Kindly contact 8910452236  Manager (CE).","2026-07-30 08:44:15.939601","2026-07-30 08:44:15.939601"
1295,fcdfb43e-e4cc-431c-9a42-4dbb408da6cd,TKT-1-202607-02832,anshu.r,2,3,"2026-07-28 17:57:47",0,"We attempted to contact the user 9046106498 regarding the reported issue; however, the contact number was not answered please connect us on our tollfree number for earliest resolution.","2026-07-28 12:27:46.610869","2026-07-28 12:27:46.610869"
1295,fd925e0b-caa8-4b89-9cbd-f650a98eb549,TKT-1-202607-02832,anshu.r,2,3,"2026-07-30 17:26:14",0,"Kindly check comment","2026-07-30 11:56:13.825568","2026-07-30 11:56:13.825568"
1458,ac51c9b7-758e-4f5e-b529-f172c6202a1b,TKT-1-202607-02842,vikram6singh,2,3,"2026-08-01 12:40:16",0,"Please refer the comment box.","2026-08-01 07:10:16.060846","2026-08-01 07:10:16.060846"
1458,afd772e3-4b63-4508-aac0-581e64d20e20,TKT-1-202607-02842,satish.d,3,2,"2026-08-03 15:33:12",0,"it is fixed now","2026-08-03 10:03:12.038019","2026-08-03 10:03:12.038019"
1458,b12dbdf2-7eee-48d7-9259-4d3ed6d0d294,TKT-1-202607-02842,298113,NULL,1,"2026-07-28 12:28:08",0,New,"2026-07-28 06:58:07.553037","2026-07-28 06:58:07.553037"
1458,e71f1b70-9526-43db-bcd5-f39b49d1eb32,TKT-1-202607-02842,298113,3,2,"2026-07-28 15:20:51",0,"Only one lot declared BRL& it is required to replace that lot only. Kindly allow that procedure so that it can be done at earliest","2026-07-28 09:50:50.996281","2026-07-28 09:50:50.996281"
1458,e69d688e-46e3-4349-b0a3-e8600c7fcafb,TKT-1-202607-02842,satish.d,2,3,"2026-07-28 14:36:54",0,"WHOLE QUANTITY NEEDS TO BE REPLACED THEN ONLY IT WILL COME IN COMPLETE BRL REPLACEMENT","2026-07-28 09:06:53.744863","2026-07-28 09:06:53.744863"
1458,6c17e624-c357-47bf-884b-6816d586e944,TKT-1-202607-02842,satish.d,2,3,"2026-07-29 14:38:22",0,"please share the brl number and the user details to check this issue","2026-07-29 09:08:21.770621","2026-07-29 09:08:21.770621"
1458,6b8d1e98-b080-4d73-a6b5-c697d59ce11e,TKT-1-202607-02842,satish.d,2,3,"2026-07-29 16:28:26",0,"The total BRL quantity is 289.736000, but they have replaced only 289.536000. Since the entire BRL quantity has not been replaced, it is not appearing under Complete BRL Replacement","2026-07-29 10:58:25.917038","2026-07-29 10:58:25.917038"
1458,534596e8-7988-4d00-b6fb-f655f10381e4,TKT-1-202607-02842,satish.d,2,7,"2026-08-03 15:33:34",0,"as it is fixed, resolving this ticket","2026-08-03 10:03:34.094565","2026-08-03 10:03:34.094565"
1458,1a6cd21a-511a-44c7-af00-6291aff54c07,TKT-1-202607-02842,298113,3,2,"2026-07-29 16:20:19",0,"BRL Number:EE1601426PC1D0707260028","2026-07-29 10:50:18.720634","2026-07-29 10:50:18.720634"
1458,27b4390b-114b-4389-b9f0-d87d1b15bdbb,TKT-1-202607-02842,298113,3,2,"2026-07-29 18:18:27",0,"total quantity received via lot no 23(replacement lot) is Q289.736.You are requested to visit all in weight and out weight recordings recorded earlier. I have attached out weight slip. 20kg deducted automatically on AD..","2026-07-29 12:48:27.114072","2026-07-29 12:48:27.114072"
1458,7da7d67f-fad1-482b-b428-4d20924642b4,TKT-1-202607-02842,vikram6singh,1,2,"2026-07-28 12:28:33",0,"Please check.","2026-07-28 06:58:32.920774","2026-07-28 06:58:32.920774"
24,3bde90ca-91a8-4765-adfc-c8b00b2d0e22,TKT-1-202607-02867,318634,NULL,1,"2026-07-28 15:20:03",0,New,"2026-07-28 09:50:02.927046","2026-07-28 09:50:02.927046"
24,5e29c615-97c6-451d-8a86-7577f1068ec9,TKT-1-202607-02867,satish.d,2,7,"2026-07-29 15:03:16",0,"Kindly check the comment section","2026-07-29 09:33:16.341756","2026-07-29 09:33:16.341756"
24,ff33491a-ff2c-432f-8a1f-2df5840da3de,TKT-1-202607-02867,vikram6singh,1,2,"2026-07-28 15:44:04",0,"Please check.","2026-07-28 10:14:04.411444","2026-07-28 10:14:04.411444"
2467,67fe35ce-77ae-4aac-b1bc-4019b09827ab,TKT-1-202607-02870,264516,NULL,1,"2026-07-28 15:41:47",0,New,"2026-07-28 10:11:47.123289","2026-07-28 10:11:47.123289"
2467,e877016c-e4d9-4cea-ba8e-738bd213d45d,TKT-1-202607-02870,264516,7,10,"2026-07-30 12:11:06",0,"Ticket not resolved.Still variation in DSR.Kindly do the neeful.The DSR weight is wrong in Qtls.Now also variation between receipt weight in Evening stock position and DSR as on 27.07.2026. receipt weight in qtls also.","2026-07-30 06:41:06.382554","2026-07-30 06:41:06.382554"
2467,b1695daa-6fb7-48d1-a9bd-af3e3218f9b8,TKT-1-202607-02870,umesh.k,2,7,"2026-08-05 15:11:16",0,"kindly refer comment section for more information.","2026-08-05 09:41:15.994606","2026-08-05 09:41:15.994606"
2467,7135a22c-372b-4d97-aeff-fa69fc198299,TKT-1-202607-02870,umesh.k,2,7,"2026-07-28 16:46:56",0,"Issue has been Resolved. kindly check with qtls unit.","2026-07-28 11:16:56.495875","2026-07-28 11:16:56.495875"
2467,5e9bc583-bd9e-4ae1-9c80-8840c4c6d324,TKT-1-202607-02870,vikram6singh,1,2,"2026-07-28 15:43:44",1,"Please check.","2026-07-28 10:13:44.209921","2026-07-28 10:13:44.209921"
2467,1d6081fd-ce02-422a-8175-5d8756a38342,TKT-1-202607-02870,vikram6singh,10,2,"2026-07-30 12:11:47",0,"Please check.","2026-07-30 06:41:46.989687","2026-07-30 06:41:46.989687"
2502,21025a60-8f0f-4fbf-a7e3-0842757c0a20,TKT-1-202607-02876,IRL_admin,5,2,"2026-09-10 16:31:50",0,"Technical Matter. The helpdesk team is requested to examine the ticket thoroughly  before marking it to this Office.","2026-09-10 11:01:49.938429","2026-09-10 11:01:49.938429"
2502,536dec56-ffe8-45df-aab2-c7165838d7ac,TKT-1-202607-02876,313454,NULL,1,"2026-07-28 16:01:37",0,New,"2026-07-28 10:31:37.380916","2026-07-28 10:31:37.380916"
2502,62eb9030-ef3f-4afb-b1ea-d551ec0364d7,TKT-1-202607-02876,saroj.m,2,5,"2026-08-01 10:12:09",0,"Respected Sir, Please look into this suggestion.","2026-08-01 04:42:09.433406","2026-08-01 04:42:09.433406"
2502,e863fd95-b97f-4915-b945-3d8dfe57c2e6,TKT-1-202607-02876,vikram6singh,1,2,"2026-07-28 16:08:12",1,"Please check.","2026-07-28 10:38:11.710311","2026-07-28 10:38:11.710311"
7064,20ab680b-b651-4b3f-b673-8475d9a65588,TKT-1-202607-02877,anshu.r,2,3,"2026-07-28 16:10:52",0,"kindly share the supportive documents for our further investigation. For further assistance, please contact our support team at : 📞 1800-410-6688.","2026-07-28 10:40:52.424529","2026-07-28 10:40:52.424529"
7064,fe00a535-2c09-4e0c-a4c6-fd7a9ef6432b,TKT-1-202607-02877,245511,NULL,1,"2026-07-28 16:07:14",0,New,"2026-07-28 10:37:13.969158","2026-07-28 10:37:13.969158"
7064,f590e8dc-4bef-4b3c-aa9d-cbd3625945c9,TKT-1-202607-02877,HA11_MOVEMENT_ADMIN,5,2,"2026-09-01 12:57:13",0,"May be fixed in consultation with QC Division","2026-09-01 07:27:13.152246","2026-09-01 07:27:13.152246"
7064,c8b94a9b-a742-412a-b0a7-ab226143b542,TKT-1-202607-02877,umesh.k,2,5,"2026-08-03 10:30:59",0,"Dear sir/madam, please look into this new change request. User is requesting for a crop year restriction or warning in add inward wagon.","2026-08-03 05:00:58.554864","2026-08-03 05:00:58.554864"
7064,c25145ab-e29e-4593-a163-20ef18b6693f,TKT-1-202607-02877,245511,3,2,"2026-07-28 16:32:17",0,"Please find the attached rectification request. Kindly implement validation to ensure the Crop Year defined in the Movement matches the Wagon-wise Crop Year. A mismatch warning/error should be generated to prevent incorrect data entry.","2026-07-28 11:02:17.205896","2026-07-28 11:02:17.205896"
7064,94aea81c-6a93-4bae-81a5-ecd087ea9ff7,TKT-1-202607-02877,245511,3,2,"2026-08-01 15:24:33",0,"Yes please needful for validation.","2026-08-01 09:54:33.408316","2026-08-01 09:54:33.408316"
7064,09e8c0a4-61a5-4e86-8729-2ce57ea2b58e,TKT-1-202607-02877,umesh.k,2,3,"2026-07-31 16:01:52",0,"Dear sir/madam, as per your suggestion we will discuss with the division regarding the crop year warning and we will implement the change accordingly. Thank you","2026-07-31 10:31:52.469157","2026-07-31 10:31:52.469157"
7064,c4bdcab8-8af9-4280-86c6-6cac2a90eb2d,TKT-1-202607-02877,vikram6singh,1,2,"2026-07-28 16:08:07",0,"Please check.","2026-07-28 10:38:06.843924","2026-07-28 10:38:06.843924"
82,b2196286-9c83-4961-96d8-8fb8688dbea3,TKT-1-202607-02882,317469,NULL,1,"2026-07-28 16:28:46",0,New,"2026-07-28 10:58:45.563576","2026-07-28 10:58:45.563576"
82,d6ca238c-814d-44ae-b88c-249ca6b2d94d,TKT-1-202607-02882,saroj.m,2,3,"2026-07-28 17:01:22",0,"You are kindly requested to please share the relevant screenshots and supporting documents, so that we may review the matter and determine the further course of action. For any assistance, please contact our support team at: 1800-410-6688.","2026-07-28 11:31:22.024140","2026-07-28 11:31:22.024140"
82,cca7db01-3af2-4f63-b4a4-0d95b67dadc5,TKT-1-202607-02882,umesh.k,2,12,"2026-07-31 11:26:40",0,"Sir/Madam, The requestor has requested to add lot acceptancedate and time in PROCUREMENT QUALITY REGISTER. Kindly verify the requirement and provide the necessary details.","2026-07-31 05:56:39.520894","2026-07-31 05:56:39.520894"
82,6de4db41-ffdd-49e3-b9bd-9b36ede8b3db,TKT-1-202607-02882,vikram6singh,1,2,"2026-07-28 16:53:35",0,"Please check.","2026-07-28 11:23:34.557240","2026-07-28 11:23:34.557240"
82,68129df3-6472-4125-ac96-2991d793b660,TKT-1-202607-02882,317469,3,2,"2026-07-30 11:45:16",0,"please check attachment","2026-07-30 06:15:15.989200","2026-07-30 06:15:15.989200"
82,4e5f2fa7-1fec-4da8-bcbd-ba7d8c519d22,TKT-1-202607-02882,317469,3,2,"2026-07-29 14:14:43",0,"sir,  pdf attached for your further action please.","2026-07-29 08:44:42.722980","2026-07-29 08:44:42.722980"
82,0122df73-7d6f-4b5d-8608-69af40e2c23a,TKT-1-202607-02882,saroj.m,2,3,"2026-07-29 14:20:05",0,"As we checked there is no attached the screenshot so please attached the Screenshot again . For any assistance, please contact our support team at: 1800-410-6688.","2026-07-29 08:50:04.717367","2026-07-29 08:50:04.717367"
8680,fd56af5c-f819-4a7b-8923-ec9999d1def1,TKT-1-202607-02893,277033,7,10,"2026-08-12 15:32:18",0,"Sir/Madam, It is requested to provide Consolidated report for serviceable and unserviceable gunnies for each type separately. Kindly Contact this number(6381175748)  for further details. Thank you.","2026-08-12 10:02:17.761494","2026-08-12 10:02:17.761494"
8680,114a6c4d-9f66-49f3-b804-4f85fad2b7fd,TKT-1-202607-02893,277033,3,2,"2026-07-30 12:45:55",0,"Kindly contact to this number for this ticket #6381175748 (Vigneshwaran)","2026-07-30 07:15:54.891178","2026-07-30 07:15:54.891178"
8680,f20e8edb-724e-46a2-a92a-dc1f3ebe9ddc,TKT-1-202607-02893,kshitiz.s,2,7,"2026-08-12 14:23:22",0,"Please refer to the comment section.","2026-08-12 08:53:21.541336","2026-08-12 08:53:21.541336"
8680,d140c08f-466b-44e7-a89a-28e5920871da,TKT-1-202607-02893,vikram6singh,10,2,"2026-08-12 16:05:36",0,"Please check.","2026-08-12 10:35:35.987193","2026-08-12 10:35:35.987193"
8680,beb53b8b-b43d-4709-a11c-d8a17ea2d5a8,TKT-1-202607-02893,umesh.k,2,3,"2026-08-11 12:33:00",0,"Dear sir, could you please kindly refer Asset summary report. there we are showing depot wise gunny count of each category.","2026-08-11 07:02:59.616203","2026-08-11 07:02:59.616203"
8680,bdca3973-85f1-4416-9cb1-8d09e4a4a917,TKT-1-202607-02893,umesh.k,2,3,"2026-08-13 10:24:18",0,"Dear sir, could you please kindly refer Asset summary report. there we are showing depot wise gunny count of each category.","2026-08-13 04:54:18.168609","2026-08-13 04:54:18.168609"
8680,6dde5450-3bd5-4527-bece-6f954b9aa942,TKT-1-202607-02893,277033,3,2,"2026-08-18 12:45:05",0,"Sir/Madam, Please refer the recently posted comment. For further details, kindly contact this number (6381175748).","2026-08-18 07:15:05.191705","2026-08-18 07:15:05.191705"
8680,2be2a045-6562-418e-868c-372064cc1b10,TKT-1-202607-02893,richa.k,2,3,"2026-07-28 17:45:29",0,"Trying to reach over call on this number #9995726961 but not get response please share your availability to discuss about this case,For further assistance, please contact our support team at:📞 1800‑410‑6688.","2026-07-28 12:15:29.448216","2026-07-28 12:15:29.448216"
8680,242bd324-1053-42a1-9ee9-987ebc44152d,TKT-1-202607-02893,kshitiz.s,3,2,"2026-08-12 14:22:28",0,"Please check.","2026-08-12 08:52:27.967106","2026-08-12 08:52:27.967106"
8680,1a3295ad-be8d-4b8a-80de-007c71042498,TKT-1-202607-02893,umesh.k,2,5,"2026-08-26 16:13:57",0,"Dear Sir/Madam,  The requestor is asking to display serviceable and unserviceable gunnies separately by type in the Asset Summary Report. Kindly review the requirement and provide the necessary details.","2026-08-26 10:43:57.469482","2026-08-26 10:43:57.469482"
8680,008d5135-ee2a-4104-b716-3c6134d13d63,TKT-1-202607-02893,277033,NULL,1,"2026-07-28 17:28:55",0,New,"2026-07-28 11:58:54.533519","2026-07-28 11:58:54.533519"
8680,b3c9e5c2-759c-4e7f-8dfb-9c20dc363a32,TKT-1-202607-02893,vikram6singh,1,2,"2026-07-28 17:29:22",0,"Please check.","2026-07-28 11:59:22.274014","2026-07-28 11:59:22.274014"
1366,c1c4dc5a-8b87-4cbf-abc8-be56674694de,TKT-1-202607-02895,276201,NULL,1,"2026-07-28 17:53:21",0,New,"2026-07-28 12:23:21.075253","2026-07-28 12:23:21.075253"
1366,fe422c7d-00c1-40e3-985e-4a85dc010998,TKT-1-202607-02895,saroj.m,2,3,"2026-07-29 10:07:48",0,"Kindly refer the comment box.","2026-07-29 04:37:48.210787","2026-07-29 04:37:48.210787"
1366,c790cb46-4d30-461e-b072-898f44539924,TKT-1-202607-02895,saroj.m,2,3,"2026-08-11 17:49:30",0,"kindly refer to the comment box.","2026-08-11 12:19:30.043721","2026-08-11 12:19:30.043721"
1366,a143f64b-15cb-4d26-aca0-7cd3a8684bca,TKT-1-202607-02895,saroj.m,2,7,"2026-08-22 12:00:55",0,"As per user remarks issue has been resoled hence we are closing this ticket. For any assistance, please contact our support team at: 1800-410-6688.","2026-08-22 06:30:54.815035","2026-08-22 06:30:54.815035"
1366,6511eaa7-b1cd-49d2-9ab5-9df6e5d84ab8,TKT-1-202607-02895,276201,3,2,"2026-08-22 11:59:04",0,"Please close the ticket.","2026-08-22 06:29:04.412222","2026-08-22 06:29:04.412222"
1366,4505ac0e-63e9-486a-a9e2-7ff8e2154d10,TKT-1-202607-02895,276201,3,2,"2026-08-07 15:20:30",0,"Please do the needful.","2026-08-07 09:50:30.373526","2026-08-07 09:50:30.373526"
1366,41f2098e-a79c-404c-84bb-fae90cc29158,TKT-1-202607-02895,vikram6singh,1,2,"2026-07-28 17:56:20",1,"Please check.","2026-07-28 12:26:20.040323","2026-07-28 12:26:20.040323"
8200,1de6f683-37ec-4f6f-9940-3557c6af9a89,TKT-1-202607-02901,richa.k,2,3,"2026-07-29 09:31:24",0,"Kindly share the supporting documents for further investigation. For further assistance, contact the support team at 📞 1800‑410‑6688.","2026-07-29 04:01:23.879353","2026-07-29 04:01:23.879353"
8200,f6083975-b0d8-4583-a766-91fc2541fb87,TKT-1-202607-02901,158496,3,2,"2026-08-22 10:55:42",0,"due to technical issue BRL stack not properly replaced in annadarpan please change status of stack","2026-08-22 05:25:42.193085","2026-08-22 05:25:42.193085"
8200,d45b1cb8-4d87-4d69-ae83-48647e372521,TKT-1-202607-02901,158496,3,2,"2026-07-31 13:02:00",0,"Certify stack operation cannot be done as the unique code is not showing in DM ID. this was issue for which the ticket has been raised and as a result the BRL stack status was changed to issue but the secondary stack was still showing others","2026-07-31 07:32:00.037868","2026-07-31 07:32:00.037868"
8200,bf39edc1-bbdf-49a1-b4d4-6be3414ccf24,TKT-1-202607-02901,158496,3,2,"2026-07-30 12:29:20",0,"Please find the attached stack info which is showing status as others","2026-07-30 06:59:20.099555","2026-07-30 06:59:20.099555"
8200,b3a933ac-2b9a-42c6-9cf3-47f402374d57,TKT-1-202607-02901,vikram6singh,1,2,"2026-07-29 08:57:38",0,"Please check.","2026-07-29 03:27:37.529412","2026-07-29 03:27:37.529412"
8200,ae08abbe-0b01-4a82-8676-b654a0ed0dda,TKT-1-202607-02901,satish.d,2,3,"2026-08-04 20:43:59",0,"please ensure all the steps are done for this brl till complete replacement , then only it will come in certify brl","2026-08-04 15:13:59.182082","2026-08-04 15:13:59.182082"
8200,a63e8341-fb1c-47c0-b3ce-f435e9f49a0c,TKT-1-202607-02901,satish.d,2,3,"2026-08-17 12:05:20",0,"still 20 kgs left to replace , then only in complete replacement it will come","2026-08-17 06:35:19.689187","2026-08-17 06:35:19.689187"
8200,a0fc45a8-ba24-402c-bb57-7c3110959d2d,TKT-1-202607-02901,158496,3,2,"2026-09-02 13:48:52",0,"Request has been send by Divisional office Kapurthala. so please resolve the issue and change stack status from other to issueable  before QPV ending September 2026","2026-09-02 08:18:52.203848","2026-09-02 08:18:52.203848"
8200,88df8d00-c1d7-4eb9-81c7-88517fb428a4,TKT-1-202607-02901,158496,3,2,"2026-07-31 18:11:42",0,"BRL no is NF2300326RA1D2205260028","2026-07-31 12:41:42.338322","2026-07-31 12:41:42.338322"
8200,7573a8de-48e1-4613-b88c-6a96d5a9e8b7,TKT-1-202607-02901,158496,NULL,1,"2026-07-28 19:55:59",0,New,"2026-07-28 14:25:58.856461","2026-07-28 14:25:58.856461"
8200,573de4c7-e484-4e5a-b95c-b766869fc4e8,TKT-1-202607-02901,satish.d,2,3,"2026-09-04 11:58:09",0,"Once we received the mail we will get back to you.","2026-09-04 06:28:08.530204","2026-09-04 06:28:08.530204"
8200,55b7cb3f-f63b-4cb5-b0e1-bdca8ab9348d,TKT-1-202607-02901,satish.d,2,3,"2026-07-30 16:14:45",0,"Please do the certify stocks in Divisional Manager Login to change the status from others to issue","2026-07-30 10:44:44.560330","2026-07-30 10:44:44.560330"
8200,355505bb-b359-4d54-b508-d9a308c17093,TKT-1-202607-02901,satish.d,2,3,"2026-07-31 15:07:28",0,"share the brl number , to check the issue","2026-07-31 09:37:27.876114","2026-07-31 09:37:27.876114"
8200,1c69d02f-4b21-42e5-9080-64725fb81178,TKT-1-202607-02901,satish.d,2,3,"2026-08-24 15:43:30",0,"If you are not able to follow the process, please provide the credentials else in case of data correction, please send a mail from HQ stating the same.","2026-08-24 10:13:30.341497","2026-08-24 10:13:30.341497"
8200,1a9cfbcf-97bc-45a9-b745-fd9d2d3091b6,TKT-1-202607-02901,158496,3,2,"2026-08-05 11:46:59",0,"As already intimated due to technical problem BRL replacement has not been completed and stack showing status other and quantity also not shown in depot stock account please resolve the issue","2026-08-05 06:16:58.602365","2026-08-05 06:16:58.602365"
396,32cfe0b6-9cee-46fd-893e-e1649b7b1e9c,TKT-1-202607-02904,satish.d,2,3,"2026-07-29 14:58:16",0,"as these request are created for region , please check in zone leve eng staff to approve the work request","2026-07-29 09:28:16.402290","2026-07-29 09:28:16.402290"
396,f5a369ce-5236-4655-8df1-845aacf5c076,TKT-1-202607-02904,satish.d,2,12,"2026-07-31 12:47:30",0,"please check this requirement","2026-07-31 07:17:30.009568","2026-07-31 07:17:30.009568"
396,d7c2d46a-c3bf-4aba-a1b4-2540a679fbf9,TKT-1-202607-02904,307097,NULL,1,"2026-07-29 10:32:09",0,New,"2026-07-29 05:02:09.099505","2026-07-29 05:02:09.099505"
396,76e8c659-41a6-4238-8b9a-0ce76d84d9fc,TKT-1-202607-02904,307097,3,2,"2026-07-30 11:40:38",0,"Technical Sanction : Approved hierarchically without consulting finance if within the AA&ES budget. 	Manager (Engg.): Up to Rs. 2.00 lakh. AGM (Engg.): Up to Rs. 50.00 lakhs. DGM (Engg.): Up to Rs. 150.00 lakhs. 	GM (Engg.): Full Powers.","2026-07-30 06:10:37.765175","2026-07-30 06:10:37.765175"
396,b9b07a63-cd88-450b-90cc-d032ce4b3aae,TKT-1-202607-02904,vikram6singh,1,2,"2026-07-29 11:24:50",0,"Please check.","2026-07-29 05:54:49.688746","2026-07-29 05:54:49.688746"
6192,7354200a-f997-4799-a27d-6de0fbb06744,TKT-1-202607-02918,240391,NULL,1,"2026-07-29 11:27:12",0,New,"2026-07-29 05:57:12.228820","2026-07-29 05:57:12.228820"
6192,f8799a0c-caa9-42c5-b254-0b051cb11bc1,TKT-1-202607-02918,inish.d,2,3,"2026-09-03 11:37:02",0,"Please contact the user and obtain the details of the issue they are facing.","2026-09-03 06:07:01.871850","2026-09-03 06:07:01.871850"
6192,c26b6db5-f113-4a0e-bffd-5817d7542401,TKT-1-202607-02918,240391,3,2,"2026-09-11 18:28:16",0,"Sir we are not able to add through Divisional Labour Staff despite trying multiple times. And many labourers are transferred from one Depot to another depot which we are not able to update. Neither we are able to add them in their present depots.","2026-09-11 12:58:16.065006","2026-09-11 12:58:16.065006"
6192,b5709d2c-40c7-400d-9a18-ad4953903a07,TKT-1-202607-02918,inish.d,2,3,"2026-08-07 16:47:45",0,"Dear Sir/Madam, there is a provision of edit labour/ labour gang, for divisonal manager. please use them and update the required labours , if any labour details are missing please let us know, will check from backend","2026-08-07 11:17:45.111077","2026-08-07 11:17:45.111077"
6192,820da8e9-6743-4dfc-82fe-27f0ba91ac88,TKT-1-202607-02918,240391,3,2,"2026-08-07 12:05:03",0,"Respected Sir, It is requested to kindly update DPS labour list as per attached list with respect to their depots . Also provide access to Managers of respective depots so that they could themselves update the attendance on daily basis.","2026-08-07 06:35:03.206481","2026-08-07 06:35:03.206481"
6192,5e2128b2-bcad-42a5-b1f6-ef4a7230fcb7,TKT-1-202607-02918,240391,3,2,"2026-08-31 12:16:56",0,"Sir we are not able to add through Divisional Labour Staff despite trying multiple times. And many labourers are transferred from one Depot to another depot which we are not able to update. Neither we are able to add them in their present depots.","2026-08-31 06:46:55.889755","2026-08-31 06:46:55.889755"
6192,42f9249b-faac-4fe2-ab3a-674fd78bd83b,TKT-1-202607-02918,inish.d,2,3,"2026-07-30 09:56:52",0,"Please contact corresponding depot managers to record the attendance","2026-07-30 04:26:51.789451","2026-07-30 04:26:51.789451"
6192,407ac8c5-8a5a-4839-83e3-049db180fe11,TKT-1-202607-02918,240391,3,2,"2026-08-17 15:40:29",0,"Respected Sir, We are not able to update labour designation and we are not able to add new name of labours from Divisonal Manager  ID.","2026-08-17 10:10:28.881792","2026-08-17 10:10:28.881792"
6192,2f411ff6-a2e5-4bdf-816f-28d0688d7049,TKT-1-202607-02918,vikram6singh,1,2,"2026-07-29 12:04:20",0,"Please check.","2026-07-29 06:34:19.572245","2026-07-29 06:34:19.572245"
6192,2f3edb74-97f5-49bb-b8b9-072b7db5c444,TKT-1-202607-02918,inish.d,2,3,"2026-08-26 17:57:02",0,"please refer comments","2026-08-26 12:27:02.027726","2026-08-26 12:27:02.027726"
6192,0fec11e8-9937-46bf-baf2-67d852d1b31f,TKT-1-202607-02918,saroj.m,2,3,"2026-09-12 16:17:19",0,"Dear Sir/Ma'am , I have tried to contact but response awaited once you get free fell free to contact on this number 1800-410-6688.","2026-09-12 10:47:19.373086","2026-09-12 10:47:19.373086"
16421,3d77b345-5e6e-4765-8ba0-d353705e4f98,TKT-1-202607-02922,shivaniyadav091298,2,7,"2026-09-11 16:40:44",0,"As per telephonic conversation on (9896157677), the concerned user has confirmed that issue has been resolved and hence this ticket is marked as resolved. For any further assistance, please contact our support team at : 1800-410-6688.","2026-09-11 11:10:44.347383","2026-09-11 11:10:44.347383"
16421,ffc97c19-a8cc-45f0-b788-2d7f565eb0f5,TKT-1-202607-02922,222292,NULL,1,"2026-07-29 12:02:14",0,New,"2026-07-29 06:32:13.856648","2026-07-29 06:32:13.856648"
16421,f596437c-b4f6-4471-9455-0447a24e924d,TKT-1-202607-02922,222292,3,2,"2026-08-04 16:41:47",0,"e-mail has been sent on dated : 30.07.2026","2026-08-04 11:11:46.781687","2026-08-04 11:11:46.781687"
16421,ea3536ce-a06d-40e2-a8c9-d44acdde06eb,TKT-1-202607-02922,shivaniyadav091298,3,2,"2026-09-11 16:40:12",0,"Please check","2026-09-11 11:10:11.740713","2026-09-11 11:10:11.740713"
16421,e9f57e7f-e06d-44f9-b74c-d6f4908706ff,TKT-1-202607-02922,vikram6singh,1,2,"2026-07-29 12:04:10",0,"Please check.","2026-07-29 06:34:10.424811","2026-07-29 06:34:10.424811"
16421,a9b40ced-1adc-48a2-b0fd-f12ac168cbb2,TKT-1-202607-02922,satish.d,2,3,"2026-08-04 14:36:44",0,"once we receive the mail, we will check the issue","2026-08-04 14:36:43.718158","2026-08-04 14:36:43.718158"
16421,7c8092f7-4b04-4288-897c-dc8241e0b63f,TKT-1-202607-02922,satish.d,2,3,"2026-07-29 14:41:10",0,"2ndFN entry window is closed for june month, if entry needs to be done please send a mail to HQ","2026-07-29 09:11:10.258224","2026-07-29 09:11:10.258224"
1969,bdfd47b3-1ebe-44cd-940c-a079d479baaf,TKT-1-202607-02923,inish.d,2,3,"2026-08-03 17:12:31",0,"Sir/Madam, Please use Other transaction to adjust the grams different.","2026-08-03 11:42:31.386168","2026-08-03 11:42:31.386168"
1969,cfd21411-46f4-420d-ad8d-bb1935b6d1df,TKT-1-202607-02923,se16003_01,3,2,"2026-08-03 16:25:02",0,.,"2026-08-03 10:55:01.504935","2026-08-03 10:55:01.504935"
1969,77cb3525-d8b6-482d-8e36-79dd93c9579a,TKT-1-202607-02923,se16003_01,3,2,"2026-08-06 14:33:41",0,.,"2026-08-06 09:03:40.905378","2026-08-06 09:03:40.905378"
1969,7079274a-9267-497c-b7d3-5f0994217790,TKT-1-202607-02923,inish.d,2,3,"2026-08-03 15:20:40",0,"Sir/Madam, Please use Other transaction to adjust the grams different.","2026-08-03 09:50:39.559881","2026-08-03 09:50:39.559881"
1969,70654936-ed2a-4e84-a34f-e9069ac2eb2f,TKT-1-202607-02923,inish.d,2,3,"2026-08-05 20:45:14",0,"Sir/Madam, Please share the screenshot for OT.","2026-08-05 15:15:13.890071","2026-08-05 15:15:13.890071"
1969,5a02bba7-8a24-49a9-aa9f-5423ea8e998e,TKT-1-202607-02923,se16003_01,3,2,"2026-08-05 18:41:37",0,"I have attached screenshot of other transaction [ot]. it wont submit if bags not entered. please tell me how to use other transaction for adjusting gram difference","2026-08-05 13:11:37.146006","2026-08-05 13:11:37.146006"
1969,3b442ff6-3e06-45d8-8ffb-732945f4536e,TKT-1-202607-02923,umesh.k,2,7,"2026-08-07 10:46:37",0,"kindly refer comment section for more information.","2026-08-07 05:16:37.141882","2026-08-07 05:16:37.141882"
1969,3d3b4ce5-ac98-41f0-80f4-c6ab70ea2405,TKT-1-202607-02923,inish.d,2,3,"2026-08-06 14:44:12",0,"Sir/Madam, Please provide the transaction bags as zero and remarks in Other Transaction","2026-08-06 09:14:11.797689","2026-08-06 09:14:11.797689"
1969,0d6afcae-be32-4634-9a7f-e059194655f8,TKT-1-202607-02923,se16003_01,3,2,"2026-08-07 10:13:18",0,.,"2026-08-07 04:43:18.067130","2026-08-07 04:43:18.067130"
1969,006d9391-24b5-4243-8a1c-a2dd522dc81f,TKT-1-202607-02923,vikram6singh,1,2,"2026-07-29 12:19:47",1,"Please check.","2026-07-29 06:49:46.557624","2026-07-29 06:49:46.557624"
1969,10cb1e37-0196-417d-babc-b4121ef213a2,TKT-1-202607-02923,se16003_01,7,8,"2026-09-11 16:07:09",0,..,"2026-09-11 10:37:09.282228","2026-09-11 10:37:09.282228"
1969,1b7078c3-3227-4c96-bbc1-c81b8a77ea8f,TKT-1-202607-02923,se16003_01,NULL,1,"2026-07-29 12:04:50",0,New,"2026-07-29 06:34:50.121690","2026-07-29 06:34:50.121690"
8148,0bb12870-f703-4405-8359-dded676e043a,TKT-1-202607-02926,174101,7,10,"2026-08-25 10:52:13",0,"the correct figure will the weighbridge figure. After calculating the figure manually weighbridge report is found correct/exact.","2026-08-25 05:22:13.139688","2026-08-25 05:22:13.139688"
8148,214c4144-e39d-480e-9258-a439090cdbc7,TKT-1-202607-02926,vikram6singh,10,2,"2026-08-25 11:05:45",0,"Please check.","2026-08-25 05:35:45.461114","2026-08-25 05:35:45.461114"
8148,41bc377c-2304-49fa-87bf-419447402aa2,TKT-1-202607-02926,umesh.k,2,7,"2026-08-06 15:59:30",0,"kindly refer comment section for more information.","2026-08-06 10:29:30.218370","2026-08-06 10:29:30.218370"
8148,6492bfed-16b4-4a37-9e20-d7d8b1971aad,TKT-1-202607-02926,174101,3,2,"2026-08-06 15:55:21",0,"Please check the supportive document attached","2026-08-06 10:25:21.021103","2026-08-06 10:25:21.021103"
8148,9c3484a0-17e1-4650-b3d3-76aef18e5a4d,TKT-1-202607-02926,174101,NULL,1,"2026-07-29 12:41:17",0,New,"2026-07-29 07:11:17.042718","2026-07-29 07:11:17.042718"
8148,a1cc4603-fe92-4598-9aa8-359dfd610410,TKT-1-202607-02926,umesh.k,2,3,"2026-07-29 14:27:53",0,"Kindly refer comment section for more information.","2026-07-29 08:57:53.309894","2026-07-29 08:57:53.309894"
8148,f4a4d090-de1a-4623-897e-a5549667e533,TKT-1-202607-02926,vikram6singh,1,2,"2026-07-29 12:50:13",1,"Please check","2026-07-29 07:20:13.247515","2026-07-29 07:20:13.247515"
1775,fd3091e6-6cfb-4eca-ad5f-3d84a5f9b148,TKT-1-202607-02929,298371,3,2,"2026-08-08 11:36:59",0,"There is no option for restacking from same wagon.","2026-08-08 06:06:59.183162","2026-08-08 06:06:59.183162"
1775,cfc64bf7-6506-42df-9c7f-fff3ed2d5d26,TKT-1-202607-02929,298371,NULL,1,"2026-07-29 12:49:34",0,New,"2026-07-29 07:19:33.774425","2026-07-29 07:19:33.774425"
1775,b6902ecf-0293-445d-9d19-0810064f8d60,TKT-1-202607-02929,umesh.k,2,3,"2026-08-12 12:34:19",0,"Dear Sir/Madam,  We will delete the truck movement that you have already unloaded from wagon 98764 so that you can perform the unloading process again from the initial stage.  Thank you.","2026-08-12 07:04:19.408053","2026-08-12 07:04:19.408053"
1775,7e340298-2557-4fda-8db1-4fcc07b6d77a,TKT-1-202607-02929,umesh.k,2,3,"2026-08-06 18:15:12",0,"Dear sir/madam, before this rake transaction got updated one more transaction to that stack has been updated with different bag type commodity so system is not allowing. please do perform the stacking in another stack, Thank you","2026-08-06 12:45:11.808268","2026-08-06 12:45:11.808268"
1775,672d702b-101a-41be-9eac-58154ce97baa,TKT-1-202607-02929,298371,3,2,"2026-08-06 11:45:45",0,"KINDLY RELEASE THE RAKE URGENTLY","2026-08-06 06:15:44.508731","2026-08-06 06:15:44.508731"
1775,64a8b984-f643-465b-aa6a-29b6708d2646,TKT-1-202607-02929,298371,3,2,"2026-08-22 16:37:01",0,"ISSUE RESOLVED","2026-08-22 11:07:01.455143","2026-08-22 11:07:01.455143"
1775,39dd30dc-8902-4622-a1eb-54f2dee7af3b,TKT-1-202607-02929,vikram6singh,1,2,"2026-07-29 12:50:44",1,"Please check","2026-07-29 07:20:43.613744","2026-07-29 07:20:43.613744"
1775,2f2cb014-d903-4a62-95de-569429f6febf,TKT-1-202607-02929,shivaniyadav091298,2,7,"2026-08-24 10:50:20",0,"As per the user confirmation, we are closing this ticket. Thank you","2026-08-24 05:20:20.425765","2026-08-24 05:20:20.425765"
1775,205485c7-6960-4570-a4a4-3783313f863f,TKT-1-202607-02929,inzemamul.h,2,3,"2026-07-29 12:56:32",0,"Please describe properly what you want to convey,  For further assistance, please contact our support team at 📞 1800-410-6688.","2026-07-29 07:26:32.310470","2026-07-29 07:26:32.310470"
9925,139ba9ea-5e15-471f-9015-36495e79543d,TKT-1-202607-02939,313546,3,2,"2026-07-29 15:31:40",0,"The supporting documents are attached for your reference","2026-07-29 10:01:39.654166","2026-07-29 10:01:39.654166"
9925,34c5916b-a5fd-4a64-91ed-6e8adfced640,TKT-1-202607-02939,richa.k,2,3,"2026-07-29 13:29:55",0,"Kindly share the supporting documents for further investigation. For further assistance, contact the support team at 📞 1800‑410‑6688.","2026-07-29 07:59:55.074429","2026-07-29 07:59:55.074429"
9925,458e19ca-c52e-4a51-8d09-48687d05b72d,TKT-1-202607-02939,313546,NULL,1,"2026-07-29 13:20:27",0,New,"2026-07-29 07:50:27.331643","2026-07-29 07:50:27.331643"
9925,69e77f00-c25e-4222-9e5c-5b83612eba3f,TKT-1-202607-02939,umesh.k,2,3,"2026-08-26 10:56:07",0,"Kindly refer the comment section for more details.","2026-08-26 05:26:07.488225","2026-08-26 05:26:07.488225"
9925,7d475e02-7ada-429a-9905-8c032849ccae,TKT-1-202607-02939,313546,3,2,"2026-08-14 13:53:51",0,"User Id : 313546.  , Password : Sekhar@123456","2026-08-14 08:23:51.272921","2026-08-14 08:23:51.272921"
9925,88654c40-0abf-4b92-b9e3-8543d76db2e5,TKT-1-202607-02939,313546,3,2,"2026-07-30 11:20:10",0,"ID : 313546. , Password : Sekhar@6789","2026-07-30 05:50:09.527567","2026-07-30 05:50:09.527567"
9925,ad382e8a-854b-4409-a583-3f7b2a6d548b,TKT-1-202607-02939,vikram6singh,1,2,"2026-07-29 13:21:14",1,"Please check.","2026-07-29 07:51:14.239087","2026-07-29 07:51:14.239087"
9925,bd4ff191-7b91-42b5-84b3-c5a4c5558080,TKT-1-202607-02939,umesh.k,2,3,"2026-07-29 16:15:07",0,"Dear Sir,  Could you please share the login credentials, so that we can proceed with the investigation.","2026-07-29 10:45:06.712399","2026-07-29 10:45:06.712399"
9925,e4ba8ceb-99d0-4568-a85b-b614dfebb9a3,TKT-1-202607-02939,umesh.k,2,3,"2026-08-11 17:43:33",0,"We are not able to login with the credential you have shared, Kindly reshare the login credential so that we can properly investigate the issue.","2026-08-11 12:13:33.300137","2026-08-11 12:13:33.300137"
11351,ef40d824-d637-4ffc-aea9-3712131de380,TKT-1-202607-02940,inish.d,2,3,"2026-07-30 16:36:03",0,"thanks for your suggestion sir, we will check with our team, hope it will not block any transaction.","2026-07-30 11:06:02.942283","2026-07-30 11:06:02.942283"
11351,df1d24a4-6c6b-4080-96d8-b7d8d740a243,TKT-1-202607-02940,satish.d,2,3,"2026-08-22 10:46:31",0,"Please generate rejection note.","2026-08-22 05:16:30.636318","2026-08-22 05:16:30.636318"
11351,bae58ad3-820b-44d3-b41b-0416ae936ccb,TKT-1-202607-02940,inish.d,2,7,"2026-09-10 14:21:01",0,"thanks for your suggestion sir, we will check with our team,and add it to our task list.","2026-09-10 08:51:01.214593","2026-09-10 08:51:01.214593"
11351,959060a8-0bd5-46aa-b6f6-cd9014427583,TKT-1-202607-02940,140951,NULL,1,"2026-07-29 13:20:45",0,New,"2026-07-29 07:50:44.722696","2026-07-29 07:50:44.722696"
11351,6d28e697-efce-4d26-9764-5ccf416a5fe2,TKT-1-202607-02940,140951,3,2,"2026-09-07 13:55:26",0,"Sir, During season RSM 26-27 a whole trudck wheghment at weighbridge then whole truck rejected by QC side but create token is shown pending and the is no option to solve this. please solve this issue.","2026-09-07 08:25:25.777915","2026-09-07 08:25:25.777915"
11351,507edcbe-f4dd-4d40-8af5-9e0a71413c06,TKT-1-202607-02940,vikram6singh,1,2,"2026-07-29 13:30:02",0,"Please check.","2026-07-29 08:00:01.866147","2026-07-29 08:00:01.866147"
11351,99917a8e-4628-44de-afbf-6f3f41c71837,TKT-1-202607-02940,140951,3,2,"2026-07-31 15:20:25",0,"Sir please check","2026-07-31 09:50:25.481603","2026-07-31 09:50:25.481603"
2513,3f398ea4-b479-4ac3-adf5-46143a30a2b1,TKT-1-202607-02944,umesh.k,2,7,"2026-08-06 14:53:47",0,"Kindly check our comments.","2026-08-06 09:23:46.711077","2026-08-06 09:23:46.711077"
2513,74d12f88-c9f0-495b-af8a-9dc5d571aab8,TKT-1-202607-02944,262296,3,2,"2026-07-31 14:31:07",0,"username-262296 , Password -  Depot@354","2026-07-31 09:01:07.348288","2026-07-31 09:01:07.348288"
2513,9715caf3-9549-4586-add5-98d844f8888b,TKT-1-202607-02944,satish.d,2,3,"2026-07-29 19:00:26",0,"please share the credentials to check this issue","2026-07-29 13:30:26.170946","2026-07-29 13:30:26.170946"
2513,a7cb4380-df80-4678-bed7-0201217cbbb3,TKT-1-202607-02944,262296,NULL,1,"2026-07-29 13:33:01",0,New,"2026-07-29 08:03:01.096225","2026-07-29 08:03:01.096225"
2513,eae802a5-6419-449d-ab7a-7a73b105481a,TKT-1-202607-02944,vikram6singh,1,2,"2026-07-29 13:35:10",0,"Please check.","2026-07-29 08:05:10.146311","2026-07-29 08:05:10.146311"
598,c1b07a9a-0c2a-4ab5-a6d7-4d4e11c72461,TKT-1-202607-02947,shivaniyadav091298,2,7,"2026-08-08 12:00:35",0,"Please check the comment section.","2026-08-08 06:30:35.408960","2026-08-08 06:30:35.408960"
598,f8c5d65c-c80e-4bc1-acb3-85730eee02e7,TKT-1-202607-02947,anshu.r,2,3,"2026-07-29 15:08:01",0,"Kindly check comment","2026-07-29 09:38:01.304945","2026-07-29 09:38:01.304945"
598,df8b29af-1e5c-4039-998c-ef7d49d4f171,TKT-1-202607-02947,fb18007_01,3,2,"2026-07-31 11:37:53",0,"Please expedite","2026-07-31 06:07:52.694286","2026-07-31 06:07:52.694286"
598,dd4f41be-c89f-408f-b480-0c1d2276449f,TKT-1-202607-02947,fb18007_01,NULL,1,"2026-07-29 13:53:48",0,New,"2026-07-29 08:23:48.484679","2026-07-29 08:23:48.484679"
598,a8632146-3155-43f1-8ff1-b884e9b3663d,TKT-1-202607-02947,inish.d,2,3,"2026-08-03 10:37:01",0,"Sir/Madam,  Please provide the login credentials so that we can proceed further.","2026-08-03 05:07:00.651098","2026-08-03 05:07:00.651098"
598,9191e675-9c2f-4dd4-b9f0-d11c023a0c63,TKT-1-202607-02947,shivaniyadav091298,3,2,"2026-08-08 11:59:24",0,"Please check","2026-08-08 06:29:23.789421","2026-08-08 06:29:23.789421"
598,5c2718e1-7d06-41f1-840a-e9d633e6393d,TKT-1-202607-02947,vikram6singh,1,2,"2026-07-29 14:21:36",0,"Please check.","2026-07-29 08:51:35.853390","2026-07-29 08:51:35.853390"
598,4e40ce37-698b-4061-9c54-e9ffc9846eb9,TKT-1-202607-02947,fb18007_01,3,2,"2026-08-04 10:13:09",0,"Please do the needful on urgent basis.","2026-08-04 04:43:08.627467","2026-08-04 04:43:08.627467"
598,17b24107-40f5-485d-9574-43c83081d293,TKT-1-202607-02947,inish.d,2,3,"2026-08-04 10:20:12",0,"Sir/Madam, please perform the Other Transaction – Issue first and then proceed with Stack Killing, as the calculated loss percentage is within the permissible 30% limit.","2026-08-04 04:50:11.889758","2026-08-04 04:50:11.889758"
3820,cd2cede8-7ccd-41e9-8f2e-c0940382a8a2,TKT-1-202607-02957,167495,3,2,"2026-08-22 12:29:19",0,"still not showing the brl stack in procurment inspection in brl tab kindly check it","2026-08-22 06:59:19.142311","2026-08-22 06:59:19.142311"
3820,fecdb1bf-3930-46fe-89c7-11a04c31d2bd,TKT-1-202607-02957,satish.d,2,3,"2026-08-31 17:41:38",0,"Please share miller credentials, CMR created date, to proceed with investigation","2026-08-31 12:11:37.587702","2026-08-31 12:11:37.587702"
3820,fde16216-8860-4010-98dd-3e46649beab5,TKT-1-202607-02957,167495,NULL,1,"2026-07-29 14:57:30",0,New,"2026-07-29 09:27:30.285028","2026-07-29 09:27:30.285028"
3820,fdc96340-fb97-424e-9346-cb9e0d2aa225,TKT-1-202607-02957,satish.d,2,3,"2026-09-08 17:28:59",0,"30-06-2026 Please select this date and try.","2026-09-08 11:58:59.310357","2026-09-08 11:58:59.310357"
3820,f0619d62-08df-49f1-b5af-0c211943e233,TKT-1-202607-02957,satish.d,2,3,"2026-09-11 16:18:03",0,"As per the id you have given, it is showing Shri Krishna rice mill, but you mentioned it's raised for Mahadev Rice Mill, please provide proper credentials or check with correct miller","2026-09-11 10:48:02.821416","2026-09-11 10:48:02.821416"
3820,ea3b2ed2-b51a-478f-87e4-7d15f42eb162,TKT-1-202607-02957,satish.d,2,3,"2026-09-04 12:01:24",0,"Please share the etec number.","2026-09-04 06:31:23.962814","2026-09-04 06:31:23.962814"
3820,af773ad9-f969-4757-b095-d2a4522cc6ee,TKT-1-202607-02957,167495,3,2,"2026-08-18 12:54:59",0,"Brl num:   NF2001Z26FR002Z1407260029","2026-08-18 07:24:58.863623","2026-08-18 07:24:58.863623"
3820,aeedf744-0077-43dd-b845-29bc64772c4d,TKT-1-202607-02957,vikram6singh,1,2,"2026-07-29 14:59:23",0,"Please check.","2026-07-29 09:29:22.595660","2026-07-29 09:29:22.595660"
3820,ac5278ba-521d-486c-94b1-69186b7e386a,TKT-1-202607-02957,167495,3,2,"2026-08-29 15:36:03",0,"CHECKED IN MILLER ANNDARPAN ID BUT THERE ALSO NO OPTION FOR BRL LOT COMING .","2026-08-29 10:06:03.042633","2026-08-29 10:06:03.042633"
3820,9b7c37ce-3675-4d78-9e39-6180d9441f37,TKT-1-202607-02957,satish.d,2,3,"2026-08-19 15:57:02",0,"brl has to raise for lot in a stack , in procurement inspection it has to be raised for LOT , please check that","2026-08-19 10:27:01.853794","2026-08-19 10:27:01.853794"
3820,07f33841-73b4-4b74-bf25-715808f854e1,TKT-1-202607-02957,satish.d,2,3,"2026-08-19 14:29:46",0,"Please send a mail through HQ so that we can update it. Also please try using another new stack for BRL raised.","2026-08-19 08:59:45.947920","2026-08-19 08:59:45.947920"
3820,8c24c525-4902-41b9-953b-21ef94bfed88,TKT-1-202607-02957,167495,3,2,"2026-08-03 15:53:01",0,"empty stack is already present in depot kindly tell us how to assign it to party","2026-08-03 10:23:01.241985","2026-08-03 10:23:01.241985"
3820,0e0268d5-5d5c-40e8-8a33-3e163fa57103,TKT-1-202607-02957,satish.d,2,3,"2026-08-24 12:15:20",0,"if brl has been raised by ZO for a lot ,then miller has to continue the process to raise the brl for stack allocation, please check in miller login not again in procurement inspection in depot login","2026-08-24 06:45:20.237816","2026-08-24 06:45:20.237816"
3820,0e425988-0672-4df2-a31e-b3e2309cd4a1,TKT-1-202607-02957,167495,3,2,"2026-08-13 12:27:02",0,"kindly contact to 8237779816 regarding this and the problem still not resolve,","2026-08-13 06:57:01.780828","2026-08-13 06:57:01.780828"
3820,184260c7-c078-41f8-bf46-7a7650dab19a,TKT-1-202607-02957,167495,3,2,"2026-09-10 14:30:37",0,"Kindly tell us in which tab has to check because under brl tab in procurement inspection didn't find this brl lot after selecting 2C63 except this lot 1259other lot visible kindly guide us procedure to do lot brl","2026-09-10 09:00:37.066544","2026-09-10 09:00:37.066544"
3820,2dc40fb3-9d26-412a-9b5b-888128ac611c,TKT-1-202607-02957,satish.d,2,3,"2026-08-14 11:50:18",0,"share the brl number to check this issue","2026-08-14 06:20:18.292782","2026-08-14 06:20:18.292782"
3820,38b14fba-27bb-4e30-8ad0-4f5813391d2f,TKT-1-202607-02957,167495,3,2,"2026-08-19 15:00:40",0,"kindly just guide us how to remove single BRL lot from annadarpan right now anndarpan by default did whole stack BRL instead of single lot untill  that lot removed from annadarpan the remaining quantity cannt be matched with physical balance.","2026-08-19 09:30:40.012640","2026-08-19 09:30:40.012640"
3820,3e0a59d1-797d-42f1-8c8f-4e432ba5ceb7,TKT-1-202607-02957,satish.d,2,3,"2026-08-03 17:35:46",0,"in depot manager login, under manage stacks menu we have page called manage stacks for brl, there again your brl assign the empty stack","2026-08-03 12:05:45.936792","2026-08-03 12:05:45.936792"
3820,44352c63-3872-4fee-a43b-0fd309919984,TKT-1-202607-02957,167495,3,2,"2026-09-03 17:13:46",0,"m_pb041218   pswd: Mld@1234","2026-09-03 11:43:45.864957","2026-09-03 11:43:45.864957"
3820,6ecfaf5c-1a0a-4aac-b4b3-1f80a1bc2c64,TKT-1-202607-02957,satish.d,2,3,"2026-07-29 18:58:25",0,"to allocate a new stack, it should be an empty stack no other constraint is there, so ensure empty stack is available to get the replaced quantity","2026-07-29 13:28:24.780083","2026-07-29 13:28:24.780083"
3820,8bf670b3-5b8a-402d-b453-2c1898c31b40,TKT-1-202607-02957,167495,3,2,"2026-09-07 13:54:37",0,"the Lot No. 1259 pertaining to Mahadev Rice Mill (E-tec no1748441","2026-09-07 08:24:36.800526","2026-09-07 08:24:36.800526"
801,2d30f042-a8ac-43ef-b323-7f2bc83d924b,TKT-1-202607-02964,vikram6singh,1,2,"2026-07-29 15:39:12",0,"Please check.","2026-07-29 10:09:11.701267","2026-07-29 10:09:11.701267"
801,5136063c-33db-40b7-8973-1fe22e5a971c,TKT-1-202607-02964,saroj.m,2,5,"2026-08-01 09:53:54",0,"Respected Sir , Please look into this issue.","2026-08-01 04:23:54.346769","2026-08-01 04:23:54.346769"
801,7169fd4f-98ca-4098-975c-72736eded7b4,TKT-1-202607-02964,282592,NULL,1,"2026-07-29 15:36:27",0,New,"2026-07-29 10:06:26.985912","2026-07-29 10:06:26.985912"
1583,608c7854-1aa5-41cf-ba96-6ebb847ac6d2,TKT-1-202607-02972,vikram6singh,1,2,"2026-07-29 16:11:11",1,"Please check.","2026-07-29 10:41:11.370331","2026-07-29 10:41:11.370331"
1583,ff4fd965-a9bd-435b-9f8c-827183abb8b3,TKT-1-202607-02972,arti.1.t,2,3,"2026-07-30 17:59:10",0,"Kindly share your contact details so that we can discuss the issue further and assist you accordingly.","2026-07-30 12:29:10.335134","2026-07-30 12:29:10.335134"
1583,fa79a299-cf49-4844-ab65-3ed2213961b8,TKT-1-202607-02972,satish.d,2,3,"2026-07-29 18:35:30",0,"as those are CAP storage , please check under CAP in type of fumigation","2026-07-29 13:05:29.700156","2026-07-29 13:05:29.700156"
1583,e66aa50a-48cc-4679-b168-d2b9a17c6cf8,TKT-1-202607-02972,sf12045_01,3,2,"2026-08-01 11:30:33",0,"This is my contact details 8328032127","2026-08-01 06:00:33.027619","2026-08-01 06:00:33.027619"
1583,98147360-4418-4bdc-aec2-59fdb809eb2e,TKT-1-202607-02972,sf12045_01,7,8,"2026-09-10 11:11:34",0,"Close this ticket","2026-09-10 05:41:34.250318","2026-09-10 05:41:34.250318"
1583,7d5c8c90-c67b-4089-bd66-e6793ad665ae,TKT-1-202607-02972,arti.1.t,2,7,"2026-08-06 14:12:09",0,"As discussed over the call and clarified, kindly coordinate with your competent authority for the approval of the Other Transaction. Hence closing this ticket. For Further assistance, please contact our Support team at: 1800 410 6688.","2026-08-06 08:42:08.951052","2026-08-06 08:42:08.951052"
1583,3719026d-6eb2-4fc2-aff9-ef1dbb80a451,TKT-1-202607-02972,sf12045_01,3,2,"2026-07-30 15:48:59",0,"1c 2c 3c shed total capacity is 5000 mt, we need to change these 3 sheds from cap to cover. need to do it without OT process. last time in shed no 3suddala depot we emptied all stock deleted it and changed cap to cover  . SO WE NEED WITH OUT ot","2026-07-30 10:18:58.500312","2026-07-30 10:18:58.500312"
1583,368e733a-8b0f-48de-abf6-68b5afb25c25,TKT-1-202607-02972,sf12045_01,NULL,1,"2026-07-29 16:01:59",0,New,"2026-07-29 10:31:58.538347","2026-07-29 10:31:58.538347"
1583,35c60497-76ee-48e3-8f91-52545cbdbed9,TKT-1-202607-02972,sf12045_01,7,10,"2026-08-04 16:16:22",0,"Last time we have  done existed shed made empty process like :  mark to issue, outward&inward operation on other transactions,but this other transactions are not  being accepted by competent autharity  at RO level  ,So kindly give other process.","2026-08-04 10:46:22.205155","2026-08-04 10:46:22.205155"
1583,2b2b8c33-be06-451a-acfb-d72a58db96c8,TKT-1-202607-02972,vikram6singh,10,2,"2026-08-04 16:39:28",0,"Please check.","2026-08-04 11:09:27.853365","2026-08-04 11:09:27.853365"
1583,48a5069c-0b60-41cf-a466-83a25afdd67c,TKT-1-202607-02972,arti.1.t,2,7,"2026-08-03 17:10:09",0,"To convert a CAP Shed into a Covered Shed, the existing shed must first be vacated and made empty. Once the shed is completely cleared, the reconstruction/conversion process can be initiated as per the prescribed procedure.","2026-08-03 11:40:08.895076","2026-08-03 11:40:08.895076"
1708,2f776c42-a294-424e-8a80-e4d8134d2c53,TKT-1-202607-02973,satish.d,2,12,"2026-08-03 16:28:38",0,"Kindly check the user requirement and give your input","2026-08-03 10:58:37.850095","2026-08-03 10:58:37.850095"
1708,720a0283-be2f-40ac-ba45-171193933cc4,TKT-1-202607-02973,310778,NULL,1,"2026-07-29 16:04:09",0,New,"2026-07-29 10:34:09.156504","2026-07-29 10:34:09.156504"
1708,8197df13-6f72-4d22-8e78-3e6d3f267cf2,TKT-1-202607-02973,vikram6singh,1,2,"2026-07-29 16:11:07",0,"Please check.","2026-07-29 10:41:06.867853","2026-07-29 10:41:06.867853"
1371,0fca1775-751c-47f1-82ce-928a149458d9,TKT-1-202607-02976,232851,3,2,"2026-08-04 16:37:14",0,"Pleae kindly check the comments and rectity the raised issue.","2026-08-04 11:07:13.995124","2026-08-04 11:07:13.995124"
1371,dae86f10-4287-42cd-9b58-fb719da0f9ed,TKT-1-202607-02976,232851,NULL,1,"2026-07-29 16:21:30",0,New,"2026-07-29 10:51:30.411337","2026-07-29 10:51:30.411337"
1371,b8488147-5615-4291-aad3-567679c7d091,TKT-1-202607-02976,satish.d,2,3,"2026-07-31 19:18:28",0,"Kindly check the comment section","2026-07-31 13:48:28.289975","2026-07-31 13:48:28.289975"
1371,9deb8d67-4bbc-4551-8466-c3a53812c147,TKT-1-202607-02976,satish.d,2,5,"2026-08-05 19:11:55",0,"Kindly check the comment section","2026-08-05 13:41:55.477234","2026-08-05 13:41:55.477234"
1371,710bf72d-5b34-45de-a6e8-107967a82950,TKT-1-202607-02976,satish.d,2,3,"2026-08-03 16:34:12",0,"Kindly check the comment section","2026-08-03 11:04:11.876073","2026-08-03 11:04:11.876073"
1371,2d5302f3-3c86-4942-8f1a-ce3b1b5c93f9,TKT-1-202607-02976,vikram6singh,1,2,"2026-07-29 16:29:18",1,"Please check.","2026-07-29 10:59:17.659369","2026-07-29 10:59:17.659369"
1371,0ecc29cc-c4f0-4d88-bd2d-4a6940d0725b,TKT-1-202607-02976,232851,3,2,"2026-08-03 15:46:32",0,"The raised issue is still pending. Kind attention needs for rectify the same.","2026-08-03 10:16:32.113216","2026-08-03 10:16:32.113216"
2,560ab1c0-72c8-4f52-aad4-e1b406b78b83,TKT-1-202607-02985,vikram6singh,1,2,"2026-07-29 17:47:19",0,"Please check.","2026-07-29 12:17:18.907300","2026-07-29 12:17:18.907300"
2,9f81ee33-169d-476a-9da5-60be69d767f6,TKT-1-202607-02985,318634,NULL,1,"2026-07-29 17:34:34",0,New,"2026-07-29 12:04:33.663997","2026-07-29 12:04:33.663997"
2,f645c802-5c6e-4128-aa9d-13bd5a95aa7b,TKT-1-202607-02985,satish.d,2,7,"2026-07-30 16:33:18",0,"Kindly check the comment section","2026-07-30 11:16:18.479150","2026-07-30 11:16:18.479150"
19405,5c0ad9b8-bdb0-4515-9a80-b26a982736e0,TKT-1-202607-02998,satish.d,NULL,1,"2026-07-30 10:38:11",0,New,"2026-07-30 05:08:11.426323","2026-07-30 05:08:11.426323"
19405,486f9fbb-9a47-41f8-a177-8d3128fa4f45,TKT-1-202607-02998,vikram6singh,1,2,"2026-07-30 11:03:02",0,"Please check.","2026-07-30 05:33:02.450945","2026-07-30 05:33:02.450945"
1125,d790e6d7-69d9-452c-b488-f0c6b3b1f69e,TKT-1-202607-03003,vikram6singh,1,2,"2026-07-30 11:23:53",0,"Please check.","2026-07-30 05:53:52.756452","2026-07-30 05:53:52.756452"
1125,e28a9479-7889-444e-b6ae-20199d5c491b,TKT-1-202607-03003,inish.d,2,7,"2026-08-03 11:04:38",0,"changes done","2026-08-03 05:34:37.520577","2026-08-03 05:34:37.520577"
1125,e98e7438-c6e7-4777-9b1e-2bf71ee1aab1,TKT-1-202607-03003,inish.d,NULL,1,"2026-07-30 11:06:23",0,New,"2026-07-30 05:36:23.335944","2026-07-30 05:36:23.335944"
83,ac0496e2-6deb-4e8a-aff9-a1f20167165b,TKT-1-202607-03017,168310,NULL,1,"2026-07-30 11:56:46",0,New,"2026-07-30 06:26:45.952959","2026-07-30 06:26:45.952959"
83,de4c627e-61fc-457a-a944-82eef57823b8,TKT-1-202607-03017,vikram6singh,1,2,"2026-07-30 11:58:15",0,"Please check.","2026-07-30 06:28:14.548205","2026-07-30 06:28:14.548205"
83,fbc8a37c-03fe-43aa-b951-b5b007520bfe,TKT-1-202607-03017,umesh.k,2,7,"2026-07-31 12:17:05",0,"kindly refer comment section.","2026-07-31 06:47:04.806976","2026-07-31 06:47:04.806976"
7467,efa91d3c-c77e-4cd2-8e1f-cacc6007d68b,TKT-1-202607-03026,satish.d,2,3,"2026-07-30 16:17:45",0,"please share the user credentials to check this issue","2026-07-30 10:47:44.970931","2026-07-30 10:47:44.970931"
7467,ed5d6603-7305-4057-b556-b8a87218d488,TKT-1-202607-03026,250695,7,10,"2026-08-19 11:53:25",0,"THe issue is still not resolved. YOu can check through login","2026-08-19 06:23:24.727134","2026-08-19 06:23:24.727134"
7467,d7f4c399-f97b-4ada-a51a-8114ed2fb46d,TKT-1-202607-03026,250695,7,8,"2026-09-10 10:05:07",0,"Issue resolved thanks.","2026-09-10 04:35:07.476826","2026-09-10 04:35:07.476826"
7467,bb1bafa3-c733-408d-8feb-8e408474a711,TKT-1-202607-03026,250695,3,2,"2026-07-31 16:00:28",0,"Id - 261199 & Password - Vimalji@2025","2026-07-31 10:30:27.640861","2026-07-31 10:30:27.640861"
7467,b769841f-24f2-4e4e-ad9e-7f308525d6c0,TKT-1-202607-03026,vikram6singh,10,2,"2026-08-19 11:57:57",0,"Please check.","2026-08-19 06:27:56.939385","2026-08-19 06:27:56.939385"
7467,8d247eb5-60b6-421d-8411-e3113a215dd7,TKT-1-202607-03026,satish.d,2,7,"2026-09-09 15:13:45",0,"As per the user comments we are closing this ticket.","2026-09-09 09:43:44.821099","2026-09-09 09:43:44.821099"
7467,61450697-bcaf-4ab0-8055-2b7fc73bf17c,TKT-1-202607-03026,satish.d,2,7,"2026-08-10 18:15:39",0,"Please check the issue is resolved.","2026-08-10 12:45:38.806052","2026-08-10 12:45:38.806052"
7467,565a2cd4-4d33-4f98-a3b5-6630f9671746,TKT-1-202607-03026,vikram6singh,1,2,"2026-07-30 12:10:56",1,"Please check.","2026-07-30 06:40:55.895632","2026-07-30 06:40:55.895632"
7467,2a704348-e3b4-460a-ae4c-ccab1a653628,TKT-1-202607-03026,satish.d,2,3,"2026-08-27 12:05:53",0,"Please retry and share the latest screen shots.","2026-08-27 06:35:53.464237","2026-08-27 06:35:53.464237"
7467,25e68d69-b49b-4c47-99d1-6656f39ea794,TKT-1-202607-03026,250695,NULL,1,"2026-07-30 12:10:37",0,New,"2026-07-30 06:40:37.037147","2026-07-30 06:40:37.037147"
7467,9f71d4f7-a1a5-4e77-a210-33ff8df39cfe,TKT-1-202607-03026,250695,3,2,"2026-09-09 15:03:15",0,"issue resolved.","2026-09-09 09:33:14.567196","2026-09-09 09:33:14.567196"
5458,65925791-3b5c-4a27-b3b1-0f5574adb09d,TKT-1-202607-03033,187020,NULL,1,"2026-07-30 12:30:24",0,New,"2026-07-30 07:00:24.015610","2026-07-30 07:00:24.015610"
5458,a479f4b6-8195-4c80-bfa0-b10a40e32ae2,TKT-1-202607-03033,inish.d,2,3,"2026-08-10 15:51:41",0,"please refer comments","2026-08-10 10:21:40.755852","2026-08-10 10:21:40.755852"
5458,cad8ab91-4a3f-448d-830a-645df2c65e9f,TKT-1-202607-03033,vikram6singh,1,2,"2026-07-30 12:33:03",0,"Please check.","2026-07-30 07:03:03.143190","2026-07-30 07:03:03.143190"
5458,fa3f2604-d5c0-44d4-8cab-dd4e8f7c48ac,TKT-1-202607-03033,187020,3,2,"2026-09-11 12:26:48",0,"call me","2026-09-11 06:56:48.013742","2026-09-11 06:56:48.013742"
474,2416adf7-ce22-45d7-b612-895ae76d248a,TKT-1-202607-03040,amitabh.k,5,2,"2026-08-05 11:42:30",0,"Kindly provision requisite reports at DO level for QC roles","2026-08-05 06:12:30.377419","2026-08-05 06:12:30.377419"
474,e1d65d95-bf2e-4e7b-b5d8-ce0d2870a8c4,TKT-1-202607-03040,292498,3,2,"2026-08-03 16:22:50",0,"Requirement: The system should display the Daily Receipt Issue Stock Data with the corresponding Crop Year at the DO Manager QC access levels.","2026-08-03 10:52:49.574876","2026-08-03 10:52:49.574876"
474,dd62700e-f060-4cc7-b84d-61acbc1bb380,TKT-1-202607-03040,vikram6singh,1,2,"2026-07-30 12:44:27",0,"Please check","2026-07-30 07:14:26.628259","2026-07-30 07:14:26.628259"
474,94231dad-4f19-4e1f-8871-676d2b850978,TKT-1-202607-03040,sanjeet.k,2,5,"2026-08-04 14:09:29",0,"please do confirm regarding the inclusion of depot reports under the login of DO Manager QC, however currently provision is at Divisional manager","2026-08-04 08:39:29.485069","2026-08-04 08:39:29.485069"
474,75a647eb-1e49-4c9d-931f-9709ab176c89,TKT-1-202607-03040,sanjeet.k,2,3,"2026-07-30 17:01:46",0,"Respected sir, kindly describe the enhancement you want in detail in the comment section for the further assistance.","2026-07-30 11:31:46.403294","2026-07-30 11:31:46.403294"
474,426055f0-39c5-41cf-a214-dffbc436b59f,TKT-1-202607-03040,sanjeet.k,2,12,"2026-08-05 16:27:34",0,"Please kindly approve it for CR consideration.","2026-08-05 10:57:34.349502","2026-08-05 10:57:34.349502"
474,0ad9f427-f289-45ea-8b57-c09223e66753,TKT-1-202607-03040,292498,NULL,1,"2026-07-30 12:43:00",0,New,"2026-07-30 07:12:59.891163","2026-07-30 07:12:59.891163"
331,32078968-8698-4bc5-b02d-afcc05fe1f8c,TKT-1-202607-03052,wf12025_01,NULL,1,"2026-07-30 13:33:08",0,New,"2026-07-30 08:03:08.257519","2026-07-30 08:03:08.257519"
331,88ea42ba-2284-4506-96d1-c59b4dce6c22,TKT-1-202607-03052,vikram6singh,1,2,"2026-07-30 13:35:15",0,"Please check.","2026-07-30 08:05:15.372700","2026-07-30 08:05:15.372700"
331,9bcbdd86-5bae-4612-be1d-155f20325fc3,TKT-1-202607-03052,inzemamul.h,2,5,"2026-07-31 18:13:01",0,"Respected Sir, Kindly look into the suggestion, To provide option for Gross Weight (Gunny Weight + Net Weight of Food Grain) in the Out Weight screen during rake loading.","2026-07-31 12:43:01.175707","2026-07-31 12:43:01.175707"
372,f75d9866-1549-4998-aaa0-2b2365970af2,TKT-1-202607-03057,sanjeet.k,2,12,"2026-08-04 09:39:25",0,"Please kindly approve it for CR consideration.","2026-08-04 04:09:24.660358","2026-08-04 04:09:24.660358"
372,b450344f-303d-4795-affc-2bc718124272,TKT-1-202607-03057,292403,NULL,1,"2026-07-30 14:07:51",0,New,"2026-07-30 08:37:51.360406","2026-07-30 08:37:51.360406"
372,54c1fdca-5e35-4a5b-850c-5c5c212b0d73,TKT-1-202607-03057,HA11_QC_ADMIN,5,2,"2026-08-03 11:54:13",0,"Please do needful as per standing instructions.","2026-08-03 06:24:12.511234","2026-08-03 06:24:12.511234"
372,0ae6f1c5-7534-48dc-bd84-43bb39cf4ecb,TKT-1-202607-03057,vikram6singh,1,2,"2026-07-30 14:08:55",0,"Please check.","2026-07-30 08:38:54.810385","2026-07-30 08:38:54.810385"
372,61234df7-ab34-4256-bb09-b667b5615406,TKT-1-202607-03057,saroj.m,2,5,"2026-07-31 12:30:21",0,"Respected Sir, Kindly look into the given concern wherein the user wants that the Joint Sampling to be done Stack-wise and DC (Deputy Commissioner) wise.","2026-07-31 07:00:20.644897","2026-07-31 07:00:20.644897"
420,e96b5140-0625-4389-bf53-cecc307b5353,TKT-1-202607-03063,nf12053_01,3,2,"2026-08-18 11:10:59",0,"kindly resolve the issue","2026-08-18 05:40:58.561673","2026-08-18 05:40:58.561673"
420,f8820cde-b0f2-4bd6-b2cc-fc2a6875a483,TKT-1-202607-03063,vikram6singh,10,2,"2026-09-09 10:39:06",0,"Please check.","2026-09-09 05:09:05.551432","2026-09-09 05:09:05.551432"
420,eea778b4-a11e-48e8-95e6-ab57a3da61df,TKT-1-202607-03063,inish.d,2,3,"2026-08-03 09:59:55",0,"Its seems like stack has been blocked for RO, please correct that and try","2026-08-03 04:29:55.138328","2026-08-03 04:29:55.138328"
420,abefe2f1-8206-4747-a536-59db05281f5d,TKT-1-202607-03063,nf12053_01,3,2,"2026-07-31 13:25:02",0,"ID-nf12053_01 & Password - Depot@1234 contact No 7991121684","2026-07-31 07:55:02.411255","2026-07-31 07:55:02.411255"
420,a12c8f06-9ae6-4cae-a652-45042a81c454,TKT-1-202607-03063,nf12053_01,7,10,"2026-09-09 10:38:35",0,"sir, due to the issue we have cretaed another stack 2B9 and recieved the lots in the respective stack so we want to delete the earlier vacant showing stack 2B09.","2026-09-09 05:08:35.155617","2026-09-09 05:08:35.155617"
420,7b5dd8ec-4da7-4861-8664-29abb6eb2dab,TKT-1-202607-03063,shivaniyadav091298,3,2,"2026-08-06 12:36:36",0,"Please check","2026-08-06 07:06:36.066261","2026-08-06 07:06:36.066261"
420,65ee9859-a54f-4b38-b8f7-2e5249366409,TKT-1-202607-03063,richa.k,2,3,"2026-08-18 11:17:43",0,"As discussed over call kindly share Token number, truck number along with depot code and user id and password to proceed further.","2026-08-18 05:47:43.436102","2026-08-18 05:47:43.436102"
420,63d03726-0603-4385-ab57-fd53804cd629,TKT-1-202607-03063,shivaniyadav091298,3,2,"2026-08-20 14:37:28",0,"Please check","2026-08-20 09:07:27.579663","2026-08-20 09:07:27.579663"
420,550f0c8f-ac31-4cb1-a61c-e35e201ac68d,TKT-1-202607-03063,nf12053_01,7,10,"2026-08-12 16:06:44",0,"It is submitted that the issue has not been resolved and kindly advise us to resolve the matter","2026-08-12 10:36:43.703447","2026-08-12 10:36:43.703447"
420,31327711-15dd-4867-92a2-e23fa42771fb,TKT-1-202607-03063,shivaniyadav091298,2,7,"2026-08-06 12:37:34",0,"As per telephonic conversation on (7417552040), the concerned user has confirmed that issue has been resolved and hence this ticket is marked as resolved. For any further assistance, please contact our support team at : 1800-410-6688.","2026-08-06 07:07:34.353319","2026-08-06 07:07:34.353319"
420,2f10939e-fd7a-4512-9f9a-78587deba0a2,TKT-1-202607-03063,shivaniyadav091298,2,7,"2026-08-20 14:37:50",0,"Please check the comment section.","2026-08-20 09:07:50.306963","2026-08-20 09:07:50.306963"
420,2cd51a23-3d2e-4e3a-8a5b-c93e7e35cf04,TKT-1-202607-03063,inish.d,2,3,"2026-07-31 18:48:39",0,"Itrs observed that , in attached image, shed has not been selected, please select shed following stack. system will not populate stack, if stack is in Receipt state/ marked for some other TEC","2026-07-31 13:18:39.344535","2026-07-31 13:18:39.344535"
420,2bf4d002-91ba-4140-8c45-6c7fdcb5d4ae,TKT-1-202607-03063,vikram6singh,1,2,"2026-07-30 14:55:16",1,"Please check.","2026-07-30 09:25:15.925563","2026-07-30 09:25:15.925563"
420,29b5c09e-13af-48f7-8ba4-bc0e29f7d6e1,TKT-1-202607-03063,vikram6singh,10,2,"2026-08-12 16:07:01",0,"Please check.","2026-08-12 10:37:01.337313","2026-08-12 10:37:01.337313"
420,2738c78b-9320-40a1-8c73-2eff3aec30b9,TKT-1-202607-03063,richa.k,2,7,"2026-09-09 12:14:12",0,"As per the user’s confirmation, the issue has been resolved. Therefore, this ticket is being closed. For any further assistance, please contact our support team at: 📞 1800‑410‑6688.","2026-09-09 06:44:12.434500","2026-09-09 06:44:12.434500"
420,242bf473-8b6c-481e-a9df-5f6b41e5f7d4,TKT-1-202607-03063,nf12053_01,3,2,"2026-08-01 11:09:42",0,"Shed has already been selected but stack is not showing but keeps on loading. Image has been attached for reference. Kindly contact Himanshu Negi, AG-II(D), 7417552040 for further information.","2026-08-01 05:39:42.416758","2026-08-01 05:39:42.416758"
420,10a77d10-6fd4-40fc-8b83-06c535daaec8,TKT-1-202607-03063,richa.k,2,3,"2026-08-12 16:39:03",0,"Kindly confirm what the issue you are facing currently so that we can check the issue,For any further assistance, please contact our support team at : 1800-410-6688.","2026-08-12 11:09:02.771787","2026-08-12 11:09:02.771787"
420,015626df-f243-4e8c-a77c-b054689f73d7,TKT-1-202607-03063,richa.k,2,3,"2026-07-30 15:05:56",0,"Please share your user id and password with contact details for further process, For any further assistance, please contact our support team at:📞1800-410-6688.","2026-07-30 09:35:55.659407","2026-07-30 09:35:55.659407"
420,45029058-8f40-42ac-8d92-2a4e96921c6d,TKT-1-202607-03063,nf12053_01,NULL,1,"2026-07-30 14:46:42",0,New,"2026-07-30 09:16:42.396092","2026-07-30 09:16:42.396092"
1441,898bac34-efc4-4607-9963-6ddc39db8ea2,TKT-1-202607-03066,147266,NULL,1,"2026-07-30 14:54:37",0,New,"2026-07-30 09:24:36.619909","2026-07-30 09:24:36.619909"
1441,fb23dfa3-0539-496a-964b-2202aef0b678,TKT-1-202607-03066,147266,3,2,"2026-07-31 15:30:02",0,"revenue district displaying Telanagana district instead of Andhra pradesh and allocation period is from April to JUNE.So it is requested to allot the quantity for 1ST qtr under WBNP Andhrapradesh allocation.","2026-07-31 10:00:01.926228","2026-07-31 10:00:01.926228"
1441,de49229d-5050-405a-a156-a842099adf8c,TKT-1-202607-03066,umesh.k,2,3,"2026-07-31 10:51:15",0,"Kindly check our comments.","2026-07-31 05:21:14.992108","2026-07-31 05:21:14.992108"
1441,c0c98098-88ab-4b97-8c16-6a702423bcf3,TKT-1-202607-03066,satish.d,2,5,"2026-08-24 12:08:31",0,"Sir, The user is requesting a provision to create Sales RO for Inter-Region movement. Currently, only Revenue Districts within the same Region can be selected while creating the RO.  Kindly review and advise accordingly.","2026-08-24 06:38:31.439078","2026-08-24 06:38:31.439078"
1441,a388ab3f-6ce0-44b1-9972-ff4ba8922924,TKT-1-202607-03066,umesh.k,2,3,"2026-08-03 10:36:27",0,"Kindly check our comments.","2026-08-03 05:06:26.631205","2026-08-03 05:06:26.631205"
1441,90d6ace9-4e07-44ac-9fdf-572f6970eefe,TKT-1-202607-03066,147266,3,2,"2026-08-01 13:19:39",0,"Please check the reply comments posted","2026-08-01 07:49:38.967855","2026-08-01 07:49:38.967855"
1441,6c40cd4f-6803-4155-8e46-e7c74313976e,TKT-1-202607-03066,vikram6singh,1,2,"2026-07-30 14:57:22",0,"Please check.","2026-07-30 09:27:22.091726","2026-07-30 09:27:22.091726"
1441,343e2077-4e84-411f-844c-c4bf06ee1f19,TKT-1-202607-03066,147266,3,2,"2026-08-21 11:52:08",0,"Please check our comments.","2026-08-21 06:22:07.733757","2026-08-21 06:22:07.733757"
1441,1df2d44b-4889-4bb3-8628-4a3b11e203bc,TKT-1-202607-03066,umesh.k,2,3,"2026-07-31 18:01:55",0,"Kindly check our comments.","2026-07-31 12:31:55.064628","2026-07-31 12:31:55.064628"
1132,5cba537e-ea91-4b65-b2b1-f0f501d748c9,TKT-1-202607-03069,vikram6singh,1,2,"2026-07-30 15:33:35",1,"Please check","2026-07-30 10:03:34.777978","2026-07-30 10:03:34.777978"
1132,78cca7b7-e80c-4d7f-bba8-f9d8d0ce9f1d,TKT-1-202607-03069,264516,NULL,1,"2026-07-30 15:31:47",0,New,"2026-07-30 10:01:46.612409","2026-07-30 10:01:46.612409"
1132,ec45e413-b660-45e0-a7c5-c138bea47e5c,TKT-1-202607-03069,umesh.k,2,7,"2026-08-03 15:19:45",0,"issue has been resolved.","2026-08-03 09:49:45.035550","2026-08-03 09:49:45.035550"
9347,64c34fc4-d5ee-4467-8a57-9d51003ae069,TKT-1-202607-03071,291276,NULL,1,"2026-07-30 15:40:31",0,New,"2026-07-30 10:10:30.918267","2026-07-30 10:10:30.918267"
9347,e31f73b6-8d36-4deb-b9d7-acf8c90798a8,TKT-1-202607-03071,inish.d,2,3,"2026-08-03 12:10:00",0,"Sir/Madam, Please contact the regional admin to delete the one railhead","2026-08-03 06:40:00.177017","2026-08-03 06:40:00.177017"
9347,dea50301-069e-4b88-a935-c5063386c45a,TKT-1-202607-03071,291276,3,2,"2026-09-10 15:17:32",0,"No option is available to delete the Railhead in the RO Admin module.","2026-09-10 09:47:31.532484","2026-09-10 09:47:31.532484"
9347,cc7f0b4e-18df-4d53-b17a-764abb9a3ef5,TKT-1-202607-03071,291276,3,2,"2026-08-05 11:57:27",0,ok,"2026-08-05 06:27:27.439953","2026-08-05 06:27:27.439953"
9347,bafc0629-caa1-49d8-aee3-6daf8590097f,TKT-1-202607-03071,inish.d,2,3,"2026-08-28 12:45:38",0,"Sir/Madam, Please contact the regional admin to delete the one railhead","2026-08-28 07:15:38.235417","2026-08-28 07:15:38.235417"
9347,c5325baf-44c5-436c-9b46-f99d51022591,TKT-1-202607-03071,vikram6singh,1,2,"2026-07-30 16:02:46",1,"Please check","2026-07-30 10:32:45.754615","2026-07-30 10:32:45.754615"
9347,5ef41ca4-c47d-4d2f-896a-e381920bfa9f,TKT-1-202607-03071,291276,3,2,"2026-08-17 12:44:48",0,"Kindly refer to the attached screenshots. It may be noted that the same Depot Code/Railhead Code is appearing against more than one entry, where the corresponding depot/railhead names are different or similar.","2026-08-17 07:14:47.598898","2026-08-17 07:14:47.598898"
9347,2eb1d03f-e6b1-4a4f-895a-ad97b299f89f,TKT-1-202607-03071,inish.d,2,3,"2026-08-10 14:29:19",0,"Dear Sir/Madam,please select based on depot code/railhead code instead of depot name/railhead name,if any issue still persists let us know","2026-08-10 08:59:19.479481","2026-08-10 08:59:19.479481"
9,20e56928-cea1-424b-a67d-08879ab5d6ba,TKT-1-202607-03072,vikram6singh,10,2,"2026-08-11 12:44:16",0,"Please check.","2026-08-11 07:14:16.392707","2026-08-11 07:14:16.392707"
9,522f640b-c064-4b74-b59d-b146f5fec192,TKT-1-202607-03072,167495,NULL,1,"2026-07-30 15:44:23",0,New,"2026-07-30 10:14:23.107256","2026-07-30 10:14:23.107256"
9,5fdba0f0-482e-4cea-a2cd-50058872baf2,TKT-1-202607-03072,167495,7,10,"2026-08-11 12:41:05",0,"Still not showing transport contractor in annadarpan","2026-08-11 07:11:05.076023","2026-08-11 07:11:05.076023"
9,7474b035-b5ed-4dcb-987b-945e3607f83e,TKT-1-202607-03072,umesh.k,2,3,"2026-07-31 09:23:50",0,"Dear sir/madam, please do contact the regional office for the transport contractor creation between source i.e depot and the destination i.e railhead. Then the contract will reflect in the dropdown to select, Hope this is clear. Thank you","2026-07-31 03:53:50.221284","2026-07-31 03:53:50.221284"
9,bb578e0d-b993-4b13-8da6-06baeeaca2ee,TKT-1-202607-03072,umesh.k,2,7,"2026-07-31 12:39:26",0,"Closing the ticket","2026-07-31 07:09:25.794127","2026-07-31 07:09:25.794127"
9,de97c4df-dcc4-4556-9a86-58e22a77ee01,TKT-1-202607-03072,167495,3,2,"2026-07-31 12:38:03",0,"As per your instructions we contacted RO via Do ludhiana and they told us this transport contractor issue will be resolve from Higher office.","2026-07-31 07:08:03.317452","2026-07-31 07:08:03.317452"
9,e69a4378-9e52-412a-87e1-961a24e374b7,TKT-1-202607-03072,richa.k,2,7,"2026-08-12 09:10:04",0,"Please refer the comment section, For further assistance, please contact our support team at 1800-410-6688.","2026-08-12 03:40:03.583926","2026-08-12 03:40:03.583926"
9,ec9d7a02-120f-4c0f-be1e-ab5fdc9e6f44,TKT-1-202607-03072,vikram6singh,1,2,"2026-07-30 16:03:03",0,"Please check","2026-07-30 10:33:03.054073","2026-07-30 10:33:03.054073"
7468,4d7ad64d-1b96-494e-896a-f5afb961762f,TKT-1-202607-03081,inzemamul.h,2,3,"2026-07-30 16:57:24",0,"kindly share the supportive documents for our further investigation. For further assistance, please contact our support team at : 📞 1800-410-6688.","2026-07-30 11:27:24.379798","2026-07-30 11:27:24.379798"
7468,1cd8b0ae-babd-4f1c-803e-55cf5a0f9bd4,TKT-1-202607-03081,umesh.k,2,3,"2026-08-05 15:34:16",0,"Kindly check our comments.","2026-08-05 10:04:16.431788","2026-08-05 10:04:16.431788"
7468,51749e21-540b-4c98-b95c-23d97901b7fe,TKT-1-202607-03081,satish.d,2,3,"2026-08-19 12:09:04",0,"share the details of the report you are checking","2026-08-19 06:39:03.977683","2026-08-19 06:39:03.977683"
7468,9213c6c6-792d-46ee-8e47-a48c2be0509e,TKT-1-202607-03081,315208,3,2,"2026-08-11 12:23:20",0,"I AM TALKING ABOUT STACK SAMPLING REPORT.","2026-08-11 06:53:19.832715","2026-08-11 06:53:19.832715"
7468,ba1c1130-8871-49d5-bf4e-13124cb36eff,TKT-1-202607-03081,315208,3,2,"2026-08-29 15:10:37",0,"I KNOW IT. BUT AFTER STACK SAMPLING FROM WHERE I CAN FIND THE STACK SAMPLING REPORT OF A PARTICULAR STACK IN PDF FORMAT IN WHICH STACK SAMPLING IS ALREADY DONE. I WANT REPORT FOR FUTURE REFERENCE.","2026-08-29 09:40:36.857663","2026-08-29 09:40:36.857663"
7468,cf90e8f2-475f-49f7-8a59-99e25d8d8d94,TKT-1-202607-03081,315208,NULL,1,"2026-07-30 16:54:49",0,New,"2026-07-30 11:24:48.811472","2026-07-30 11:24:48.811472"
7468,dcf4fbf1-4174-4c35-a7da-e736d27532dd,TKT-1-202607-03081,vikram6singh,1,2,"2026-07-30 16:55:17",1,"Please check.","2026-07-30 11:25:17.221327","2026-07-30 11:25:17.221327"
7468,ee0640c9-b528-41bc-9ef3-3a7b92646983,TKT-1-202607-03081,315208,3,2,"2026-08-21 12:13:25",0,"yes stack sampling list page stack wise for future reference","2026-08-21 06:43:24.976132","2026-08-21 06:43:24.976132"
7468,fc6a5277-994e-49cc-9291-c67929b35055,TKT-1-202607-03081,inzemamul.h,2,5,"2026-09-01 15:23:53",0,"Please do confirm regarding the provisioning stack sampling report in the system as per user request.","2026-09-01 09:53:53.114378","2026-09-01 09:53:53.114378"
7468,4c7e7263-582f-4664-9839-df31db910b6c,TKT-1-202607-03081,satish.d,2,3,"2026-08-27 17:05:41",0,"Which are in receipt state will only come in stack sampling.","2026-08-27 11:35:40.792091","2026-08-27 11:35:40.792091"
7468,34681a10-31cc-4b8e-908f-cafb11393514,TKT-1-202607-03081,315208,3,2,"2026-08-10 11:36:06",0,"for an example this attached report is generated after stack sampling. but after killing or full issue of this stack, the report is not saved or deleted automatically.","2026-08-10 06:06:06.212955","2026-08-10 06:06:06.212955"
7468,1b582d1d-0f42-48e7-9a9d-ce160b15f496,TKT-1-202607-03081,satish.d,2,3,"2026-08-10 11:48:13",0,"which report you are talking about","2026-08-10 06:18:13.130785","2026-08-10 06:18:13.130785"
7468,19aaddd8-a4c1-4712-9fe3-ba21d96fea0f,TKT-1-202607-03081,315208,3,2,"2026-08-20 12:08:07",0,"I am asking for stack sampling report of any stack.","2026-08-20 06:38:06.669594","2026-08-20 06:38:06.669594"
7468,17e781db-4f64-48bd-bc54-dce47f1a98ae,TKT-1-202607-03081,umesh.k,2,3,"2026-08-13 17:38:55",0,"Dear sir, after stack sampling which report you are expecting to be generated, kindly mention or else kindly attach any document related to that.","2026-08-13 12:08:55.176891","2026-08-13 12:08:55.176891"
7468,17ad456b-4939-4483-a525-897049c7ca91,TKT-1-202607-03081,315208,3,2,"2026-07-31 14:08:15",0,"This attached report is shown after stack sampling of any stack. but after full issue of this stack, the stack sampling report is disappeared.","2026-07-31 08:38:15.351124","2026-07-31 08:38:15.351124"
7468,0ba94966-bd24-486c-9068-cc72de5c453d,TKT-1-202607-03081,315208,3,2,"2026-08-18 13:04:35",0,"Every stack sampling report which is done earlier has automatically disappeared after full issue of the particular stack. I am asking about stack sampling report of any stack. Also check comment section and for an example some photos are attached.","2026-08-18 07:34:35.466425","2026-08-18 07:34:35.466425"
7468,0b75434d-4d2a-41fd-b42e-118afba765c1,TKT-1-202607-03081,umesh.k,2,3,"2026-08-20 16:28:03",0,"Dear sir, are you talking about view stack sampling list page??","2026-08-20 10:58:02.933036","2026-08-20 10:58:02.933036"
982,de7c1c4c-8c41-4aa2-8007-9cfbb8384da5,TKT-1-202607-03085,wc22015_05,7,10,"2026-08-10 16:48:52",0,"Please take the reference of previous correspondance. The higher office is pressing hard to record the declared damage stock in Annadarpan portal. As the matter is very urgent and on top priority. The contact no. for correspondance 9960198809.","2026-08-10 11:18:51.879355","2026-08-10 11:18:51.879355"
982,c6b7c264-1b3d-45f2-8fcd-03e19c8c0a19,TKT-1-202607-03085,vikram6singh,1,2,"2026-07-30 16:57:39",0,"Please check","2026-07-30 11:27:39.131529","2026-07-30 11:27:39.131529"
982,a0f56272-313f-497c-9c0b-8fdcac5d74bf,TKT-1-202607-03085,vikram6singh,10,2,"2026-08-10 17:20:11",0,"Please check.","2026-08-10 11:50:11.194391","2026-08-10 11:50:11.194391"
982,8bc6ad71-c3fc-4b5d-bf1e-06adbd24041f,TKT-1-202607-03085,shrutipan966,3,2,"2026-08-08 12:57:01",0,"Please check","2026-08-08 07:27:00.952301","2026-08-08 07:27:00.952301"
982,8207eb41-2252-4417-aae9-26f72145939b,TKT-1-202607-03085,satish.d,2,5,"2026-08-12 14:20:26",0,"In case the stock is damaged, then please make entry in downgrade as category C or D, then check the stack should show up as non issuable, and then follow the disposal of stock process flow.","2026-08-12 08:50:25.578115","2026-08-12 08:50:25.578115"
982,614a48cf-e773-45f0-8f79-9f0689350e80,TKT-1-202607-03085,wc22015_05,NULL,1,"2026-07-30 16:56:03",0,New,"2026-07-30 11:26:02.788560","2026-07-30 11:26:02.788560"
982,2c41e264-564a-4675-87f3-42d86e871252,TKT-1-202607-03085,satish.d,2,3,"2026-08-03 10:54:06",0,"if the stack is marked for damage then the category will go to Feed1, 2 etc but if it needs to be upgraded through this page it is not possible","2026-08-03 05:24:06.015426","2026-08-03 05:24:06.015426"
982,13f5467b-2271-4f19-8dd1-5a689717b7e4,TKT-1-202607-03085,shrutipan966,2,7,"2026-08-08 12:57:26",0,"Please refer the comment section.","2026-08-08 07:27:26.207646","2026-08-08 07:27:26.207646"
982,09b69418-34f9-4ab6-8fd0-a5e3f3dacf30,TKT-1-202607-03085,wc22015_05,3,2,"2026-08-01 14:55:50",0,reassign,"2026-08-01 09:25:50.334906","2026-08-01 09:25:50.334906"
982,65a9af25-3be6-4742-a6d7-77c260435141,TKT-1-202607-03085,satish.d,2,3,"2026-07-31 12:15:51",0,"As per our requirement this has been done, please send more info on this and attach documents for us to check","2026-07-31 06:45:50.993109","2026-07-31 06:45:50.993109"
7288,24bc7623-7278-4417-b401-e63bef1e9ad6,TKT-1-202607-03094,vikram6singh,1,2,"2026-07-31 09:11:04",0,"Please check.","2026-07-31 03:41:03.640707","2026-07-31 03:41:03.640707"
7288,3a6d0002-0c73-49ca-95c3-b25570bdea62,TKT-1-202607-03094,umesh.k,2,5,"2026-08-07 09:53:05",0,"Dear Sir/Madam, kindly review this ticket on RTL/RTG calculation during rake unloading. User suggested using percentage loss/gain instead of average weight extrapolation for better accuracy. Please provide your inputs/approval. Thank you.","2026-08-07 04:23:05.049445","2026-08-07 04:23:05.049445"
7288,509140b1-c0bc-4b3a-936b-0c1cd54822b1,TKT-1-202607-03094,290777,NULL,1,"2026-07-30 18:04:11",0,New,"2026-07-30 12:34:10.763657","2026-07-30 12:34:10.763657"
7288,80e40634-a34c-4a34-9a89-00b1d8b7dc0a,TKT-1-202607-03094,HA11_MOVEMENT_ADMIN,5,2,"2026-09-01 12:55:59",0,"does not pertains to movement division","2026-09-01 07:25:58.547258","2026-09-01 07:25:58.547258"
7288,ba30d6a3-694e-4ad1-807b-a306283a68b4,TKT-1-202607-03094,290777,3,2,"2026-08-03 12:45:13",0,"Aberration in method adopted by anna darpan for calculating RTL/RTG on real time basis especially in case of unloading of owned siding (10% weigment method)","2026-08-03 07:15:13.483696","2026-08-03 07:15:13.483696"
7288,c147fde7-e259-4047-9bd2-0f1519f39ade,TKT-1-202607-03094,sanjeet.k,2,3,"2026-07-31 10:12:29",0,"kindly elaborate the issue in detail in the comment section for the further assistance.","2026-07-31 04:42:29.413507","2026-07-31 04:42:29.413507"
3333,78bf36b9-ca45-4ee7-acd8-3df308e9e2e6,TKT-1-202607-03104,satish.d,2,3,"2026-08-12 09:54:20",0,"Dear Sir/Madam,  We have not received the confirmation from FCI HQ yet. Hence, the ticket is being kept on hold until the required approval/confirmation is received from HQ.  Once the confirmation is received, we will proceed accordingly.","2026-08-12 04:24:20.169297","2026-08-12 04:24:20.169297"
3333,e6bf89c8-bbec-4201-81f9-041ae556e96c,TKT-1-202607-03104,294378,3,2,"2026-08-12 11:59:58",0,"we will be waiting for your response","2026-08-12 06:29:58.202021","2026-08-12 06:29:58.202021"
3333,e4ce1145-af57-4969-b542-5f666f54739e,TKT-1-202607-03104,vikram6singh,1,2,"2026-07-31 10:57:56",1,"Please check.","2026-07-31 05:27:56.150617","2026-07-31 05:27:56.150617"
3333,b96bde5b-c48c-4832-9b8d-824b05441101,TKT-1-202607-03104,294378,3,2,"2026-08-05 10:56:28",0,"sir please provide the solution at the earliest","2026-08-05 05:26:27.900524","2026-08-05 05:26:27.900524"
3333,89c86439-8d86-44c9-b247-fc06803bf587,TKT-1-202607-03104,satish.d,2,3,"2026-08-05 15:04:00",0,"Dear Sir/Madam,  Kindly send a confirmation email to **FCI HQ**. Once we receive the confirmation from HQ, we will proceed with the required changes.  Thank you.  Regards, Team Annadarpan","2026-08-05 09:33:59.955040","2026-08-05 09:33:59.955040"
3333,45f3a5f6-9a9f-451e-a127-dbc81d67ecec,TKT-1-202607-03104,mukeshkumar,2,5,"2026-08-13 10:52:15",0,"Please look into the given user concern mentioned in the comment box and advice accordingly.","2026-08-13 05:22:14.657137","2026-08-13 05:22:14.657137"
3333,3b4d5a0d-3cca-41e5-a9c9-28e3fc20aff9,TKT-1-202607-03104,satish.d,2,3,"2026-08-05 10:01:41",0,"Please check provided comments","2026-08-05 04:31:41.476481","2026-08-05 04:31:41.476481"
3333,189f267e-1f80-4b9a-84a6-b7cbd04f1e72,TKT-1-202607-03104,294378,3,2,"2026-08-04 11:29:27",0,"Please check the comment section","2026-08-04 05:59:27.311512","2026-08-04 05:59:27.311512"
3333,0d8f19b1-6fd7-49c6-bfc0-824ca49f738f,TKT-1-202607-03104,satish.d,2,3,"2026-08-03 11:28:29",0,"please check provided comments","2026-08-03 05:58:29.456004","2026-08-03 05:58:29.456004"
3333,075874c9-7e42-4460-9669-00886273fb8e,TKT-1-202607-03104,294378,3,2,"2026-08-07 11:34:14",0,"we have already shared we check and do needfull","2026-08-07 06:04:14.146824","2026-08-07 06:04:14.146824"
3333,73a9af56-3563-4513-b53c-4c4c06fe702c,TKT-1-202607-03104,294378,NULL,1,"2026-07-31 10:49:57",0,New,"2026-07-31 05:19:56.855425","2026-07-31 05:19:56.855425"
2307,33ae1b62-245d-437b-ac93-54d2ab756631,TKT-1-202607-03109,satish.d,2,5,"2026-08-07 12:47:12",0,"please check this requirement","2026-08-07 07:17:11.518541","2026-08-07 07:17:11.518541"
2307,8d499865-cb6c-4877-8bfd-a2ebe2f15b28,TKT-1-202607-03109,vikram6singh,1,2,"2026-07-31 11:30:06",1,"Please check.","2026-07-31 06:00:05.820327","2026-07-31 06:00:05.820327"
2307,c67bd5dc-8485-4160-91a2-80f705ca692c,TKT-1-202607-03109,262236,NULL,1,"2026-07-31 11:24:55",0,New,"2026-07-31 05:54:54.868710","2026-07-31 05:54:54.868710"
869,5ac2abae-751b-4a54-9c19-f1db93457002,TKT-1-202607-03113,284861,3,2,"2026-08-28 12:08:12",0,"Kindly close the ticket.","2026-08-28 06:38:12.303634","2026-08-28 06:38:12.303634"
869,60b2e331-f6fc-4a14-a79b-128474edd90b,TKT-1-202607-03113,inish.d,2,7,"2026-08-28 15:36:07",0,"User mentioned as Kindly close the ticket.ticket is resolved.","2026-08-28 10:06:07.223265","2026-08-28 10:06:07.223265"
869,7326b8d8-28f3-47fc-a0b7-ced45877a6bd,TKT-1-202607-03113,inish.d,2,3,"2026-08-10 18:41:00",0,"sir, please share the screenshot of the report /list page whereyou are cheching this discrepancy","2026-08-10 13:11:00.017966","2026-08-10 13:11:00.017966"
869,d5b2db42-23ab-47f6-9f57-3edafc85fa47,TKT-1-202607-03113,284861,3,2,"2026-08-11 14:53:51",0,"THERE IS NO SUCH DAY TO DAY RECORD OF UNSERVICEABLE GUNNY ACCOUNT","2026-08-11 09:23:51.438678","2026-08-11 09:23:51.438678"
869,dfff1c33-7e93-42bf-8c5a-e6b06675e1c1,TKT-1-202607-03113,arti.1.t,2,3,"2026-08-05 10:54:13",0,"Kindly provide your incoming call number. We need to connect with you regarding your issue and discuss it further for resolution.","2026-08-05 05:24:12.924149","2026-08-05 05:24:12.924149"
869,e5b0c200-9bd3-4e94-ac57-bdb94308683a,TKT-1-202607-03113,inish.d,2,3,"2026-08-21 16:30:04",0,"Sir, please correct the unserviceable gunny count using gunny disposal option under gunny management","2026-08-21 11:00:04.045714","2026-08-21 11:00:04.045714"
869,ee6460da-44ad-4e8d-b63b-f98970212c63,TKT-1-202607-03113,vikram6singh,1,2,"2026-07-31 11:44:13",1,"Please check.","2026-07-31 06:14:13.098362","2026-07-31 06:14:13.098362"
869,efe7c08c-e2b9-4288-8879-eab75f8d45d6,TKT-1-202607-03113,284861,3,2,"2026-08-04 12:37:33",0,"on july 2026 opening balance for unserviceable gunnies were nil, 38 unserviceable gunny received from transaction. But the balance is showing as 93 in AD. kindly rectify","2026-08-04 07:07:33.226247","2026-08-04 07:07:33.226247"
869,02f12e8a-388b-4c97-b56c-6d2bd4e3cc5c,TKT-1-202607-03113,284861,NULL,1,"2026-07-31 11:43:23",0,New,"2026-07-31 06:13:22.700296","2026-07-31 06:13:22.700296"
869,47dd411c-fd67-4347-9fc5-6b5a66e9180b,TKT-1-202607-03113,inish.d,2,3,"2026-08-11 15:24:15",0,"Sir/madam, Please refer the Gunny register Report.","2026-08-11 09:54:15.025644","2026-08-11 09:54:15.025644"
869,5576b8ce-9cf6-44ad-b3c6-1f64c07421db,TKT-1-202607-03113,inish.d,2,3,"2026-08-13 12:30:47",0,"Sir/Madam,Please share the screenshot.","2026-08-13 07:00:46.798478","2026-08-13 07:00:46.798478"
869,1e8ede57-1c3d-4607-ba2f-71730219a496,TKT-1-202607-03113,284861,3,2,"2026-08-12 16:35:13",0,"matter not resolved","2026-08-12 11:05:13.170929","2026-08-12 11:05:13.170929"
869,229a786a-7048-4b73-9176-a4402102d229,TKT-1-202607-03113,284861,3,2,"2026-08-21 11:35:19",0,"as mentioned earlier there is no such day to day report in AD","2026-08-21 06:05:18.658611","2026-08-21 06:05:18.658611"
869,2b03580f-6a06-4c16-bd7b-a60931487f37,TKT-1-202607-03113,284861,3,2,"2026-08-06 17:12:55",0,9074312405,"2026-08-06 11:42:55.171359","2026-08-06 11:42:55.171359"
869,3b3dd2c4-25eb-4e5b-ba09-def99d2a087a,TKT-1-202607-03113,inish.d,2,3,"2026-08-06 19:38:32",0,"Sir/Madam,  Please provide the login credentials so that we can proceed further.","2026-08-06 14:08:32.296426","2026-08-06 14:08:32.296426"
869,3f7183d3-da60-4617-8d94-80c2b6cce0e3,TKT-1-202607-03113,arti.1.t,2,3,"2026-07-31 14:53:34",0,"Kindly share the specific issue along with a proper screenshot for further investigation. For any assistance, please feel free to contact us at 1800-410-6688.","2026-07-31 09:23:33.995462","2026-07-31 09:23:33.995462"
869,3b3206e5-eec9-4143-ae30-70d2c3fc3227,TKT-1-202607-03113,284861,3,2,"2026-08-10 11:33:58",0,"284861, Rudra@321","2026-08-10 06:03:58.136224","2026-08-10 06:03:58.136224"
9006,969594a3-2c75-4681-88a7-4725b2864867,TKT-1-202607-03115,inish.d,2,3,"2026-09-09 18:35:27",0,"Sir/Madam, Please check the comment","2026-09-09 13:05:26.652461","2026-09-09 13:05:26.652461"
9006,c11dddde-8f87-41a7-a24d-283581c44a89,TKT-1-202607-03115,vikram6singh,1,2,"2026-07-31 11:48:55",1,"Please check.","2026-07-31 06:18:55.344669","2026-07-31 06:18:55.344669"
9006,ba8e98a8-2bbd-4a76-8067-8f01815bc87f,TKT-1-202607-03115,wb12008_01,3,2,"2026-08-06 16:34:38",0,"already attached","2026-08-06 11:04:37.676422","2026-08-06 11:04:37.676422"
9006,ba487098-93ff-43b2-b891-6a6f84655336,TKT-1-202607-03115,wb12008_01,3,2,"2026-07-31 13:37:08",1,"documents attached","2026-07-31 08:07:07.910071","2026-07-31 08:07:07.910071"
9006,b5abe1a3-ab7b-46d3-9959-5dc7d2aa64f2,TKT-1-202607-03115,wb12008_01,3,2,"2026-08-24 16:20:38",0,"Close the ticket","2026-08-24 10:50:38.449460","2026-08-24 10:50:38.449460"
9006,a6538359-6cdf-4d3a-a246-7467941fa4d3,TKT-1-202607-03115,inish.d,2,3,"2026-08-06 10:50:42",0,"Sir/Madam, Please share the stack details.","2026-08-06 05:20:41.850776","2026-08-06 05:20:41.850776"
9006,9c44e6bb-03e5-4407-b622-3ea1c42074e7,TKT-1-202607-03115,shrutipan966,2,7,"2026-08-24 17:08:23",0,"Please refer the comment section.","2026-08-24 11:38:22.691932","2026-08-24 11:38:22.691932"
9006,9ae0876b-6966-44ad-87d0-8522bade8940,TKT-1-202607-03115,anshu.r,2,3,"2026-07-31 13:20:41",0,"kindly share the supportive documents for our further investigation. For further assistance, please contact our support team at : 📞 1800-410-6688.","2026-07-31 07:50:41.326811","2026-07-31 07:50:41.326811"
9006,9a57199e-603f-4d36-9e97-3bc40f984fb4,TKT-1-202607-03115,wb12008_01,NULL,1,"2026-07-31 11:46:31",0,New,"2026-07-31 06:16:30.937282","2026-07-31 06:16:30.937282"
9006,83573a28-4c9a-4360-a84d-8f4f083f4664,TKT-1-202607-03115,wb12008_01,3,2,"2026-09-10 12:32:36",0,"please check the comment and attached files.","2026-09-10 07:02:35.545035","2026-09-10 07:02:35.545035"
9006,79f76843-82cd-4b81-a0b8-e25822113a9f,TKT-1-202607-03115,wb12008_01,3,2,"2026-08-13 11:28:58",0,"comment added","2026-08-13 05:58:58.128178","2026-08-13 05:58:58.128178"
9006,724ee7a5-41ea-4d22-855a-b1bc57e4d647,TKT-1-202607-03115,inish.d,2,3,"2026-09-07 17:27:40",0,"Sir/Madam,  Please provide the login credentials so that we can proceed further.","2026-09-07 11:57:40.332546","2026-09-07 11:57:40.332546"
9006,4acab717-d09d-4d3b-9681-64cffb5aec19,TKT-1-202607-03115,inish.d,2,3,"2026-07-31 18:37:48",0,"Sir/Madam,  Please provide the login credentials so that we can proceed further.","2026-07-31 13:07:47.979174","2026-07-31 13:07:47.979174"
9006,3dd99079-02a7-45db-868d-d4356d8f05d7,TKT-1-202607-03115,inish.d,2,3,"2026-08-12 12:47:56",0,"Sir/Madam, Partial kill on 2A1 and 4A1 was done by wb12008_01 on 2026-07-14 11:52:32 & 2026-06-16 19:57:51 dates via the Partial Killing feature in stack Update and not by the system from mark-for-issue alone.Please check and confirm from your end","2026-08-12 07:17:55.542731","2026-08-12 07:17:55.542731"
9006,3c5c7cf5-8308-4a60-afd6-b38a48480644,TKT-1-202607-03115,wb12008_01,7,10,"2026-09-04 13:12:30",0,"Issue is not resloved.","2026-09-04 07:42:29.707711","2026-09-04 07:42:29.707711"
9006,253f18ee-d85b-402d-929c-0054cc1133d4,TKT-1-202607-03115,wb12008_01,3,2,"2026-09-07 18:59:52",0,"Login Id :- wb12008_01 , Password :- Depot@123","2026-09-07 13:29:51.656363","2026-09-07 13:29:51.656363"
9006,236e842e-d443-4e89-8fb2-eb4b95827e24,TKT-1-202607-03115,wb12008_01,3,2,"2026-08-05 12:05:08",0,"ID - wb12008_01         Password - Depot@321","2026-08-05 06:35:07.740769","2026-08-05 06:35:07.740769"
9006,187d4062-8133-4b2f-86ed-c6f86286576d,TKT-1-202607-03115,anuj.s,2,3,"2026-08-21 10:55:11",0,"We attempt to contact you but number was not reachable please share the correct contact details for further assistance.","2026-08-21 05:25:11.055530","2026-08-21 05:25:11.055530"
9006,029ee954-2dbe-4bfd-90a8-c9680c3f5906,TKT-1-202607-03115,vikram6singh,10,2,"2026-09-05 09:59:11",0,"Please check.","2026-09-05 04:29:10.944046","2026-09-05 04:29:10.944046"
13870,cf887438-d713-440c-8733-cbd4f5ebb77e,TKT-1-202607-03122,179548,3,2,"2026-08-11 13:12:19",0,"Dear Sir/Madam, two depots are linked to the same railhead (PHY) with separate PDS Release Orders. If the Rake Movement Number is visible only to the primary depot, the secondary depot cannot issue foodgrains directly from the railhead against its RO","2026-08-11 07:42:18.897929","2026-08-11 07:42:18.897929"
13870,e5bf8a59-686e-4ebc-b1ce-29c4e4270de9,TKT-1-202607-03122,179548,3,2,"2026-08-12 13:55:11",0,"Please resolve the issue.","2026-08-12 08:25:10.646691","2026-08-12 08:25:10.646691"
13870,ccea5a69-fd13-4615-8d4b-e16d48df1404,TKT-1-202607-03122,satish.d,2,3,"2026-08-11 17:28:35",0,"Dear Sir/Madam, The requirement to enable Direct Issue from Railhead for the Secondary Depot (PEG Chakwal) is a new requirement. We will discuss this requirement with FCI and, implement the necessary changes accordingly.","2026-08-11 11:58:34.696412","2026-08-11 11:58:34.696412"
13870,a01bddeb-55e3-4a52-935e-9d6e894ee86b,TKT-1-202607-03122,vikram6singh,1,2,"2026-07-31 12:11:18",0,"Please check.","2026-07-31 06:41:18.271404","2026-07-31 06:41:18.271404"
13870,92a60552-7b4f-4190-be51-825465bcb9a8,TKT-1-202607-03122,umesh.k,2,3,"2026-08-10 15:22:06",0,"Dear Sir/Madam,  Basically, the direct issue will be applicable only to the main primary depot. Therefore, the rake movement number will not be reflected for direct issues from the railhead.  I hope this clarifies the point.  Thank you.","2026-08-10 09:52:05.778925","2026-08-10 09:52:05.778925"
13870,8834612f-291a-44e5-b909-8085b1ef519b,TKT-1-202607-03122,179548,NULL,1,"2026-07-31 12:09:22",0,New,"2026-07-31 06:39:22.192271","2026-07-31 06:39:22.192271"
13870,3c2a7206-3b38-438e-91e5-cad845d470aa,TKT-1-202607-03122,umesh.k,2,3,"2026-07-31 14:03:44",0,"Dear sir/madam, could you please share us the rake movement number which is not visible in direct issue, also please share us the depot code for which it is not reflecting. Thank you","2026-07-31 08:33:44.264717","2026-07-31 08:33:44.264717"
13870,9a22f7f0-8bdc-4c4f-b0b9-5940f485e7c1,TKT-1-202607-03122,179548,3,2,"2026-08-10 11:29:26",0,"Rake Movement Number : 393-16342 Depot Code : NH27009","2026-08-10 05:59:25.822359","2026-08-10 05:59:25.822359"
919,9b866153-095b-4c6e-852d-f67ac6ba3424,TKT-1-202607-03129,sf15024_03,7,10,"2026-08-07 12:51:52",0,"1725395 TEC NOT VISABLE IN CMR CREATE TOKEN AND GENERATE CONSIGN MENT/LOT","2026-08-07 07:21:52.497691","2026-08-07 07:21:52.497691"
919,eeea308e-865d-4fb2-9cde-e83210718b99,TKT-1-202607-03129,richa.k,2,3,"2026-07-31 13:02:44",0,"Kindly share the supporting documents for further investigation. For further assistance, contact the support team at 📞 1800‑410‑6688.","2026-07-31 07:32:43.725415","2026-07-31 07:32:43.725415"
919,e2260838-3348-413b-900b-df6ac0c338e5,TKT-1-202607-03129,sf15024_03,3,2,"2026-08-05 13:52:47",0,"This ticket is Resolved so closing the ticket","2026-08-05 08:22:47.437570","2026-08-05 08:22:47.437570"
919,d9b05e65-3b9c-4fb4-bfd5-05a734e787f3,TKT-1-202607-03129,sf15024_03,3,2,"2026-08-03 11:51:50",0,"screenshots are attached pls check and resolve sir","2026-08-03 06:21:50.465531","2026-08-03 06:21:50.465531"
919,d0f6c6c2-1808-4487-a6d4-5a39555f5b1d,TKT-1-202607-03129,inish.d,2,3,"2026-08-04 16:12:36",0,"1725395  - TEC created for Depot :Nagireddypalli IG (miller:ANNAPURNA MODERN RICE MILL)","2026-08-04 10:42:35.657798","2026-08-04 10:42:35.657798"
919,c9e593af-1d6f-4fac-8597-2db5d8e2819c,TKT-1-202607-03129,shivaniyadav091298,2,7,"2026-08-21 14:17:18",0,"As per the user's remarks on this ticket, "The issue has been resolved now", this ticket is being marked as resolved. For further assistance, please contact our support team at 1800-410-6688.","2026-08-21 08:47:17.597266","2026-08-21 08:47:17.597266"
919,c58f7405-a4ac-412e-b29e-ad2886a76a41,TKT-1-202607-03129,sf15024_03,3,2,"2026-08-10 11:25:43",0,"Depot :Nagireddypalli IG","2026-08-10 05:55:42.565552","2026-08-10 05:55:42.565552"
919,a73e471d-1296-4dec-bfd4-4e652f307d77,TKT-1-202607-03129,inish.d,2,7,"2026-08-05 13:55:09",0,"As per the given remarks by the user that "Resolved" and hence resolving this ticket. For any further assistance, please feel free to contact our support team at +91-9205515314 or +91-9217020104.","2026-08-05 08:25:09.020557","2026-08-05 08:25:09.020557"
919,a3d6e2c9-e1fd-4ab2-ba84-574bc90d0776,TKT-1-202607-03129,vikram6singh,10,2,"2026-08-07 14:03:15",0,"Please check.","2026-08-07 08:33:15.126883","2026-08-07 08:33:15.126883"
919,95cf3e23-d177-4bce-9e31-502cfeea8482,TKT-1-202607-03129,sf15024_03,3,2,"2026-08-13 11:12:29",0,"WhatsApp Image 2026-08-13 at 10.50.33 AM the screenshot of wings in wings this active state and in AD also its active state  its Running lot sir pls check this issue and resolve this sir","2026-08-13 05:42:28.996984","2026-08-13 05:42:28.996984"
919,7dccb57e-3d1b-45aa-b495-9325aaf3c8c7,TKT-1-202607-03129,sf15024_03,NULL,1,"2026-07-31 12:57:39",0,New,"2026-07-31 07:27:39.438394","2026-07-31 07:27:39.438394"
919,098ddcc7-bba1-44d2-bf04-301dba38d2a1,TKT-1-202607-03129,inish.d,2,3,"2026-08-13 15:43:01",0,"The mentioned TEC 1725395 created for Nagireddypalli IG. Here the created Reference number:2319","2026-08-13 10:13:01.113098","2026-08-13 10:13:01.113098"
919,19adad5d-1781-4468-9294-47a106c0b922,TKT-1-202607-03129,inish.d,2,3,"2026-08-17 19:55:36",0,"1725395 TEC is in inactive state. cancelled by WINGS on Wed Jun 03 21:11:28 IST 2026, this may due to long pending, please correct via OT","2026-08-17 14:25:36.328586","2026-08-17 14:25:36.328586"
919,25259369-54b3-4cf1-8e1d-53d36a29bf8b,TKT-1-202607-03129,inish.d,2,3,"2026-08-11 12:39:38",0,"1725395  TEC is in inactive state. cancelled by WINGS on Wed Jun 03 21:11:28 IST 2026, this may due to long pending","2026-08-11 07:09:37.612390","2026-08-11 07:09:37.612390"
919,353d96de-e026-427a-9f0f-9a76c193608d,TKT-1-202607-03129,sf15024_03,3,2,"2026-08-04 13:43:00",0,"The issue has been posted in comment please solve the issue","2026-08-04 08:13:00.063306","2026-08-04 08:13:00.063306"
919,54b70266-9ac9-464b-b664-1e5bfeb282ca,TKT-1-202607-03129,sf15024_03,3,2,"2026-08-17 12:22:21",0,"the mentioned TEC 1725395 is active state only have sir but not reflecting sir pls and resolve sir the trucks are waiting outside pls give any solution foe this issue sir or give OT","2026-08-17 06:52:21.393343","2026-08-17 06:52:21.393343"
919,59fd8671-de7f-4e03-9c22-b54b587e6aea,TKT-1-202607-03129,vikram6singh,1,2,"2026-07-31 13:00:43",1,"Please check.","2026-07-31 07:30:42.672939","2026-07-31 07:30:42.672939"
919,5c4d1337-45ea-4af9-9910-fcf007ee4818,TKT-1-202607-03129,inish.d,2,3,"2026-08-03 15:22:03",0,"TEC 124964 created in AD, respective system created reference number:2319 (LOT:1044272)","2026-08-03 09:52:02.853095","2026-08-03 09:52:02.853095"
919,7bbee72f-16d8-4d18-9682-91833862a431,TKT-1-202607-03129,sf15024_03,3,2,"2026-08-21 12:20:21",0,"This ticket is Resolved so closing the ticket","2026-08-21 06:50:20.634929","2026-08-21 06:50:20.634929"
919,86e1938e-3ff8-4daa-a36c-8b6f9161ae48,TKT-1-202607-03129,inish.d,2,3,"2026-08-07 17:56:01",0,"1725395 - TEC created for Depot :Nagireddypalli IG (miller:ANNAPURNA MODERN RICE MILL)   , may I know your depot name","2026-08-07 12:26:01.114799","2026-08-07 12:26:01.114799"
13462,0d07bdb5-8848-4806-bc6f-7d646eb6f378,TKT-1-202607-03139,vikram6singh,1,2,"2026-07-31 13:52:04",0,"Please check.","2026-07-31 08:22:04.231026","2026-07-31 08:22:04.231026"
13462,4e4eb567-e0f1-47bb-a969-071a26d2a0cc,TKT-1-202607-03139,276547,NULL,1,"2026-07-31 13:28:19",0,New,"2026-07-31 07:58:19.266112","2026-07-31 07:58:19.266112"
13462,f12cd55c-6680-4bfa-b0c2-a7bbcdb7e377,TKT-1-202607-03139,inish.d,2,7,"2026-09-02 12:09:43",0,"Issue has been resolved.Required enhancements are done please check","2026-09-02 06:39:43.246538","2026-09-02 06:39:43.246538"
897,e63d26c0-5696-461f-bf94-f159dfcf6ac8,TKT-1-202607-03150,inzemamul.h,2,5,"2026-08-05 15:26:01",0,"Respected Sir, Kindly look into the suggestion regarding the provision of a Bulk Approval option in the Mark Asset Module.","2026-08-05 09:56:01.487388","2026-08-05 09:56:01.487388"
897,c3bccf31-22a1-4812-adf2-37d05ba6bb3f,TKT-1-202607-03150,inzemamul.h,2,3,"2026-08-04 17:41:00",0,"You are kindly requested to please share the relevant screenshots and supporting documents, so that we may review the matter and determine the further course of action.","2026-08-04 12:11:00.288094","2026-08-04 12:11:00.288094"
897,843e4a5a-298b-4132-bc63-fe6b0a0b078c,TKT-1-202607-03150,122744,3,2,"2026-08-05 11:35:08",0,"Sir, as you can see in the screenshot 2200 sandsnakes were in "NOT IN USE" condition which were to be updated in "IN USE" condition manually & Individual Sand snake. Hence we are requesting you to provide Bulk approval option. 122744 • 5h ago","2026-08-05 06:05:07.744392","2026-08-05 06:05:07.744392"
897,781f4cb3-7c6b-4b6e-864e-9339514b8b12,TKT-1-202607-03150,pooja.11,2,3,"2026-07-31 18:07:36",0,"You are kindly requested to please share the relevant screenshots and supporting documents, so that we may review the matter and determine the further course of action.","2026-07-31 12:37:36.436483","2026-07-31 12:37:36.436483"
897,17f37c37-9f1c-4774-a27a-21f89a091a74,TKT-1-202607-03150,vikram6singh,1,2,"2026-07-31 14:57:12",0,"Please check.","2026-07-31 09:27:12.380283","2026-07-31 09:27:12.380283"
897,59fc5290-fa65-4aeb-8622-acd4d0eb1ea3,TKT-1-202607-03150,122744,3,2,"2026-08-03 11:21:18",0,"PLEASE CHECK THE COMMENTS SECTION.","2026-08-03 05:51:18.112480","2026-08-03 05:51:18.112480"
897,065111e6-e943-46a1-8a0b-4099cdaf4290,TKT-1-202607-03150,122744,NULL,1,"2026-07-31 14:15:29",0,New,"2026-07-31 08:45:29.033155","2026-07-31 08:45:29.033155"
1643,1185bdda-2a97-4bcc-bd5d-2905d7cb9bfa,TKT-1-202607-03152,109289,3,2,"2026-08-04 16:55:46",0,"sir it is showing only bags available at stacks 2514 bags = 1253.01880 Qtls and not showing 441 Bags = 216.27120 Qtls which were issued in Rice Special on dated 21-05-2026","2026-08-04 11:25:46.022673","2026-08-04 11:25:46.022673"
1643,24eea378-e5ad-420b-a8f4-a9059422c174,TKT-1-202607-03152,umesh.k,2,3,"2026-08-06 16:16:03",0,"Kindly check our comments.","2026-08-06 10:46:03.485199","2026-08-06 10:46:03.485199"
1643,30adf936-f734-4f4e-9e4f-8c6a8f14353d,TKT-1-202607-03152,kshitiz.s,3,2,"2026-08-08 15:02:51",0,"Please check.","2026-08-08 09:32:51.387083","2026-08-08 09:32:51.387083"
1643,352f2444-246f-49de-b304-99b6f0dde69a,TKT-1-202607-03152,inish.d,2,3,"2026-08-03 11:45:12",0,"Sir/Madam,  Please provide the login credentials so that we can proceed further.","2026-08-03 06:15:11.956315","2026-08-03 06:15:11.956315"
1643,3f8c11d5-6346-42f2-aad2-f291c92c9b5d,TKT-1-202607-03152,109289,3,2,"2026-07-31 15:51:12",0,"please find screenshot of stack register and stack detail from Annadarpan portal","2026-07-31 10:21:12.480316","2026-07-31 10:21:12.480316"
1643,465de62e-be55-4915-a78a-b5ac80919bce,TKT-1-202607-03152,109289,3,2,"2026-08-04 12:32:07",0,"109289 Depot@123","2026-08-04 07:02:07.403194","2026-08-04 07:02:07.403194"
1643,691b6216-b535-4303-9b0c-fce087019848,TKT-1-202607-03152,kshitiz.s,2,7,"2026-08-08 15:04:30",0,"Please refer to the comment section.","2026-08-08 09:34:30.321551","2026-08-08 09:34:30.321551"
1643,a4dddbe9-3367-4f0e-a452-6b24cb70270c,TKT-1-202607-03152,vikram6singh,1,2,"2026-07-31 14:57:33",0,"Please check.","2026-07-31 09:27:33.103383","2026-07-31 09:27:33.103383"
1643,a8f48dfa-a235-4efe-9dfc-9ee4bb2ffd46,TKT-1-202607-03152,109289,NULL,1,"2026-07-31 14:29:56",0,New,"2026-07-31 08:59:55.968081","2026-07-31 08:59:55.968081"
1643,ad33a73a-1794-4b69-9358-f4795f189706,TKT-1-202607-03152,saroj.m,2,3,"2026-07-31 15:23:43",0,"kindly share the supportive documents for our further investigation. For further assistance, please contact our support team at : 📞 1800-410-6688.","2026-07-31 09:53:43.189311","2026-07-31 09:53:43.189311"
1643,be90879e-c6eb-4d5e-b200-8da1366fcb05,TKT-1-202607-03152,inish.d,2,3,"2026-08-04 16:09:48",0,"Sir/madam, transaction details is displayed in stack details. Please check it.","2026-08-04 10:39:47.506284","2026-08-04 10:39:47.506284"
1695,db7f4c5e-392b-4a14-9b1c-4dda8e9c216c,TKT-1-202607-03165,umesh.k,2,7,"2026-08-05 15:46:08",0,"kindly refer comment section for more information.","2026-08-05 10:16:07.505377","2026-08-05 10:16:07.505377"
1695,8ab8ff17-e4a7-47b0-b34c-74906ceb6f0b,TKT-1-202607-03165,vikram6singh,1,2,"2026-07-31 15:35:53",0,"Please check.","2026-07-31 10:05:52.601934","2026-07-31 10:05:52.601934"
1695,45b3f19a-771c-4933-8231-a5ac27969911,TKT-1-202607-03165,292808,NULL,1,"2026-07-31 15:34:43",0,New,"2026-07-31 10:04:43.275994","2026-07-31 10:04:43.275994"
651,17e341d1-0c7c-4bd1-885f-adfe7f9b8013,TKT-1-202607-03168,126328,3,2,"2026-08-03 10:40:17",0,"Please resolve this issue as early as possible","2026-08-03 05:10:16.833666","2026-08-03 05:10:16.833666"
651,1fdfb937-0aad-427d-b748-ff80a979178f,TKT-1-202607-03168,umesh.k,2,3,"2026-08-03 10:26:05",0,"Respected Sir/Madam,KIndly check our comments.","2026-08-03 04:56:04.632371","2026-08-03 04:56:04.632371"
651,5f04186e-b9f0-459d-8350-c39d6d2cc9ff,TKT-1-202607-03168,vikram6singh,1,2,"2026-07-31 15:39:52",0,"Please check.","2026-07-31 10:09:51.744074","2026-07-31 10:09:51.744074"
651,5f0b7316-db37-465b-8cfa-36159a0a9447,TKT-1-202607-03168,satish.d,2,12,"2026-08-03 16:39:56",0,"Kindly check the comment section and provide your input. Thanks","2026-08-03 11:09:56.418844","2026-08-03 11:09:56.418844"
651,67312942-2a4f-4d55-82c1-12bf417d0364,TKT-1-202607-03168,126328,NULL,1,"2026-07-31 15:38:07",0,New,"2026-07-31 10:08:07.028236","2026-07-31 10:08:07.028236"
4644,0a65f435-5401-4b7a-a4b4-3baf1214cb54,TKT-1-202607-03173,inish.d,2,3,"2026-08-10 15:57:14",0,"Can you please tell the truck number and token number","2026-08-10 10:27:13.669785","2026-08-10 10:27:13.669785"
4644,25a7c507-7ad4-40b1-bcaa-af9bdb1bc5d2,TKT-1-202607-03173,inish.d,2,5,"2026-08-11 14:45:00",0,"please refer comments","2026-08-11 09:14:59.809697","2026-08-11 09:14:59.809697"
4644,3f5388c1-0949-4401-ac68-fd2967b95890,TKT-1-202607-03173,313519,NULL,1,"2026-07-31 16:04:30",0,New,"2026-07-31 10:34:30.460896","2026-07-31 10:34:30.460896"
4644,60fec5be-f980-4182-b946-ba92d3afb2c1,TKT-1-202607-03173,IRL_admin,5,2,"2026-09-10 16:35:26",0,"Technical Matter. The helpdesk team is requested to examine the ticket thoroughly  before marking it to this Office.","2026-09-10 11:05:26.393086","2026-09-10 11:05:26.393086"
4644,c7a958a4-12bf-483d-9b67-cded25085ec5,TKT-1-202607-03173,vikram6singh,1,2,"2026-07-31 16:07:47",1,"Please check.","2026-07-31 10:37:46.650445","2026-07-31 10:37:46.650445"
4644,d1a3f30d-aecb-4a5b-b27d-24a18dbf623f,TKT-1-202607-03173,313519,3,2,"2026-08-11 11:41:32",0,"The depot follows 10% weighment for rake receipts. Out of 42 wagons, 4–5 are weighed, tokens/generic names are generated only for them.The remaining wagons are unloaded based on the 4-5 weighed quantity; the following attachment  for your reference","2026-08-11 06:11:31.745005","2026-08-11 06:11:31.745005"
2610,f8263926-96c5-4807-9d1c-c510aa557fef,TKT-1-202607-03180,vikram6singh,1,2,"2026-07-31 16:44:52",1,"Please check.","2026-07-31 11:14:52.165097","2026-07-31 11:14:52.165097"
2610,c472ee99-c7a1-43cb-8685-abd484d95dc6,TKT-1-202607-03180,154472,3,2,"2026-08-10 12:11:53",0,"Select all the fields and check the button enable, for 1st FN entry can be done from only 15 till month end, so checkk accordingly","2026-08-10 06:41:53.270296","2026-08-10 06:41:53.270296"
2610,a84fd847-8000-4684-b468-be63df8736fb,TKT-1-202607-03180,satish.d,2,7,"2026-08-17 14:25:42",0,"we are resolving this ticket, if it is not resolved create new ticket","2026-08-17 08:55:41.975461","2026-08-17 08:55:41.975461"
2610,0a39ef72-10b9-49fb-8a56-b58ee804c33a,TKT-1-202607-03180,154472,NULL,1,"2026-07-31 16:43:29",0,New,"2026-07-31 11:13:29.194374","2026-07-31 11:13:29.194374"
2610,9be0bcf7-0153-451a-bc3b-e32491cc4702,TKT-1-202607-03180,satish.d,2,3,"2026-08-03 11:57:30",0,"select all the fields and check the button enable, for 1st FN entry can be done from only 15 till month end, so checkk accordingly","2026-08-03 06:27:30.476357","2026-08-03 06:27:30.476357"
473,907fcc74-a55d-4427-98f1-52f370a61960,TKT-1-202607-03181,umesh.k,2,7,"2026-08-03 14:40:37",0,"This issue is already being tracked under master ticket TKT-1-202604-02629. so we are Closing this ticket.","2026-08-03 09:10:37.326493","2026-08-03 09:10:37.326493"
473,9441dba6-f4ab-47ce-be4d-004d6fca9e87,TKT-1-202607-03181,vikram6singh,1,2,"2026-07-31 16:51:56",0,"Please check.","2026-07-31 11:21:55.856612","2026-07-31 11:21:55.856612"
473,d7dce8a1-f0db-465c-8659-8e31a3be4918,TKT-1-202607-03181,ee16007_06,NULL,1,"2026-07-31 16:51:21",0,New,"2026-07-31 11:21:21.212628","2026-07-31 11:21:21.212628"
11183,b6957d7c-d1c4-4e15-8021-f19b08bd8003,TKT-1-202607-03196,298250,NULL,1,"2026-07-31 18:38:06",0,New,"2026-07-31 13:08:05.828429","2026-07-31 13:08:05.828429"
11183,efdc2a3d-ec25-4679-83e7-b581256e3306,TKT-1-202607-03196,satish.d,2,3,"2026-08-27 16:24:52",0,"now we have edit functionality to edit the approved data, or you can enter the data for past month it is enabled please check that","2026-08-27 10:54:51.923605","2026-08-27 10:54:51.923605"
11183,dd9d5230-c346-4425-9a78-6817696b0249,TKT-1-202607-03196,298250,3,2,"2026-08-27 11:52:33",0,"Data of OB and CB is now matching but as we have not previously entered the data of 2nd Fortnight, the Scheme-wise Offtake data is showing a wrong. Please add an option to enter the data of the same or please correct it through the backend.","2026-08-27 06:22:33.451307","2026-08-27 06:22:33.451307"
11183,a407a2e6-e4e6-4c8e-830e-7d6bc8f8d5f3,TKT-1-202607-03196,umesh.k,2,3,"2026-09-02 16:05:31",0,"Addressed, Please check comments","2026-09-02 10:35:30.570274","2026-09-02 10:35:30.570274"
11183,886f679d-d976-471c-9736-c1a1f4b14ea1,TKT-1-202607-03196,kshitiz.s,2,7,"2026-09-07 16:39:52",0,"As per the user's comment(Matter has been resolved).","2026-09-07 11:09:51.791233","2026-09-07 11:09:51.791233"
11183,731e8698-3803-4b79-b133-f098b0b1f77a,TKT-1-202607-03196,298250,3,2,"2026-09-07 13:45:47",0,"Matter has been resolved","2026-09-07 08:15:47.022353","2026-09-07 08:15:47.022353"
11183,4d175765-2a71-418b-8ef9-1be95cf91958,TKT-1-202607-03196,298250,3,2,"2026-08-31 13:12:44",0,"Please check ticket no. TKT-1-202608-03049","2026-08-31 07:42:43.645110","2026-08-31 07:42:43.645110"
11183,3f36bff7-4107-4e80-8f86-4c03785e2adb,TKT-1-202607-03196,satish.d,2,3,"2026-08-26 16:32:09",0,"if edit has to be done, please do by raising request and get it approved","2026-08-26 11:02:08.968500","2026-08-26 11:02:08.968500"
11183,3c6352f3-4ad0-45ac-9799-e0b1a2879999,TKT-1-202607-03196,298250,3,2,"2026-08-19 12:46:38",0,"User ID: 298250 Password: Myairtel@2025","2026-08-19 07:16:38.095978","2026-08-19 07:16:38.095978"
11183,1bc98b07-279a-453c-bfbe-8b01627c81bf,TKT-1-202607-03196,298250,3,2,"2026-08-28 13:56:46",0,"There is no option/right to enter the Scheme-wise Offtake data. A mismatch of 1,000.00 Qtls in DO Tezpur needs to be entered for the 2nd fortnight of June’26 to match the total allocation/offtake at 2,512.53320 Qtls.","2026-08-28 08:26:45.528577","2026-08-28 08:26:45.528577"
11183,1b9d2be1-15eb-4460-86c8-1adbe32e96ca,TKT-1-202607-03196,satish.d,2,3,"2026-08-28 19:41:56",0,"in edit functionality this data modifications can be done by raising request and get it approved","2026-08-28 14:11:56.441934","2026-08-28 14:11:56.441934"
11183,0793d664-e2e6-4fe3-a79c-596d4812e4bf,TKT-1-202607-03196,satish.d,2,3,"2026-08-17 12:45:53",0,"please share the credentials to check this issue","2026-08-17 07:15:53.279477","2026-08-17 07:15:53.279477"
11183,5c69b215-327e-4194-a47c-0bfcd6ea5d30,TKT-1-202607-03196,vikram6singh,1,2,"2026-08-01 09:07:58",0,"Please check.","2026-08-01 03:37:58.177989","2026-08-01 03:37:58.177989"
482,e3bbd7a0-c532-4e1c-b690-e8826c167c79,TKT-1-202607-03204,sanjeet.k,2,7,"2026-08-03 13:05:44",0,"kindly check the comment section.","2026-08-03 07:35:43.937520","2026-08-03 07:35:43.937520"
482,c90456e8-f024-4632-83c4-7a7409cc395c,TKT-1-202607-03204,vikram6singh,10,2,"2026-08-04 14:00:12",0,"Please check.","2026-08-04 08:30:12.298857","2026-08-04 08:30:12.298857"
482,c68475e9-d35c-41d2-b03f-ac1fa131040c,TKT-1-202607-03204,295626,7,10,"2026-08-05 15:30:03",0,"some destination of Silo are not appearing under the Adani Silo Sojumazra ID in the Annadarpan file attached","2026-08-05 10:00:03.270019","2026-08-05 10:00:03.270019"
482,c382e2ea-048f-457b-bab9-682ffdcce80a,TKT-1-202607-03204,295626,7,10,"2026-08-04 13:56:39",0,"The destination Bandel silo (BDC) already show in west Bengal","2026-08-04 08:26:39.388693","2026-08-04 08:26:39.388693"
482,be6c13a0-6c90-45e3-bd1f-75fa88ba4752,TKT-1-202607-03204,295626,7,10,"2026-08-03 12:02:30",0,"issue is not resolve plz do the needfull","2026-08-03 06:32:29.705000","2026-08-03 06:32:29.705000"
482,921a5ba7-bd4c-452e-9a96-3e30ef102378,TKT-1-202607-03204,vikram6singh,10,2,"2026-08-05 15:39:05",0,"Please check.","2026-08-05 10:09:05.165653","2026-08-05 10:09:05.165653"
482,751805b8-7954-4535-9da0-17e35dd17e4e,TKT-1-202607-03204,umesh.k,2,7,"2026-08-03 09:46:26",0,"Dear sir/madam, please do contact the regional office for the railstation creation and mapping with the depot. As this is related to master data configuration at regional office we are closing this ticket, Thank you","2026-08-03 04:16:25.701771","2026-08-03 04:16:25.701771"
482,75122ca8-f777-412f-8e1f-1d106b8805f6,TKT-1-202607-03204,vikram6singh,1,2,"2026-08-01 09:05:39",1,"Please check.","2026-08-01 03:35:39.316467","2026-08-01 03:35:39.316467"
482,632b6e8c-836a-41b6-b994-79ebd41258b6,TKT-1-202607-03204,umesh.k,2,3,"2026-08-06 15:43:21",0,"Dear sir/madam, kindly check the comments added now. Thank you","2026-08-06 10:13:20.571630","2026-08-06 10:13:20.571630"
482,4fd3a10a-844d-4f2a-8e2b-2b16484d4f7d,TKT-1-202607-03204,295626,NULL,1,"2026-07-31 19:55:49",0,New,"2026-07-31 14:25:48.608294","2026-07-31 14:25:48.608294"
482,43337b4d-2166-457c-8013-03192c8724df,TKT-1-202607-03204,vikram6singh,10,2,"2026-08-03 12:20:25",0,"Please check.","2026-08-03 06:50:25.472828","2026-08-03 06:50:25.472828"
482,0c0ef696-cd1f-4d67-9d7d-8d5ea00cd6b3,TKT-1-202607-03204,sanjeet.k,2,7,"2026-08-05 10:23:45",0,"kindly check the comment section","2026-08-05 04:53:45.018355","2026-08-05 04:53:45.018355"
