"Ticket Id","Master Id","Is Master","Child Ticket Count","Reported Date","Requestor Name",Remark,"Updated By","Last Modified Date","Last Modified Status Date",Status,Subject,Description,Module,"Sub Module","Issue Type","Assigned To",Priority,Severity,"Office Code","District Name","District Code","Zone Code",Zone,"Region Name","Region Code","Depot Code","Requestor User Id","Requestor Email Id","Requestor Mobile No.",Division,"Due At","Breach In","Is Breached"
TKT-1-202607-00188,NULL,0,0,"2026-07-02 12:57:30",DHARABEN,"Please check this requirement.",satish.d,"2026-07-17 15:36:15","2026-07-17 15:36:15",CHANGE_REQUESTED,"Request to Include Infested Stacks in AnnaDarpan Stack-wise Priority List","This is with reference to the stack-wise priority list generated for rice in AnnaDarpan.
At present, infested stacks are not reflected in the priority list, as such stacks are not considered for issue/dispatch through rake/Road movement. However, excluding these stacks from the priority list creates difficulty in maintaining complete records, monitoring stack status, and identifying FIFO violations.
In view of the above, it is requested that infested stacks may also be included in the stack-wise priority list generated in AnnaDarpan. Such stacks may be displayed with the remark "Infested" against the respective stack so that they remain visible for record maintenance, monitoring, and traceability, while clearly indicating that they are not eligible for dispatch.
A copy of the current FRRC stack-wise priority list of SWC Balod along with the details of the infested stacks which are not included in priority list is enclosed for your reference.
It is requested that the above enhancement may kindly be examined and the necessary changes be implemented in AnnaDarpan at the earliest.
",Quality,"Priority Listing > View Priority List","Change Request",satish.d,"P4 | Low (Impacting single user)","Low - S4",WF13,DURG,WF13,W,West,Chattisgarh,WF,WF13005,282330,dharab282330.fci@gov.in,6351832192,"Quality Division","2026-09-15 14:34:30",-144,NO
TKT-1-202607-00263,NULL,0,0,"2026-07-02 15:41:24","PRAVESH KUMAR KARDAM","Kindly add the option power duster in the asset procurement list.",pooja.11,"2026-07-09 10:49:53","2026-07-02 16:14:22",PENDING_WITH_FCI,"not showing power duster in drop down list of asset name .","while adding asset ,it is not showing power duster in drop down list of asset name under quality equipment in anna darpan module.kindly add the option of opting power duster ","Asset & Inventory","General Asset Management > Asset Procurement List","Service Request",pooja.11,"P4 | Low (Impacting single user)","Low - S4",NH22,MORADABAD,NH22,N,North,"Uttar Pradesh",NH,NH22005,143397,pravesh.kardam@gmail.com,8076503979,"IT Division","2026-09-16 10:34:24",-443,NO
TKT-1-202607-00429,NULL,1,3,"2026-07-03 11:21:16","MANOJ KUMAR","Dear Sir/Madam, Kindly review the comments provided and confirm the most suitable approach. Please provide your approval so that we can proceed with the implementation. Thanks,",satish.d,"2026-07-16 14:24:18","2026-07-16 14:24:18",CHANGE_REQUESTED,"Removal of dead or zero entries from Quality asset. ","Multiple name of Deltamethrin Powder, Malathion liquid and AlPH3 tablet as well as DDVP which is already banned are available under the head of chemical asset needs to be removed to avoid duplicity/triplicate. By this we may also improve the overall preservation operation in a precise manner, miltiple zero entries also shown on portal(in quality asset) needs to be removed.","Asset & Inventory","IT Asset Management > Other","Change Request",satish.d,"P4 | Low (Impacting single user)","Low - S4",NG15,JODHPUR,NG15,N,North,Rajasthan,NG,NG15004,262396,manojjeengar.fci@gov.in,9680069399,"Quality Division","2026-09-11 10:46:16",1705,YES
TKT-1-202607-00444,NULL,0,0,"2026-07-03 11:46:46","MANOJ KUMAR","Please check this ticket.",satish.d,"2026-07-24 17:42:32","2026-07-24 17:42:32",CHANGE_REQUESTED,"Disappearing of stack just after inespection ","Disappearing of stacks details just after completion and submit of quality entry/inspection during fortnight as well as monthly inspection. In this regard it is being suggested that before disappearing the inspection entries dialogue box must be shown with details of inspected stacks by which we may aware about the entry of next stacks as facilitated in Depot online.",Quality,Others,"Change Request",satish.d,"P3 | Medium (Impacting 25% to 50% users)","Low - S4",NG15,JODHPUR,NG15,N,North,Rajasthan,NG,NG15004,262396,manojjeengar.fci@gov.in,9680069399,"Quality Division","2026-08-28 09:34:46",8256,YES
TKT-1-202607-00452,NULL,1,2,"2026-07-03 11:51:18","MANOJ KUMAR","Please kindly approve it for CR consideration.",anuj.s,"2026-07-16 13:12:24","2026-07-16 13:12:24",CHANGE_REQUESTED,"Message/warning must be shown for early prophylectic treatments ","Warning message must be shown if repeatedly prophylactic treatments carry on same stack (in case on Malathion before 15 days and Deltamethrin before 3 month ) to avoid wrong entry. ",Quality,Others,"Change Request",anuj.s,"P4 | Low (Impacting single user)","Low - S4",NG15,JODHPUR,NG15,N,North,Rajasthan,NG,NG15004,262396,manojjeengar.fci@gov.in,9680069399,"Quality Division","2026-09-11 10:11:18",1740,YES
TKT-1-202607-00617,NULL,0,0,"2026-07-03 12:14:22","MANOJ KUMAR","As the requirement mentioned was not mentioned while designing the system initially and was discussed with relevant authorities during that time, incorporating it would be a major redesign in the system, hence please advise on how to proceed.",satish.d,"2026-07-22 17:17:01","2026-07-22 17:17:01",PENDING_WITH_FCI,"Prophylectic/curative detail list ","Prophylactic/curative treatments/inspection  list must be shown upto 1000 entries to easily export the monthly detail  and calculate the same for smooth and easy operation. ",Quality,Others,"Change Request",umesh.k,"P4 | Low (Impacting single user)","Low - S4",NG15,JODHPUR,NG15,N,North,Rajasthan,NG,NG15004,262396,manojjeengar.fci@gov.in,9680069399,"Quality Division","2026-08-27 15:05:22",8466,YES
TKT-1-202607-00627,NULL,0,0,"2026-07-03 12:31:20","MANOJ KUMAR","Kindly consider for this CR.",pooja.11,"2026-07-16 14:20:09","2026-07-16 14:20:09",CHANGE_REQUESTED,"Simplification in inspection Fortnightly/MIR/QIR","Name of centre and type of inspection (i.e. fortnightly or monthly inspection) repeatedly ask by the the portal against inspection of each and every stacks during MIR, needs to be removed for smooth entries and saving the time by avoiding unnecessary repetition",Quality,"Preservation > Inspection","Change Request",pooja.11,"P4 | Low (Impacting single user)","Low - S4",NG15,JODHPUR,NG15,N,North,Rajasthan,NG,NG15004,262396,manojjeengar.fci@gov.in,9680069399,"Quality Division","2026-09-14 14:52:20",379,YES
TKT-1-202607-00644,NULL,1,13,"2026-07-03 13:12:49","SANJAY KUMAR","Respected sir, Kindly look into this suggestion.",inzemamul.h,"2026-07-09 10:49:53","2026-07-08 11:56:59",PENDING_WITH_FCI,"provision of recording of IMC is not available at the time of  PV loading during ISI PV","provision of recording of IMC is not available at the time of  PV loading during ISI PV","Physical Verification & Operational Losses (SL/TL)","Physical Verification > PV Loading","Service Request",inzemamul.h,"P4 | Low (Impacting single user)","Low - S4",NH23,SAHARANPUR,NH23,N,North,"Uttar Pradesh",NH,NC12003,132242,sanj132242.fci@gov.in,9466484718,"Quality Division","2026-09-11 12:22:49",1608,YES
TKT-1-202607-00674,NULL,0,0,"2026-07-03 14:57:58","SONAM WANGIAL","Technical matter, SI to resolve this.",IRL_admin,"2026-09-07 17:35:23","2026-09-07 17:35:23",ASSIGNED,"NON UPDATION OF WORKSLIP ON ANNADARPAN.","NOT ANY UPDATION OF WORKSLIP OF LABOUR ON ANNADARPAN.","Labour Management","Labour Management > Labour Gang Usage","Change Request",inish.d,"P4 | Low (Impacting single user)","Low - S4",NF14,CHANDIGARH,NF14,N,North,Punjab,NF,NF14009,110115,sonam72.fci@gov.in,9418777400,"IRL Division","2026-08-29 14:42:58",7408,YES
TKT-1-202607-00684,NULL,0,0,"2026-07-03 15:28:17",SREEDHAR,"Kindly look into this CR.",pooja.11,"2026-07-27 12:44:11","2026-07-27 12:44:11",CHANGE_REQUESTED,"Receipt of food grains from DO QC Lab - Lab Samples - Request to provision in AD - Reg.","This office is receiving (food grains) Lab samples from DO QC Lab and the same is to be accounted in Depot books of accounts and the same will reflect in MSA. This is a routine receipts in depot operations. But, in Anna Darpan there is no provision to receive the same QC Lab samples and this office is receiving the same by using "Other Transactions" in AD. Hence, it is requested to provision the same to accept the QC Lab samples in Anna Darpan for proper accounting in AD and also incorporate / reflect the same in all the relevant reports.  ",Others,Others,"Change Request",pooja.11,"P4 | Low (Impacting single user)","Low - S4",SF18,WARANGAL,SF18,S,South,Telangana,SF,SF18001,110023,jsreedhar.fci@gov.in,9989642982,"Quality Division","2026-09-15 16:13:17",-242,NO
TKT-1-202607-00808,NULL,0,0,"2026-07-04 12:40:33",SUJAN,"IT IS REQUESTED TO KINLDY GO THROUGH THE COMMENTS FROM COMMENT SECTION & STATUS HISTORY OF THE TICKET AS ALL THE DETAILS REGRDING THE ISSUE HAVE ALREADY BEEN MENTIONED MULTIPLE TIMES. STILL IF YOU WANT SOME MORE DETAILS KINLDY BE SPECIFIC ABOUT THAT.",100876,"2026-09-03 11:01:24","2026-08-14 12:04:43",ASSIGNED,"Different gunny figures in different segments of Anna Darpan i.r.o AALL SILO,BANDEL","In reference to ticket no.-TKT-1-202606-01979, it is to inform that gunny figure in gunny register is not showing correctly as different number of gunny is showing between "GUNNY REGISTER REPORT" and other different segments of Anna Darpan like "Mark Asset Status - Storage Division","Gunny Management".Moreover, gunny register is not showing the daily issue figure of gunny.(all screenshots attached)",Storage,Others,"Change Request",umesh.k,"P4 | Low (Impacting single user)","Low - S4",EF21,HOOGHLY,EF21,E,East,"West Bengal",EF,EF21004,100876,sujan100876.fci@gov.in,7890848663,"Storage Division","2026-07-15 10:44:00",27653,YES
TKT-1-202607-00831,NULL,0,0,"2026-07-04 14:01:08",RAJESH,"Sir/Madam, User is asking to delete the shed to update capacity in that depot.Please check and provide the requirement for implemeneting shed deletion.",inish.d,"2026-07-21 12:06:17","2026-07-21 12:06:17",CHANGE_REQUESTED,"REGARDING UPDATION OF STORAGE CAPACITY  IN SWC RAJIM (WF14022)","KINDLY UPDATE REVISED CAPACITY OF SWC RAJIM (WF14022) IN ANNADARPAN  AS 16704 MT SINCE ONLY SHED 2,3,4,5,6,7,11 AND 12 EACH CAPACITY OF 2088 MT IS CURRENTLY HIRED AND REST SHED NO 08 (2320 MT), 09(1740 MT)  AND 10(2088 MT ) ARE UNHIRED . SO IT IS KINDLY REQUEESTED TO DELETE  SHED NO 08,09 AND 10  FROM ANNADARPAN AND UPADTE THE ACTUAL CAPACITY OF SWC RAJIM  (WF14022) AS 16704 MT",Storage,Others,"Change Request",umesh.k,"P4 | Low (Impacting single user)","Low - S4",WF14,RAIPUR,WF14,W,West,Chattisgarh,WF,WF14008,117510,raje117510.fci@gov.in,9406172105,"Storage Division","2026-09-10 17:28:08",1843,YES
TKT-1-202607-00853,NULL,0,0,"2026-07-04 15:55:06","RAHUL KUNKUMA","Sir, currently we have provided the edit access for capacity but user is asking form max bags field edit.Please confirm this new change request",inish.d,"2026-07-20 18:12:18","2026-07-20 18:12:18",CHANGE_REQUESTED,"Even though the stack is under receipt  In status it is showing full","Even though the stack is under receipt 
In status it is showing full",Storage,Others,"Change Request",umesh.k,"P2 | High (Impacting more than 50% users)","Low - S4",SF17,SANATHNAGAR,SF17,S,South,Telangana,SF,SF17001,298302,rahul86.fci@gov.in,9704066745,"Storage Division","2026-09-10 17:20:06",1851,YES
TKT-1-202607-00941,NULL,1,2,"2026-07-06 11:50:25",BISHNU,"As per development, stacks will only allow to consume bags of type same as in stack.Different gunny type consumption is not allowed. Please confirm with this requirement provided by user.",inish.d,"2026-07-20 18:09:46","2026-07-20 18:09:46",CHANGE_REQUESTED,"in reference of communication with raised ticket TKT-1-202607-00867 and TKT-1-202607-00244 against one stack 103M02.","Stack No. 103M02 comprises HDPE bags. During the receipt operation carried out on 01.07.2026, loose grains were accumulated and made into two bags, which were required to be consumed in the same stack.

The original receipt of the stack was 1,040 bags with a total weight of 516.99600 qtl. After accounting for the consumption of the two made-up bags, the closing balance (CB) of the stack should have remained 1,042 bags with the same total weight of 516.99600 qtl, as only the bag count changed and not the quantity of grain.

However, HDPE SHS bags were not available in the depot at that time. Therefore, the two bags were physically prepared using SHS SBT bags. Since the Annadarpan portal does not permit the consumption of SHS SBT bags against an HDPE stack, the required transaction could not be recorded in the system. A support ticket has already been raised to address this system limitation.

During Physical Verification (PV), the PV team submitted the actual physical count of 1,042 bags for Stack No. 103M02 in the Annadarpan portal, whereas the system closing balance in Annadarpan continued to show 1,040 bags due to the pending consumption entry.

As a result, the additional two bags were incorrectly treated by the system as PV Gain, and the corresponding weight of these two bags, calculated on the basis of the stack's average bag weight, was also reflected as PV Gain.

Consequently, after PV, the Annadarpan portal is showing the closing balance of Stack No. 103M02 as 1,042 bags with a weight of 517.99022 qtl. However, the actual closing balance should be 1,042 bags (1040 HDPE+2 SHS SBT) with a total weight of 516.99600 qtl.
The matter may kindly be treated as most urgent and resolved at the earliest to avoid further discrepancies in the stock records.
Attachment : Original stack ledger
Annadarpan stack details.",Storage,Others,"Change Request",umesh.k,"P4 | Low (Impacting single user)","Low - S4",EF28,"24 PARGNAS",EF28,E,East,"West Bengal",EF,EF28004,283880,bishnu283880.fci@gov.in,8240482082,"Stocks/PV Division","2026-09-03 17:08:00",5104,YES
TKT-1-202607-00977,NULL,0,0,"2026-07-06 13:49:01",DHAN,"Sir/Madam, the user is requesting to add Token no and stack no in wagon wise truck transaction Report. Kindly verify the requirement and provide the necessary details.",umesh.k,"2026-08-07 14:16:09","2026-08-07 14:16:09",CHANGE_REQUESTED,"SIR, NEED AN IMPROVEMENT IN APPLICATION REGARDING WAGON WISE TRUCK TRANSACTION REPORT IN MOVEMENT BY RAIL UNDER REPORT SECTION. IF POSSIBLE PLEASE ADD TOKEN NO. AND STACK NO. FOR TRUCK IN WAGON WISE TRUCK REPORT. ","SIR, NEED AN IMPROVEMENT IN APPLICATION REGARDING WAGON WISE TRUCK TRANSACTION REPORT IN MOVEMENT BY RAIL UNDER REPORT SECTION. IF POSSIBLE PLEASE ADD TOKEN NO. AND STACK NO. FOR TRUCK IN WAGON WISE TRUCK REPORT. DUE TO THIS ADDITION PROBLEM REGARDING STACK NO. AND TOKEN NO. ASSOCIATE WITH TRUCK ALSO SHOW IN REPORT.",Reports,"Reports > Movement Reports","Change Request",umesh.k,"P4 | Low (Impacting single user)","Low - S4",WF12,BILASPUR,WF12,W,West,Chattisgarh,WF,WF12005,117291,dhan.117291@fci.gov.in,9685080052,"Movement Division","2026-09-07 14:25:00",3647,YES
TKT-1-202607-00979,NULL,0,0,"2026-07-06 13:52:18",PARVINDER,"Sir/Madam, User is asking to move the gunny from Mandi to depot.",inish.d,"2026-07-14 10:58:44","2026-07-14 10:58:44",PENDING_WITH_FCI,"LEFT OVER GUNNIES IN THE MANDI TO BE RECEIVE IN DEPOT","After conclusion of Mandi operations at FSD Narela (Delhi Region) the balance 114 gunnies are to be shifted back to the Depot Store (DSA). No option is available to despatch gunnies from Mandi to Depot. The screenshot has been attached for kind reference. Kindly do the needful so that the gunnies can be taken in record in AnnaDarpan.",Storage,"Gunny Management > Gunny Dispatch","Change Request",umesh.k,"P3 | Medium (Impacting 25% to 50% users)","Low - S4",NB13,SHAKTINAGAR,NB13,N,North,Delhi,NB,NB13001,296514,parvin296514.fci@gov.in,9990966266,"Storage Division","2026-09-10 09:17:00",2335,YES
TKT-1-202607-00998,NULL,0,0,"2026-07-06 15:17:20",NAOREM,"Kindly review this change request and provide your approval.",satish.d,"2026-07-21 18:00:54","2026-07-21 18:00:54",CHANGE_REQUESTED,"some items which had already been updated are showing in pending Asset Procurement list regarding...","Some items such as 1) Ceiling fan 2) UPS 3) CCTV System and 4) DG Set are already updated in the Asset, but they are again showing in pending list in General Asset Management-Asset Procurement list.
Please guide in this regard to avoid double entry in the system.
","Asset & Inventory","General Asset Management > Asset Procurement List","Change Request",inish.d,"P4 | Low (Impacting single user)","Low - S4",FF12,D.O.IMPHAL,FF12,F,NEF,Manipur,FF,FF12005,160095,naorem160095@fci.gov.in,9862559018,"IT Division","2026-09-09 13:22:00",2630,YES
TKT-1-202607-01079,NULL,0,0,"2026-07-07 11:18:17",VINOD,"Respected sir, kindly look into this suggestion.",inzemamul.h,"2026-07-13 17:58:16","2026-07-13 17:58:16",PENDING_WITH_FCI,"regarding average moisture content of the stack","It is requested to kindly provide option in this portal to check the average moisture of stack which is under receipt or completed so that same can be tallied/cross checke with our manual record and QMS average moisture (RMC)",Quality,Others,"Service Request",inzemamul.h,"P4 | Low (Impacting single user)","Low - S4",ND14,MANDI,ND14,N,North,"Himachal Pradesh",ND,ND13002,283421,vinod283421.fci@gov.in,8988161630,"Quality Division","2026-09-09 13:27:17",2624,YES
TKT-1-202607-01112,NULL,0,0,"2026-07-07 13:40:41",PULKIT,"Sir/Madam, User is asking to delete the shed in that depot.Please confirm us with required details.",inish.d,"2026-07-16 12:48:24","2026-07-16 12:48:24",CHANGE_REQUESTED,"Kindly update the depot capacity","The capacity of the depot is 1,56,600 MT. Kindly update the same",Storage,"Administration > Depot Configuration","Change Request",umesh.k,"P4 | Low (Impacting single user)","Low - S4",WF14,RAIPUR,WF14,W,West,Chattisgarh,WF,WF14009,276446,pulkit.fci@gov.in,9926028045,"Storage Division","2026-09-16 09:47:41",-397,NO
TKT-1-202607-01135,NULL,0,0,"2026-07-07 16:00:56",MURARI,"Sir, Shed deletion from backend  will disturb departments linked and current stock associated with the department.So please confirm",inish.d,"2026-07-21 14:36:05","2026-07-21 14:36:05",CHANGE_REQUESTED,"SWC Bhoyna and SWC Dhamtari extra shed is showing in annadarpan","Sir,

In SWC Bhoyna (WF14037), Shed Nos. 1 & 2, and SWC Dhamtari (WF14058), Shed Nos. 13 & 14, an extra shed is showing in the AnnaDarpan. Kindly check and rectify the issue.
AnnaDarpan 113777    Depot@123",Storage,"Shed and Stacks","Change Request",umesh.k,"P4 | Low (Impacting single user)","Low - S4",WF14,RAIPUR,WF14,W,West,Chattisgarh,WF,WF14003,113777,mlmeena.fci@gov.in,9413817373,"Storage Division","2026-09-14 15:00:56",370,YES
TKT-1-202607-01205,NULL,0,0,"2026-07-08 13:03:36","BHAGAT SINGH","Please kindly approve it for CR consideration.",anshu.r,"2026-09-08 15:41:53","2026-09-08 15:41:53",CHANGE_REQUESTED,"NWNP Labour Gang Usage entry for work done by offline means like "receipt of offline trucks" and "Alta Palti"","The option of "Labour Gang Usage" in AnnaDarpan does not allow to enter work done by NWNP labour for trucks received and issued offline. Hence the "Labour Gang Usage" entry of only online trucks can be done through AnnaDarpan. So it is requested to add option of work done by labour in case of trucks received through offline mode and issued by Alta Palti.","Labour Management","Labour Management > Labour Gang Usage","Change Request",anshu.r,"P4 | Low (Impacting single user)","Low - S4",ND13,DHARAMSHALA,ND13,N,North,"Himachal Pradesh",ND,ND13002,158725,bhagats76.fci@gov.in,9780019343,"IRL Division","2026-09-14 15:38:36",333,YES
TKT-1-202607-01230,NULL,0,0,"2026-07-08 15:05:57","SANJAY KUMAR","Please do confirm regarding removal of stacks for ISI PV due to rain (Loading truck stuck in rainwater).",richa.k,"2026-07-09 13:14:39","2026-07-08 17:07:55",PENDING_WITH_FCI,"REQUEST TO DELETE STACK 1B/19 FROM ISI/PV AT FSD FARIDABAD","In reference to the above subject, this is for information that the stack number 1B/19 was selected in ISI/PV at FSD Faridabad, but due to the ongoing construction work of road in Depot campus and continuous rainfall for last three days, it is not feasible to load the truck and complete the physical verification. Therefore, it is requested to kindly, delete the stack 1B/19 from ISI/PV from ID OF PV officer SUMIT KAUSHIK(277340), so that the physical verification can be completed timely. It is further informed that the physical verification of other two stalks selected for physical verification has been completed. Please find the attachments for your reference. ","Physical Verification & Operational Losses (SL/TL)","Physical Verification > PV Loading","Service Request",richa.k,"P4 | Low (Impacting single user)","Low - S4",NH23,SAHARANPUR,NH23,N,North,"Uttar Pradesh",NH,NC12003,132242,sanj132242.fci@gov.in,9466484718,"Stocks/PV Division","2026-09-16 09:04:57",-354,NO
TKT-1-202607-01231,NULL,0,0,"2026-07-08 15:07:12",SREEDHAR,"Kindly look into the given suggestion by the user and do the needful.",sanjeet.k,"2026-07-09 10:49:53","2026-07-08 17:44:05",PENDING_WITH_FCI,"Requirements in Labour Module in AD - Reg.","The following issues have been observed in the system and require necessary rectification:
1. At depot level, the work slip should be generated Block-wise. Currently, it is being generated Gang-wise only.
2. In the work slip, the selected date range (From Date – To Date) is not being displayed. Only a single date is shown.
3. Direct loading into wagons is not appearing under the Activity Clause in the work slip.
4. Gang numbers are not arranged in serial order, making verification and monitoring difficult.
5. In the Labour Attendance Register, the selected date range (From Date – To Date) is not displayed. Only a single date is visible instead of the complete period selected.
6. A single-page report is required that displays both Labour Gang Allocation and Labour Gang Usage details together.
The above observations may need to be attend for smooth functioning of labour module in AD.
",Storage,Others,"Service Request",sanjeet.k,"P1 | Urgent (Impacting 100% users)","Low - S4",SF18,WARANGAL,SF18,S,South,Telangana,SF,SF18001,110023,jsreedhar.fci@gov.in,9989642982,"IRL Division","2026-09-15 17:30:12",-319,NO
TKT-1-202607-01274,NULL,0,0,"2026-07-08 18:06:37",DEBASHIS,"Kindly approve it for CR consideration.",kshitiz.s,"2026-09-01 12:23:16","2026-09-01 12:23:16",CHANGE_REQUESTED,"Request to delete Shed No 5 as there is no shed of 300 MT in the name of Shed No 5.","FSD Umeri has only 4 shed, there is no shed in the name of Shed No 5. requested to delete the Shed no 5 which is of 300 MT. The capacity has been reflected in Depot Darpan Portal also due to its availability in the Anna Darpan Portal. ",Storage,"Depot Administration > Modify Depot","Change Request",kshitiz.s,"P2 | High (Impacting more than 50% users)","Low - S4",EE15,JAYPORE,EE15,E,East,Orissa,EE,EE15001,293089,debashis293089@fci.gov.in,9564217173,"IT Division","2026-09-15 12:17:00",-6,NO
TKT-1-202607-01277,NULL,0,0,"2026-07-08 18:23:10",INDER,"Dear respected team,Please look into the given requirement regarding the provisioning for capturing of issue moisture content on the stack during loading at siding. however currently system auto fetched from the Wagon.",richa.k,"2026-07-13 11:04:14","2026-07-13 11:04:14",PENDING_WITH_FCI,"अन्नदर्पण में स्टैक-वार DMC निर्धारण एवं Issue Moisture अद्यतन हेतु सिस्टम सुधार का सुझाव","वर्तमान में अन्नदर्पण में किसी स्टैक का DMC संबंधित वैगन की नमी (Moisture) के आधार पर निर्धारित किया जा रहा है। साथ ही, जिस स्टैक से वैगन लोड किए जाते हैं, उस स्टैक के वास्तविक Issue Moisture के स्थान पर संबंधित वैगन का मॉइस्चर 29(10) स्टेटमेंट में स्टैक के Issue Moisture के रूप में प्रदर्शित हो रहा है,
वास्तव में, साइडिंग गोदाम में प्रत्येक स्टैक का DMC उसके Periphery C1 एवं C2 से प्राप्त स्टैक-वार नमी के आधार पर निर्धारित किया जाता है। वर्तमान मॉड्यूल में स्टैक का DMC वैगन-वार नमी के आधार पर स्वतः (Auto Fetched) लिया जा रहा है, जिसके कारण स्टैक के वास्तविक DMC एवं सिस्टम द्वारा प्रदर्शित DMC में अत्यधिक अंतर (Variation) उत्पन्न हो रहा है।

अतः सुझाव है कि किसी स्टैक के निर्गमन (Issue) के समय संबंधित स्टैक का Issue Moisture अद्यतन (Update) करने का विकल्प अन्नदर्पण में उपलब्ध कराया जाए। स्टैक-वार अद्यतन की गई नमी के आधार पर संबंधित स्टैक का DMC निर्धारित किया जाए तथा वही नमी स्वतः संबंधित वैगन में परिलक्षित हो। यदि किसी वैगन में एक से अधिक स्टैकों का खाद्यान्न लोड किया गया हो, तो प्रणाली (System) उन स्टैकों की नमी के आधार पर स्वतः Weighted Average Moisture की गणना कर वैगन का मॉइस्चर प्रदर्शित करे
",Quality,Others,"Service Request",richa.k,"P4 | Low (Impacting single user)","Low - S4",WF14,RAIPUR,WF14,W,West,Chattisgarh,WF,WF14009,193484,inder193484@fci.gov.in,9337570735,"Quality Division","2026-09-15 12:14:00",-3,NO
TKT-1-202607-01808,NULL,0,0,"2026-07-15 11:28:00","P KRISHNAMURTHY","This is an entirely new requirement. Please provide us with more details about this feature so we can assess and implement it after receiving your confirmation.",inish.d,"2026-07-23 11:31:46","2026-07-23 11:31:46",CHANGE_REQUESTED,"Ancilary Labour Workslip not generatng ","In Labour reports , Ancillary Labour workslip report  is not generating  showing " Data is not available for the given parameters " . It is requested  to rectify the error .",Reports,Others,"Change Request",inish.d,"P4 | Low (Impacting single user)","Low - S4",SF15,NALGONDA,SF15,S,South,Telangana,SF,SE12003,115324,pkrishnamurthy.fci@gov.in,7639567065,"IRL Division","2026-09-08 11:03:00",3308,YES
TKT-1-202607-01868,NULL,0,0,"2026-07-15 14:20:32",HANIT,"Forwarding to IT for necessary policy clarification.",vikram6singh,"2026-09-05 09:52:34","2026-09-05 09:52:34",PENDING_WITH_FCI,"Request for Modification in Annadarpan Portal to Display Gross Weight During Real-Time Special Loading","Sir,
    As you are aware, during real-time special loading on the Annadarpan Portal, the weighbridge currently displays only the net weight of the food grains. However, the Railways specify the gross carrying capacity, and each rake is required to be loaded in accordance with the prescribed gross weight.
As a result, during the loading process, we have to repeatedly add the weight of the gunny bags to the net weight to determine the gross weight. This manual calculation increases the possibility of errors, causes unnecessary delays in rake loading, and may lead to demurrage charges.
In view of the above, we kindly request you to make the necessary modifications to the Annadarpan Portal so that, during gross weighment, the gross weight is displayed alongside the net weight. This enhancement will eliminate the need for manual calculations, reduce the risk of errors, and facilitate accurate and efficient loading of rakes.
We shall be grateful for your kind consideration and early action in this matter",Movement,"Movement by Rail > Out Weight","Change Request",vikram6singh,"P4 | Low (Impacting single user)","Low - S4",NF21,PATIALA,NF21,N,North,Punjab,NF,NF21009,109289,hani109289.fci@gov.in,9988743444,"IT Division","2026-09-03 12:57:32",5354,YES
TKT-1-202607-01869,NULL,0,0,"2026-07-15 14:23:24",CHANDAN,"Sir/Madam, the user is requesting to add a new report named remarks report. Kindly verify the requirement and provide the necessary details as well as kndly provide report format for it.",umesh.k,"2026-08-07 14:20:36","2026-08-07 14:20:36",PENDING_WITH_FCI,"Create the remarks report module","Whenever we are killing the stack. We are giving input on the remarks, but those remarks' is not showing in any report. Please do the needful.",Reports,Others,"Change Request",inish.d,"P3 | Medium (Impacting 25% to 50% users)","Low - S4",WB14,SABARMATI,WB14,W,West,Gujarat,WB,WB14001,308378,chandan308378@fci.gov.in,9667303237,"Storage Division","2026-09-11 16:26:24",1365,YES
TKT-1-202607-01875,NULL,0,0,"2026-07-15 14:38:25","P KARTHIKEYAN","The RO Report currently shows the pending quantity as Total Quantity - Issued Quantity within the selected date range. Users has requested to display the current live pending quantity instead Kindly review and confirm whether this change is required.",umesh.k,"2026-07-20 14:36:45","2026-07-20 14:36:45",CHANGE_REQUESTED,"Exclusion of previous issues day issues in RO report  and Wrong diplay of RO CB ","While selecting the RO report  for a particular date , the Report is showing the issue on particular date. But while calculating the CB of RO , it is not taking the previous date issues and the value is displayed by subtracting the original RO value from the particular date issue figure which resuling in wrong ground CB of the RO . A sample RO is attached in screenshot ",Reports,"Reports > Sales Reports","Change Request",inish.d,"P4 | Low (Impacting single user)","Low - S4",SE15,THOOTHUKKUDI,SE15,S,South,"Tamil Nadu",SE,SC19002,292215,pkarthi1079.fci@gov.in,9629304225,"Sales Division","2026-09-11 16:00:25",1391,YES
TKT-1-202607-01904,NULL,1,2,"2026-07-15 15:02:46",YOGENDRA,"Respected Sir, please refer the comment section and confirm the same.",richa.k,"2026-09-10 18:03:12","2026-09-10 18:03:12",PENDING_WITH_FCI,"Due to technical reason entries of stock Dumping (D-category stock) not possible in Annadarpan, resulting mismatch data with IRRS reg.","Sir, As per rules and FCI procedure, Competent Authority directed to disposal of D-Category stock stored in stack number 30A01A = 2bags= 0.72260 Qtl. by dumping the stock. The committee report also attached herewith for ready ref. No option is available in AnnaDarpan. similar matter of stack number 30A01 is still pending since long time. TKT-1-202603-02373 dt.19.03.20266 and TKT-1-202607-00850 dt. 04.07.2026. please resolve the issue earlier.",Quality,Others,"Change Request",richa.k,"P4 | Low (Impacting single user)","Low - S4",NG19,AJMER,NG19,N,North,Rajasthan,NG,NG19001,120042,yogend120042.fci@gov.in,9460709452,"Quality Division","2026-08-04 12:35:46",18336,YES
TKT-1-202607-01932,NULL,0,0,"2026-07-15 18:03:59",BISHNU,"Sir/Madam, the user is requesting to consume palla bags for the stack using a bag type different from the stack's bag type. Kindly verify the requirement and provide the necessary details.",inish.d,"2026-07-17 17:15:55","2026-07-17 17:15:55",CHANGE_REQUESTED,"Gunny consumption in HDPE stack while there is no HDPE SHS gunny in the depot...regarding.","With due respect it is to inform your good self that there is now no HDPE SHS gunny bags available in the entire depot. In Anna Darpan portal there is no system to consume SBT(580) SHS gunny in HDPE gunny stack and due to no stock of HDPE SHS gunny available in the depot how can i consume gunny if necessity has been occured. So you are request to solve the problem as soon as possible.",Storage,"Gunny Management > Gunny Consumption","Change Request",umesh.k,"P4 | Low (Impacting single user)","Low - S4",EF28,"24 PARGNAS",EF28,E,East,"West Bengal",EF,EF28004,283880,bishnu283880.fci@gov.in,8240482082,"Storage Division","2026-09-15 13:31:00",-80,NO
TKT-1-202607-01939,NULL,0,0,"2026-07-15 22:35:29","GAURAV KUMAR","The requestor is requesting that the Recorded Moisture Content be added to the DSI report, as this field is currently not available. Kindly verify the requirement and provide the necessary details.",umesh.k,"2026-07-20 17:50:15","2026-07-20 17:50:15",CHANGE_REQUESTED,"While downloading DSI there is no provision of moisture content. ","While downloading DSI there is no provision of moisture content . Its is requested to you that please add a recorded moisture  option is DSI",Reports,"Reports > DSI","Change Request",sanjeet.k,"P1 | Urgent (Impacting 100% users)","Low - S4",NG18,UDAIPUR,NG18,N,North,Rajasthan,NG,NG18009,238512,gaurav238512.fci@gov.in,9253360086,"Quality Division","2026-09-11 12:21:00",1610,YES
TKT-1-202607-02027,NULL,0,0,"2026-07-17 10:56:25",MANOJ,"We are facing a stock reconciliation issue at RSWC Kunwarti, Bundi AUB (NG16051) . Latest Difference IRRS & Anna Darpan Portal (IRRS and Anna Darpan).",187103,"2026-09-09 14:07:21","2026-09-09 12:45:25",ASSIGNED,"REGARDING DISCREPANCY IN  STOCK (EVENING STOCK POSITION)","We are facing a stock reconciliation issue at RSWC Kunwarti, Bundi AUB (NG16051). While generating the Evening Stock Position, the Closing Stock of 08.07.2026 is not matching with the Opening Stock of 09.07.2026.
Due to this mismatch, a 23-gram stock difference is being reflected. The same discrepancy is also appearing in IRRS, while Anna Darpan is showing 23 grams of excess WHEAT URS 2026-27 stock.
Kindly resolve the stock mismatch so that the stock position remains consistent across all systems (IRRS and Anna Darpan). ",Reports,"Reports > Storage Reports","Service Request",inish.d,"P4 | Low (Impacting single user)","Low - S4",NG16,KOTA,NG16,N,North,Rajasthan,NG,NG16003,187103,manoj187103.fci@gov.in,8385927428,"Stocks/PV Division","2026-08-28 10:31:25",8200,YES
TKT-1-202607-02035,NULL,0,0,"2026-07-17 11:47:03",SANTOSH,"As per AD, stacks will allow to consume only of same bag type as like stack.But user is asking for different bag type consumption during gunny consumption.Please confirm this and provide us more details in implementing this feature..",inish.d,"2026-07-20 17:57:46","2026-07-20 17:57:46",CHANGE_REQUESTED,"Annadarpan portal does not permit the consumption of SHS SBT bags against an HDPE stack due to which those two SHS SBT bags recorded as pv gain with average bag weight after submission of quaterly PV.","Stack No. 103M02 comprises HDPE bags. During the receipt operation carried out on 01.06.2026, loose grains were accumulated and made into two bags, which were required to be consumed in the same stack.

The original receipt of the stack was 1,040 bags with a total weight of 516.99600 qtl. After accounting for the consumption of the two made-up bags, the closing balance (CB) of the stack should have remained 1,042 bags with the same total weight of 516.99600 qtl, as only the bag count changed and not the quantity of grain.

However, HDPE SHS bags were not available in the depot at that time. Therefore, the two bags were physically prepared using SHS SBT bags. Since the Annadarpan portal does not permit the consumption of SHS SBT bags against an HDPE stack, the required transaction could not be recorded in the system. A support ticket has already been raised to address this system limitation.

During Physical Verification (PV), the PV team submitted the actual physical count of 1,042 bags for Stack No. 103M02 in the Annadarpan portal, whereas the system closing balance in Annadarpan continued to show 1,040 bags due to the pending consumption entry.

As a result, the additional two bags were incorrectly treated by the system as PV Gain, and the corresponding weight of these two bags, calculated on the basis of the stack's average bag weight, was also reflected as PV Gain.

Consequently, after PV, the Annadarpan portal is showing the closing balance of Stack No. 103M02 as 1,042 bags with a weight of 517.99022 qtl. However, the actual closing balance should be 1,042 bags (1040 HDPE+2 SHS SBT) with a total weight of 516.99600 qtl.
The matter may kindly be treated as most urgent and resolved at the earliest to avoid further discrepancies in the stock records.
Attachment : 1. Original stack ledger
2. Annadarpan stack details.",Storage,"Manage Stacks > Stack Update","Change Request",umesh.k,"P4 | Low (Impacting single user)","Low - S4",EE14,CUTTACK,EE14,E,East,Orissa,EE,EF28004,157603,santoshkrnaik.fci@gov.in,9437393568,"Storage Division","2026-09-15 12:00:03",11,YES
TKT-1-202607-02040,NULL,0,0,"2026-07-17 12:08:15",HARERAM,"please check comments and perform the appropriate flows.",satish.d,"2026-08-12 14:33:23","2026-08-12 14:33:23",PENDING_WITH_REQUESTER,"In DCC report (DO GYA-14.0018.0/1/2023-QC Division - DO gaya  dated 13.07.2026) the grains are categorized in FEED I/II/III ","In DCC report (DO GYA-14.0018.0/1/2023-QC Division - DO gaya  dated 13.07.2026) the grains are categorized in FEED I/II/III(Non-issuable Damaged grain)  but due to non-availability of category option but in Anna Darpan only A,B,C & D category selecting option is available. Kindly suggest. DCC report attached.",Quality,Others,"Service Request",umesh.k,"P4 | Low (Impacting single user)","Low - S4",EC14,GAYA,EC14,E,East,Bihar,EC,EC14001,298371,hareramf.fci@gov.in,9334255947,"Storage Division","2026-09-14 10:46:15",788,YES
TKT-1-202607-02083,NULL,0,0,"2026-07-17 16:52:42",SWATI,"Respected sir, kindly share the SOP of Infested/Moisture complaint.",inzemamul.h,"2026-07-23 13:54:22","2026-07-23 13:54:22",PENDING_WITH_FCI,"regarding infestation complaint of stack no 21B/18 lodged on 8.7.2026","The permission of assesement of the stack under infestation complaint,rests with AGM QC Nagpur whereas technically is always assisgned to the QC section of respective DO.After physical assesement and nomination of Manager QC for the same by QC ,DO Nagpur ,the complaint has been actually processed yet the stack in not viewed in Annadarpan for regular operations.Also it may be noted that the Manager QC who was nominated by the DO ,is not found in the ID of AGM QC for further processing for which the complaint is unable to be processed in Annadarpan.Kindly add Smt Shrutika Burman (Manager QC )in the ID of AGM QC ,DO Nagpur so that further process may be complied. ",Quality,"Quality > QC Complaint Inspection","Service Request",inzemamul.h,"P4 | Low (Impacting single user)","Low - S4",NF22,SANGRUR,NF22,N,North,Punjab,NF,WC17044,311049,swati311049@fci.gov.in,7008254657,"Quality Division","2026-09-10 14:05:42",2046,YES
TKT-1-202607-02093,NULL,0,0,"2026-07-17 21:54:22",KARTICK,"Dear Sir/Madam, Kindly review this change request and provide your approval.",satish.d,"2026-07-21 18:13:39","2026-07-21 18:13:39",CHANGE_REQUESTED,"NEED A CHANGE IN WEIGHMENT LIST (INSIDE GENERATE LIST)","DEAR SIR WE NEED ONE MORE COLLUMN IN WHICH RO (RELEASED ORDER)TO BE SHOWN..THERE IS NO OPTION IN WEIGHMENT LIST WHERE WE CAN VARIFY  THE RO NO...IT WILL ALSO HELP US TO GET INDIVIDUAL RO WISE ISSUE DATA BEFORE GENARATION OF TRUCK CHIT (WHICH IS THE FINAL STAGE).THANK  YOU.",Sales,Others,"Change Request",umesh.k,"P4 | Low (Impacting single user)","Low - S4",EF24,MIDNAPUR,EF24,E,East,"West Bengal",EF,EF24001,317999,kartick317999@fci.gov.in,8768270239,"Sales Division","2026-09-12 11:08:00",1144,YES
TKT-1-202607-02095,NULL,0,0,"2026-07-17 22:06:39",SOUMYA,"respected sir, user wants to add the issue moisture update time list in annadarpan to track real time monitoring of issue work. kindly do confirm whether we should make provision for the same or not.",sanjeet.k,"2026-07-21 17:47:46","2026-07-21 17:47:46",PENDING_WITH_FCI,"UPDATE ISSUE MOISTURE TIME RECORD NOT FOUND","In Anna Darpan there are loading list, weighment list , from where we can check loading and weighment time of each truck... but there is no data to track the issue moisture update time. I am requesting AnnaDarpan Team to add a list from where we can check the issue moisture update time. This will be beneficial to track the real time monitoring of issue work.",Sales,"Sales > Update Mositure for Issue","Change Request",sanjeet.k,"P4 | Low (Impacting single user)","Low - S4",EF26,NADIA,EF26,E,East,"West Bengal",EF,EF26003,314633,SOUMYA314633@FCI.GOV.IN,8514948899,"Quality Division","2026-09-12 11:20:00",1132,YES
TKT-1-202607-02100,NULL,0,0,"2026-07-18 10:56:25",RAVI,"User wants to add LOT number for Mandi Procurement too, seems like CR, please check and provide suggestion and respective information about this.",inish.d,"2026-07-24 18:06:15","2026-07-24 18:06:15",CHANGE_REQUESTED,"Add new collumn for Lot Number during creating wheat receipt token ","मंडी/एजेंसी रसीद का टोकन बनाते समय, लॉट नंबर भरने का कोई विकल्प नहीं है। एकनॉलेजमेंट जेनरेट होने के बाद, स्टैक पर केवल ट्रक नंबर दिखाई देता है। पहचान के लिए स्टैक पर लॉट नंबर का होना ज़रूरी है। आपसे अनुरोध है कि लॉट नंबर के लिए एक कॉलम जोड़ें।",Procurement,"Mandi / Agency Receipt > Create Token","Change Request",inish.d,"P3 | Medium (Impacting 25% to 50% users)","Low - S4",NH24,VARANASI,NH24,N,North,"Uttar Pradesh",NH,NH24008,283423,ravi283423@fci.gov.in,7696969421,"Procurement Division","2026-09-15 09:50:25",141,YES
TKT-1-202607-02136,NULL,0,0,"2026-07-18 15:31:51",RAVINDRA,"Hi sir,The user has requested that weight be displayed with more than five decimal places.The application currently displays up to five decimal places as per the FCI specification.Kindly review and approve this change if it is required. Thank you.",umesh.k,"2026-07-21 15:56:10","2026-07-21 15:56:10",CHANGE_REQUESTED,"Weight of truck is not shown in grams","I am writing to formally bring to your attention a critical operational issue regarding the vehicle weighment process at our facility.Currently, when incoming trucks are registered and processed through the inward token system, the weighment bridge system displays and records the weight in approximate round figures rather than exact metrics.This practice of reflecting approximate weight is causing significant operational confusion, leading to discrepancies between the gate entry records and actual physical stock. It also increases the risk of stock reconciliation errors during final auditing.To ensure data integrity, transparency, and smooth operations, it is urgently requested that the system configuration be updated immediately to display and record the exact, precise decimal weight of all incoming vehicles. I look forward to a swift resolution to prevent any future logistical complications.",Movement,"Movement by Road > Inward Token","Change Request",umesh.k,"P1 | Urgent (Impacting 100% users)","Low - S4",ND14,MANDI,ND14,N,North,"Himachal Pradesh",ND,ND14002,122375,ravindra76.fci@gov.in,9414705077,"Movement Division","2026-09-14 13:11:00",481,YES
TKT-1-202607-02196,NULL,0,0,"2026-07-20 13:11:21",MURARI,"already attach in screen shot " laboure.pdf "",113777,"2026-09-10 11:40:15","2026-09-10 11:40:15",ASSIGNED,"DEPARTMENTAL ANCILLARY LABOUR OF DATED 17.07.2026 AND 18.07.2026 IS NOT SHOWING","SIR, 
      DEPARTMENTAL ANCILLARY LABOUR POSTED AT FSD ARJUNI ATTANDANCE OF DATED 17.07.2026 AND 18.07.2026 IS NOT SHOWING IN ANNADARPAN.
ANNA DARPAN USER IF 113777   PASSWORD   Depot@123
contact number 9179359922","Labour Management","Labour Management > Labour Attendance List","Service Request",inish.d,"P4 | Low (Impacting single user)","Low - S4",WF14,RAIPUR,WF14,W,West,Chattisgarh,WF,WF14003,113777,mlmeena.fci@gov.in,9413817373,"IRL Division","2026-08-24 15:41:00",9511,YES
TKT-1-202607-02204,NULL,0,0,"2026-07-20 13:53:23",MANOJ,"Please do confirmation regarding the modification in the receipt moisture content.",richa.k,"2026-08-03 12:51:18","2026-08-03 12:51:18",PENDING_WITH_FCI,"Correction in receipt moisture from 11.7 % to 9.70 % in stack no 3A06, Transaction dated 29.05.2026, 580 Bags & 28.80170 MT net weight.","It is informed that one truck receipt on 27.05.2026 having gate pass no. 66465 dated 25.05.2026 (Copy enclosed) entered in the Annadarpan on 29.05.2026 having receipt moisture of 09.70 %, but the moisture of the same was inadvertently entry as 11.7 %. This error come to notice at the time of killing of the stack. But, correct moisture was entered in QMS (QMS report attached). Therefore, it is requested to correct the moisture of 3A06 (entry date 29.05.26 in Anna Darpan) to 09.70%. Please do the needful.",Quality,Others,"Service Request",richa.k,"P4 | Low (Impacting single user)","Low - S4",ND11,NULL,NULL,N,North,"Himachal Pradesh",ND,ND12003,314325,manoj1111@fci.gov.in,8650169660,"Quality Division","2026-09-04 17:57:00",4515,YES
TKT-1-202607-02238,NULL,1,1,"2026-07-20 18:07:25",SUJAN,"Currently, the Remarks field across the application has a maximum limit of 255 characters. The user has requested an increase in this limit. Kindly review this enhancement request.",inish.d,"2026-08-10 12:14:53","2026-08-10 12:14:53",PENDING_WITH_FCI,"UNABLE TO UNLOAD RAKE AT AALL SILO, BANDEL","While unloading the rake received at AALL silo, Bandel no "Rake Movement Number" is showing in "Binning from wagon" module, after successful placement of the rake, causing in incompletion of unloading of rake. The unloading steps were followed as per the video tutorial. Hence it is requested to provide direction or resolve the issue at earliest as this causes in mismatch of stock position between Anna Darpan and actual ground balance (IRRS/GMS). In this regard, it is also to mention that both the bins at AALL Silo, Bandel are in issue mode. Rake Movement No.-Movement Name: HR/MAAP/4/W/30.06.2026",Storage,"Movement by Rail > Binning from Wagon","Service Request",umesh.k,"P4 | Low (Impacting single user)","Low - S4",EF21,HOOGHLY,EF21,E,East,"West Bengal",EF,EF21004,100876,sujan100876.fci@gov.in,7890848663,"Movement Division","2026-09-02 09:41:00",6091,YES
TKT-1-202607-02260,NULL,0,0,"2026-07-21 10:58:23",NAVNEET,"Please confirm if we can proceed with this user-requested enhancement to add specification details in the report.",inish.d,"2026-07-23 11:23:05","2026-07-23 11:23:05",CHANGE_REQUESTED,"No Commodity details (FAQ/URS ) details in prophylatic and curative treatment","Sir,
Either in prophylatic and as well as in curative treatment details, only crop year detail are available whereas no further specifications in terms of FAQ/URS category. This creates problem while preparing of the report as and when required. The screenshot is attached for ready reference.",Reports,"Preservation > Prophylactic List","Change Request",satish.d,"P3 | Medium (Impacting 25% to 50% users)","Low - S4",NG13,BIKANER,NG13,N,North,Rajasthan,NG,NG13005,307180,navnee307180.fci@gov.in,7696865792,"Quality Division","2026-09-14 10:42:23",629,YES
TKT-1-202607-02302,NULL,0,0,"2026-07-21 15:24:21","VENKATESHWARA  RAO","User wants to do some changes to see historical data which are accepted before creation of Improved rice, please check and provide your comments.",inish.d,"2026-07-30 16:52:44","2026-07-30 16:52:44",CHANGE_REQUESTED,"Request for the separate data generation for 10% and 25% Broken Rice of variey RRC CMR 2025-26","During the verification of stock details in Annadarpan, the GM observed on 18/20.07.2026 that the 10% RRC and 25% RRC stocks of Crop Year 2025-26 are not being reflected separately in the stock reports.
It is requested to examine the issue and make the necessary corrections in Annadarpan to ensure that the 10% RRC and 25% RRC stocks of Crop Year 2025-26 are displayed separately as per the prescribed provisions.",Reports,Others,"Change Request",inish.d,"P4 | Low (Impacting single user)","Low - S4",SB22,VISHAKHAPATNAM,SB22,S,South,"Andhra Pradesh",SB,SB22001,277032,svrao86.fci@gov.in,9550993355,"Storage Division","2026-09-12 16:02:21",849,YES
TKT-1-202607-02346,NULL,0,0,"2026-07-22 11:06:10","V RAMESAN","Kindly check",104427,"2026-08-11 16:46:02","2026-08-11 16:46:02",ASSIGNED,"Request to Increase "Add Inward wagon" Rows Per Page from 20 to 50","When "Add Inward wagon" is clicked, the maximum number of rows displayed per page is currently limited to 20. This is inconvenient, as users have to navigate to the next page to enter the remaining wagons. It is requested to increase the maximum number of rows displayed per page from 20 to 50 to improve usability and reduce the need for frequent page navigation.",Movement,"Movement by Rail > Add Inward Wagon","Change Request",umesh.k,"P4 | Low (Impacting single user)","Low - S4",SC14,COCHIN,SC14,S,South,Kerala,SC,SC14001,104427,ramesa104427.fci@gov.in,9400271056,"IT Division","2026-08-01 12:04:10",19448,YES
TKT-1-202607-02379,NULL,1,3,"2026-07-22 13:05:44",RAVINDRA,"Dear Sir/Madam,  We are sending it again for formal approval so that the ticket can be categorized appropriately and processed under the correct category. Kindly provide your approval.Thanks",satish.d,"2026-07-27 19:25:13","2026-07-27 19:25:13",CHANGE_REQUESTED,"Request to generate QR Codes instead of Barcodes for Asset Tracking at FSD Hamirpur","The system currently prints  barcodes to tag physical warehouse assets (such as digital weighing scales, moisture meters, stack extensions, and laboratory testing equipment). As per instructions received from higher office QR Code has to be pasted on all the assets available in the depot. Therefore it is requested to kindly do the needful for this so that the same could be followed at the depot.","Asset & Inventory","Asset Management > Asset Stock Details List","Change Request",inish.d,"P4 | Low (Impacting single user)","Low - S4",ND14,MANDI,ND14,N,North,"Himachal Pradesh",ND,ND14002,122375,ravindra76.fci@gov.in,9414705077,"Storage Division","2026-09-10 17:10:44",1861,YES
TKT-1-202607-02386,NULL,0,0,"2026-07-22 13:39:39",RAVINDRA,"Regarding not showing asset like thermal scanner and jumbo dispaly in asset management.Kindly do the needful",arti.1.t,"2026-07-23 15:49:48","2026-07-23 15:49:48",PENDING_WITH_FCI,"Regarding not showing asset like thermal scanner and jumbo dispaly in asset management.","Please resolve the issue as there isn't option of above said assets in the portal.","Asset & Inventory","General Asset Management > Asset Procurement","Service Request",arti.1.t,"P4 | Low (Impacting single user)","Low - S4",ND14,MANDI,ND14,N,North,"Himachal Pradesh",ND,ND14002,122375,ravindra76.fci@gov.in,9414705077,"Procurement Division","2026-09-15 17:23:39",-312,NO
TKT-1-202607-02393,NULL,0,0,"2026-07-22 14:15:39",SUMIT,"The requestor is requesting to display Gunny Type bifurcation, Variety details, and Loading Date in the Loading Statement, as these details are currently not reflected. Kindly verify the requirement and provide the necessary details.",umesh.k,"2026-07-23 14:48:11","2026-07-23 14:48:11",CHANGE_REQUESTED,"loading report not showing data","A rake has been loaded from state agency and loading statement is generated and it has both type of gunny type ie SBT (580) AND HDPE (135) . but in loading statement Gunny type bifurcation is missing and it also have both VARIETY ie FAQ and URS LL UPTO 50 % . but in loading statement it is not available please do needful so loading statement show all information correctly also Date of loading not showing in loading statement.",Reports,"Reports > Movement Reports","Change Request",inish.d,"P3 | Medium (Impacting 25% to 50% users)","Low - S4",WD12,BHOPAL,WD12,W,West,"Madhya Pradesh",WD,WD12003,276377,sumitchanderia.fci@gov.in,9725752896,"Movement Division","2026-09-15 10:35:39",96,YES
TKT-1-202607-02399,NULL,0,0,"2026-07-22 14:26:06",nh15039_01,"Not reflecting PV no option is available for Zero PV.Pls check",arti.1.t,"2026-07-22 15:47:50","2026-07-22 15:47:50",PENDING_WITH_FCI,"While doing PV no option is available for Zero PV","When the PV team clicks on the Record Stack to perform PV, the system displays "No Option Available."
However, at the DO level, a Zero PV has already been created and assigned successfully. Despite this, the option is not appearing for the PV team at the depot level.
For reference, I have attached screenshots from both the Depot level and the DO level.
Kindly look into this and resolve it as soon as possible. If urgent then connect me over the call.","Physical Verification & Operational Losses (SL/TL)","Physcial Verification > Start Zero PV","Service Request",arti.1.t,"P4 | Low (Impacting single user)","Low - S4",NH15,FAIZABAD,NH15,N,North,"Uttar Pradesh",NH,NH15039,nh15039_01,nh15039_01@gmail.com,1121943394,"Stocks/PV Division","2026-09-16 10:41:06",-449,NO
TKT-1-202607-02404,NULL,0,0,"2026-07-22 15:15:09",SIKHA,"Pls do the needful",276201,"2026-09-15 12:17:55","2026-09-15 12:17:55",ASSIGNED,"Enhancement Required in Commodity-wise Current Stock Report by removing Duplicate data","In Annadarpan, while generating the Commodity-wise Current Stock Report under Stock Reports, every commodity is displaying two totals, namely Specification Total and Crop Year Total. Even when there is only one specification and crop year is available, the same data is repeated twice, resulting in duplication and making the report unnecessarily big. Instead of displaying both totals for a single specification, the report should provide a single total for each commodity and also there is no total for a single crop year such as Boiled Rice 2024–25  or Raw Rice 2024–25 . Incorporating commodity-wise crop year totals in this manner would make the report much easier to verify, reconcile, and tally stock balances accurately.",Reports,"Reports > Storage Reports","Service Request",inish.d,"P4 | Low (Impacting single user)","Low - S4",SC13,CALICUT,SC13,S,South,Kerala,SC,SC13002,276201,sikha74.fci@gov.in,8086767798,"Storage Division","2026-09-12 10:22:09",1354,YES
TKT-1-202607-02414,NULL,0,0,"2026-07-22 16:04:44",SUMIT,"The requestor is requesting to display headers and footers only on the first page of Excel reports, while retaining them on all pages of PDF reports. Kindly verify the requirement and provide the necessary details.",umesh.k,"2026-07-24 10:43:11","2026-07-24 10:43:11",CHANGE_REQUESTED,"अन्नदर्पण से निकलने वाले समस्त रिपोर्टो की excel file एवं pdf फाइल से header footer के सम्बन्ध में ","महोदय, उपरोक्त विषय के संबंध मे लेख है कि अन्नदर्पण से निकलने वाले समस्त रिपोर्टो की excel reports में सभी पेजों में header footer आते है , जिस वजह से उनको इस्तेमाल करने में ऑपरेशनल समस्या आती है एवं अनावश्यक रूप से परेशानी होती है अतः आपसे अनुरोध है कि अन्नदर्पण से निकलने वाले excel reports में प्रथम पेज को छोरकर अन्य पेजों से header footer हटाने की कृपा करें , साथ ही pdf फाइल में सभी पेजों में पूर्व की तरह ही header footer आते रहे I",Reports,Others,"Change Request",inish.d,"P4 | Low (Impacting single user)","Low - S4",WD12,BHOPAL,WD12,W,West,"Madhya Pradesh",WD,WD12003,276377,sumitchanderia.fci@gov.in,9725752896,"IT Division","2026-09-15 09:42:44",149,YES
TKT-1-202607-02434,NULL,0,0,"2026-07-22 17:01:02",SANTOSH,"Sir/Madam, as per AD requirements, Total Receipt = Receipt transactions + Gunny Consumption Bags, and Total Issue = Issue transactions + Gunny Taken Bags  cals followed in AD. Kindly verify the calculations. If any change is suggested, please confirm",inish.d,"2026-08-10 14:57:45","2026-08-10 14:57:32",PENDING_WITH_FCI,"Receipt Bag and Issue bag in Annadarpan 29.10 report is not tallying with actual 29.10 report. ","In 29.10 report the actual original receipt bag is considered as the 'Receipt bag' quantity and actual issued bags for which weighment is done is considered as the 'Issued Bag'. Whereas, in AD Report original receipt bag with consumed bags is considered as 'Receipt Bag' and for issue bag quantity it is not considering the 'saved bags'. The total received bags including consumed bags are being shown in the 'issue bag' column in AD report.  You are requested to rectify the 29.10 same as early as possible so that the 29.10 data can be reconciled and matched with original 29.10 report. 
Example of one stack is being attached herewith. 
1. Stack Kill history AD (Stack 107M01)
2. 29.10 AD  (Stack 107M01)
3. Signed Copy of original 29.10  (Stack 107M01)",Storage,Others,"Change Request",inish.d,"P4 | Low (Impacting single user)","Low - S4",EE14,CUTTACK,EE14,E,East,Orissa,EE,EF28004,157603,santoshkrnaik.fci@gov.in,9437393568,"Storage Division","2026-09-15 12:12:02",0,NO
TKT-1-202607-02439,NULL,0,0,"2026-07-22 17:25:36","JITHIN P S","Sir/Madam, The requestor has requested to add All option for the shed filter in 29.10 Report. Kindly verify the requirement and provide the necessary details.",umesh.k,"2026-07-24 14:30:13","2026-07-24 14:30:13",CHANGE_REQUESTED,"Consolidation of depot data in 29.10 statements","It is observed that the 29.10 Statement in the reports module is displaying only shed-wise data. As our depot has 25 sheds, it is difficult to obtain the overall Storage loss (SL) position of the depot from the report.
It is therefore requested that the 29.10 Statement may kindly be modified to provide the consolidated SL data for the entire depot, so as to facilitate effective monitoring and reporting.
Kindly do the needful.",Reports,Others,"Change Request",inish.d,"P2 | High (Impacting more than 50% users)","Low - S4",SE12,COIMBATORE,SE12,S,South,"Tamil Nadu",SE,SE12001,277033,jithinsabri.fci@gov.in,9995726961,"Storage Division","2026-09-14 17:25:36",226,YES
TKT-1-202607-02450,NULL,0,0,"2026-07-22 17:58:36",PIYUSH,"As discussed on the call 8527024704 kindly acknowledge once the issue has been resolved so that we may proceed with closing the ticket.",anuj.s,"2026-09-15 15:18:33","2026-09-15 15:18:33",PENDING_WITH_REQUESTER,"Not showing stacks while doing Record Stack PV","While submitting QPV (April 2026-June 2026) for FSD FAZILKA UNDER ASSET MONETIZATION (NF15106), a remark "Failed to submit PV" is appearing. There is no stock currently in receipt in the mentioned godown. Stack PV of stacks created in  FSD FAZILKA UNDER ASSET MONETIZATION has been completed in FSD FAZILKA ID (NF15002). You are requested to guide us further on the necessary course of action. Screenshot is being attached for your reference","Physical Verification & Operational Losses (SL/TL)","Physical Verification > Record Stack PV","Service Request",anuj.s,"P1 | Urgent (Impacting 100% users)","Low - S4",NF15,FEROZPUR,NF15,N,North,Punjab,NF,NF15002,313762,piyush306537@fci.gov.in,8527024704,"Stocks/PV Division","2026-09-12 10:52:36",1346,YES
TKT-1-202607-02490,NULL,0,0,"2026-07-23 11:13:55","JITHIN P S","Currently, the Labour dashboard displays the labour count based on labour type (Departmental, DPS, and NWNP). However, the user has requested that the dashboard display the Total Labourers, Active Labourers, and Inactive Labourers separately.",satish.d,"2026-08-07 11:57:12","2026-08-07 11:57:12",PENDING_WITH_FCI,"Labour count issue in labour option under Dashboard - Reg","It is to inform that, Overall Labour count is 79 at FSD Coimbatore. But, while seeing Labour option through Dashboard, it shows total labourers as 119 and Inactive labourers as 40. Kindly change the toal labourers count is 79 and Active labourers is 79. Here, this depot attached Dashboard view screenshot for your reference.","Reporting & Analytics Tools","Labour Management > Labour List","Change Request",inish.d,"P4 | Low (Impacting single user)","Low - S4",SE12,COIMBATORE,SE12,S,South,"Tamil Nadu",SE,SE12001,277033,jithinsabri.fci@gov.in,9995726961,"IRL Division","2026-09-03 09:18:55",5573,YES
TKT-1-202607-02498,NULL,0,0,"2026-07-23 11:46:17","V P RAJU","Technical matter, maybe resolved by SI.",IRL_admin,"2026-09-10 16:25:31","2026-09-10 16:25:31",ASSIGNED,"Clarification on Marking Attendance of DPS Workers on Deputation in Anna Darpan","It is submitted that DPS workers are, at times, deputed from their parent depot to other depots for operational requirements.

In this regard, clarification is requested on the procedure for marking the attendance of such deputed DPS workers in the Anna Darpan application. Specifically, guidance may kindly be provided on the following:

1. Whether the attendance of deputed DPS workers should be marked by the parent depot or by the depot where they are actually deployed during the deputation period.
2. If attendance is to be marked by the deputed depot, the procedure for enabling the same in the Anna Darpan system.

The above clarification may kindly be provided to ensure accurate attendance recording and smooth wage processing for DPS workers during the period of deputation.
","Labour Management","Labour Management > Record Labour Attendance","Service Request",inish.d,"P4 | Low (Impacting single user)","Low - S4",SB22,VISHAKHAPATNAM,SB22,S,South,"Andhra Pradesh",SB,SB22001,299091,v299091.fci@gov.in,6301615431,"IRL Division","2026-09-04 14:17:17",4735,YES
TKT-1-202607-02522,NULL,0,0,"2026-07-23 13:44:06",ASHOK,"Respected sir/ma'am, kindly add the mentioned assets in the asset list.",sanjeet.k,"2026-09-14 13:02:32","2026-09-14 13:02:32",PENDING_WITH_FCI,"FOR ADDING TECHNICAL EQUIPMENTS AT FSD SIKAR","RESPECTED SIR AT FSD SIKAR SOME TECHNICAL EQUIPMENTS ARE NOT SHOWING IN ANNA DARPAN PORTAL SO PLEASE ADD THE FOLLOWING TECHNICAL EQUIPMENTS- Sieve oridinary, Heat sealer, Inch tape, Delivery tube,PVC labour shoes. SO WE ARE REQUESTED TO ADD THE ABOVE TECHNICAL EQUIPMENTS IN ANNA DARPAN PORTAL SO THAT WE CAN ADD IN THE STOCK.","Asset & Inventory","Quality Asset Management > Asset Procurement","Service Request",sanjeet.k,"P1 | Urgent (Impacting 100% users)","Low - S4",NG14,JAIPUR,NG14,N,North,Rajasthan,NG,NG14004,286132,ashok286132.fci@gov.in,9602096945,"IT Division","2026-09-15 17:17:06",-305,NO
TKT-1-202607-02532,NULL,0,0,"2026-07-23 14:43:19",SUSHIL,"Respected Sir/Madam,Currently, validation allows token creation only for Release Orders with a quantity above 0.5 Qtls. The user has requested token creation for a quantity of 4 kg. Kindly review and let us know if any changes are required.Thanks.",umesh.k,"2026-07-23 16:47:36","2026-07-23 16:47:36",CHANGE_REQUESTED,"Issuing of sample through AnnaDarpan...reg","Sir, this is to inform you that NFSA parties/Defence/FSSAI takes samples from various stacks 1-4KG each, however there is no option to issue stock, without bag in annadarpan other than Other transaction, kindly guide/specify any specific module available to issue samples,  with out using other transaction module.",Sales,Others,"Change Request",umesh.k,"P4 | Low (Impacting single user)","Low - S4",EF34,SILIGURI,EF34,E,East,"West Bengal",EF,EF34001,157633,sushiltopno.fci@gov.in,8340598559,"Storage Division","2026-09-16 09:23:19",-372,NO
TKT-1-202607-02541,NULL,0,0,"2026-07-23 15:34:33",RAJ,"Sir/Madam, the user is requesting to consume palla bags for the stack using a bag type different from the stack's bag type. Kindly verify the requirement and provide the necessary details.",inish.d,"2026-07-24 17:28:48","2026-07-24 17:28:48",CHANGE_REQUESTED,"Need for additional module creation in Anna darpan for made up bags of HDPE stacks in Jute (SBT-580) gunnies","Facing issue in made up bags of a concerned HDPE stack in Jute at Anna darpan portal as the portal doesn't provide any option for acceptance of jute gunny as made up in HDPE stack.
Eg- Stack no. H/02 is of HDPE but while issuing the loose grains was filled in jute gunnies as we dont have any physical HDPE bags for their filling. However, at Anan darpan there is no such option exist, as it allows only HDPE made up bags for in HDPE stacks. So, requesting you to add an option at the portal to accept Jute gunnies (Wheat) as made up in all stacks whether they are of HDPE or SBT(580).",Storage,"Gunny Management > Gunny Consumption","Change Request",umesh.k,"P4 | Low (Impacting single user)","Low - S4",NB12,MAYAPURI,NB12,N,North,Delhi,NB,NB12003,238031,raj238031.fci@gov.in,9990985785,"Sales Division","2026-09-15 09:13:33",178,YES
TKT-1-202607-02608,NULL,0,0,"2026-07-24 11:03:04",SHIVCHARAN,"as per the confirmation from the user, the required assets have not been added. kindly check and do confirm for the further course of action",sanjeet.k,"2026-08-21 12:20:04","2026-08-19 12:13:54",PENDING_WITH_FCI,"Please Addition of following items.","1-Bale opener 2-cleaning seives 3- Ghodi palwa 4- Big mats 5- Big tin drum 6- Fire hook 7-Iron supa 8- Biometric machine 9- Plastic Drum 10- Steel tank (tanki) 11- Tubelight 12- Electric Chock 13- Loop in loop out box  14-18 watt led fitting 
15-30 watt led fitting 16- 45 watt led street light 17-30 watt led street light 18- 35 watt led light 19 -20 watt tubelight 20-70 watt led glass light 21-load cell 22- jumbo display 23-web cam ","Asset & Inventory","General Asset Management > Asset Procurement","Service Request",sanjeet.k,"P1 | Urgent (Impacting 100% users)","Low - S4",WD14,GWALIOR,WD14,W,West,"Madhya Pradesh",WD,WD14002,142410,scmeena.fci@gov.in,9404930669,"IT Division","2026-09-15 10:39:04",95,YES
TKT-1-202607-02625,NULL,0,0,"2026-07-24 11:59:37",JAIRAM,"Sir/Madam, the user has requested an email address correction for the depot. Kindly review the request and provide the detailed requirement.",inish.d,"2026-07-24 17:25:38","2026-07-24 17:25:38",CHANGE_REQUESTED,"Request for Correction of Email ID Credentials under Depot Configuration – FSD Surajganj","It is submitted that under the Depot Configuration section of the Anna Darpan portal, the email ID credentials for FSD Surajganj are presently displayed as itarsibplmp.fci@gov.in.
The above email ID is incorrect for FSD Surajganj. It is requested that the email ID credentials may kindly be corrected and updated as follows:
Existing Email ID: itarsibplmp.fci@gov.in
Required Email ID: surajganjbplmp.fci@gov.in
A screenshot of the relevant page is enclosed for ready reference.
It is, therefore, requested that the above correction may kindly be carried out at the earliest.
",Storage,"Administration > Depot LWB Configuration","Change Request",satish.d,"P4 | Low (Impacting single user)","Low - S4",WD12,BHOPAL,WD12,W,West,"Madhya Pradesh",WD,WD12056,160279,jairam160279@fci.gov.in,7987178993,"Storage Division","2026-09-15 14:41:37",-150,NO
TKT-1-202607-02631,NULL,0,0,"2026-07-24 12:23:11",RAJ,"Sir/Madam, the user is requesting to Provision of Made-up bags, No of Loaded bags and Total number of Bags separately in loading statement report. Kindly verify the requirement and provide the necessary details.",umesh.k,"2026-07-28 11:52:10","2026-07-28 11:52:10",CHANGE_REQUESTED,"Provision of Made-up bags, No of Loaded bags and Total number of Bags separately. ","At present loading statement in reports generating bags including Madeup bags. For better clarity at Consignee and Consignor end,  the statement should be shown  No of loaded bags , Madeup bags and total number of bags ( madeup+ No . of loaded bags) separately. Moreover, it is also being experienced that AD is automatically generating different wagons for different FAQ though Commodity and its crop years are same and is loaded in same instances in a wagon.",Reports,"Reports > Movement Reports","Change Request",inish.d,"P4 | Low (Impacting single user)","Low - S4",SF12,KARIMNAGAR,SF12,S,South,Telangana,SF,SF12001,292208,raj88.fci@gov.in,7406007120,"Movement Division","2026-09-15 09:07:11",185,YES
TKT-1-202607-02639,NULL,0,0,"2026-07-24 12:44:53",wc20002_01,"Please check",vikram6singh,"2026-08-21 11:00:49","2026-08-20 14:24:47",ASSIGNED,"Issues related to receipt operations at Taloja silo","Issues related to Receipt entries in Taloja Silo:
1. While creating Add inward Movement for receipt entries source depot silo not available for any source rail head station. It is requested to update the list of source depot.(screenshot attached)
2. In Add Inward Movement module Destination Rail station for Taloja silo is not available. Please add destination railhead as PATP. (screenshot attached)
3. While receipt the foodgrains are in loose form. But in Add inward movement module Loose grain option is not available. Please add Loose grain option so that movement can be created.(screenshot attached)",Movement,"Movement by Rail > Add Inward Movement","Change Request",umesh.k,"P4 | Low (Impacting single user)","Low - S4",WC20,PANVEL,WC20,W,West,Maharastra,WC,WC20002,wc20002_01,wc20002_01@gmail.com,1121947714,"Movement Division","2026-08-18 14:42:53",12269,YES
TKT-1-202607-02671,NULL,0,0,"2026-07-24 16:24:47",YASH,"Kindly check comment",anshu.r,"2026-09-10 15:41:35","2026-09-10 15:41:35",PENDING_WITH_REQUESTER,"DIFFERENCE BETWEEN LOADING REPORT OF ANNADARPAN AND MANUAL  ","WHILE GENERATING LOADING STATEMENT OF RAKE LOADED THROUGH ANNADARPAN ON 22.07.26 FOR TPGY CENTER FROM DURG RAIL HEAD WE NOTICED A DIFFERENCE IN NET WEIGHT OF WAGON WISE WHEN WE COMAPARE THAT STATEMENT TO MANUAL LOADING REPORT THERE IS DIFFERENCE IN EACH WAGON . OVERALL TOTAL OF BAGS AND WEIGHT OF LOADING STATEMENT IS TALLIED WITH MANUAL . SO KINDLY LOOK IN TO THE ATTACHED FILE AND RESOLVE THE ISSUE.",Movement,"Movement by Rail > Loading","Service Request",anshu.r,"P4 | Low (Impacting single user)","Low - S4",WF13,DURG,WF13,W,West,Chattisgarh,WF,WF13001,263796,yash263796.fci@gov.in,9522595151,"Movement Division","2026-08-13 10:53:47",14284,YES
TKT-1-202607-02695,NULL,0,0,"2026-07-25 11:43:26","MANISH KUMAR","Please kindly approve it for CR consideration.",anshu.r,"2026-09-01 10:49:33","2026-09-01 10:49:33",CHANGE_REQUESTED,"Problem related to Mark Asset Status of Wooden Crates","Sir/Mam 
                After procuring the wooden crates in the asset at AnnaDarpan, it is required to mark asset status one by one, indicating serviceable or unserviceable (in use or unserviceable) the asset,  which is a  time taking process. Thus, it is requested to add an option by which the asset can be updated as servicable or unservicable at once altogether.
 ","Asset & Inventory","Storage Asset Management > Mark Asset Status","Change Request",anshu.r,"P4 | Low (Impacting single user)","Low - S4",NF17,GURDASPUR,NF17,N,North,Punjab,NF,NF17005,151368,manish151368@fci.gov.in,9260999590,"IT Division","2026-09-16 16:08:26",-777,NO
TKT-1-202607-02718,NULL,0,0,"2026-07-25 14:24:11",BOYA,"please check this",satish.d,"2026-07-28 14:46:09","2026-07-28 14:46:09",CHANGE_REQUESTED,"Addition/integaration of aircharging with MALATHION for arialspray for flying infestation in the godowns.","sir, it is requested to integarate aircharging with malathion for arialspray as it is not showing in the list of prophylactic treatmeent and not able to update the chemical entries in Annadarpan.",Quality,"Preservation > Prophylactic Treatment","Change Request",satish.d,"P4 | Low (Impacting single user)","Low - S4",SB15,KURNOOL,SB15,S,South,"Andhra Pradesh",SB,SB15001,210971,ramakr210971.fci@gov.in,9491409892,"Quality Division","2026-09-16 11:48:11",-516,NO
TKT-1-202607-02807,NULL,1,2,"2026-07-27 16:02:25",PRAMODKUMAR,"Respected Sir, please look into this regarding the quantity is displayed only as “Unit” instead of “Gram "while adding Methylene Blue and Metanil Yellow in the Anna Darpan asset module.",richa.k,"2026-08-18 14:18:30","2026-07-27 16:46:54",PENDING_WITH_FCI,"Request to Update Unit Display for Methylene Blue and Metanil Yellow in Asset Module reg...","It is observed that while adding Methylene Blue and Metanil Yellow in the Anna Darpan asset module, the quantity is displayed only as “Unit” instead of “Gram.” These chemicals are procured, stored, and accounted for in grams. Displaying the unit as “Unit” may cause reporting discrepancies and affect stock reconciliation.

Kindly update the asset module to display and accept quantity for Methylene Blue and Metanil Yellow in grams at the earliest.",Quality,Others,"Change Request",richa.k,"P4 | Low (Impacting single user)","Low - S4",WC14,BORIVILLI,WC14,W,West,Maharastra,WC,WC14001,287047,pramod287047.fci@gov.in,9904584690,"Quality Division","2026-09-16 12:21:00",-549,NO
TKT-1-202607-02816,NULL,1,0,"2026-07-27 17:49:40",ni13006_01,"Dear Sir/Madam,The user requests creation of a sales token with a quantity of 0.45 Qtls.Currently,the system allows sales token creation only for quantities above 0.5 Qtls.Kindly review and advise if changes are needed.Thanks.",umesh.k,"2026-07-30 10:49:26","2026-07-30 10:49:26",CHANGE_REQUESTED,"Out of alloted target of 1160.00000 Qntls to IGL , Kashipur , 1159.54400 qntls of quantity issued from Stack no. 1A/09. However,  not able to generate token for remaining 0.45600 qntls left in particular RO(NI13006/07-2026/RRC/ETHANOL-0037). ","Out of alloted target of 1160.00000 Qntls to IGL , Kashipur RO(NI13006/07-2026/RRC/ETHANOL-0037)  , 1159.54400 qntls of quantity issued from Stack no. 1A/09. However,  not able to generate token for remaining 0.45600 qntls left in particular RO(NI13006/07-2026/RRC/ETHANOL-0037). AnnaDarpan is showing no quantity left in this RO.(Screenshot attached)",Sales,"Sales > Create Token","Change Request",umesh.k,"P4 | Low (Impacting single user)","Low - S4",NI13,HALDWANI,NI13,N,North,Uttaranchal,NI,NI13006,ni13006_01,ni13006_01@gmail.com,1121945154,"Sales Division","2026-09-14 15:56:40",315,YES
TKT-1-202607-02819,NULL,0,0,"2026-07-27 18:22:15",KADU,"Dear Sir/Ma'am, Kindly provide the DM approval letter, keeping HQ in CC, for carrying out the required backend update. For further assistance, please contact our support team at : 📞 1800-410-6688.",saroj.m,"2026-08-01 09:07:05","2026-08-01 09:07:05",PENDING_WITH_REQUESTER,"REGARDING RELEASE ORDER QUANTITY.","With respect to the cited subject, while issuing the quantity against NG16002/07-2026/FRRGA/WBNP-0024 , 232 bags (113.154400 QTLs) were updated after a significant delay due to an Anna Darpan technical error. As a result, the issued quantity was not reflected in the RO report initially. After the pending quantity was updated, the same quantity of 232 bags (113.154400 QTLs) has now been reflected as an extra issue in the RO report. In view of the above, you are requested to kindly resolve the matter on an immediate basis. If possible, please remove the excess quantity of 232 bags (113.154400 QTLs) from NG16002/07-2026/FRRGA/WBNP-0024 and add the same quantity to NG16002/06-2026/FRRGA/WBNP-0017 , where it actually pertains. Your prompt action in resolving this issue will be highly appreciated.",Sales,"Sales > View Release Order","Service Request",saroj.m,"P4 | Low (Impacting single user)","Low - S4",NG16,KOTA,NG16,N,North,Rajasthan,NG,NG16002,113873,meenakadu70.fci@gov.in,9462709620,"Storage Division","2026-09-14 14:49:00",549,YES
TKT-1-202607-02869,NULL,0,0,"2026-07-28 15:36:57",MURARI,"User wants to update Improved rice details for WINGS integration , currently system has provision to change commodity detail at gate point. Since We are going to enable booking in AD, this activity may not be permanent. please provide your comments.",inish.d,"2026-07-30 16:41:16","2026-07-30 16:41:16",CHANGE_REQUESTED,"Regarding Direct creation of Improved rice Token in Anna Darpan from WINGS and Correction of variety name in stack no. 2B/11,2C03at CWC SORAM WF14060","It is respectfully submitted that, at present, the creation of 10% Improved Rice Tokens in the Anna Darpan system requires manual intervention during the receipt process. This manual procedure increases the possibility of human error and may also lead to incorrect or other transactions, resulting in discrepancies in stock records and operational difficulties. In order to ensure accuracy, transparency, and error-free operations, it is requested that a dedicated option be incorporated in the WINGS application to enable the direct creation of 10% Improved Rice Tokens at the time of token generation. Such a system-generated provision would eliminate the need for manual selection, minimize operational errors, and prevent other unintended transactions. Depot Name :-CWC SORAM WF14060 Miller Name:- JAIN RICE -30544 Lot No:-2798 Stack No:- 2B/11 ETECNo:-. TEC:1751900/687857 Sir, With reference to the subject cited above, please find the below mentioned details of CMR lot of M/s. Jain Rice received at this center( CWC SORAM WF14060) on dtd. 18.07.2026-Name of the mill- Jain Rice Lot no. 2798 Variety- Improved RRC  Stack no. 2B/11 and 2C03 Lot No:-3172, 3167 Name of the mill:- PRISHA ENTERPRISES ETECNo:-  TEC:1752187/687894 and  This is to inform you that above mentioned lot has been receipted mistakenly by CWC staff in Annadarpan portal under Raw Rice Common variety instead of Improved RRC variety , which is wrong So, this is to request you that kindly rectify the variety name to Improved RRC, so that next cmr lots can be receipted in stack no. 2B/11 under Improved RRC variety. This is for your kind informations and urgent necessary action on the matter please.",Procurement,"CMR > Create Token","Change Request",inish.d,"P4 | Low (Impacting single user)","Low - S4",WF14,RAIPUR,WF14,W,West,Chattisgarh,WF,WF14003,113777,mlmeena.fci@gov.in,9413817373,"Procurement Division","2026-09-15 14:42:57",-151,NO
TKT-1-202607-02877,NULL,0,0,"2026-07-28 16:07:14",RAKESH,"May be fixed in consultation with QC Division",HA11_MOVEMENT_ADMIN,"2026-09-01 12:57:13","2026-09-01 12:57:13",ASSIGNED,"Request for Crop Year Validation and Restriction in Wagon-wise Inward Movement","यह टिकट सिस्टम में **Provision/Enhancement Request + Bug Rectification** दोनों के रूप में उठाया जा सकता है।

**Subject:** Request for Crop Year Validation and Restriction in Wagon-wise Inward Movement

**Issue Description:**

During creation of a Rail Inward Movement in AnnaDarpan, the Crop Year is defined at the Movement level. However, in the **Inward Wagon-wise** screen, the system again provides a drop-down to select the Crop Year for each wagon.

If, by mistake, a different Crop Year is selected in the Wagon-wise details, the system neither validates the mismatch nor displays any warning/error message. In contrast, the system correctly generates validation flags when there is a mismatch in the number of bags or weight.

Due to this issue, the following inconsistency occurs:

* Truck Unloading displays the Crop Year defined in the Inward Movement.
* Inweight and Stacking modules consider the Crop Year selected in the Wagon-wise details.

As a result, different Crop Years get reflected for the same movement in different modules, leading to data inconsistency and operational issues.

**Request for Rectification/Enhancement:**

1. Once the Crop Year is defined at the Inward Movement level, the Crop Year field in the Wagon-wise Inward screen should either be:

   * auto-populated and made **read-only**, or
   * automatically synchronized with the Movement Crop Year.

2. If the system allows modification of the Crop Year in Wagon-wise details, it should generate a validation/error message and should not allow saving when the Crop Year differs from the Inward Movement Crop Year.

3. The validation mechanism for Crop Year should be implemented in the same manner as the existing validation available for Bags and Weight to ensure data consistency across all modules.

This enhancement will prevent accidental data entry errors and ensure uniform Crop Year mapping in Movement, Truck Unloading, Inweight and Stacking modules.
",Movement,"Movement by Rail > Add Inward Wagon","Change Request",umesh.k,"P4 | Low (Impacting single user)","Low - S4",NH16,GORAKHPUR,NH16,N,North,"Uttar Pradesh",NH,NH16007,245511,rakesh245511.fci@gov.in,9695136736,"Movement Division","2026-08-28 17:15:14",7797,YES
TKT-1-202607-02882,NULL,0,0,"2026-07-28 16:28:46",BAL,"Sir/Madam, The requestor has requested to add lot acceptancedate and time in PROCUREMENT QUALITY REGISTER. Kindly verify the requirement and provide the necessary details.",umesh.k,"2026-07-31 11:26:40","2026-07-31 11:26:40",CHANGE_REQUESTED,"PROCUREMENT QUALITY REGISTER REPORT ","In quality register, only date is showing please add time of passing lot. ",Reports,Others,"Change Request",inish.d,"P2 | High (Impacting more than 50% users)","Low - S4",WF13,DURG,WF13,W,West,Chattisgarh,WF,WF13001,317469,Krishna317469@fci.gov.in,7457954914,"Quality Division","2026-09-15 10:49:46",82,YES
TKT-1-202607-02893,NULL,0,0,"2026-07-28 17:28:55","JITHIN P S","Dear Sir/Madam,  The requestor is asking to display serviceable and unserviceable gunnies separately by type in the Asset Summary Report. Kindly review the requirement and provide the necessary details.",umesh.k,"2026-08-26 16:13:57","2026-08-26 16:13:57",PENDING_WITH_FCI,"Request for inclusion of consolidation report of each type of Gunnies for Overall Depot - Reg.","Sir, 
    It is respectfully submitted that the existing report provides the details of gunnies for the Store and shed-wise basis. However, there is no provision to view the consolidated position of each type of gunnies for the depot as a whole. In this regard, it is requested that a provision may kindly be incorporated in the system to generate a consolidated report showing the total quantity of each type of gunnies available in the entire depot. The report may include the overall balance of each category of gunnies, in addition to the existing Store and shed-wise details. The proposed enhancement will facilitate effective monitoring of gunny stock, simplify reconciliation, and improve inventory management at the depot level.
It is therefore requested that the above provision may kindly be incorporated in the system for the benefit of all depots. This depot have attached the current Asset super type wise Asset summary report as on 28.07.2026 for your reference. Thank you.",Reports,Others,"Change Request",umesh.k,"P4 | Low (Impacting single user)","Low - S4",SE12,COIMBATORE,SE12,S,South,"Tamil Nadu",SE,SE12001,277033,jithinsabri.fci@gov.in,9995726961,"Storage Division","2026-08-27 11:31:55",8680,YES
TKT-1-202607-02901,NULL,0,0,"2026-07-28 19:55:59",GURDEEP,"Once we received the mail we will get back to you.",satish.d,"2026-09-04 11:58:09","2026-09-04 11:58:09",PENDING_WITH_REQUESTER,"stack status still showing other 1A401 of FSD Phagwara depot","Stack status is still showing " Other " as stock received BRL replacement in the stack. Mail has been already send to Headquarter by divisional office, Kapurthala. So kindly resolve the issue of stack status as " Other " to issuable",Quality,"BRL > Complete BRL Replacement","Service Request",umesh.k,"P4 | Low (Impacting single user)","Low - S4",NF23,KAPURTHALA,NF23,N,North,Punjab,NF,NF23003,158496,gurd158496.fci@nic.in,9988803252,"Quality Division","2026-08-28 13:38:00",8200,YES
TKT-1-202607-02926,NULL,0,0,"2026-07-29 12:41:17",REBECCA,"Please check.",vikram6singh,"2026-08-25 11:18:55","2026-08-25 11:05:45",ASSIGNED,"Rake Receipt on 16 and 17 july,26 vide RR NO.262001651 dt.12.07.2026 has showing wrong figure in DSR and other reports","A rice rake receipt was on 16/17 July 2026.now while checking the Anna Darpan reports in DSR, Master ledger receipt and Weighbridge register the report fetch by anna Darpan have a difference of 1 to 4 grams in every report. all the reports are attached for the reference. please look into the matter and rectify the same.",Reports,"Reports > DSR","Service Request",umesh.k,"P3 | Medium (Impacting 25% to 50% users)","Low - S4",FB14,KOKRAJHAR,FB14,F,NEF,Assam,FB,FB14001,174101,rebecc174101.fci@gov.in,9862308462,"Storage Division","2026-08-25 17:12:17",8917,YES
TKT-1-202607-02939,NULL,1,1,"2026-07-29 13:20:27",BUCHALINGANNAGARI,"Kindly refer the comment section for more details.",umesh.k,"2026-08-26 10:56:07","2026-08-26 10:56:07",PENDING_WITH_REQUESTER,"miss match of closing numbers with date wise data","closing balance of 28.07.2026 at current crop year at 29.07.2026 at 01.00 pm is 77190.291630 (today no dsi and dsr) but when we go to date wise commodity report its showing  77391.915211 almost 201.623581 different 
and kindly correct it

document proof enclosed  ",Reports,Others,"Service Request",inish.d,"P4 | Low (Impacting single user)","Low - S4",SD16,RAICHUR,SD16,S,South,Karnataka,SD,SD16001,313546,somasekhar313546@fci.gov.in,9704045433,"Stocks/PV Division","2026-08-24 11:54:27",9925,YES
TKT-1-202607-02957,NULL,0,0,"2026-07-29 14:57:30",JAGAT,"SANJAY DWIVEDI user has already done the procurement inspection for the lot 1259, the brl number is NF2001226FA1D3107260028",satish.d,"2026-09-15 11:11:09","2026-09-15 11:11:09",PENDING_WITH_REQUESTER,"regarding non showing of new stack for replacement against the BRL stack done by GM ZO ","We are encountering a system constraint in the WINGS/Anna Darpan portal at FSD Maloud that prevents us from allocating a new stack for a BRL replacement lot. Specifically, Lot No. 1259 (Stack No. 2C63) of M/s Mahadev Rice Mill was declared BRL by GM ZO, and we need to urgently allocate new stack to accept the replacement. The portal currently restricts this because it requires 04 accepted consignments on the current stack before a new one can be opened, whereas Stack 2C63 only has 02. This blockage is delaying the replacement process and causing an increasing financial loss to the miller due to the prolonged storage period of the rejected stock. We urgently request a backend override to bypass the 04-consignment rule so we can proceed with the new stack allocation.",Quality,"BRL > Lifting of BRL Stocks","Service Request",satish.d,"P4 | Low (Impacting single user)","Low - S4",NF18,HOSHIARPUR,NF18,N,North,Punjab,NF,NF20012,167495,haldwut.fci@gov.in,9012296964,"Quality Division","2026-09-05 15:31:30",4310,YES
TKT-1-202607-02976,NULL,0,0,"2026-07-29 16:21:30","R SARAVANAN","Kindly check the comment section",satish.d,"2026-08-05 19:11:55","2026-08-05 19:11:55",PENDING_WITH_FCI,"Non-Availability of Batch-wise/Expiry date wise Deltamethrin Details During Spraying in AnnaDarpan – Reg.","It is submitted that the AnnaDarpan application does not display the batch-wise details of Deltamethrin chemicals at the time of recording spraying operations.
At the depot, chemicals are physically issued and consumed based on the earliest expiry date. However, since AnnaDarpan does not provide the option to select the chemical batch during spraying, this office is unable to record the actual batch consumed in the system. 
Hence, it is requested that the AnnaDarpan application may be enhanced to display and allow selection of the batch number, manufacturing date, expiry date, and available quantity of Deltamethrin chemicals during spraying operations. This enhancement will ensure proper batch-wise inventory management, adherence to the First Expiry First Out principle, and accurate accounting of chemical consumption
","Asset & Inventory",Others,"Change Request",inish.d,"P4 | Low (Impacting single user)","Low - S4",SE16,THANJAVUR,SE16,S,South,"Tamil Nadu",SE,SE16001,232851,saravanan232851@fci.gov.in,9597804631,"Quality Division","2026-09-11 16:21:30",1371,YES
TKT-1-202607-02987,NULL,0,0,"2026-07-29 17:52:12",TARANPREET,"Sir/Madam, The requestor has requested to add LOT number column in Master analysis register report. Kindly verify the requirement and provide the necessary details.",umesh.k,"2026-07-31 11:19:28","2026-07-31 11:19:28",CHANGE_REQUESTED,"Lot no. of the consignment is not showing in Master Analysis register.","Among all the columns in the Master Analysis register, there is no separate column for Lot no. which is very crucial for identity of the lot. It is therefore requested to arrange the same.",Reports,"Reports > Procurement Reports","Change Request",satish.d,"P4 | Low (Impacting single user)","Low - S4",WF13,DURG,WF13,W,West,Chattisgarh,WF,WF13001,282761,taranp282761.fci@gov.in,9584771411,"Quality Division","2026-09-15 12:27:12",-15,NO
TKT-1-202607-02989,NULL,0,0,"2026-07-29 17:56:31",TARANPREET,"Sir/Madam, The requestor has requested to add LOT number column in Quality register report. Kindly verify the requirement and provide the necessary details.",umesh.k,"2026-07-30 10:47:37","2026-07-30 10:47:37",CHANGE_REQUESTED,"Separate column for Lot no. in Quality register.","In Quality register, there is no separate column for lot no. A separate column will help in instant identification. Kindly arrange for the same.",Reports,"Quality > Quality Analysis Details List","Change Request",satish.d,"P4 | Low (Impacting single user)","Low - S4",WF13,DURG,WF13,W,West,Chattisgarh,WF,WF13001,282761,taranp282761.fci@gov.in,9584771411,"Quality Division","2026-09-16 09:17:31",-365,NO
TKT-1-202607-03033,NULL,0,0,"2026-07-30 12:30:24",CHITRANJAN,"call me",187020,"2026-09-11 12:26:48","2026-09-11 12:26:48",ASSIGNED,"Request for Monthly Update of Gang and Labour Names in Annadarpan","Respected Sir,
Kindly update the gang and labour names in Labour Management → Record Attendance as per the attached PDF for the Food Storage Depot, Naini.
As you are aware, labourers retire every month, making it necessary to update the records regularly. Additionally, gang mergers also take place whenever the number of labourers in a gang falls below the required strength. For example, there were originally 17 gangs, but currently there are 15 gangs due to the merger of two gangs.
Therefore, timely updation of gang and labour details is essential to ensure that attendance is marked correctly in the Annadarpan system.
We will provide the updated list of labourers every month. Kindly update the records accordingly on a monthly basis.
Thank you for your cooperation.","Labour Management","Labour Management > Record Labour Attendance","Service Request",inish.d,"P1 | Urgent (Impacting 100% users)","Low - S4",NH26,ALLAHBAD,NH26,N,North,"Uttar Pradesh",NH,NH26007,187020,chitra187020.fci@gov.in,7009191283,"IRL Division","2026-09-01 17:02:24",6190,YES
TKT-1-202607-03037,NULL,1,4,"2026-07-30 12:37:06",UMESH,"Please kindly approve it for CR consideration.",sanjeet.k,"2026-08-05 15:59:18","2026-08-05 15:59:18",CHANGE_REQUESTED,"Subject: Proposal for Development of QC Section Monitoring System","Complete treatment history of every stack, including fumigation, prophylactic treatment, spraying, and inspection records.",Quality,"Preservation > Curative Detail","Change Request",sanjeet.k,"P4 | Low (Impacting single user)","Low - S4",NG19,AJMER,NG19,N,North,Rajasthan,NG,NG19003,292498,umesh292498.fci@gov.in,8114456264,"Quality Division","2026-09-15 12:59:06",-47,NO
TKT-1-202607-03040,NULL,0,0,"2026-07-30 12:43:00",UMESH,"Please kindly approve it for CR consideration.",sanjeet.k,"2026-08-05 16:27:34","2026-08-05 16:27:34",CHANGE_REQUESTED,"Subject: Proposal for Development of QC Section Monitoring System","The Receipt-Issue Task of all depots may kindly be made visible at the DO level to facilitate monitoring and operational control.",Others,Others,"Change Request",sanjeet.k,"P1 | Urgent (Impacting 100% users)","Low - S4",NG19,AJMER,NG19,N,North,Rajasthan,NG,NG19003,292498,umesh292498.fci@gov.in,8114456264,"Quality Division","2026-09-14 13:18:00",474,YES
TKT-1-202607-03052,NULL,0,0,"2026-07-30 13:33:08",wf12025_01,"Respected Sir, Kindly look into the suggestion, To provide option for Gross Weight (Gunny Weight + Net Weight of Food Grain) in the Out Weight screen during rake loading.",inzemamul.h,"2026-07-31 18:13:01","2026-07-31 18:13:01",PENDING_WITH_FCI,"To provide option for Gross Weight (Gunny Weight + Net Weight of Food Grain) in the Out Weight screen during rake loading reg...","During rake loading,the Out Weight screen currently displays only the Net Weight. However, while loading a rake, each wagon must be loaded according to its carrying capacity based on the Gross Weight (Gunny Weight + Net Weight of Food Grain). Since there is no option of Gross Weight, we have to manually calculate it for every weighment. It takes additional time and slows down the truck weighment process. So you are kindly requested  to provide a Gross Weight (Gunny Weight + Net Weight of Food Grain) option on the Out Weight screen during rake loading. This will eliminate the need for manual calculations, reduce the time required and improve operational efficiency.",Storage,"Internal Movement > Out Weight","Change Request",inzemamul.h,"P1 | Urgent (Impacting 100% users)","Low - S4",WF12,BILASPUR,WF12,W,West,Chattisgarh,WF,WF12025,wf12025_01,wf12025_01@gmail.com,1121950114,"Storage Division","2026-09-14 15:41:08",331,YES
TKT-1-202607-03054,NULL,0,0,"2026-07-30 14:02:28",SANJIT,"Kindly check the comment section and provide your input",satish.d,"2026-07-31 12:42:41","2026-07-31 12:42:41",CHANGE_REQUESTED,"Requst to provide edit access against transfer request ID Trans/GENERAL/DO/DEP/120626/000003 at recepient end","A transfer request involving 9 chair was generated in the portal with ID Trans/GENERAL/DO/DEP/120626/000003 with recipient as FSD Tangla.However, on receiving the assets in the module, only 05 out of 09 items were selected. As such, the remaining 04 chairs are not traceable. therefore, it is requested to provide edit access against transfer request ID Trans/GENERAL/DO/DEP/120626/000003 at recipient end so that all 9 chairs can be received at FSD Tangla. Screenshot enclosed.","Asset & Inventory","General Asset Management > Asset Receipt","Change Request",inish.d,"P4 | Low (Impacting single user)","Low - S4",FB20,TEZPUR,FB20,F,NEF,Assam,FB,FB20002,196702,sanjit196702@fci.gov.in,8099313049,"General/House Keeping Division","2026-09-15 12:27:28",-15,NO
TKT-1-202607-03057,NULL,0,0,"2026-07-30 14:07:51",NAYANJYOTI,"Please kindly approve it for CR consideration.",sanjeet.k,"2026-08-04 09:39:25","2026-08-04 09:39:25",CHANGE_REQUESTED,"Joint sampling ","Since there are approx 200 no of RO (Release order's for Issue), it is very cumbersome to do 200 joint samplings and also prone to mistakes. Therefore kindly arrange a provision so that joint sampling can be done stackwise and DC (deputy commissioner) wise in Annadarpan.",Quality,"Quality > Joint Sampling","Change Request",sanjeet.k,"P4 | Low (Impacting single user)","Low - S4",FB16,NAGAON,FB16,F,NEF,Assam,FB,FB16003,292403,nayanj292403.fci@gov.in,7002121672,"Quality Division","2026-09-14 14:59:51",372,YES
TKT-1-202607-03064,NULL,0,0,"2026-07-30 14:53:31",CHITRANJAN,"Please kindly approve it for CR consideration.",anshu.r,"2026-09-10 17:50:09","2026-09-10 17:50:09",CHANGE_REQUESTED,"Request for Granting Labour & Gang Management Rights in Annadarpan","Respected Sir,

Labour and gang details in the Labour Management → Record Attendance module of Annadarpan require frequent updates due to retirement of labourers, induction of new labourers, transfer of labourers between gangs, creation of new gangs, and merger of existing gangs.

It is requested that the Depot Manager, Food Storage Depot, Naini may kindly be granted the necessary user rights to manage these records directly, including adding/deleting labourers, shifting labourers between gangs, creating and merging gangs, and making other related changes.

Granting these permissions will ensure timely updation of records, accurate attendance, and smooth depot operations without dependency on technical support for routine changes.

Kindly consider and approve the request.

Yours faithfully,

Manager
Food Storage Depot, Naini","Labour Management","Labour Management > Add Labour","Change Request",anshu.r,"P4 | Low (Impacting single user)","Low - S4",NH26,ALLAHBAD,NH26,N,North,"Uttar Pradesh",NH,NH26007,187020,chitra187020.fci@gov.in,7009191283,"IRL Division","2026-09-15 16:14:31",-165,NO
TKT-1-202607-03081,NULL,0,0,"2026-07-30 16:54:49",SUNDIP,"Please do confirm regarding the provisioning stack sampling report in the system as per user request.",inzemamul.h,"2026-09-01 15:23:53","2026-09-01 15:23:53",PENDING_WITH_FCI,"AFTER STACK SAMPLING THE REPORT IS NOT SHOWING AFTER FULL ISSUE OF THE STACK.","AFTER STACK SAMPLING THE REPORT IS NOT SHOWING OR GENERATED AFTER FULL ISSUE OF THE STACK. PLEASE SOLVE.",Quality,"Quality > Stack Sampling","Service Request",inzemamul.h,"P4 | Low (Impacting single user)","Low - S4",FD12,TRIPURA,FD12,F,NEF,NEF,FD,FD12005,315208,sundip315208@fci.gov.in,8730817061,"Quality Division","2026-08-29 13:43:49",7468,YES
TKT-1-202607-03086,NULL,0,0,"2026-07-30 17:08:56",JAGDISH,"Dear Sir/Madam, the user is requesting to add all option for shed option in 29.10 report. Kindly verify the requirement and provide the necessary details.",umesh.k,"2026-07-30 17:37:50","2026-07-30 17:37:50",CHANGE_REQUESTED,"TO SHOW ALL SHEDS REPORT TOGETHER IN DROPDOWN BOX FOR A CENTRE","IF WE REQUIRED TO DOWNLOAD 29.10 STATEMENT FOR A WHOLE CENTRE THEN ALL IS ALSO TO BE ACTIVATED IN DROP DOWN BOX,",Reports,"Reports > Storage Reports","Change Request",umesh.k,"P4 | Low (Impacting single user)","Low - S4",WF14,RAIPUR,WF14,W,West,Chattisgarh,WF,WF12003,261256,jagdish261256@fci.gov.in,8602993884,"Storage Division","2026-09-16 10:38:56",-447,NO
TKT-1-202607-03094,NULL,0,0,"2026-07-30 18:04:11",GAGANPREET,"does not pertains to movement division",HA11_MOVEMENT_ADMIN,"2026-09-01 12:55:59","2026-09-01 12:55:59",ASSIGNED,"Regarding in method adopted by AD calculating RTL/RTG","Aberration in method adopted by anna darpan for calculating RTL/RTG on real time basis especially in case of unloading of owned siding (10% weigment method)",Movement,"Movement by Rail > Assign Control or Test Wagon","Change Request",umesh.k,"P4 | Low (Impacting single user)","Low - S4",NE13,SRINAGAR,NE13,N,North,"J & K",NE,NH22002,290777,gaganpreetjmu.fci@gov.in,7006273267,"Movement Division","2026-08-28 13:32:00",8020,YES
TKT-1-202607-03104,NULL,1,2,"2026-07-31 10:49:57","L R ADITHYA REDDY","Please look into the given user concern mentioned in the comment box and advice accordingly.",mukeshkumar,"2026-08-13 10:52:15","2026-08-13 10:52:15",PENDING_WITH_FCI,"Request to Consider OMSS Issues in Zero PV flow Carried Out Prior to Creation of Zero PV Instance in Anna Darpan","With reference to the subject cited above, it is respectfully submitted that FSD Peruru was selected for Zero Physical Verification (Zero PV) vide the reference cited, and accordingly the Zero PV team commenced the physical verification of stacks on 15.07.2026. As on 15.07.2026, a total of 75 stacks were available in the depot. Subsequently, based on the Release Orders issued under OMSS, 10 stacks were liquidated during the period from 16.07.2026 to 18.07.2026 as part of the normal stock movement operations. However, the Zero PV instance in Anna Darpan was created only on 30.07.2026, by which time only 65 stacks were available in the depot. Consequently, the Zero PV instance reflects only the 65 stacks available as on the date of its creation instead of the original 75 stacks that existed at the commencement of the physical verification. Since the physical verification had already commenced prior to the liquidation of the 10 stacks, it is requested that the OMSS issues effected during the period from 16.07.2026 to 18.07.2026 may kindly be taken into consideration while processing and finalizing the Zero PV, so that the actual stock position existing at the commencement of the physical verification is duly reflected. This is submitted for your kind consideration and necessary action, please.","Physical Verification & Operational Losses (SL/TL)","Physcial Verification > Start Zero PV","Change Request",mukeshkumar,"P4 | Low (Impacting single user)","Low - S4",SB13,KAKINADA,SB13,S,South,"Andhra Pradesh",SB,SB13005,294378,l294378.fci@gov.in,8825476056,"Stocks/PV Division","2026-09-08 10:38:57",3333,YES
TKT-1-202607-03109,NULL,0,0,"2026-07-31 11:24:55",PANKAJ,"please check this requirement",satish.d,"2026-09-15 09:55:15","2026-09-15 09:55:15",CHANGE_REQUESTED,"partially killed के दौरान  कट्टे एवं वजन के साथ system के द्वारा moisture नहीं लेने के सम्बन्ध में |","महोदय, 
जब किसी स्टेक को issue मोड से receipt में किया जाता हैं तो उस स्टेक का वजन एवं कट्टे तो सिस्टम ले लेता परन्तु moisture नहीं लेता हैं एवं RMC 00 दिखाता हैं | उक्त में जैसे एक स्टेक संख्या 7A145 जो की सहायक की गलती से 2898 कट्टे लगने पर mark to issue कर दिया जाता हैं, परन्तु उक्त स्टेक में वास्तविक में 3024 कट्टे लगने थे | जिससे उक्त स्टेक संख्या 7A145 को अन्न दर्पण में partially killed किया जाता हैं तो उक्त स्टेक issue mode से receipt mode में आ जाता हैं एवं पहले के लगे कट्टे (2898) एवं वजन (1448.52958 Qtls) एक single receipt transaction में आ जाता हैं परन्तु पहले उक्त स्टेक में डाला हुआ moisture दुबारा में Not Captured लिखा हुआ आता हैं | अत: श्रीमान से अनुरोध हैं कि उक्त में कट्टे एवं वजन के साथ moisture भी अपडेट हो जाये ताकि loss-gain निकलने में कोई समस्या नहीं आये | स्टेक details संलगन हैं |",Quality,Others,"Change Request",satish.d,"P1 | Urgent (Impacting 100% users)","Low - S4",NG18,UDAIPUR,NG18,N,North,Rajasthan,NG,NG18003,262236,pankaj262236.fci@gov.in,9001214964,"Quality Division","2026-09-09 12:37:55",2674,YES
TKT-1-202607-03115,NULL,0,0,"2026-07-31 11:46:31",wb12008_01,"please check the comment and attached files.",wb12008_01,"2026-09-10 12:32:36","2026-09-10 12:32:36",ASSIGNED,"Automatic partial killing of stacks","This is to inform you that whenever a stack is marked for issue in the system, it is automatically getting partially killed without any manual action from this office. Every month 1-3 stacks gets partially killed which affects the available quantity of stacks. The matter may kindly be examined on priority and the issue be resolved at the earliest. For reference screenshot is attached.",Storage,"Manage Stacks > Stack Update","Service Request",umesh.k,"P4 | Low (Impacting single user)","Low - S4",WB12,BARODA,WB12,W,West,Gujarat,WB,WB12008,wb12008_01,wb12008_01@gmail.com,1121947184,"Storage Division","2026-08-24 11:53:31",9915,YES
TKT-1-202607-03118,NULL,0,0,"2026-07-31 11:56:21",SUBHAMOY,"please check this requirement",satish.d,"2026-07-31 12:51:49","2026-07-31 12:51:49",CHANGE_REQUESTED,"Pop-up window is not showing for before due date spray","The pop-up window which was warning that the stack is going for spray before the due date is not showing. Earlier it was showing warning and also remark was compulsory, but now no warning, no pop-up window, no remarks & anyone can go for unlimited times of spray on a single stack. It is also increasing the mistakes as if the user is not very watchful or a single typing mistake will lead a big blunder. A warning should be there that the stack is going for second time spray before the due date.
e.g.-1A/04 already treated on 31.07.26 still it's smoothly allowing for spray on the very same date without any warning.
1A/01 is also allowing for spray before due date 10.09.26.",Quality,"Preservation > Prophylactic Treatment","Change Request",satish.d,"P4 | Low (Impacting single user)","Low - S4",EC16,PURNIA,EC16,E,East,Bihar,EC,EC16002,307692,subham307692.fci@gov.in,9734233683,"Quality Division","2026-09-17 10:12:21",-960,NO
TKT-1-202607-03122,NULL,0,0,"2026-07-31 12:09:22",RAJESH,"Please resolve the issue.",179548,"2026-08-12 13:55:11","2026-08-12 13:55:11",ASSIGNED,"Unable to make direct issue from rail head","As in my profile there is two Depot (Primary FSD Azamgarh Secondary PEG Chakwal Azamgarh). One rake was upadated in Anna Darpan from Despatching Centre, rake unloaded in both depot from the same updated movement. For Direct issue from railhead it is showing for only in Primary Depot, while issue was made From PEG Chakwal  allotted wagons. We are unable to make issue from Railhead from PEG Chakwal alloted wagons. Please do the needful. ",Movement,"Movement by Rail >  Direct Issue from Railhead","Change Request",umesh.k,"P4 | Low (Impacting single user)","Low - S4",NH27,AZAMGARH,NH27,N,North,"Uttar Pradesh",NH,NH27001,179548,manturajesh76@gmail.com,7905266268,"Sales Division","2026-08-12 11:49:22",14603,YES
TKT-1-202607-03144,NULL,0,0,"2026-07-31 13:34:11","ANKUL KUMAR","Respected Sir, user wants to add item (Steel crates) in asset procurement list, kindly add.",richa.k,"2026-08-05 12:38:20","2026-08-05 12:38:20",PENDING_WITH_FCI,"Steel crates not showing in asset prcourment  – Anna Darpan Portal","Steel crates not showing in asset prcourment  – Anna Darpan Portal","Asset & Inventory","Storage Asset Management > Asset Procurement","Service Request",richa.k,"P4 | Low (Impacting single user)","Low - S4",NF20,LUDHIANA,NF20,N,North,Punjab,NF,NF20011,176063,ankul176063.fci@gov.in,9557966587,"IT Division","2026-09-15 13:56:11",-104,NO
TKT-1-202607-03150,NULL,1,1,"2026-07-31 14:15:29","G NEHRU","Respected Sir, Kindly look into the suggestion regarding the provision of a Bulk Approval option in the Mark Asset Module.",inzemamul.h,"2026-08-13 10:30:37","2026-08-05 15:26:01",PENDING_WITH_FCI,"Request to provide service for bulk approval option in the Mark Asset Module ","After adding the equipment, the newly added equipment defaults to a "Not in Use" status, forcing  to manually update hundreds or thousands of identical units one by one, which is an inefficient and time-consuming process.  So, we request you to resolve the issue by adding bulk approval option  to update all the available equipment depending upon the requirement at the earliest","Asset & Inventory","Quality Asset Management > Mark Asset Status","Change Request",inzemamul.h,"P4 | Low (Impacting single user)","Low - S4",SB14,VIJAYWADA,SB14,S,South,"Andhra Pradesh",SB,SB14002,122744,gnehru.fci@gov.in,9440704983,"Quality Division","2026-09-12 15:15:29",897,YES
TKT-1-202607-03168,NULL,0,0,"2026-07-31 15:38:07",TARSEM,"Kindly check the comment section and provide your input. Thanks",satish.d,"2026-08-03 16:39:56","2026-08-03 16:39:56",CHANGE_REQUESTED,"no categorisation for servicaeble and unserviceable","This offfice having both serviceable and unserviceable in some dead stock articles for example wooden crates, spl rolls etc.,and there is no categorisation for the same. This office is hereby attaching the screemshot  for the same.","Asset & Inventory","Storage Asset Management > Asset Procurement","Change Request",inish.d,"P4 | Low (Impacting single user)","Low - S4",NF12,AMRITSAR,NF12,N,North,Punjab,NF,NF12007,126328,tarsem126328.fci@gov.in,8872523555,"Storage Division","2026-09-14 10:21:07",651,YES
TKT-1-202607-03173,NULL,1,1,"2026-07-31 16:04:30",MALLADI,"Technical Matter. The helpdesk team is requested to examine the ticket thoroughly  before marking it to this Office.",IRL_admin,"2026-09-10 16:35:26","2026-09-10 16:35:26",ASSIGNED,"Issue in Labour Management Module – Generic Name Not Displayed During Rake Receipts in Labour Gang Allocation","It is to inform you that in the Labour Management Module, while performing Labour Gang Allocation during receipt operations, the generic name is not being displayed. Since this depot is a siding depot with 10% weighment, the work slip entries during rake operations cannot be entered in AD due to the absence of the generic name. Kindly look into the issue and rectify it at the earliest to ensure smooth processing of rake-time work slip entries.

","Labour Management","Labour Management > Labour Gang Allocation","Change Request",inish.d,"P2 | High (Impacting more than 50% users)","Low - S4",SD12,BANGLORE,SD12,S,South,Karnataka,SD,SD12002,313519,malladi313519@fci.gov.in,8184931109,"IRL Division","2026-09-03 12:35:30",5377,YES
TKT-1-202607-03204,NULL,0,0,"2026-07-31 19:55:49",SUNIL,"Dear sir/madam, kindly check the comments added now. Thank you",umesh.k,"2026-08-06 15:43:21","2026-08-06 15:43:21",PENDING_WITH_REQUESTER,"some destination IDs are not appearing under the Adani Silo Sojumazra ID in the Annadarpan","Dear Sir,

Please find the attached file. It contains screenshots showing that some destination IDs are not appearing under the Adani Silo Sojumazra ID in the Annadarpan system.
For example, the destination Bandel (BDC) was last used for rake release on 15.07.2026. However, today this destination is not being displayed. Due to this issue, we are unable to release the rake in the Annadarpan system.

Kindly look into the matter and resolve the issue at the earliest.",Movement,"Movement by Rail > Rake Release","Service Request",umesh.k,"P1 | Urgent (Impacting 100% users)","Low - S4",NC15,KURUKSHETRA,NC15,N,North,Haryana,NC,NC15007,295626,sunil295626.fci@gov.in,7206609501,"Movement Division","2026-09-14 13:22:00",482,YES
TKT-1-202607-01262,NULL,0,0,"2026-07-08 16:57:14",wc22014_10,"Sir/Madam, the user is requesting to add truck no column in wagon stacking statement. Kindly verify the requirement and provide the necessary details.",umesh.k,"2026-08-07 14:18:24","2026-08-07 14:18:24",CHANGE_REQUESTED,"TRUCK TO STACKING FROM PERTICULAR WAGON NOT SHOWING","WE CANNOT SOURCE OUT TRUCK NO IN WAGON STACKING STATEMENT REPORT.KINDLY TAKE NECESSARY.",Reports,"Reports > Movement Reports","Change Request",umesh.k,"P4 | Low (Impacting single user)","Low - S4",WC22,AMRAVATI,WC22,W,West,Maharastra,WC,WC22014,wc22014_10,wc22014_10@gmail.com,1121947963,"Movement Division","2026-09-04 11:27:14",4904,YES
TKT-1-202607-02734,NULL,1,1,"2026-07-25 16:59:22","RAHUL CHAUDHARY","Please kindly approve it for CR consideration.",inzemamul.h,"2026-09-01 17:21:41","2026-09-01 17:21:41",CHANGE_REQUESTED,"AMS FSD BASTI के अन्नदर्पण पोर्टल पर wheat रेक संख्या 18-15912 के नहीं प्रदर्शित होने के क्रम में ","मान्यवर
           AMS FSD BASTI के अन्नदर्पण पोर्टल पर wheat रेक संख्या 18-15912 के नहीं प्रदर्शित होने से rake का अनलोडिंग कार्य प्रभावित हो सकता है , अतः जल्द से जल्द रेल मूवमेंट सेक्शन>वैगन नंबर असाइनमेंट को निराकरण करने का कष्ट करें |
धन्यवाद |
 ",Movement,"Movement by Rail > Wagon Number Assignment","Change Request",inzemamul.h,"P4 | Low (Impacting single user)","Low - S4",NH16,GORAKHPUR,NH16,N,North,"Uttar Pradesh",NH,NH16110,276255,rahul87.fci@gov.in,9886235614,"Movement Division","2026-09-09 11:04:00",2769,YES
TKT-1-202607-02740,NULL,0,0,"2026-07-25 17:59:56",KUPPANNAGARI,"please check this requirement",satish.d,"2026-08-07 13:12:09","2026-08-07 13:12:09",PENDING_WITH_FCI,"DUE DATE NOT SHOWING IN ANNADARPAN MODULE","IN ANNADARPAN DUE DATE FOR SPRAYING IS NOT BEING SHOWN. REQUEST TO KINDLY ADD A COLUMN SO THAT STACKS WHICH ARE DUE FOR TREATMENT CAN BE NOTED ON DAILY BASIS.",Quality,"Preservation > Curative Planning","Change Request",satish.d,"P4 | Low (Impacting single user)","Low - S4",WF13,DURG,WF13,W,West,Chattisgarh,WF,WF13016,282775,praveen282775@fci.gov.in,8109009111,"Quality Division","2026-09-08 09:01:56",3430,YES
TKT-1-202607-02955,NULL,0,0,"2026-07-29 14:39:15",nf20057_01,"Kindly take the necessary action on this ticket and process it further at your earliest convenience. Please review the issue and do the needful from your end.",arti.1.t,"2026-07-30 15:51:34","2026-07-30 11:38:55",PENDING_WITH_FCI,"PROVISION OF LOOSE GRAIN ADD /REMOVE IN ALL SECTIONS OF ANNA DARAPN I.E  CMR AND BRL SECTION ","Sir ,while replacing the 4 BRL lots (1156.44400 qtls) the concerned miller replaced 4 lots (1156.44400 qtls) with variation in weights of all lots . Kindly allow us to submit result under COMPLETE BRL REPLACEMENT , OR kindly provide a provision of ADD/REMOVE LOOSE GRAIN in all options in Anna Darpan so that the replacement is considered completed. 
CONTACT NO 9026932687","Any other issues related to Anna Darpan only","<Given By User>","Change Request",arti.1.t,"P4 | Low (Impacting single user)","Low - S4",NF20,LUDHIANA,NF20,N,North,Punjab,NF,NF20057,nf20057_01,nf20057_01@gmail.com,1121938984,"Procurement Division","2026-09-15 14:09:15",-117,NO
TKT-1-202607-03085,NULL,0,0,"2026-07-30 16:56:03",wc22015_05,"In case the stock is damaged, then please make entry in downgrade as category C or D, then check the stack should show up as non issuable, and then follow the disposal of stock process flow.",satish.d,"2026-09-09 15:31:29","2026-08-12 14:20:26",PENDING_WITH_FCI,"Procedure to disposal of declared damage food grain in Annadarpan portal","Stack no. 8U06A is declared damage by competent authority in Dumping category. While making entry for downgrade of stock the tab is only showing category B, C & D . However the stock is declared in Dumping category which has to be enter in Annadarpan portal. As upgrade/downgrade tab does not showing the category dumping ,we are unable to make entry of above stock under dumping category. Therefore you are requested to resolve the issue at earliest.",Quality,"Preservation > Upgrade or Downgrade Stock","Service Request",satish.d,"P4 | Low (Impacting single user)","Low - S4",WC22,AMRAVATI,WC22,W,West,Maharastra,WC,WC22015,wc22015_05,wc22015_05@gmail.com,1121947968,"Quality Division","2026-09-12 13:50:03",982,YES
TKT-1-202607-00208,NULL,0,0,"2026-07-02 13:36:25","KISHOR KUMAR DAS","The requestor has requested to add all option in completed pv report, also addition of depotname Pv in inprogress report.Kindly confirm whether this enhancement needs to be implemented; once approved, we will proceed accordingly.",umesh.k,"2026-07-03 11:29:41","2026-07-03 11:29:41",PENDING_WITH_FCI,"Request for Enhancement in PV Report Functionality","During the review of the PV (Physical Verification) reports available at the RO Level system, the following issues have been identified, which are limiting the ability to generate and analyze consolidated reports efficiently:

1. Lack of Consolidated View for Completed PV Reports

At present, the Completed PV Reports module provides filtering options only at the District or Depot level. There is no provision to view completed PV reports collectively for All Divisions or All Depots in a single report.

This limitation requires users to generate multiple reports separately for each division or depot and manually consolidate the data, which is time-consuming and increases the possibility of errors.

Request:
It is requested to enhance the system by providing filter options such as:

All Divisions
All Depots

This functionality will enable users to generate a consolidated completed PV report across all divisions and depots in a single view, thereby improving reporting efficiency, monitoring, and decision-making.

2. Depot Name Not Displayed in In-Progress PV Reports

It has also been observed that while viewing the In-Progress PV Reports, the report does not display the Depot Name corresponding to each record. As a result, users are unable to readily identify the depot to which an in-progress PV activity belongs.

The absence of the depot name makes it difficult to track the status of ongoing PV activities, especially when multiple depots are involved.

Request:
It is requested to modify the report layout to include the Depot Name as a separate column in the In-Progress PV Reports. This enhancement will improve report clarity, facilitate easier monitoring of ongoing verification activities, and help users quickly identify the respective depots without requiring additional lookups.

Conclusion

The above enhancements will significantly improve the usability of the PV reporting module by enabling consolidated reporting, reducing manual effort, and providing complete information for effective monitoring and management.

Screenshot(s) have been attached for reference.",Reports,"Reports > PV Reports","Change Request",inish.d,"P4 | Low (Impacting single user)","Low - S4",ND11,NULL,NULL,N,North,"Himachal Pradesh",ND,NULL,105173,kkdas.fci@gov.in,9078151020,"Stocks/PV Division","2026-09-15 13:14:25",-63,NO
TKT-1-202607-00212,NULL,0,0,"2026-07-02 13:47:37",SHRAVAN,"User is asking more security amount details to capture in contract screens,please check",inish.d,"2026-07-17 16:52:28","2026-07-06 11:03:47",PENDING_WITH_FCI,"Amount Deposited by Contractor in lieu of Bank Guarantee","It is to mention that, under Contract Management > Create Transport Contract, there is no option available to enter the details when the contractor has deposited an additional Security Deposit (SD) equivalent to 15% of the Contract Value through Bank Transfer in lieu of a Bank Guarantee, as well as a Performance Security Deposit equivalent to 10% of the Contract Value through Bank Transfer in lieu of a Bank Guarantee. Kindly check the issue and rectify it at the earliest by providing the necessary option to enter these details in the system.","Contract Management","Contract Management > Create Transport Contract","Change Request",umesh.k,"P4 | Low (Impacting single user)","Low - S4",FB11,NULL,NULL,F,NEF,Assam,FB,NULL,184639,shravan80.fci@gov.in,8142526535,"Contract Division","2026-09-12 13:50:37",980,YES
TKT-1-202607-00261,NULL,0,0,"2026-07-02 15:32:07",LAVURI,"The requestor is requesting for M5S statement report.Kindly confirm us to implement this feature",inish.d,"2026-07-23 11:01:34","2026-07-23 11:01:34",CHANGE_REQUESTED,"Monthly QC report failing to auto generated in MSA report Module","The monthly QC report under the MSA sub module is currently not auto-generating as expected, failing to compile periodic data such as Monthly chemical consumption report, M5A statement. Request to fix auto-generation database so we can download necessary statement.",Reports,Others,"Change Request",satish.d,"P4 | Low (Impacting single user)","Low - S4",SB11,NULL,NULL,S,South,"Andhra Pradesh",SB,NULL,186586,pram143691.fci@gov.in,8977743694,"Quality Division","2026-09-14 09:37:07",694,YES
TKT-1-202607-00286,NULL,0,0,"2026-07-02 16:38:18",RAJNI,"Please look into the user concern regarding the data entry for second fortnight (DISFM).",richa.k,"2026-08-04 14:38:29","2026-08-04 14:38:29",PENDING_WITH_FCI,"Unable to do data entry for stock figures.","It is informed that data entry for stock figures for non issuable cannot be done. error message "For this fortnight the opening balance has not been created." is displayed.(screenshot attached). Kindly resolve the issue at the earliest.",DISFM,Others,"Change Request",richa.k,"P4 | Low (Impacting single user)","Low - S4",NB12,MAYAPURI,NB12,N,North,Delhi,NB,NULL,237791,rajni237791.fci@gov.in,9899556202,"Storage Division","2026-09-01 15:55:18",6402,YES
TKT-1-202607-00456,NULL,0,0,"2026-07-03 11:57:55",PRADOSH,"Please kindly approve it for CR consideration.",vikram6singh,"2026-08-04 11:17:59","2026-08-04 11:17:59",CHANGE_REQUESTED,"Consider this suggestion","1. IN REGIONAL SUPER ADMIN ID IN REPORT SECTION UNDER STOCK REPORT , REPORT NAME IS OTHER TRANSACTION REPORT IT IS NOT SHOWING TOTAL NUMBER OF OTHER TRANSACTION DONE .
2. IN OTHER TRANSACTION WITH REMARK REPORT THEIR SHOULD BE OPTION TO SEE REPORT IN BETWEEN DATES RATHER THAN SINGLE DATE .",Reports,Others,"Change Request",vikram6singh,"P4 | Low (Impacting single user)","Low - S4",WD11,NULL,NULL,W,West,"Madhya Pradesh",WD,NULL,219471,pradosh219471@fci.gov.in,7869609509,"Stocks/PV Division","2026-09-16 09:04:55",-247,NO
TKT-1-202607-00614,NULL,0,0,"2026-07-03 12:11:24","SOUMYA ASHOK","Kindly look into this suggestion.",saroj.m,"2026-08-21 12:28:02","2026-07-03 16:42:47",PENDING_WITH_FCI,"Provision for deletion/modification of DISFM-Anna Darpan portal during ongoing ISI PV","ISI PV is currently under progress. In view of the ongoing ISI PV, it is requested to confirm whether deletion and modification of authenticated transactions/data in DISFM-Anna Darpan portal is permitted to facilitate accounting of PV SL/SG in the previous month, as per the prescribed procedure.","Physical Verification & Operational Losses (SL/TL)",Others,"Change Request",saroj.m,"P4 | Low (Impacting single user)","Low - S4",SD11,NULL,NULL,S,South,Karnataka,SD,NULL,294766,soumya294766.fci@gov.in,9739595026,"Stocks/PV Division","2026-09-16 09:34:24",-204,NO
TKT-1-202607-00879,NULL,0,0,"2026-07-04 18:10:06","KISHOR KUMAR DAS","Sir, kindly do confirm whether the commodity allocation for the month mentioned in the ticket has been done.",anuj.s,"2026-07-06 12:43:08","2026-07-06 12:43:08",PENDING_WITH_FCI,"Regarding OMSSD Allocation ","Sir,
It is submitted that under the OMSSD Bulk Sale Scheme, no allocation has been available under the Revenue District-wise Scheme Distribution since April 2026. Although auction results are being generated successfully and the details of the quantity sold against the quantity offered are being regularly communicated to Headquarters, no corresponding allocation is being reflected in the system.
Due to the absence of allocation entries, we are unable to generate Release Orders (ROs) under the OMSSD Bulk Sale Scheme. Consequently, the depots are restricted to carrying out only "Other Transactions" and are unable to dispatch stock through the standard OMSSD Bulk Sale workflow in AnnaDarpan.
This issue is affecting the normal operational process and delaying the timely dispatch of food grains under the scheme. Enabling the allocation mechanism is essential for the generation of ROs and smooth execution of depot operations. 
In view of the above, if it is not possible to allocate commodity at Headquarter/Zonal Office level, the same may please be enabled System to enter allocate commodity at the RO level under the OMSSD Bulk Sale Scheme so that Release Orders can be generated and dispatches can be carried out through AnnaDarpan's standard operational process.
Your kind intervention in this matter is requested for early resolution.",Sales,Others,"Service Request",anuj.s,"P4 | Low (Impacting single user)","Low - S4",ND11,NULL,NULL,N,North,"Himachal Pradesh",ND,NULL,105173,kkdas.fci@gov.in,9078151020,"Sales Division","2026-09-16 17:25:00",-854,NO
TKT-1-202607-00892,NULL,0,0,"2026-07-04 19:59:23",NIRMAL,"TO FCI: Sir/Mam, We didnt find the Data entry for Paddy Non-Issuable commodity in DISFM website, but user is requesting for them. Please comment.",satish.d,"2026-07-06 17:00:53","2026-07-06 17:00:53",PENDING_WITH_FCI,"Not able to do offtake entry for paddy in issuable and non-issuable catagories","Not able to do offtake entry for paddy in issuable and non-issuable categories only rice Wheat and Coarse grains are showing as commodity option.",DISFM,Others,"Service Request",inish.d,"P4 | Low (Impacting single user)","Low - S4",NE13,SRINAGAR,NE13,N,North,"J & K",NE,NULL,245631,nirmal.bhogal@gov.in,9297100003,"Storage Division","2026-09-16 12:06:00",-535,NO
TKT-1-202607-00919,NULL,0,0,"2026-07-06 10:21:24",ASHWINI,"Seems like change request, please check and provide your suggestion.",inish.d,"2026-07-21 17:21:20","2026-07-21 17:21:20",CHANGE_REQUESTED,"स्‍टेट कोड, विंग्‍स आईडी एवं डीएमओ का नाम  प्रदर्शित करने के संबंध में ","जियो टैगिंग कमिटी में जब मिलों को जोड़ा जाता है तो उसमें स्‍टेट कोड, विंग्‍स आईडी एवं डीएमओ का नाम  प्रदर्शित नहीं हो रहा है इसलिए समान नाम के मिलों को आइ‍डेंटिफाइ करने में समस्‍या आएगी अत: इसका निराकरण करने का कष्‍ट करेंगे । ",Procurement,"CMR Master > Geo Tagging Committee","Change Request",inish.d,"P4 | Low (Impacting single user)","Low - S4",WF12,BILASPUR,WF12,W,West,Chattisgarh,WF,NULL,249475,ashwin249475.fci@gov.in,7276721655,"Procurement Division","2026-09-16 16:03:00",-771,NO
TKT-1-202607-00920,NULL,0,0,"2026-07-06 10:27:40",ASHWINI,"User wants provision regarding the option to download all millers at once, along with separate download options for railhead-wise and revenue district-wise miller lists. kindly check and do the needful",sanjeet.k,"2026-07-21 14:58:18","2026-07-06 11:17:20",PENDING_WITH_FCI,"Railhed wise एवं DMO Wise मिलर लिस्‍ट को डाउनलोड करने एवं सभी मिलर को एक साथ डाउनलोड करने का आप्‍शन प्रदान करने के संबंध में । ","मिलर लिस्‍ट में एक साथ केवल 20 मिलर को डाउनलोड करने का ऑप्‍शनप दिया गया है इसके साथ ही रेलहेड वार एवं राजस्‍व जिला वार मिलर को डाउनलोड करने का ऑप्‍शन नहीं दिया गया है अत: सभी मिलर को एक साथ डाउनलोड करने के आप्‍शन करने के साथ - साथ मिलर को रेलहेडवार एवं राजस्‍व जिलावार डाउनलोड करने का ऑप्‍शन प्रदान करने का कष्‍ट करेंगे । ",Procurement,"CMR > Miller List","Change Request",sanjeet.k,"P1 | Urgent (Impacting 100% users)","Low - S4",WF12,BILASPUR,WF12,W,West,Chattisgarh,WF,NULL,249475,ashwin249475.fci@gov.in,7276721655,"Procurement Division","2026-09-16 17:49:00",-878,NO
TKT-1-202607-00925,NULL,0,0,"2026-07-06 11:04:22","SOUMYA ASHOK","please check this requirement",satish.d,"2026-07-21 15:17:19","2026-07-21 15:17:19",CHANGE_REQUESTED,"AD DISFM aprroval for 2nd f/n","It is informed regarding the Anna Darpan – DISFM data approval from Regional Office.
As per FCI HQrs, circular dated; 06.01.2015, PV Losses must be adjusted in the previous quarter (encld), where in IRRS, DISFM has features to edit data after approval (to include ISI PV and baby stack losses), whereas there is no clarity if editing option will be enabled for Anna Darpan – DISFM. In Karnataka ISI is still on-going.
1. Ticket no. TKT-1-202607-00614 – was raised on 03.07.2026 reg - Provision for deletion/modification of DISFM-Anna Darpan portal during ongoing ISI PV
2. TKT-1-202607-00612 – was raised on 03.07.2026 reg - ISI PV & Baby stack SL/Tl to be accounted in previous quarter, in this regard kindly find the attachment for your kind information & further course of action.

The replies to both the above tickets raised are awaited from Anna Darpan team.

As the dead line for Anna Darpan – DISFM approval is 04.07.2026 (vide email dtd 30.06.2026 ) it is requested to provide necessary directions please.
",DISFM,Others,"Change Request",inish.d,"P4 | Low (Impacting single user)","Low - S4",SD11,NULL,NULL,S,South,Karnataka,SD,NULL,294766,soumya294766.fci@gov.in,9739595026,"Stocks/PV Division","2026-09-01 16:47:00",6382,YES
TKT-1-202607-00938,NULL,1,2,"2026-07-06 11:41:56",nf13091_01,"Sir,  Currently, there is no provision to update the moisture during PV (Waraferri) operations while shifting stacks from one location to another.If this functionality is required, please confirm so that we can provide the provision in system.",satish.d,"2026-07-20 15:29:02","2026-07-20 15:29:02",PENDING_WITH_FCI,"Update moisture is not showing during PV","Sir,
It is to inform you that During PV when we are shifting stack from one to another, update moisture option is not showing during gate pass exit","Physical Verification & Operational Losses (SL/TL)","Physical Verification > Exit Gatepass","Change Request",satish.d,"P4 | Low (Impacting single user)","Low - S4",NF13,BHATINDA,NF13,N,North,Punjab,NF,NF13091,nf13091_01,nf13091_01@gmail.com,1121936244,"Stocks/PV Division","2026-09-03 10:22:00",5509,YES
TKT-1-202607-00944,NULL,0,0,"2026-07-06 12:00:41",RAJNISH,"User is asking for the provision of MTC Contractor approval at the level of Divisional Manager. kindly check and do the needful",sanjeet.k,"2026-07-08 18:10:02","2026-07-08 18:10:02",PENDING_WITH_FCI,"Please provide approval option of mtc contractor on Divisonal Manager (Competent authority) sir id.","Please provide approval option of mtc contractor on Divisonal Manager (Competent authority) sir id.",Procurement,Others,"Change Request",sanjeet.k,"P4 | Low (Impacting single user)","Low - S4",NF11,NULL,NULL,N,North,Punjab,NF,NULL,106073,rajnishk75.fci@gov.in,7089920551,"Procurement Division","2026-09-14 11:06:00",605,YES
TKT-1-202607-01019,NULL,1,1,"2026-07-06 16:43:15",BHANU,"User requesting to give option for editing BG/Security deposit details in all contract screens  after approval but Currently we are providing editing option only before approval for sd/bg ,please look into it",inish.d,"2026-08-17 16:02:55","2026-07-08 12:10:48",PENDING_WITH_FCI,"Addition of new contract in CWC Panambur-reg","The newly appointed HTC at CWC Panambur has commenced from 01.07.2026 for two years. The BG for this HTC is still awaited as per information furnished by Divisional Office Shimoga. In order to avoid "other transaction" in the depot, the H&T details has been added in Annadarpan by filling the BG no. and issuing bank as "awaited" & issued date as "03.07.2026" along with expiry date as "31.12.2028".
 Hence, it is kindly requested to make a provision to edit the BG and SD option in future, with the approval of General Manager (R).","Contract Management","Contract Management > Handling & Transport Contract List","Change Request",umesh.k,"P4 | Low (Impacting single user)","Low - S4",SD11,NULL,NULL,S,South,Karnataka,SD,NULL,294746,bhanu294746.fci@gov.in,9901903810,"Contract Division","2026-09-14 16:56:00",256,YES
TKT-1-202607-01102,NULL,0,0,"2026-07-07 12:44:41","KISHOR KUMAR DAS","Kindly do confirm on allocation for Small Private Traders under OMSS (D) for June 2026.",pooja.11,"2026-07-07 15:07:06","2026-07-07 15:07:06",PENDING_WITH_FCI,"No allocation for Small Private Traders under OMSS (D) for June 2026 -reg","Sir, It is submitted that under the Small Private Traders, no allocation has been available under the Revenue District-wise Scheme Distribution for June 2026. No allocation is being reflected in the Anna Darpan Scheme allocation tab.  Due to the absence of allocation entries, we are unable to generate Release Orders (ROs) under the Small Private Traders Scheme. Consequently, the depots are restricted to carrying out only "Other Transactions" and are unable to dispatch stock through the standard workflow in AnnaDarpan. This issue is affecting the normal operational process. Enabling the allocation mechanism is essential for the generation of ROs and smooth execution of depot operations. In view of the above, if it is not possible to allocate commodity at Headquarter/Zonal Office level, the same may please be enabled at RO level to enter/ allocate commodity at the RO level under the Small Private Traders so that Release Orders can be generated and dispatches can be carried out through AnnaDarpan's standard operational process. Your kind intervention in this matter is requested for early resolution.",Sales,Others,"Service Request",pooja.11,"P4 | Low (Impacting single user)","Low - S4",ND11,NULL,NULL,N,North,"Himachal Pradesh",ND,NULL,105173,kkdas.fci@gov.in,9078151020,"Sales Division","2026-09-15 17:43:41",-333,NO
TKT-1-202607-01130,NULL,0,0,"2026-07-07 15:28:46",SUMIT,"User is requesting for Permanent Deletion of Release Order No. NH13026/07-2026/FRRGA/PHH-0028. kindly check and do the needful",sanjeet.k,"2026-07-18 12:15:00","2026-07-07 17:11:01",PENDING_WITH_FCI,"Request for Permanent Deletion of Release Order No. NH13026/07-2026/FRRGA/PHH-0028","This is to bring to your kind notice that Release Order No. NH13026/07-2026/FRRGA/PHH-0028 was generated by this office for the liquidation of a baby stack. The stock against which the Release Order was created pertains to rice received through rake prior to the implementation of the Anna Darpan system. During the migration of stock data from the DOS system to Anna Darpan, only a single commodity category for rice, namely Raw Rice, existed in the DOS system, and there was no separate provision for FRK Rice. Consequently, the FRK stock was migrated to Anna Darpan under the Raw Rice commodity category. However, while generating the above-mentioned Release Order, the commodity was inadvertently selected as FRK. As a result, at the time of token generation, the concerned baby stack is not being displayed under the FRK commodity category, thereby preventing further processing of the Release Order.

Considering the urgency of the matter, this office has generated another Release Order for the same quantity after selecting the correct commodity category. In view of the above, it is requested that Release Order No. NH13026/07-2026/FRRGA/PHH-0028 may kindly be permanently deleted from the Anna Darpan system to avoid duplication and any future operational issues. Please find attached the screen shot for your reference.

An early action in the matter will be highly appreciated. ",Sales,"Sales > Token List","Service Request",sanjeet.k,"P4 | Low (Impacting single user)","Low - S4",NH13,BAREILLY,NH13,N,North,"Uttar Pradesh",NH,NULL,311897,sumitsharma.fci@nic.in,9953525980,"Sales Division","2026-09-16 09:24:46",-374,NO
TKT-1-202607-01143,NULL,0,0,"2026-07-07 16:33:54",PUNIT,"Respected Sir , Please look into this suggestion.",saroj.m,"2026-08-21 12:27:21","2026-07-08 14:49:44",PENDING_WITH_FCI,"adding report to check the stock position under Divisional Office ","In Anna Darpan, to check the stock position under a Divisional Office. If you add such a report (Centre-wise, Railhead-wise) this will be very helpful for us to check the total available stock. Further, add an option also to check for a particular year commodity, CAP, or Covered ... so that to check the commodity-wise/crop-year-wise stock position. 
A file has been attached as a performa for showing godown-wise stock position and railhead-wise stock position.",Reports,Others,"Change Request",saroj.m,"P4 | Low (Impacting single user)","Low - S4",NF22,SANGRUR,NF22,N,North,Punjab,NF,NULL,225760,punit225760.fci@gov.in,7404232500,"Storage Division","2026-09-15 12:50:54",-40,NO
TKT-1-202607-01172,NULL,0,0,"2026-07-08 10:57:54","KHILESH KUMAR","Dear sir/maam, kindly refer our comment section for more details.",umesh.k,"2026-08-07 14:17:18","2026-08-07 14:17:18",CHANGE_REQUESTED,"Not showing Correct pending quantity of Release order  in RO Report regarding......","It is to inform you that In RO Report(Reports>>Ro Reports) pending quantity of Release order against total issue is not showing correct figure when we select any specific date. It always shows pending quantity of deducting specific date of issue quantity instead of deducting total quantity of issue of particular Release order. for example  after selecting specific date  07.07.2026 in RO report ,   RO No-WC22001/062026/WNA/AAYS-0014 with RO Quantity 239 MT is showing  pending quantity   172.717200 MT after deducting issue quantity of  66.282800 MT of specific date .although total Issue of that particular RO is 99.902215 MT as on date 07.07.2026 . therefore  pending quantity should be showed 139.097785 MT instead of 172.717200. kindly resolve the issue .",Reports,"Reports > Sales Reports","Change Request",inish.d,"P4 | Low (Impacting single user)","Low - S4",WC22,AMRAVATI,WC22,W,West,Maharastra,WC,NULL,292611,khilesh33881@fci.gov.in,8871020638,"Sales Division","2026-09-12 10:50:54",1160,YES
TKT-1-202607-01199,NULL,0,0,"2026-07-08 12:42:02",VIMAL,"Sir, please refer the comment box.",anuj.s,"2026-07-22 15:45:34","2026-07-22 15:45:34",PENDING_WITH_FCI,"it is observed that in QC report  and spraying register  both chemical i.e malathion-liquid and Delta Metharin_powder showeing in one report it be be seprate reprot generated for metathion and delta metharin powder so Convenience and tally  ","it is observed that in QC report  and spraying register  both chemical i.e malathion-liquid and Delta Metharin_powder showeing in one report it be be seprate reprot generated for metathion and delta metharin powder so Convenience and tally  ",Quality,Others,"Change Request",anuj.s,"P4 | Low (Impacting single user)","Low - S4",WC21,AURANGABAD,WC21,W,West,Maharastra,WC,NULL,261199,vimal261199@fci.gov.in,7709941678,"Quality Division","2026-09-14 10:44:02",627,YES
TKT-1-202607-01208,NULL,1,1,"2026-07-08 13:14:16",NIRUPAM,"Sir, there is no standing guidelines . Rail transit loss is calculated during the first weighment and the loss of grain between the first weighment and the second weighment is considered as road transit loss which is recovered from the contractor.",276881,"2026-09-15 12:50:37","2026-09-15 12:44:36",ASSIGNED,"Difference in RTL shown in Annadarpan Portal and official documents.","Sir, 
     There is difference in RTL for the  month of April 2026 between Annadapran reports under the heading in Movement reports- Monthly Transit Loss By Rail and the official documents. PDF in this regard is attached for further reference.
",Movement,Others,"Service Request",mukeshkumar,"P4 | Low (Impacting single user)","Low - S4",NI13,HALDWANI,NI13,N,North,Uttaranchal,NI,NULL,276881,nirupam.fci@gov.in,9891746169,"Stocks/PV Division","2026-08-27 17:50:16",8462,YES
TKT-1-202607-01288,NULL,0,0,"2026-07-09 09:30:43",GEETHU,"But Hq scope users (including manager, agm and GM Engg) are still having edit rights for all the other zone works. Moreover. the said work is carried out by Hqrs Engg division as it is the civil work of Hqrs FCI flats at Sector 15 and 27.",294844,"2026-07-30 11:32:24","2026-07-15 14:27:30",ASSIGNED,"After completing budget process, the work is not showing in work process.","After completing budget process for the work "Special repairs to Residential flats and boundary wall at FCI Flats located at Sector 27 Noida" , the work is not showing in work process. Further processing is not possible. However, some works pertaining to other zones are showing in my work process list, which is actively editable. This should be restricted in all Hqrs IDs as the rights are to be confined at RO/ZO levels.","Engineering & Maintenance","Engineering & Maintenance > Project List","Change Request",satish.d,"P4 | Low (Impacting single user)","Low - S4",SC11,NULL,NULL,S,South,Kerala,SC,NULL,294844,geet294844.fci@gov.in,8129369592,"Engineering & Maintenance (Civil & Mechanical)","2026-07-15 15:00:43",27371,YES
TKT-1-202607-01306,NULL,0,0,"2026-07-09 11:42:22",TILAK,"Please kindly approve it for CR consideration.",shrutipan966,"2026-07-13 16:59:45","2026-07-13 16:59:45",CHANGE_REQUESTED,"क्वालिटी रजिस्टर रिपोर्ट मे ट्रक नंबर नहीं आता है जिससे दिन की समाप्ति पर प्राप्त होने वाली रिपोर्ट अपूर्ण ही रहती है | ","चूंकि डिपो स्तर पर कार्य शत प्रतिशत ओनलाइन हो रहा है अतः  क्वालिटी रजिस्टर रिपोर्ट मे दर्ज किए जाने वाले रिफ्रेक्सन्स किस ट्रक मे क्या हैं पता नहीं चल पाता है |",Reports,Others,"Routine Task",shrutipan966,"P1 | Urgent (Impacting 100% users)","Low - S4",NG14,JAIPUR,NG14,N,North,Rajasthan,NG,NULL,285862,tilak285862.fci@gov.in,7976552265,"Quality Division","2026-09-15 09:18:22",173,YES
TKT-1-202607-01307,NULL,0,0,"2026-07-09 11:46:53","DIVYA K R","valid request. already conveyed earlier. please consider all three requests specified in the ticket. Please treat the same as urgent and time bound.",HA11_MOVEMENT_ADMIN,"2026-09-01 13:12:49","2026-09-01 13:12:49",ASSIGNED,"Non-alignment with ground level procedures - Reg.","To facilitate streamlining and ensuring smooth operation, the following action/option may be incorporated in Anna Darpan:
1.	In case of rake loaded under same RR No, date, Rail Head but due to loading from different depots, multiple movements were created from multiple depots. However, while releasing the rake/updating placement & release time of rake/updating DC hours of rake, the current module treats multiple movements under same RR No & date as different rakes which in turns created an anomaly while generating reports. 
Suggestion: If all movements created under same RR No, date & loading Rail Head, these movements shall be taken under one roof to make releasing of rake/calculation of release time/calculation of DC hours and amount in similar with actual ground procedures.
2.	In case of rake loaded under same RR No, date, depot but due to loading of different varieties, multiple movements were created for multiple varieties. However, while releasing the rake/updating placement & release time of rake/updating DC hours of rake, the current module treats multiple movement under same RR No & date as different rakes which in turns created an anomaly while generating reports. 
Suggestion: If all movements created under same RR No, date & loading Rail Head, these movements shall be taken under one roof to make releasing of rake/calculation of release time/calculation of DC hours and amount in similar with actual ground procedure.
3.	While calculating free time for rakes, the Railways provisions for calculating free time (different rules applied for different Rail Heads i.e., 24 Hrs GS, 6.00 – 22.00 Hrs GS, siding, dies-non-hour) were not been fitted in, which results in inaccurate calculation of free time and thereby results in inaccuracies followed while calculating detention hours as well. 
Suggestion: To evade this, sufficient provisions may be updated in Anna Darpan module to make entries or provision to allow manual entry may be provided.",Movement,"Movement by Rail > Rake Release","Change Request",umesh.k,"P4 | Low (Impacting single user)","Low - S4",SE12,COIMBATORE,SE12,S,South,"Tamil Nadu",SE,NULL,255215,divya255215.fci@gov.in,9496566136,"Movement Division","2026-08-06 13:10:53",17220,YES
TKT-1-202607-01408,NULL,0,0,"2026-07-09 12:08:18",MANOJ,"Kindly approve it for CR consideration.",kshitiz.s,"2026-07-21 18:00:59","2026-07-21 18:00:59",CHANGE_REQUESTED,"Request to add feature Header in Reports Downloaded from Anna Darpan*","It has been observed that while downloading the Truck Chit or any other report from the Anna Darpan system, the header displays only *"Anna Darpan."*

It is requested that the header be modified to display *"Food Corporation of India – Anna Darpan"* instead. This was the format followed in the earlier Depot Online System and provides proper organizational identification on all downloaded reports.

The absence of Food Corporation of India header confusion during checking of trucks en route by traffic/police. This issue is being constntly being reported by drivers. 

Kindly make the necessary changes in the report header at the earliest.",Reports,"Reports > Movement Reports","Change Request",kshitiz.s,"P3 | Medium (Impacting 25% to 50% users)","Low - S4",EE14,CUTTACK,EE14,E,East,Orissa,EE,NULL,298284,manoj91.fci@gov.in,9777747464,"Stocks/PV Division","2026-09-15 11:49:18",22,YES
TKT-1-202607-01448,NULL,0,0,"2026-07-09 15:37:35",RAMYA,"Sir/Madam, the user is requesting to add CHEMICAL filter for FUMIGATION REGISTER so that for each chemical the total quantity they can see. Kindly verify the requirement and provide the necessary details.",umesh.k,"2026-07-20 14:44:23","2026-07-20 14:44:23",CHANGE_REQUESTED,"Request for Inclusion of Monthly Chemical Consumption Summary in Daily Fumigation and Spraying Registers","It is to inform you that, under the Quality Reports module, the Daily Fumigation Register and Daily Spraying Register currently display only the quantity of stock treated with chemicals. However, the reports do not generate the total quantity of chemicals consumed during the month.
In view of the above, it is requested to provide a provision in the system to automatically generate the total quantity of chemicals consumed for the stock treated during the selected month. This enhancement will facilitate accurate monitoring, reporting, and reconciliation of monthly chemical consumption.",Reports,Others,"Change Request",inish.d,"P4 | Low (Impacting single user)","Low - S4",SB14,VIJAYWADA,SB14,S,South,"Andhra Pradesh",SB,NULL,299386,ramy299386.fci@gov.in,8019194228,"Quality Division","2026-09-11 17:45:35",1286,YES
TKT-1-202607-01452,NULL,0,0,"2026-07-09 15:58:49","G NEHRU","Sir/Madam, the user is requesting to add CHEMICAL filter for FUMIGATION REGISTER so that for each chemical the total quantity they can see. Kindly verify the requirement and provide the necessary details.",umesh.k,"2026-07-20 14:42:13","2026-07-20 14:42:13",CHANGE_REQUESTED,"QUALITY FUMIGATION AND SPRAYING REGISTER DOESNOT CONTAIN TOTAL CHEMICAL CONSUMED IT ONLY SHOWS TOTAL QUANTITY OFRICE IN MT AND NO OF BAGS ","WE NEED TOTAL AMOUNT OF CHEMICAL CONSUMED IN MONTHLY REPORT DOWNLOADED FROM REPORTS QUALITY COLUMN OF ANNADARPAN IT IS SHOWING ONLY TOTAL QUANTITY OF RICE AND NO OF BAGS WE ALSO NEED TOTAL QUANTITY OF CHEMICAL CONSUMED TO TALLY WITH OUR PHYSICAL RECORDS , I AM ATTACHING THE DOWNLOADED REPORT FOR YOUR REFERENCE PLEASE CONTACT :+91 9515757227",Reports,"Reports > Storage Reports","Change Request",inish.d,"P4 | Low (Impacting single user)","Low - S4",SB14,VIJAYWADA,SB14,S,South,"Andhra Pradesh",SB,NULL,122744,gnehru.fci@gov.in,9440704983,"Quality Division","2026-09-07 17:12:49",3478,YES
TKT-1-202607-01454,NULL,0,0,"2026-07-09 16:14:36",MANOJ,"Please look into the given new requirement regarding the H&TC contract creation for the railhead, however currently it provision depot only.",richa.k,"2026-08-21 12:26:31","2026-07-20 17:28:36",PENDING_WITH_FCI,"Handling at Railhead option is not available","In the Contract Division, there are certain H&T contracts in which handling operations are carried out only at the Railhead. However, the Create H&TC module does not currently provide an option to select Railhead on the Handling page. It is, therefore, requested that a Railhead option be incorporated into the Handling page of the Create H&TC module. This enhancement will facilitate accurate recording of contract details and ensure proper maintenance of contract data in the system.","Contract Management","Contract Management > Handling & Transport Contract List","Change Request",richa.k,"P4 | Low (Impacting single user)","Low - S4",NI11,NULL,NULL,N,North,Uttaranchal,NI,NULL,277004,manojjmu.fci@gov.in,7889723369,"Contract Division","2026-09-15 15:30:36",-199,NO
TKT-1-202607-01491,NULL,0,0,"2026-07-09 20:08:58",SUDHAKAR,"Please check this requirement.",satish.d,"2026-07-17 11:10:38","2026-07-17 11:10:38",CHANGE_REQUESTED,"Damaged stocks not showing","On generation of NI statement from ID of AGM QC in Anna Darpan, it has been seen that depot wise NI information are not being generated. Therefore the provisions are to be made in anna darpan for generation of depot wise/commodity wise/crop year wise together for complete information regarding NI stocks.",Quality,"Preservation > Upgrade or Downgrade Stock","Change Request",satish.d,"P2 | High (Impacting more than 50% users)","Low - S4",NC13,HISSAR,NC13,N,North,Haryana,NC,NULL,193320,sudhakarbh.fci@gov.in,8054041423,"Quality Division","2026-09-14 13:26:00",465,YES
TKT-1-202607-01511,NULL,0,0,"2026-07-10 12:03:48","ABIRAMI P","Please kindly approve it for CR consideration.",sanjeet.k,"2026-07-13 11:08:01","2026-07-13 11:08:01",CHANGE_REQUESTED,"Date range to be added in Inventory Register","This is the only report in which category of Stock position is available in Quality Report, but only the current stock position can be checked. A date range if provided, then the same can be tallied for Fortnight/ Monthly statement. Also, the total net weight as per heading is in Quintals, but upon verifying the content, the provided stock position is in Metric Tonnes.",Reports,Others,"Service Request",sanjeet.k,"P4 | Low (Impacting single user)","Low - S4",SE12,COIMBATORE,SE12,S,South,"Tamil Nadu",SE,NULL,298399,abirami93.fci@gov.in,8148756922,"Quality Division","2026-09-16 09:23:48",-373,NO
TKT-1-202607-01517,NULL,0,0,"2026-07-10 12:24:45","ABIRAMI P","Please confirm if we can proceed with this user-requested enhancement.",inish.d,"2026-07-23 11:03:29","2026-07-23 11:03:29",CHANGE_REQUESTED,"Merging of reports/ generation in single report instead of various incomplete ones","In stock report, there is "Commodity current stock report" in which there is no date range available but rest all components is present except category of stock position. Likewise, there is "Date wise, Commodity wise current stock report", in which the date can be chosen but it is with incomplete details, as number of bags and bifurcation of variety & category of stock position is missing.",Reports,"Reports > Storage Reports","Change Request",inish.d,"P4 | Low (Impacting single user)","Low - S4",SE12,COIMBATORE,SE12,S,South,"Tamil Nadu",SE,NULL,298399,abirami93.fci@gov.in,8148756922,"Quality Division","2026-09-03 12:41:45",5370,YES
TKT-1-202607-01527,NULL,0,0,"2026-07-10 12:51:05",JAI,"Please check",vikram6singh,"2026-09-15 13:08:23","2026-09-15 13:05:19",ASSIGNED,"Hiring Upto date not correct showing.","Upto date should be 14.07.2027.  Which is wrongly showing 18-12-0018.",Storage,"Depot Administration > Hire Depot","Service Request",sanjeet.k,"P2 | High (Impacting more than 50% users)","Low - S4",WF12,BILASPUR,WF12,W,West,Chattisgarh,WF,NULL,154472,jai154472@fci.gov.in,9893879967,"Storage Division","2026-09-16 16:44:05",-629,NO
TKT-1-202607-01604,NULL,0,0,"2026-07-10 16:59:58",JAYANTHU,"Sir/Madam, the user is requesting to add evening stock position report, monthly receipt statement and monthly issue statement reports at divisional level. Kindly verify the requirement and provide the necessary details.",umesh.k,"2026-07-28 10:32:01","2026-07-28 10:32:01",CHANGE_REQUESTED,"Request to grant depot-specific viewing rights for all reports accessible through the Manager Depot login ID","Various depot-related reports are required at the Divisional Offices for submission or report compilation purposes. Currently, all depot-specific reports accessible under the log in of Manager (Depot) are not available to the Divisional Manager’s login, resulting in unnecessary delays in data collection. Additionally, there is no facility for cross-verification of reports submitted by the depots. Therefore, it is kindly requested that depot-specific viewing rights be granted for all reports under the Divisional Manager’s login.",Reports,"Report Scheduling Failures","Change Request",inish.d,"P4 | Low (Impacting single user)","Low - S4",FB20,TEZPUR,FB20,F,NEF,Assam,FB,NULL,110070,jayanthu.fci@gov.in,8142452720,"Storage Division","2026-09-09 17:30:58",2380,YES
TKT-1-202607-01608,NULL,0,0,"2026-07-10 17:14:34",ABINASH,"The Depot Manager has selected only Stack 5A12. Therefore, only this stack will be visible during the InWeight process.",satish.d,"2026-07-27 18:01:30","2026-07-13 10:38:15",CHANGE_REQUESTED,"NON standardization of weighment of bags as declared by AGM (QC) in his inspection. ","The lot was declared as BRL in account of Non standardization of bags in his inspection and accordingly the lot has been replaced by concerned miller but the replacement lot can not keep in parent stack.",Quality,Others,"Service Request",inish.d,"P4 | Low (Impacting single user)","Low - S4",EE16,SAMBALPUR,EE16,E,East,Orissa,EE,NULL,298113,abinashbehera.fci@gov.in,9658887484,"Procurement Division","2026-09-14 17:43:34",208,YES
TKT-1-202607-01642,NULL,0,0,"2026-07-11 14:14:50",RAKESH,"Respected Sir, Kindly look into the suggestion regarding the generation of Asset Reports at the Divisional Office (DO) level for all attached depots.",inzemamul.h,"2026-08-18 11:23:26","2026-07-28 16:32:26",PENDING_WITH_FCI,"Regarding Generation of ASSETS REPORTS at DO for all attached Depots","Sir,

It is requested to provide option for genration of reports at DO level (Section wise) for General Assets, IT Assets, QC assets etc for tracking availability under Depot for Divisional Manager ID. ","Asset & Inventory","Asset Management > Asset Stock Details List","Service Request",inzemamul.h,"P4 | Low (Impacting single user)","Low - S4",NG19,AJMER,NG19,N,North,Rajasthan,NG,NULL,143223,rakesh76.fci@gov.in,9610931460,"IT Division","2026-09-16 09:15:50",-365,NO
TKT-1-202607-01701,NULL,0,0,"2026-07-13 12:34:39",BIVIN,"Respected Sir , Please look into this suggestion.",saroj.m,"2026-07-17 12:21:49","2026-07-17 12:21:49",CHANGE_REQUESTED,"Request for Correction of Asset Category in Anna Darpan Asset Management Portal","Sir/Madam,

While uploading the General Asset details in the Anna Darpan Asset Management Portal, 04 (four) Wooden Chairs procured for FCI Divisional Office, Kollam were inadvertently mapped under the Asset Name "Table_Wooden (Single_Double_Drawer)" instead of the appropriate "Wooden Chair" asset category.

The details of the affected asset entries are available under Invoice No. DO/KLM/HK/WC/113672/1-4.

In view of the above, it is requested that the option to edit the Asset Name/category for the above asset entries may kindly be enabled in the Anna Darpan Portal, so that the assets can be correctly classified under the Wooden Chair category. Your kind assistance in this regard is highly appreciated.","Asset & Inventory","General Asset Management > Asset Procurement","Change Request",saroj.m,"P2 | High (Impacting more than 50% users)","Low - S4",SC18,QUILON,SC18,S,South,Kerala,SC,NULL,310903,bivin.310903@fci.gov.in,8113046527,"General/House Keeping Division","2026-09-15 14:10:00",-118,NO
TKT-1-202607-01704,NULL,0,0,"2026-07-13 12:58:54",RAVINDRA,"Kindly check comment",anshu.r,"2026-09-09 12:14:31","2026-09-09 12:14:31",PENDING_WITH_REQUESTER,"Date option not available while recording attendance","While recording labour attendance, date option is not available. Due to this issue, the staff is unable to enter labour attendance of labour who came on the days of staff holidays and staff week offs. It may affect the final report.Also, in case anna darpan found non working on some day, the staff can't be able to enter attendance on the very next day or in future days. Kindly resolve the issue soon please by providing date option. In case of any query kindly call Mr. Humaid (+91-9753823165) please. In case of any query, kindly call Mr. Humaid (+91-9753823165) please.","Labour Management","Labour Management > Record Labour Attendance","Change Request",anshu.r,"P4 | Low (Impacting single user)","Low - S4",WD12,BHOPAL,WD12,W,West,"Madhya Pradesh",WD,NULL,289783,ravindrajadam.fci@gov.in,7860819359,"IRL Division","2026-09-11 12:12:00",1781,YES
TKT-1-202607-01707,NULL,0,0,"2026-07-13 13:11:33",SHILPI,"Respected Sir, As discussed over the call kindly share the value cut calculation details and place of applicable (mandi, PPC, depot, etc) to take the further course of actions.",richa.k,"2026-07-16 12:33:56","2026-07-16 12:33:56",PENDING_WITH_FCI,"Issue in  moisture of Wagon wise analysis in wheat EX Rohtak","Hi Sir,
         It is requested to Change the moisture of wheat in wagon wise analysis which is upto 12% only while as per SOP the moisture can be upto 14% with value cut.It is requested to kindly look into the matter on urgent basis and change the moisture of analysis",Quality,"Quality > Quality Analysis Details List","Change Request",richa.k,"P4 | Low (Impacting single user)","Low - S4",WC21,AURANGABAD,WC21,W,West,Maharastra,WC,NULL,278710,shilpigupta278710.fci@gov.in,8005709083,"Quality Division","2026-09-16 14:00:00",-648,NO
TKT-1-202607-01714,NULL,0,0,"2026-07-13 14:06:57",SUJAN,"respected sir, kindly do confirm regarding which in which category the items has been added as user is not able to see the same.",sanjeet.k,"2026-08-05 11:21:16","2026-08-05 11:21:16",PENDING_WITH_FCI,"Non Availability of physically existing assets in AnnaDarpan Module.","Sir,
 it has been observed that certain assets physically available and in use at the depot are not reflected in the FCI AnnaDarpan Asset Management Portal.The physical verification confirmed the existence of these assets; however, corresponding asset records could not be traced in the portal. A list of the affected assets is enclosed for necessary action:
1. Nylon rope.
2. High mast light.
3. Digital BP recording machine.
4. Glucometer
5. Oxymeter.
And for the following items, the problem arising in each case is same, which is mentioned after listing the items:
1. Cast iron weight 375 pieces of 20 kg each.
2. Matric weights(50 kg, 20 kg, 10 kg, 5 kg etc.)
3. Scanner 02 units.
SInce each of the items are more than 01 units in all the aforementioned items, AD portal is not allowing to Add Record in any of the cases. Moreover, a pop up message keeps up displaying "Something went wrong' every single time. 
Screenshots are attached for your further reference.",Others,Others,"Service Request",sanjeet.k,"P1 | Urgent (Impacting 100% users)","Low - S4",EF21,HOOGHLY,EF21,E,East,"West Bengal",EF,NULL,100876,sujan100876.fci@gov.in,7890848663,"IT Division","2026-09-14 10:58:57",612,YES
TKT-1-202607-01726,NULL,0,0,"2026-07-13 15:22:29","PREETI SHARMA","Dear Sir/Madam, this is a change request. Kindly review and confirm",satish.d,"2026-07-21 14:23:26","2026-07-21 14:23:26",CHANGE_REQUESTED,"Regarding QC assets report at depot level ","As per the thorough check we found that the asset report in dead stock report not showing asset report between two dates currently this is showing only current balance. Hence it is requested to allow system to show the reports of quality assets like chemical balance between two dates.",Quality,"Quality Asset Management > Other","Change Request",inish.d,"P4 | Low (Impacting single user)","Low - S4",ND11,NULL,NULL,N,North,"Himachal Pradesh",ND,NULL,220931,preeti220931.fci@gov.in,7018880322,"Quality Division","2026-09-11 14:24:00",1488,YES
TKT-1-202607-01727,NULL,0,0,"2026-07-13 15:23:37",ASHU,"Kindly look into the concern and confirm whether the Stack Formation Date is updated during ISI PV for 100% weighment when the stock is re-stacked within the same stack/location.",sanjeet.k,"2026-07-14 10:11:59","2026-07-14 10:11:59",PENDING_WITH_FCI,"Regarding the new stack formed during ISI PV June 2026","This is to mention that ISI PV was conducted in FSD Gwalior for JUNE 2026 in which one stack namely 1A09 was weighted and is stacked in the same place itself. Upon doing the operation it was observed that the new receipt date for the newly created stack is not showing and it is showing the previous receipt date. Kindly update the new formation/receipt date as 08/07/2026 and resolve the issue at the earliest.",Storage,"Manage Stacks > Stack Killing","Change Request",sanjeet.k,"P1 | Urgent (Impacting 100% users)","Low - S4",WD14,GWALIOR,WD14,W,West,"Madhya Pradesh",WD,NULL,298298,ashupratap.fci@gov.in,9713688359,"Stocks/PV Division","2026-09-16 09:56:00",-404,NO
TKT-1-202607-01732,NULL,0,0,"2026-07-13 15:54:36",AJAY,"The user has requested that the provision for viewing the PV Submission Report also be made available under their login ID to ensure smoother and more efficient workflow operations. kindly check and do the needful",sanjeet.k,"2026-08-21 12:25:27","2026-07-14 04:18:53",PENDING_WITH_FCI,"ISI and QPV Reports on QPV Teams ","Sir, Recently I have done ISI and QPV of FSD Rampur. After Submitting the PV, There was nothing on my ID. I would request the one copy of the same should be on every QPV TEAM Member. So , That I can know what I have done. I took the same from the depot Manager on WhatsApp. I thing this option should be in Ann Darpan.   ","Physical Verification & Operational Losses (SL/TL)","Physical Verification > Completed PV List","Change Request",sanjeet.k,"P3 | Medium (Impacting 25% to 50% users)","Low - S4",WD14,GWALIOR,WD14,W,West,"Madhya Pradesh",WD,NULL,276612,ajaygupta84.fci@nic.in,8400443477,"Stocks/PV Division","2026-09-16 11:08:00",-476,NO
TKT-1-202607-01737,NULL,0,0,"2026-07-13 16:12:47",CHHAYA,"Sir, Please look into this user's request and provide us more details to proceed",inish.d,"2026-09-04 11:21:01","2026-09-04 11:21:01",PENDING_WITH_FCI,"Reflection of RMC in stack details.","In current days, Receipt Moisture content reflected after killing stack. So here requested to please provide RMC option at time of stack receipt for avoiding further conflict in SL statement. ",Storage,"Shed and Stacks","Change Request",umesh.k,"P4 | Low (Impacting single user)","Low - S4",WC20,PANVEL,WC20,W,West,Maharastra,WC,NULL,279184,chhaya279184.fci@gov.in,8425968472,"Quality Division","2026-08-17 10:55:00",13037,YES
TKT-1-202607-01740,NULL,0,0,"2026-07-13 16:43:53",CHANDAN,"Please kindly approve it for CR consideration.",anuj.s,"2026-07-25 16:32:09","2026-07-25 16:32:09",CHANGE_REQUESTED,"Unable to Create Second Batch for Same Rake Due to Part Placement Restriction","Issue Description:

Rake No. 427-14989 (58 Wagons) was placed at RH Himmatnagar for Shree Tirupati Trading Company Depot for unloading. USER ID 308378 AND Password Depot@123

* Part-1 Placement: 25 wagons placed at 00:10 hrs on 13.07.2026.
* Before Part-1 could be released, the Railway placed Part-2 of the same rake due to the release of a cement rake from the other side.
* As a result, unloading operations started simultaneously for both Part-1 and Part-2.

However, the Anna Darpan system is not allowing us to:

1. Create a second batch for the same rake before releasing Part-1.
2. Change the rake placement from Part Placement to Full Placement after the second part has been placed.

Due to these system restrictions, rake receipt and unloading operations are being hampered, resulting in operational delays.

Request:

Kindly provide a solution or enable the required functionality so that:

* A second batch can be created for the same rake when multiple parts are placed before the first part is released.
* The system allows updating the placement from Part Placement to Full Placement whenever the complete rake has been placed.

This issue is impacting day-to-day rake receipt and unloading activities. Kindly resolve it on priority.
",Movement,"Movement by Rail > Rake Placement","Change Request",anuj.s,"P4 | Low (Impacting single user)","Low - S4",WB14,SABARMATI,WB14,W,West,Gujarat,WB,NULL,308378,chandan308378@fci.gov.in,9667303237,"Movement Division","2026-09-11 17:19:00",1312,YES
TKT-1-202607-01744,NULL,0,0,"2026-07-13 17:18:26","P SUDHEER","Dear Sir/Madam, Kindly review this change request. The user has requested to modify the vacant space calculation from commodity-wise (Storage Capacity - Opening Balance) to division-wise (Total Capacity - Total Stock) in IO Statement. Please confirm.",satish.d,"2026-09-03 12:17:09","2026-09-03 12:17:09",CHANGE_REQUESTED,"Replication of storage capacities in each individual commodities","With reference to the Inflow & Outflow statement details submitted for July & August 2026, it is to submit that the available  storage capacity under this DO is same for all which means all commodities are to be stored in the same capacities. Whereas, in Anna Darpan the available storage capacity of entire DO has been considered separately for each commodity of which vacant space for each commodity is shown in higher than the available. Action may please be taken to rectify the same. The corresponding screen shots are attached herewith for reference please. ",Movement,"Movement Planning > Create IO Statement","Change Request",umesh.k,"P4 | Low (Impacting single user)","Low - S4",SB19,SRIKAKULAM,SB19,S,South,"Andhra Pradesh",SB,NULL,278352,p278352.fci@gov.in,8978850921,"Movement Division","2026-09-02 12:21:26",5930,YES
TKT-1-202607-01750,NULL,0,0,"2026-07-13 17:59:01",DEEPA,"kindly check the latest comment section.",sanjeet.k,"2026-09-14 11:40:29","2026-09-14 11:40:29",PENDING_WITH_REQUESTER,"RECORD OPTION AND ASSET OPTION  NOT AVAILABLE IN  ANNA DARPAN.  ","IN FIRE BUCKET, TIN BOX AND BEAM SCALE ADD OPTION  RECORD ARE NOT AVAILABLE IN ADD ASSET DETAILS. KINDLY RECTIFY THE SAME FOR ENTRY IN ASSET STOCK. 
FIRE STAND, FIRE HOOK, LANTERN,  FIRE SAFETY BALL AND BIOMETRIC OPTION ARE NOT AVAILABLE IN  ASSET PROCUREMENT. ","Asset & Inventory","General Asset Management > Asset Procurement List","Service Request",sanjeet.k,"P1 | Urgent (Impacting 100% users)","Low - S4",NI14,SRINAGAR(P.GARHWAL),NI14,N,North,Uttaranchal,NI,NULL,160598,deepas70.fci@gov.in,9458332395,"Storage Division","2026-09-15 15:44:01",-51,NO
TKT-1-202607-01754,NULL,0,0,"2026-07-14 08:44:14",PANKAJ,"Please do confirm regarding the inclusion of allocation period field during the token creation in the sales as per the user request.",pooja.11,"2026-07-17 16:53:26","2026-07-17 16:53:26",PENDING_WITH_FCI,"Request to provision the Allocation period during Token creation by GI....","Sir, as per GI id, it is not reflecting in the module that respective Release order is pertains to which Month`s allocation against the stock to be loaded/ issued to party.  

To ensure the lifting of stock as per instructions, Allocation period necessarily appeared to GI ID. 
Please look into the matter and provisioned.",Sales,"Sales > Create Token","Change Request",pooja.11,"P4 | Low (Impacting single user)","Low - S4",NG19,AJMER,NG19,N,North,Rajasthan,NG,NULL,276607,PANKAJ86.fci@gov.in,9887288383,"Sales Division","2026-09-15 12:28:00",-17,NO
TKT-1-202607-01755,NULL,0,0,"2026-07-14 09:19:13",AMIT,"Respected Sir/Madam,Kindly check our comments.",umesh.k,"2026-08-11 16:53:57","2026-08-11 16:53:57",PENDING_WITH_FCI,"BRL STOCK LIFTING REGARDING ","Sir, kindly guide us regarding the procedure for lifting/dispatch of BRL stock in Annadarpan. We are unable to process the lifting due to a lack of clarity on the workflow.

Request you to please provide the required steps or necessary guidance at the earliest so that the stock can be lifted without delay.

Thank you.",Quality,Others,"Change Request",satish.d,"P4 | Low (Impacting single user)","Low - S4",NC13,HISSAR,NC13,N,North,Haryana,NC,NULL,282570,amit282570.fci@gov.in,9709440546,"Procurement Division","2026-08-24 10:57:13",9806,YES
TKT-1-202607-01757,NULL,0,0,"2026-07-14 11:51:19",ABHIJEET,"Kindly do confirm whether the allocation has been done under the WBNP and SAG scheme for the chhattisgarh region for 2nd quarter 2026-27",sanjeet.k,"2026-07-18 12:14:49","2026-07-14 15:56:15",PENDING_WITH_FCI,"Non-availability of 2nd Quarter 2026-27 wheat allocation under WBNP & SAG Scheme in Anna Darpan Portal..reg.","It is submitted that the 2nd Quarter 2026-27 allocation quantity of wheat under the WBNP & SAG Scheme is not being displayed in the Anna Darpan Portal while issuing Release Orders (ROs) under DO Raipur, Chhattisgarh Region. You are requested to kindly get the allocation updated at the earliest to facilitate the issuance of ROs. In case of any clarification, the undersigned may be contacted at Mobile No.  8819900055- Manager (Sales)/7209819523- Assistant",Sales,Others,"Service Request",sanjeet.k,"P4 | Low (Impacting single user)","Low - S4",WF14,RAIPUR,WF14,W,West,Chattisgarh,WF,NULL,276824,abhivb.fci@gov.in,9511772171,"Sales Division","2026-09-15 16:02:19",-231,NO
TKT-1-202607-01792,NULL,0,0,"2026-07-15 10:24:38",PRADOSH,"Please kindly approve it for CR consideration.",anuj.s,"2026-07-21 15:51:23","2026-07-21 15:51:23",CHANGE_REQUESTED,"depot code not available in Railhead mapping to depot","While mapping a railhead to a depot, the corresponding depot code is not visible, which is causing confusion during the mapping process. It is requested that the depot code be displayed while selecting the depot. This enhancement will improve accuracy and be helpful for users at the regional level. ",Movement,Others,"Change Request",anuj.s,"P4 | Low (Impacting single user)","Low - S4",WD11,NULL,NULL,W,West,"Madhya Pradesh",WD,NULL,219471,pradosh219471@fci.gov.in,7869609509,"Movement Division","2026-09-15 15:24:38",-193,NO
TKT-1-202607-01818,NULL,0,0,"2026-07-15 12:09:52","SAURABH YADAV","user asking Depot-wise CMR Receipt Report, KMS-wise, for any user-defined date range, seems like change request, please check and give your suggestions.",inish.d,"2026-07-17 10:06:32","2026-07-17 10:06:32",CHANGE_REQUESTED,"Depot-wise CMR Receipt Report Between Two Dates Not Available","On checking the portal, it has been observed that there is no option to download or view the Depot-wise CMR Receipt Report for a selected date range (e.g., weekly, monthly, or any custom period). Although the portal provides an option to view the complete reconciled CMR data, it does not display the receipt details depot-wise, making it difficult and time-consuming to carry out reconciliation and monitoring activities. It is requested that a provision be incorporated in the portal to generate and download the Depot-wise CMR Receipt Report, KMS-wise, for any user-defined date range. This feature will greatly facilitate reconciliation, monitoring, and reporting of CMR receipts.",Procurement,"CMR > CMR Info","Change Request",inish.d,"P4 | Low (Impacting single user)","Low - S4",NI13,HALDWANI,NI13,N,North,Uttaranchal,NI,NULL,275474,saurab275474.fci@gov.in,7408700078,"Procurement Division","2026-09-15 11:28:52",43,YES
TKT-1-202607-01918,NULL,0,0,"2026-07-15 16:37:50",PENUMARTI,"Sir/Madam, the user is requesting to add Monthly stock account statement (MSA ) (Part 1, part 2, part 3) in the reports at DO Level. Kindly verify the requirement and provide the necessary details.",umesh.k,"2026-07-20 14:31:47","2026-07-20 14:31:47",CHANGE_REQUESTED,"Non availabilty of Monthly stock account statement (MSA ) (Part 1, part 2, part 3) in the reports at DO Level","Non availabilty of Monthly stock account statement (MSA ) (Part 1, part 2, part 3) in the reports at DO Level",Reports,"Reports > Storage Reports","Change Request",inish.d,"P3 | Medium (Impacting 25% to 50% users)","Low - S4",SB25,TADEPALLIGUDAM,SB25,S,South,"Andhra Pradesh",SB,NULL,315824,narendra315824@fci.gov.in,9398287729,"Stocks/PV Division","2026-09-11 13:13:50",1558,YES
TKT-1-202607-01991,NULL,0,0,"2026-07-16 14:54:01",BHARAT,"Respected Sir/ Madam, it is to inform that the issue has still not resolved.",290552,"2026-09-15 14:51:16","2026-09-15 14:51:16",ASSIGNED,"Discrepancy in ANNA Darpan Opening balnace for second fortnight June 26.","t is observed that in *Anna Darpan, the opening balance of the **first fortnight of June 2026 of Wheat* has been reflected as the opening balance of the *second fortnight of June 2026 of Wheat* in the *District-wise Stock Transaction Report for June 2026* in respect of *wheat*. The discrepancy may kindly be examined and rectified at the earliest.( pdf of reports extracted attached.",DISFM,Others,"Service Request",umesh.k,"P2 | High (Impacting more than 50% users)","Low - S4",NE11,NULL,NULL,N,North,"J & K",NE,NULL,290552,bharat90.fci@gov.in,9050123007,"Storage Division","2026-09-11 11:14:01",1854,YES
TKT-1-202607-01992,NULL,0,0,"2026-07-16 15:02:20",NIRMAL,"Sir/Madam, the user is requesting to Scheme Group Wise Allocation Offtake Report to Include Scheme-wise/Sub-scheme-wise Data. Kindly verify the requirement and provide the necessary details.",umesh.k,"2026-07-20 14:30:10","2026-07-20 14:30:10",CHANGE_REQUESTED,"Enhancement of "Scheme Group Wise Allocation Offtake" Report to Include Scheme-wise/Sub-scheme-wise Data","The "Scheme Group Wise Allocation Offtake" report available under the RO Reports module presently provides offtake details only at the broad scheme-group level (e.g., NFSA, OWS, Other Offtake). However, several official statements and the DISFM reporting process require allocation and offtake data at the individual scheme/sub-scheme level. For example, under NFSA, separate figures are required for AAY, PHH, Tide Over and NPRC; under PM Poshan, separate details are required for Primary, Upper Primary, and Balvatika; similarly, scheme-wise data is required for WBNP, various Other Welfare Schemes, and individual schemes under OMSS. Since these sub-scheme-wise details are not available in the existing report, preparation of statutory reports and statements becomes difficult.

It is requested to kindly confirm whether any existing report in Anna Darpan provides scheme-wise/sub-scheme-wise allocation and offtake details between two dates. If no such report is available, it is requested that the "Scheme Group Wise Allocation Offtake" report may be enhanced to display data at the individual scheme/sub-scheme level to facilitate reporting and operational requirements.",Reports,"Reports > Sales Reports","Change Request",inish.d,"P4 | Low (Impacting single user)","Low - S4",SC13,CALICUT,SC13,S,South,Kerala,SC,NULL,315303,nirmal.315303@fci.gov.in,9400051108,"Sales Division","2026-09-12 11:39:20",1112,YES
TKT-1-202607-01993,NULL,0,0,"2026-07-16 15:02:42",SA11_SUPER_ADMIN,"Sir/Madam, the user is requesting to add Date-wise Filter in Crop Year Wise Current Stock Report. Kindly verify the requirement and provide the necessary details.",umesh.k,"2026-07-20 14:28:52","2026-07-20 14:28:52",CHANGE_REQUESTED,"Add Date-wise Filter in Crop Year Wise Current Stock Report","Currently, the Crop Year Wise Current Stock Report displays only the current stock details and does not provide an option to generate the report based on a selected date.
Kindly add a Date-wise filter (From Date and To Date) in the Crop Year Wise Current Stock Report so that users can generate stock reports for a specific date or date range. This enhancement will help Regional and Zonal Offices retrieve historical stock data. If required kindly contact  +91 8438455718",Reports,Others,"Change Request",inish.d,"P4 | Low (Impacting single user)","Low - S4",,NULL,NULL,NULL,NULL,NULL,NULL,NULL,335,NULL,NULL,"Stocks/PV Division","2026-09-12 11:41:42",1110,YES
TKT-1-202607-02003,NULL,0,0,"2026-07-16 16:12:14",AMIT,"Please kindly approve it for CR consideration.",richa.k,"2026-07-21 12:22:18","2026-07-21 12:22:18",CHANGE_REQUESTED,"Enhancement Request: Add "All" option to active Depot lists in Depot Administration","Current Behavior:
In the Annadarpan, the active Depot List dropdowns/filters only allow users to select individual depots one at a time. There is no option to view data for all depots simultaneously.

Requested Change:
Please add an "All" option to the top of every depot list/dropdown menu within the Annadarpan.

Expected Result:
When a user selects "All", the system should load and display the data for all active depots combined, rather than restricting the view to just one depot.",Storage,Others,"Change Request",richa.k,"P4 | Low (Impacting single user)","Low - S4",WB11,NULL,NULL,W,West,Gujarat,WB,NULL,218651,amit218651@fci.gov.in,7415296494,"Storage Division","2026-09-16 10:14:14",-423,NO
TKT-1-202607-02005,NULL,0,0,"2026-07-16 16:19:54",AMIT,"sir, Capacity type can be updated to show in the list as COVERED/SILO/CAP AND SILO. But capacities cannot be shown in the list .since we have different stoarge types and also we have actual and defined capacity values.",inish.d,"2026-07-20 16:37:46","2026-07-20 16:37:46",CHANGE_REQUESTED,"Enhancement: Add "Depot Capacity" and "Depot Type" columns to the Depot List","Goal:
To provide more comprehensive data at a glance by adding two new informational columns to the main Depot List table.
Requested Changes:
Please update the grid/table layout in the Depot List view to include the following two new columns:
Depot Capacity: To display the storage or operational capacity of each depot.
Depot Type: To display the classification/category of each depot (e.g., Owned, Rented, Large, Small, etc.).
Expected Result:
When users view the Depot List, they should see these two new columns populated with the respective data alongside the existing depot details.",Storage,Others,"Change Request",umesh.k,"P4 | Low (Impacting single user)","Low - S4",WB11,NULL,NULL,W,West,Gujarat,WB,NULL,218651,amit218651@fci.gov.in,7415296494,"Storage Division","2026-09-15 15:15:54",-184,NO
TKT-1-202607-02007,NULL,0,0,"2026-07-16 16:27:37",AMIT,"The requestor is asking to add an "All" option for the Zone, Region, District, and Depot filters to generate consolidated reports.",umesh.k,"2026-07-20 17:32:25","2026-07-20 17:32:25",CHANGE_REQUESTED,"Request to add "All" option in both DO list and Depot list dropdowns in PV Reports","I would like to request a system enhancement to the PV Reports section to improve our reporting efficiency. Currently, the DO list and the Depot list dropdown filters only allow users to select and view items individually, which makes it very time-consuming when we need to generate comprehensive reports. Please update both of these dropdown menus by adding an "All" option at the very top of each list. Selecting this option should allow the system to fetch, aggregate, and display the consolidated report data for all Delivery Orders (DOs) and all Depots simultaneously.",Reports,Others,"Change Request",satish.d,"P4 | Low (Impacting single user)","Low - S4",WB11,NULL,NULL,W,West,Gujarat,WB,NULL,218651,amit218651@fci.gov.in,7415296494,"Stocks/PV Division","2026-09-15 15:22:37",-191,NO
TKT-1-202607-02012,NULL,0,0,"2026-07-16 16:49:25",AMIT,"But now displayed data is more than the actual capacity and also i have uploaded the incorrect capacity Screenshot",218651,"2026-08-14 12:36:14","2026-08-14 12:36:14",ASSIGNED,"Bug Report: Incorrect data displayed on the Analytics dashboard","We have observed that the data currently being displayed across the Analytics dashboard is incorrect and does not match our actual backend records or source reports. This discrepancy is impacting our ability to track metrics accurately, so we need the development team to investigate the data pipeline, calculation logic, or data source connection for this dashboard. Please review the dashboard metrics, identify the root cause of the incorrect figures, and apply the necessary corrections so that the dashboard reflects the true, accurate data.","Reporting & Analytics Tools","Data Discrepancies","Service Request",inish.d,"P4 | Low (Impacting single user)","Low - S4",WB11,NULL,NULL,W,West,Gujarat,WB,NULL,218651,amit218651@fci.gov.in,7415296494,"Storage Division","2026-07-21 12:57:25",24794,YES
TKT-1-202607-02032,NULL,0,0,"2026-07-17 11:31:41","MANOJ KUMAR MUNDOTIA","Respected Sir  The user is requesting an **ISI PV Stack Selection List** page to view the stacks selected for **ISI PV**  Kindly confirm whether this page can be provided. If approved, we will add the required functionality accordingly.",satish.d,"2026-07-22 14:52:38","2026-07-22 14:52:38",PENDING_WITH_FCI,"Stacks selection In ISI PV report not visible in Any ID at RO(AGM Storage,GM)","There is no option to generate any report to check which stacks has been selected for ISI PV as on 30.06.2026.We need stack selection for ISi PV report for Odisha region.","Physical Verification & Operational Losses (SL/TL)",Others,"Change Request",satish.d,"P4 | Low (Impacting single user)","Low - S4",EE11,NULL,NULL,E,East,Orissa,EE,NULL,275846,mkmundotia.fci@gov.in,7726020555,"Stocks/PV Division","2026-09-11 17:00:41",1331,YES
TKT-1-202607-02048,NULL,0,0,"2026-07-17 12:40:45",PRABHU,"Respected sir , Please share the SOP of the infestation complaints.",saroj.m,"2026-07-27 17:36:58","2026-07-27 17:36:17",PENDING_WITH_FCI,"Quality Complaint for infestation ","TNWC PEG Dharmapuri has received a rake with a Quality complaint as infestation. As per the circular Attaced or Existing practice followed in ths region. For Quality complaint in respect of infestation, the receiving depot will raise the complaint to the consignor, ICCS will record the observations and Dist QC Squad will verify the complaint & fumigation will be carried out by the receiving end and degasing will be done after the stipulated time. (if the rake received from FCI to FCI then complaint will be lodged and receiving end will not claim Fumigation charges, if the rake received from Agency to FCI & FCI to Agency  then complaint will be lodged and receiving end will claim Fumigation charges from the consignor end. 

Currently in the application, the Movy by rail QC complaints is routing as below. movememtByRail/wagonWiseQuality--> raisequalitycomplaint/rail-->qcComplaintInspection--> then it will route for joint QC complaint with consignor. In Actual after verification from Dist Squd, the complaint suppose to be clsoed at consignee district level. 

Hence it is requested to incorporate the provision for closing the QC complaints for infestaion at Consignee District / Regional level. (circular attached)",Quality,"Quality > QC Complaint Inspection","Change Request",saroj.m,"P3 | Medium (Impacting 25% to 50% users)","Low - S4",SE11,NULL,NULL,S,South,"Tamil Nadu",SE,NULL,287525,prabhu287525.fci@gov.in,9962085671,"Quality Division","2026-09-10 10:06:45",2285,YES
TKT-1-202607-02070,NULL,0,0,"2026-07-17 15:39:59",POULAMI,"Kindly do confirm the Wrong Allocation period is assigned while creating Release Orders",anshu.r,"2026-07-20 12:49:36","2026-07-20 12:30:13",PENDING_WITH_FCI,"Wrong Allocation period is assigned while creating Release Orders","Allocation period for FRK RRA RICE for Defence services as per additional allocation for the QE June,2026 is not available while creating the release order for the party SD KOLKATA ASC. The allocation period should be April'2026 to June'2026 (1st Quarter of FY 2026-27).",Sales,"Sales > View Release Order","Service Request",anshu.r,"P4 | Low (Impacting single user)","Low - S4",EF32,CALCUTTAPORT,EF32,E,East,"West Bengal",EF,NULL,317975,poulami317975@fci.gov.in,7003584112,"Sales Division","2026-09-15 14:19:59",-128,NO
TKT-1-202607-02073,NULL,0,0,"2026-07-17 15:59:23",N,"Dear Sir/Madam, User is asking the edit functionality for the invoice number in the asset module.  Kindly review and provide your approval",satish.d,"2026-07-27 19:10:36","2026-07-27 19:10:36",CHANGE_REQUESTED,"Request to allow change of invoice number.","Request to allow change of invoice number as under:
1. Invoice no. of 3 units of Almirah (steel Big) was wrong entered as 2955846. The correct invoice no. should be 2255846.
2. Inv. no. of 5 units of was wrongly entered as INV/PV/26-1000/DO/IMP/Table but the Correct Inv. no. is INV/PV/975.
3.  Inv. no. of 2 units of Computer chair has been wrongly entered as 2255698 instead of Inv. no. 2255689.","Asset & Inventory","General Asset Management > Other","Change Request",inish.d,"P4 | Low (Impacting single user)","Low - S4",FF12,D.O.IMPHAL,FF12,F,NEF,Manipur,FF,NULL,235071,n235071.fci@gov.in,9366464622,"General/House Keeping Division","2026-09-11 09:39:23",1772,YES
TKT-1-202607-02074,NULL,1,1,"2026-07-17 16:09:41",ANURADHA,"Please kindly approve it for CR consideration.",sanjeet.k,"2026-09-03 14:19:49","2026-09-03 14:19:49",CHANGE_REQUESTED,"Add Record tab not visible under ASset Procurement List of the user","While adding Asset Details under Asset Procurement list, only record 1 is visible and further  Add record option for asset details entry is not visible. Thus, hampering the asset details entry w.r.t. this division. Please refer to the attached image.","Asset & Inventory","IT Asset Management > Asset Procurement List","Change Request",vikram6singh,"P4 | Low (Impacting single user)","Low - S4",EA11,NULL,NULL,E,East,NULL,NULL,NULL,306234,anurad306234.fci@gov.in,7980660062,"IT Division","2026-09-10 12:00:41",2171,YES
TKT-1-202607-02086,NULL,0,0,"2026-07-17 17:31:30","MOHIT JAIN","Dear Sir/Madam,  The requestor is asking to provide a DO-level report for commodity-wise and crop year-wise receipt and issue data with a date range option. Kindly review the requirement and provide the necessary details.",umesh.k,"2026-07-23 17:11:17","2026-07-23 17:11:17",CHANGE_REQUESTED,"Request to add receipt data of depot at DO level, weekly, fortnightly, monthly, and from date to date.","Sir,
In respect of the subject cited above, at DO level there is no option for weekly, fortnightly, monthly and from date-to-date receipt data. Also, this data should be also in crop year wise, commodity wise, with from date-to-date option.
At present there is no such option is available at DO level.
Suggestion: - 1. At DO level, there should be an option to view the commodity wise, crop year wise receipt and issue data in from date-to-date format. So that compiled data can be viewed.",Reports,Others,"Change Request",umesh.k,"P4 | Low (Impacting single user)","Low - S4",NG19,AJMER,NG19,N,North,Rajasthan,NG,NULL,227811,mohit227811@fci.gov.in,9991375060,"Movement Division","2026-09-14 16:54:30",257,YES
TKT-1-202607-02105,NULL,0,0,"2026-07-18 11:32:07",SHANMUGAPRIYA,"Sir/Madam, the user is requesting to add quantity column in priority override usage report. Kindly verify the requirement and provide the necessary details.",umesh.k,"2026-07-21 16:54:52","2026-07-21 16:54:52",CHANGE_REQUESTED,"sir in priority override approval list, while generating report figures in metri tonne is not showing","sir in priority override approval list, while generating report figures in metric tonne is not showing.",Reports,Others,"Change Request",satish.d,"P4 | Low (Impacting single user)","Low - S4",SD12,BANGLORE,SD12,S,South,Karnataka,SD,NULL,265776,mspriyasenthil.fci@gov.in,9940489600,"Quality Division","2026-09-15 12:53:00",-41,NO
TKT-1-202607-02107,NULL,0,0,"2026-07-18 11:56:29",SHANMUGAPRIYA,"As this was not part of initial requirement, please advise on how to proceed with this requirement.",satish.d,"2026-07-22 17:34:57","2026-07-22 17:34:57",PENDING_WITH_FCI,"sir , priority override approval -request -reg","SIR, IN DIVISIONAL MANAGER ID , QUALITY >>>> IN PRIORITY OVERRIDE APPROVAL REQUEST, DATE IS NOT SHOWING.     IT IS DIFFICULT TO FILTER WITH DEPOT NAME AND DATE WISE RANGE , AS THE OPTIONS ARE NOT WORKING. COPY OF DIVISIONAL MANAGER APPROVAL PAGE IS ENCLOSED.",Quality,"Priority Listing > Request Override","Change Request",satish.d,"P4 | Low (Impacting single user)","Low - S4",SD12,BANGLORE,SD12,S,South,Karnataka,SD,NULL,265776,mspriyasenthil.fci@gov.in,9940489600,"Quality Division","2026-09-12 12:12:00",1080,YES
TKT-1-202607-02108,NULL,0,0,"2026-07-18 12:00:35",SHANMUGAPRIYA,"Sir/Madam, the user is requesting to add Date-wise Filter in Crop Year Wise Current Stock Report. Kindly verify the requirement and provide the necessary details.",umesh.k,"2026-07-20 14:28:12","2026-07-20 14:20:44",CHANGE_REQUESTED,"SIR DEPOT >>> QUALITY MODULE> REPORT> QUALITY REPORTS >>>WHILE GENERATING FUMIGATION REGISTER REPORT-REG","SIR, WHILE GENERATING FUMIGATION REGISTER REPORT, I GENERATED REPORT FOR THE MONTH OF JUNE 2026 TOTAL QUANTITY IN MT IS NOT SHOWING. ALSO I TRIED GENERATING REPORT IN EXCEL FORMAT, COULDNT TOTAL THE FIGURES . PLEASE CHECK THE FORMAT.",Reports,Others,"Change Request",inish.d,"P2 | High (Impacting more than 50% users)","Low - S4",SD12,BANGLORE,SD12,S,South,Karnataka,SD,NULL,265776,mspriyasenthil.fci@gov.in,9940489600,"Quality Division","2026-09-15 14:49:00",-157,NO
TKT-1-202607-02127,NULL,0,0,"2026-07-18 14:12:48",RITA,"Sir/Madam, Both depot request has created at region level on 23-04-2026 . Please contact Regional offical to cancel the request and then created a new request.",shrutipan966,"2026-09-14 15:57:17","2026-09-09 16:32:05",PENDING_WITH_REQUESTER,"inablility to raise modify depot request for change in depot capacity","While attempting to update the depot capacities in accordance with the Regional Office, Ranchi letter Ref. No. RO RO JH-27.0/6/2024-Storage RO JH dated 17.07.2026, whereby the capacities of FSD Podaiyahat and FSD Dumka have been revised from 10,000 MT to 12,528 MT and 10,200 MT to 12,702 MT, respectively, the system displays the error message: "Already request existing for this depot."

However, no pending request has been raised or is available for either of the depots.

You are requested to kindly look into the matter and resolve the issue at the earliest to enable the required capacity updates.",Storage,"Depot Administration > Modify Depot","Service Request",shrutipan966,"P4 | Low (Impacting single user)","Low - S4",ED15,DEOGHAR,ED15,E,East,Jharkhand,ED,NULL,161568,rita72.fci@gov.in,9474698467,"Storage Division","2026-09-16 15:26:00",-571,NO
TKT-1-202607-02164,NULL,0,0,"2026-07-19 10:24:42",BRIJESH,"Respected . sir please look into the Regarding Deletion of Extra Bins",anshu.r,"2026-07-21 15:41:58","2026-07-21 15:41:58",PENDING_WITH_FCI,"Regarding Deletion of Extra Bins ","Sir, Please delete Bin1,Bin2,Bin3, Bin4 and Preshipment bin all these are empty bins. At the time of Qms data migration these bins were added in DOS which furthur migrated to Anna Darpan. Please delete these bins so that Capacity of SILO can be matched.",Storage,"Administration > Depot Configuration","Service Request",anshu.r,"P4 | Low (Impacting single user)","Low - S4",NC14,KARNAL,NC14,N,North,Haryana,NC,NC14142,290636,tripathy.fci@gov.in,9415828042,"IT Division","2026-09-14 13:26:00",466,YES
TKT-1-202607-02182,NULL,1,1,"2026-07-20 12:16:38",KRISHNENDU,"Sir, as per the current workflow, Work Requests are forwarded to the higher scope level for approval. The user is requesting same-level approval, which is a change request. Kindly review and advise.",satish.d,"2026-09-15 10:19:37","2026-09-15 10:19:37",PENDING_WITH_FCI,"Unable to see the proper channel after creation of work requests.","After the creation of work requests in the Annadarpan portal, we are facing difficulties in tracking the requests. The subsequent officer path is not being displayed, which makes it unclear where the request is currently pending. Furthermore, the requests are not reflecting on the manager’s account, resulting in delays in the approval or rejection of projects.

This issue is causing significant disruption in workflow and project timelines. We kindly request your urgent intervention to resolve the problem and ensure that work requests are properly visible and trackable across all relevant accounts.","Engineering & Maintenance","Engineering & Maintenance > Work Request","Change Request",inish.d,"P4 | Low (Impacting single user)","Low - S4",EA11,NULL,NULL,E,East,NULL,NULL,NULL,316895,krishnendu316895@fci.gov.in,8436595651,"Engineering & Maintenance (Civil & Mechanical)","2026-08-05 11:18:00",17874,YES
TKT-1-202607-02192,NULL,0,0,"2026-07-20 12:35:45",SUBHASH,"Please look into the given user concern regarding the importing of the commodity allocation of mahe revenue district to keral region. However, mahe revenue distrcts is currently mapped with puducherryUT but operationally it reporting to kerala region",anuj.s,"2026-08-03 13:09:28","2026-08-03 13:09:28",PENDING_WITH_FCI,"Issue in Importing PM POSHAN 2nd Quarter Allocation for Mahe Revenue District in the Anna Darpan Portal.","It is observed that while importing the PM POSHAN 2nd Quarter allocation for Mahe Revenue District, which is being lifted from FSD Muzhappilangad, the quantity is being deducted from the PM POSHAN allocation of Kannur Revenue District in the Anna Darpan portal. Further, the allocation meant for the Mahe Revenue District is not being reflected in the Anna Darpan portal for the import process. It is requested that this issue be resolved at the earliest.",Sales,Others,"Service Request",anuj.s,"P4 | Low (Impacting single user)","Low - S4",SC16,MUZHAPPILANGAD,SC16,S,South,Kerala,SC,NULL,315337,subhash.315337@fci.gov.in,6238001930,"Sales Division","2026-09-11 11:21:00",1671,YES
TKT-1-202607-02211,NULL,0,0,"2026-07-20 14:16:53",SATHVIKA,"Please look into the given requirement regarding the provisioning of bulk selection (all) during the asset transfer.",pooja.11,"2026-07-21 15:11:55","2026-07-21 15:11:55",PENDING_WITH_FCI,"Bulk transfer provision","Please provide provision for bulk transfer of the articles for ex: we have purchased 1050 Kgs of LDPE sheets and here there is provision to enter only in units and the units cannot be changed to Kgs and if suppose 1050 units is entered, while transferring we need to select 1050 items manually and transfer which is a cumbersome process. Hence, provide for a bulk transfer option or provision to change the units to Kgs in storage asset management module","Asset & Inventory","Storage Asset Management > Asset Transfer","Service Request",pooja.11,"P4 | Low (Impacting single user)","Low - S4",SB22,VISHAKHAPATNAM,SB22,S,South,"Andhra Pradesh",SB,NULL,298293,ssathvika.fci@nic.in,9492733566,"Storage Division","2026-09-16 11:28:00",-496,NO
TKT-1-202607-02268,NULL,0,0,"2026-07-21 11:54:04",GIRRAJ,"Kindly do confirm whether the allocation has been done for 2nd quarter 2026-27(july to september-2026) through WBNP and SAG schemes.",sanjeet.k,"2026-07-21 17:12:52","2026-07-21 17:12:52",PENDING_WITH_FCI,"अन्न दर्पण में ICDS QTR-II (MH) का आवंटन प्रदर्शित नहीं होने के सम्बन्ध में |","महोदय/महोदया,
     उपरोक्त विषयान्तर्गत लेख है कि समेकित बाल विकास योजना (ICDS) के तहत महाराष्ट्र (MH) सरकार हेतु भाखानि,मुख्यालय से   वित्तीय वर्ष 2026-27 की द्वितीय त्रैमास (जुलाई से सितम्बर 2026) के लिए खाद्यान्न उठाव की स्वीकृति प्राप्त हुई है के क्रम में  भारतीय खाद्य निगम, क्षेत्रीय कार्यालय जयपुर के पत्र क्रमांक RO RJ-26012(14)/1/2024-SS-RO RJ दिनांक 10-07-2026 के अनुसार, कोटा मण्डल कार्यालय से महाराष्ट्र सरकार हेतु IInd Qtr 2026-27 (July to September- 2026) हेतु WBNP Scheme में Wheat 1440.30 MT & Rice 2410.90 MT and SAG Scheme में Wheat 61.10 MT & Rice 88.60 MT के उठाव की अनुमति प्रदान की गई है।

     उक्त स्वीकृति के क्रम में जब भाखानि,क्षेत्रीय कार्यालय ,जयपुर को स्वीकृत मात्रा अन्न दर्पण पोर्टल पर अपडेट नही हो रही क्योकि उच्च कार्यालय द्वारा मात्रा को अन्न दर्पण पोर्टल में उपडेट नही की  गई है जिस कारण से  मण्डल कार्यालय द्वारा 'अन्न दर्पण' पोर्टल पर निर्गमन आदेश  जारी करने का प्रयास किया जा रहा है, तो पोर्टल पर इस योजना (ICDS QTR-II MH) से संबंधित आवंटित मात्रा (Allocated Quantity) प्रदर्शित नहीं हो रही है।

     मात्रा प्रदर्शित न होने के कारण पोर्टल पर प्रविष्टि  करना और समय पर निर्गमन आदेश जारी करना संभव नहीं हो पा रहा है। खाद्यान्न उठाव की निर्धारित वैधता अवधि सीमित होने के कारण इस तकनीकी समस्या का त्वरित समाधान आवश्यक है ताकि आवंटन का उठाव समय-सीमा में सुनिश्चित किया जा सके।

अतः आपसे विनम्र अनुरोध है कि उक्त योजना के तहत पोर्टल पर आवश्यक डेटा एंट्री  अपडेट करवाने की कृपा करें ताकि मण्डल कार्यालय,कोटा  द्वारा बिना किसी विलंब के निर्गमन आदेश  जारी किया जा सके।",Sales,Others,"Service Request",sanjeet.k,"P3 | Medium (Impacting 25% to 50% users)","Low - S4",NG11,NULL,NULL,N,North,Rajasthan,NG,NULL,119231,giriraj.fci@gov.in,9460314055,"Sales Division","2026-09-15 14:50:04",-158,NO
TKT-1-202607-02294,NULL,0,0,"2026-07-21 14:24:04",DEEPJYOTI,"Sir/Madam, currently, an entire invoice cannot be deleted or cancelled in Asset Procurement; only individual assets can be edited or cancelled. Kindly confirm if invoice-level deletion/cancellation is required for implementation.",inish.d,"2026-08-24 17:59:57","2026-08-24 17:59:57",PENDING_WITH_FCI,"Double entry made when procuring 10 APC UPS.","While performing Asset entries for UPS, this office has made duplicate entries thw incoice no. 4947286 dated 28.03.2026 and GEM-57549116 dated 28.03.2025 are same. Therefore, it is requested to kindly delete the entries of invoice no. GEM 57549116 to avoid further confusion.","Asset & Inventory","IT Asset Management > Asset Procurement","Change Request",inish.d,"P4 | Low (Impacting single user)","Low - S4",FF11,NULL,NULL,F,NEF,Manipur,FF,NULL,318500,DEEPJYOTI318500@FCI.GOV.IN,7002098566,"IT Division","2026-09-11 09:23:04",1953,YES
TKT-1-202607-02305,NULL,0,0,"2026-07-21 15:36:36",NARENDRA,"Respected Sir, kindly do the needful to add the mentioned asset.",inzemamul.h,"2026-07-21 16:45:49","2026-07-21 16:45:49",PENDING_WITH_FCI,"add the chemical for mim test in asset name","The chemicals using in MIM test i.e Bromothymol blue and Methyl red are not showing in drop down of asset name. The quantity of these chemicals are in grams.","Asset & Inventory","Quality Asset Management > Asset Procurement","Service Request",inzemamul.h,"P4 | Low (Impacting single user)","Low - S4",NH13,BAREILLY,NH13,N,North,"Uttar Pradesh",NH,NULL,194224,narend194224.fci@gov.in,7508427242,"IT Division","2026-09-16 09:58:36",-407,NO
TKT-1-202607-02338,NULL,0,0,"2026-07-22 10:17:26",BALAMURUGAN,"Please kindly approve it for CR consideration.",richa.k,"2026-09-01 13:22:17","2026-09-01 13:22:17",CHANGE_REQUESTED,"Request to give option to view consignee depot in the Movement list option -reg","Please see the attached screenshot of Movement list in Movement by Rail option. Please note that the Consignee depot is not reflected in Movement list, due to which Regional & Divisional Offices are not able to track the pending rake list for closing and not able to identify the rake also. It is severely affecting the monitoring of rakes from Regional level. Please add a Consignee column also in Movement list option for resolving the issue.",Movement,"Movement by Rail > Movement List","Change Request",richa.k,"P4 | Low (Impacting single user)","Low - S4",SC20,TRIVANDRUM,SC20,S,South,Kerala,SC,NULL,312692,bala312692@fci.gov.in,7904102557,"Movement Division","2026-09-15 13:14:26",-63,NO
TKT-1-202607-02353,NULL,0,0,"2026-07-22 11:33:47",SHANKARANAND,"kindly share the rake movement reference number for the further course of action",sanjeet.k,"2026-09-09 17:07:18","2026-09-09 17:07:18",PENDING_WITH_REQUESTER,"Urgent: Rectification of Data Mismatch in AnnaDarpan for Joint Verification","It is informed that a Joint Verification is being conducted at CWC Gadag under the Divisional Office, Hubballi, in connection with the high transit loss of 0.59% observed in the rake receipt (Ex-LPJL to CWC Gadag, RR No. 262000768).
While creating the Joint Verification team in the AnnaDarpan portal for the said rake, the Divisional Office encountered an issue. As per the actual receipt, the rake consists of 49 wagons with an actual transit loss of 0.59%. However, the AnnaDarpan portal is displaying only 13 wagons and a transit loss of 0.63%(Screenshot of the page is attached), resulting in a mismatch that is preventing the Joint Verification process.
In view of the above, it is requested to kindly resolve the issue in the AnnaDarpan portal at the earliest so that the Joint Verification can be conducted without further delay.",Movement,Others,"Service Request",sanjeet.k,"P4 | Low (Impacting single user)","Low - S4",SD13,HUBLI,SD13,S,South,Karnataka,SD,NULL,294200,shanka294200.fci@gov.in,8870663340,"Stocks/PV Division","2026-08-12 15:46:47",14529,YES
TKT-1-202607-02368,NULL,0,0,"2026-07-22 12:41:07",PRIYA,"Respected Sir, kindly do confirmation regarding extension of RO, refer the attachment of RO details.",richa.k,"2026-08-01 12:21:37","2026-08-01 12:21:37",PENDING_WITH_FCI,"REGARDING EXTENSION DATE FOR WBNP IST QTR 26-27  RELEASE ORDER ","उपरोक्त विषय के संदर्भ में निवेदन है कि WBNP 1ST QTR 26-27 के लिए अन्नदर्पण पोर्टल पर जारी निर्गमन आदेशों की वैधता अवधि बढ़ने संबंधी ,क्षेत्रीय कार्यालय,पंचकुला से पत्र प्राप्त हुआ है जिसमे वैधता अवधि को 30.06.2026 से बढ़ाकर 15.08.2026 कर दिया गया है| इस संबंध में जिस निर्गमन आदेश की अवधि बढ़ाई जानी है, उनकी सूची संलग्न पीडीऍफ़ में उपलब्ध कराई गई है।उक्त  निर्गमन आदेश की वैधता अवधि 15.08.2026 तक अन्नादर्पन पोर्टल पर अपडेट करने का कोई विकल्प दिखाई नहीं दे रहा है|अतः आपसे अनुरोध है कि उक्त निर्गमन आदेश की वैधता अवधि 15.08.2026 तक अन्नादर्पन पोर्टल पर अपडेट करने का श्रम करे|",Sales,Others,"Service Request",richa.k,"P4 | Low (Impacting single user)","Low - S4",NC11,NULL,NULL,N,North,Haryana,NC,NULL,311060,Priya.70116@fci.gov.in,9013932150,"Sales Division","2026-09-14 13:14:07",478,YES
TKT-1-202607-02373,NULL,1,1,"2026-07-22 12:59:30","MOHAMMAD SHOAIB","The requestor is requesting to display additional free time and actual DC hours in the Rake-wise Demurrage and Wharfage Report at the Divisional Office level. Kindly verify the requirement and provide the necessary details.",umesh.k,"2026-07-24 10:39:35","2026-07-24 10:39:35",CHANGE_REQUESTED,"Regarding the incorrect display of DC information in the movement report.","At the divisional office level, when the 'Rake-wise Demurrage and Wharfage Report' is viewed under 'Movement Reports' using the Manager (Operations) ID, information regarding additional free time is not displayed; consequently, the actual Demurrage Charge (DC) hours levied on the rake cannot be ascertained.Meanwhile, information regarding the actual DC—including additional free hours—is available in the report for the concerned warehouse.",Reports,"Reports > Movement Reports","Change Request",umesh.k,"P4 | Low (Impacting single user)","Low - S4",WC22,AMRAVATI,WC22,W,West,Maharastra,WC,NULL,100083,md.sho100083.fci@gov.in,8305525202,"Movement Division","2026-09-14 13:27:30",464,YES
TKT-1-202607-02374,NULL,0,0,"2026-07-22 13:01:32","KAMAL RAJ N R","Kindly check the comment section",satish.d,"2026-07-27 19:22:58","2026-07-27 19:22:58",PENDING_WITH_FCI,"No. of asset in record not coming correctly","Under General Asset Furniture and fixture category 10 wooden benches were added. However only one record is coming instead of 10","Asset & Inventory","General Asset Management > Asset Procurement List","Service Request",inish.d,"P4 | Low (Impacting single user)","Low - S4",SC20,TRIVANDRUM,SC20,S,South,Kerala,SC,NULL,292205,kamalraj.fci@gov.in,9496365937,"General/House Keeping Division","2026-09-14 16:37:32",274,YES
TKT-1-202607-02375,NULL,0,0,"2026-07-22 13:01:59",JAI,"The requestor is requesting a depot-wise consolidated Daily Evening Balance Report at the Divisional Office level with variety-wise and crop year-wise stock details for all depots. Kindly verify the requirement and provide the necessary details.",umesh.k,"2026-07-22 18:34:13","2026-07-22 18:34:13",CHANGE_REQUESTED,"REGARDING DEPOT WISE DAILY EVENING BALANCE REPORT","AS DIVISION THERE IS NO OPTION OF REPORT GENERATION IN DEPOT WISE MANNER, AS DIVISIONAL OFFICE BILASPUR WE WANTED A CONOLIDATED REPORT HAVING DAILY EVENING STOCK POSITION DATE WISE OF ALL DEPOT BY DEPOT NAME & DESCRIPTION LIKE VERIETY WISE, CROP YEAR WISE  (Raw Rice, Common, 2025-26,Kharif Marketing season 2025-26, FRK Raw Rice, Common, 2024-25, FAQ - 216460 IE) . ATTACHMENT IS REPORT GENERATED BY DEPOT . WE WANTED SAME DATA OF ALL DEPOT SORTED BY CROP YEAR & VERIETY WISE IN SINGLE REPORT . ",Reports,"Reports > Storage Reports","Change Request",inish.d,"P4 | Low (Impacting single user)","Low - S4",WF12,BILASPUR,WF12,W,West,Chattisgarh,WF,NULL,154472,jai154472@fci.gov.in,9893879967,"Storage Division","2026-09-15 15:09:59",-178,NO
TKT-1-202607-02376,NULL,0,0,"2026-07-22 13:02:36","KAMAL RAJ N R","Respected Sir, kindly do the needful to add the mentioned asset.",inzemamul.h,"2026-07-24 15:29:56","2026-07-24 15:29:56",PENDING_WITH_FCI,"Specification for Typewriter not found","Specification for Typewriter not found","Asset & Inventory","General Asset Management > Asset Procurement","Service Request",inzemamul.h,"P4 | Low (Impacting single user)","Low - S4",SC20,TRIVANDRUM,SC20,S,South,Kerala,SC,NULL,292205,kamalraj.fci@gov.in,9496365937,"IT Division","2026-09-15 16:24:36",-253,NO
TKT-1-202607-02394,NULL,0,0,"2026-07-22 14:19:32",MOHAN,"Please kindly approve it for CR consideration.",anshu.r,"2026-09-01 11:40:19","2026-09-01 11:40:19",CHANGE_REQUESTED,"Provision of add record option for platform scales in category other storage asset -Reg.","No provision of Add record option for addition of more units under the assest name : platform scale.","Asset & Inventory","Storage Asset Management > Asset Procurement List","Change Request",anshu.r,"P4 | Low (Impacting single user)","Low - S4",SF18,WARANGAL,SF18,S,South,Telangana,SF,NULL,318605,mohan318605@fci.gov.in,9959135508,"IT Division","2026-09-16 10:20:32",-429,NO
TKT-1-202607-02403,NULL,0,0,"2026-07-22 15:11:48","PARTAP SINGH KUNWAR","Kindly check the comment section",satish.d,"2026-08-05 18:13:41","2026-08-05 18:13:41",PENDING_WITH_FCI,"difiiculty in asset entery  reg.","we have made enteries of sand snakes in asset procurement but then uanble to add details in asset procurement list. Error is reflecting that unable to save data. Please look into the matter and resolve on priority. ","Asset & Inventory","Quality Asset Management > Asset Procurement List","Service Request",inish.d,"P4 | Low (Impacting single user)","Low - S4",NI13,HALDWANI,NI13,N,North,Uttaranchal,NI,NULL,160602,pratap66.fci@gov.in,9412437818,"Quality Division","2026-07-27 17:58:48",-329,NO
TKT-1-202607-02411,NULL,0,0,"2026-07-22 16:00:56",PENUMARTI,"Please kindly approve it for CR consideration.",sanjeet.k,"2026-08-04 15:05:16","2026-08-04 15:05:16",CHANGE_REQUESTED,"Non availability of consolidated report of storage loss of shed wise in 29.10 statement","It is observed that the consolidated shed-wise storage loss report is not available in the 29.10 statement. It is requested that necessary instructions may kindly be issued for incorporating a consolidated shed-wise storage loss report in the 29.10 statement. The availability of a consolidated report will facilitate ease of monitoring, analysis, and divisional consolidation",Reports,"Reports > Storage Reports","Change Request",sanjeet.k,"P4 | Low (Impacting single user)","Low - S4",SB25,TADEPALLIGUDAM,SB25,S,South,"Andhra Pradesh",SB,NULL,315824,narendra315824@fci.gov.in,9398287729,"Stocks/PV Division","2026-09-12 09:46:56",1225,YES
TKT-1-202607-02413,NULL,0,0,"2026-07-22 16:02:00",ed12030_01,"Sir/ Mam, Issue has not been resolved till now, please resolve this issue on priority basis.",ed12030_01,"2026-09-03 11:01:59","2026-08-17 11:36:31",ASSIGNED,"ANNA DARPAN के डाटा में सुधार करने के संबंध में |","MARCH 2026 में TICKET RAISE किया गया था जिसमे 1 BAG का अंतर बताया गया था किन्तु उस समय उसका कोई निष्कर्ष नहीं हो पाया , अभी कुछ समय बाद इसका निष्कर्ष के रूप में कुछ STACKS में 1BAGS और उसका वजन डाल दिया गया जिसका कोई जरुरत ही नहीं था, यहाँ तक की उन STACKS को भी गलत कर दिया गया जिसमे कोई दिक्कत ही नहीं था | अतः श्रीमान से निवेदन करता हूँ की जो भी 1BAGS और उसका वजन डाल दिया गया उसको हटा दिया जाये |

Sir/ mam, aise total 8 stacks hai jisme 1 palla bag add hone ke baad weight bhi add kar diya gaya hai aur 4 stacks aise hai jisme 1 palla bag add hone ke baad weight minus ho gaya hai, jiske kaaran data mismatch ho gaya hai, aapse anurodh hai iska resolution karen. ID hai - ed12030_01 pass - AnnaDarpan#123 Mobile no. - 9835881724.",Storage,"Gunny Management > Palla & Madeup Issue","Change Request",umesh.k,"P4 | Low (Impacting single user)","Low - S4",ED12,DHANBAD,ED12,E,East,Jharkhand,ED,ED12030,ed12030_01,ed12030_01@gmail.com,1121931964,"Storage Division","2026-08-08 10:13:00",16497,YES
TKT-1-202607-02438,NULL,0,0,"2026-07-22 17:19:10",HEENA,"The user has requested that the BG Amount field be made non-mandatory or that an option be provided to enter ₹0 in the H&TC Contract screen. Please look into it.",inish.d,"2026-07-23 12:00:46","2026-07-23 12:00:46",PENDING_WITH_FCI,"रैक कार्य हेतु मूवमेंट में नए h&tc का नाम जुड़वाने के संबंध मे(railhead hindaun city)","हैंडलिंग एवं परिवहन एजेंट द्वारा किसी भी प्रकार की बैंक गारंटी  जमा नहीं कराई गयी है एवं बैंक गारंटी 
 का कोई भी प्रावधान नहीं है | प्रधान कार्यालय स्तर पर हैंडलिंग एवं परिवहन एजेंट द्वारा सिक्यूरिटी डिपोजिट 605348.00 राशि ही जमा करवाए गयी है |
"annadarpan portal मे BG amount जीरो डालने पर accept नही किया जा रहा"(asper screenshot attached)

   अत: उक्त के संबंध मे अतिशीघ्र समाधान करने का श्रम करे ताकि अन्नदर्पण पोर्टल पर एचटीसी ऐड किया जा सके","Contract Management","Contract Management > Handling & Transport Contract List","Change Request",umesh.k,"P4 | Low (Impacting single user)","Low - S4",NG11,NULL,NULL,N,North,Rajasthan,NG,NULL,296850,heena296850.fci@gov.in,9660006807,"Contract Division","2026-09-15 16:27:10",-255,NO
TKT-1-202607-02523,NULL,0,0,"2026-07-23 13:52:18",HARISH,"During procurement, ot were also completed. However, the mandi status report is showing 76.4MT as received by OT, where there is difference of 15.94 in the report. So please rectify the discrepancy so that the report reflect correct received quantity",101802,"2026-09-14 15:14:27","2026-09-14 15:14:27",ASSIGNED,"Missmatch in procurment data of Najafgarh Mandi RMS 2026-27 URS","Sir,
This is to inform you that data feeded from procurment division during procurment RMS 2026-27 URS is contradictory in reference to data available under report section. It is to mention here that the actual procurement done in the Najafgarh Mandi during RMS 2026-27 is 92.340 MT. Although the same is not visible under report section of the Anndarpan module. Kindly look into the issue on urgent basis.  As the same is required for the ZPRM dated:24.07.2026",Reports,"Mandi > Mandi Operation","Service Request",inish.d,"P4 | Low (Impacting single user)","Low - S4",NB11,NULL,NULL,N,North,Delhi,NB,NULL,101802,harishns.fci@gov.in,9820316053,"Procurement Division","2026-08-18 15:46:18",12334,YES
TKT-1-202607-02536,NULL,0,0,"2026-07-23 15:06:42",VARSHA,"Kindly do confirm on inclusion of the "Lifting Month" column in the RO List.",vikram6singh,"2026-08-05 15:27:23","2026-08-05 15:27:23",PENDING_WITH_FCI,"Month of Release Order Regarding....","Sir,
       When a R.O is created & approved by CA, then in approved R.O segment , Month column Of the Release Order is missing due to which it becomes difficult to ascertain the month in which Release Order has been created. Kindly rectify the issue please.",Sales,"Sales > View Release Order","Service Request",inzemamul.h,"P3 | Medium (Impacting 25% to 50% users)","Low - S4",NG14,JAIPUR,NG14,N,North,Rajasthan,NG,NULL,276542,varsha84.fci@gov.in,8696367313,"Sales Division","2026-09-11 16:17:42",1374,YES
TKT-1-202607-02627,NULL,0,0,"2026-07-24 12:06:34",MANISHA,"Respected Sir,Please do confirm regarding the inclusion of revenue districts fields in view release order.",richa.k,"2026-07-24 13:00:32","2026-07-24 13:00:32",PENDING_WITH_FCI," Revenue Districts not reflecting Upon viewing Release Orders.","While creating release order for any selected revenue district, the option for checking /editing the reveue district is not available even before approval of the release order as reveue district is not reflecting in the same. Moreover Revenue district for any created release order is also not visible thus making it difficult to confirm the revenue district. While checking the already allocated commodity under Wheat Tide /over NFSA from planned allocation for Shimla District, there was no deduction in planned allocation after RO creation. Hence it is requested to allow system to show Revenue District for which RO has been created. Screenshots attached for reference.",Sales,"Sales > View Release Order","Change Request",richa.k,"P4 | Low (Impacting single user)","Low - S4",ND11,NULL,NULL,N,North,"Himachal Pradesh",ND,NULL,283424,manisha283424@fci.gov.in,9459236625,"Sales Division","2026-09-16 10:13:34",-422,NO
TKT-1-202607-02686,NULL,0,0,"2026-07-24 20:21:33",PIYUSH,"kindly approve the extension of the mentioned RO to take the further course of action.",sanjeet.k,"2026-08-10 17:13:39","2026-08-10 17:13:39",PENDING_WITH_FCI,"RO EXTENSION","For Ethanol, OMSS (D) Scheme it is unable to extend the Release order in AnnaDarpan which is creating problems and to resolve the issue a new Release Order have to be created with pending quantity.Kindly resolve the Issue so that RO can be extended multiple times with number of days as required by the party/Divisional Offices.",Sales,Others,"Service Request",sanjeet.k,"P1 | Urgent (Impacting 100% users)","Low - S4",EC24,JAMUI,EC24,E,East,Bihar,EC,NULL,276219,psharma.fci@gov.in,7978571869,"Sales Division","2026-09-15 09:14:00",178,YES
TKT-1-202607-02689,NULL,0,0,"2026-07-25 10:35:11","BALLA SUNEETHA KUMARI","respected sir/ma'am, kindly check the comment section and do the needful",sanjeet.k,"2026-09-10 18:08:19","2026-09-10 18:08:19",PENDING_WITH_FCI,"Request adding/transfer of Smt. G. Nookalamma, Dept. Labour- reg.","Smt. G. Nookalamma, Dept. Labour working in DO Visakhapatnam but her profile was under Sirohi Depot, DO, Udaipur, later by request her profile was transferred to DO Visakhapatnam from their side, but the name of the DL is not showing under the labour list of Main Depot Visakhapatnam (SB22 - VIZAG(. this office informed the Headquarters through Region Office, and also mailed to Headquarters DPS Section, but still the labour has not been added to the labour list of Main Depot Visakhapatnam (SB22 - VIZAG(. As day to day attendance has to be marked on AnnaDarpan, it is requested to resolve the issue at the earliest.","Labour Management","Labour Management > Add Labour","Service Request",sanjeet.k,"P4 | Low (Impacting single user)","Low - S4",SB22,VISHAKHAPATNAM,SB22,S,South,"Andhra Pradesh",SB,NULL,145257,suneet145257.fci@gov.in,8121449736,"IRL Division","2026-09-01 16:10:11",6242,YES
TKT-1-202607-02705,NULL,0,0,"2026-07-25 12:12:05",AWANISH,"Respected Sir, please look into given new requirements regarding the inclusion of quantity and stack formation date on the sampling screen.",richa.k,"2026-08-24 16:33:04","2026-08-24 16:33:04",PENDING_WITH_FCI,"Flexibility in stack sampling details","1. Quantity data should be automatically fetched after entering shed and stack number.
2. Stack Storage FROM DATE should also be fetched automatically.
3. There should be option for selecting TO DATE for convenience. ",Quality,"Quality > Stack Sampling","Change Request",richa.k,"P4 | Low (Impacting single user)","Low - S4",NH26,ALLAHBAD,NH26,N,North,"Uttar Pradesh",NH,NH26033,185879,awan.185879@fci.gov.in,7565030506,"Quality Division","2026-09-16 12:56:05",-584,NO
TKT-1-202607-02728,NULL,0,0,"2026-07-25 16:14:28",AMIT,"Workflow for residential flats under ROs to be restricted to RO only. Not to be forwarded to Zonal Office.",arti.1.t,"2026-08-10 10:36:35","2026-08-10 10:36:35",CHANGE_REQUESTED,"Clarification regarding workflow for raising repair and maintenance work requests for residential flats under Regional Office","It is submitted that, in the present system, whenever a repair and maintenance work request for residential flats under the Regional Office (RO) is raised, the request is automatically forwarded to the Zonal Office for approval.
However, as per the Delegation of Powers (DoP), the Administrative Approval & Expenditure Sanction (AA&ES) for repair and maintenance works pertaining to residential flats under the Regional Office is to be accorded by the General Manager (Region). Further, the authority for the award of work is also vested with the competent authority at the RO level, as per the DoP.
In view of the above, it is requested to resolve the issue for repair and maintenance work requests for residential flats under the Regional Office so that such requests raised at RO level and routed to and approved by the competent authority at the RO level only, in accordance with the provisions of the DoP, instead of being automatically escalated to the Zonal Office.
It is also requested that, if required, the workflow in the system may kindly be modified to ensure that repair and maintenance work requests pertaining to residential flats under the Regional Office are processed and approved at the RO level in accordance with the provisions of the DoP.
","Engineering & Maintenance","Engineering & Maintenance > Work Request","Change Request",arti.1.t,"P4 | Low (Impacting single user)","Low - S4",HA11,NULL,NULL,NULL,NULL,NULL,NULL,NULL,311717,amit311717@fci.gov.in,8699091042,"Engineering & Maintenance (Civil & Mechanical)","2026-09-15 11:47:28",24,YES
TKT-1-202607-02758,NULL,0,0,"2026-07-27 10:48:22",NAVDEEP,"Respected Sir, Please do the needfull.",saroj.m,"2026-09-09 12:43:29","2026-09-09 12:43:29",CHANGE_REQUESTED,"Daily RTC transactions of ALL centers must show at  DO level. ","Need a option in dashboard to obtain daily consolidated RTC transactions data of all centers to verify daily reporting. At DO level we get provisional data from all centers under DO kota , sometimes it need to cross verify the data. Please consider the request for smooth operation of FCI. ",Movement,Others,"Change Request",saroj.m,"P4 | Low (Impacting single user)","Low - S4",NG16,KOTA,NG16,N,North,Rajasthan,NG,NULL,318481,navdeep318481@fci.gov.in,9610077792,"Contract Division","2026-09-05 16:56:00",4037,YES
TKT-1-202607-02763,NULL,0,0,"2026-07-27 11:34:24",ARVIND,"User wants to change depot code, please cehck and give your suggestion",inish.d,"2026-08-06 19:23:22","2026-08-06 19:23:22",CHANGE_REQUESTED,"Depot code not matching for CWC Banda and PEG Mahua mentioned in AnnaDarpan with IRRS & Wings","Under Banda Division, two depots - CWC Banda & PEG Mahua(Akhil Bhuvan) - has different depot code betweenAnna Darpan and IRRS. In Anna Darpan, the depot code for CWC Banda is reflected as - NH28005; for PEG Mahua(Akhil Bhuvan) is reflected as - NH28819. But in IRRS, the Depot code for CWC Banda is reflected as - NH28024; for PEG Mahua (Akhil Bhuvan) is reflected as - NH28034. (attached) Because of this mismatch, seamless integration of WINGS with Anna Darpan has been hampered and the Data from WINGS is not being reflected in Anna Darpan. It is requested to please take corrective action for this and provide a solution for this problem.",Procurement,Others,"Change Request",inish.d,"P4 | Low (Impacting single user)","Low - S4",NH28,BANDA,NH28,N,North,"Uttar Pradesh",NH,NULL,176967,arvind78.fci@gov.in,9864477248,"IT Division","2026-09-15 12:01:00",11,YES
TKT-1-202607-02766,NULL,0,0,"2026-07-27 11:43:49",RAKESH,"User has requested more details on QR code scanning on the Stack Details page. Please confirm the requirement and specify the additional information to be displayed in the Stack Card upon scanning.",inish.d,"2026-08-10 12:51:01","2026-08-10 12:51:01",PENDING_WITH_FCI,"Regarding QR code for stack in view shed ","QR code purpose will be fullfiled when it has a link in QR code which will redirect it to view all stack details i.e., it redirect to view shed menu and open that stack in mobile App. currently only limited details of stack number and number of bags and weights are fetched ",Storage,"Shed and Stacks","Change Request",satish.d,"P4 | Low (Impacting single user)","Low - S4",NG15,JODHPUR,NG15,N,North,Rajasthan,NG,NULL,311086,rakesh311086@fci.gov.in,8078609153,"Quality Division","2026-09-03 11:28:00",5631,YES
TKT-1-202607-02767,NULL,0,0,"2026-07-27 11:48:11",HIMANSHU,"please check this requirement",satish.d,"2026-08-13 15:38:43","2026-08-13 15:38:43",PENDING_WITH_FCI,"Display of some civil works along side EM works in my work request list and the works request list are not showing up in my dashboard for approval...reg ","Alongside the regular EM works, some civil works are also showing up in my works request list. Secondly, the EM works are no showing up in my dashboards for approval. Please look into the issue.","Engineering & Maintenance","Engineering & Maintenance > Work Request List","Change Request",inish.d,"P4 | Low (Impacting single user)","Low - S4",NH11,NULL,NULL,N,North,"Uttar Pradesh",NH,NULL,298192,himanshub.fci@gov.in,9101552872,"Engineering & Maintenance (Civil & Mechanical)","2026-09-15 16:06:00",-233,NO
TKT-1-202607-02774,NULL,0,0,"2026-07-27 12:31:20",PRANAV,"Kindly provide your guidance so that we can proceed with the implementation accordingly.",satish.d,"2026-07-30 18:47:18","2026-07-30 18:47:18",CHANGE_REQUESTED,"LED not reflection in asset stock details","In the attached images, LED1 shows that the total light is reflecting as 0. However, in the LED3 image, it can be seen that an entry of 131 LED units has been recorded. Additionally, the mark asset status as shown in the LED2 image.

Kindly clarify what is meant by “Used” or “Disposed” in this context. Also, does the LED asset entry reflect only the stock quantity, or does it include installed LEDs as well?","Asset & Inventory","Engineering Asset Management > Asset Procurement List","Change Request",inish.d,"P4 | Low (Impacting single user)","Low - S4",NF11,NULL,NULL,N,North,Punjab,NF,NULL,310778,pranav310778@fci.gov.in,7009613326,"Engineering & Maintenance (Civil & Mechanical)","2026-09-15 15:51:00",-218,NO
TKT-1-202607-02800,NULL,0,0,"2026-07-27 15:51:23",UJJWAL,"please check this requirement",satish.d,"2026-08-17 17:10:29","2026-08-17 17:10:29",PENDING_WITH_FCI,"RMC data of a stack needs to be reflected as same as moisture content recorded during initial fortnightly inspection in AnnaDarpan, after the formation of the stack.","As per register the RMC of a stack is being recorded after taking sample from a completed stack during the course of initial fortnightly inspection. Whereas the initial fortnightly inspection is being conducted in AnnaDarpan as well, but the same moisture content is not being reflected as RMC in generated 29.10 Data in AnnaDarpan. However for few stacks wrong RMC data is being shown in 29.10 Data in AnnaDarpan.",Quality,Others,"Change Request",satish.d,"P4 | Low (Impacting single user)","Low - S4",EF28,"24 PARGNAS",EF28,E,East,"West Bengal",EF,NULL,237071,ujjwal237071.fci@gov.in,9007407526,"Quality Division","2026-09-03 17:02:23",5110,YES
TKT-1-202607-02832,NULL,0,0,"2026-07-28 10:59:17",SHREYA,"approval or forwarding will be in the approval work request page,please check that page",satish.d,"2026-08-24 20:13:56","2026-08-24 20:13:56",PENDING_WITH_REQUESTER,"Issue with Work Request Approval Workflow","After the JE (CE) raises a work request, it is reflected in the profiles of both the undersigned and the AGM (CE). However, there is no option available to forward, accept, or reject the work request.

As a result, we are unable to complete the approval process from the Competent Authority (CA).

Screenshots illustrating the issue are attached for your reference. Kindly look into the matter and do the needful at the earliest to resolve this issue.","Engineering & Maintenance","Engineering & Maintenance > Work Request List","Service Request",anshu.r,"P4 | Low (Impacting single user)","Low - S4",EA11,NULL,NULL,E,East,NULL,NULL,NULL,306170,shreya306170.fci@gov.in,9046106498,"Engineering & Maintenance (Civil & Mechanical)","2026-09-12 11:24:17",1295,YES
TKT-1-202607-02872,NULL,0,0,"2026-07-28 15:44:24",GAGANDEEP,"User wants to display Cluster name, seems like CR, please check and provide your suggestion.",inish.d,"2026-07-29 17:52:08","2026-07-29 17:52:08",CHANGE_REQUESTED,"Issue in Display of Centre Details in Dispatch Request List","In the Dispatch Request List under the Agency section, when an agency official offers the quantity of stock to be lifted from a godown, the system does not display the Centre from which the dispatch request has been generated. Due to the absence of this information, it becomes difficult to identify the concerned Centre and assign the offered quantity to the respective Manager (QC) for further processing.",Procurement,"Agency > Dispatch Request List","Change Request",inish.d,"P2 | High (Impacting more than 50% users)","Low - S4",NF16,FARIDKOT,NF16,N,North,Punjab,NF,NULL,311655,gagandeep311655@fci.gov.in,7696447604,"Procurement Division","2026-09-15 14:38:24",-146,NO
TKT-1-202607-02880,NULL,0,0,"2026-07-28 16:20:48",PRABHU,"Kindly do confirm on extension of Release Order - SE15001/07-2026/FPRGA/ETHANOL-0058 to 30.07.2026",pooja.11,"2026-07-29 11:15:55","2026-07-29 11:15:55",PENDING_WITH_FCI,"Not Able to extend the Release Order - SE15001/07-2026/FPRGA/ETHANOL-0058","The RO number not able to extend at DO Level. Request to Extend the Ro for 3 days. 

SE15001/07-2026/FPRGA/ETHANOL-0058
28.07.2026 to 30.07.2026",Sales,"Sales > View Release Order","Service Request",pooja.11,"P4 | Low (Impacting single user)","Low - S4",SE11,NULL,NULL,S,South,"Tamil Nadu",SE,NULL,287525,prabhu287525.fci@gov.in,9962085671,"Sales Division","2026-09-15 16:51:48",-280,NO
TKT-1-202607-02904,NULL,0,0,"2026-07-29 10:32:09",DEVENDER,"please check this requirement",satish.d,"2026-07-31 12:47:30","2026-07-31 12:47:30",CHANGE_REQUESTED,"Where about of Work request","Four Work requests were raised:-
1.  ARMO works for the year 2025-26 at FSD Waraseoni.
2. ARMO works at BSC Itarsi for the year 2025-26
3. ARMO Works for the year 2025-26 at FSD Shahdol-2nd Call
4. ARMO works for the year 2025-26 at FSD Kosmi and FSD Navegaon

These work request are not visible in the ID of AGM(CE) and Divisional manager of concerned Divisional office.

Kindly provide the status of the said work request and with whoth they are pending.

Kindly provide flow channel for further proper funtionining of the module.","Engineering & Maintenance","Engineering & Maintenance > Work Request","Change Request",inish.d,"P4 | Low (Impacting single user)","Low - S4",WD11,NULL,NULL,W,West,"Madhya Pradesh",WD,NULL,307097,devend307097.fci@gov.in,7678648472,"Engineering & Maintenance (Civil & Mechanical)","2026-09-14 14:36:09",396,YES
TKT-1-202607-02918,NULL,0,0,"2026-07-29 11:27:12","BRIJESH KUMAR DHURIY","Sir we are not able to add through Divisional Labour Staff despite trying multiple times. And many labourers are transferred from one Depot to another depot which we are not able to update. Neither we are able to add them in their present depots.",240391,"2026-09-15 11:03:42","2026-09-15 11:03:42",ASSIGNED,"Regarding getting access to update attendance of DPS labour in Anna Darpan Portal.","Respected Sir, It is requested to kindly update DPS labour list as per attached list with respect to their depots so that the monthly attendance of labours can be updated on Anna Darpan Portal timely. Also provide access to Managers of respective depots so that they could themselves update the attendance on daily basis. ","Labour Management","Labour Management > Record Labour Attendance","Service Request",saroj.m,"P4 | Low (Impacting single user)","Low - S4",NF21,PATIALA,NF21,N,North,Punjab,NF,NULL,240391,brijes240391.fci@gov.in,9887506538,"IRL Division","2026-09-01 15:51:12",6447,YES
TKT-1-202607-02931,NULL,0,0,"2026-07-29 12:54:57",SRIRAMA,"Please kindly approve it for CR consideration.",richa.k,"2026-08-04 15:57:53","2026-08-04 15:57:53",CHANGE_REQUESTED,"In GM(R) user id need access for all reports under wings","In GM(R) user id there is no access for a report called "CMR waiting list summary",but this report is available in Divisional office user ID,This report is avery important report for making decisions at regional level
And we also request to provide access of all reports that are available in wings to be accessed at Regional office level too.
",Reports,"Reports > Procurement Reports","Change Request",richa.k,"P4 | Low (Impacting single user)","Low - S4",SF17,SANATHNAGAR,SF17,S,South,Telangana,SF,NULL,298313,skprasad83.fci@gov.in,9866881674,"Procurement Division","2026-09-15 13:04:57",-53,NO
TKT-1-202607-02950,NULL,0,0,"2026-07-29 14:15:30",HARISH,"At the time of allocation, system user will not specify any Rail station, so it will be visible for all rail heads, user wants to restrict this, please check and provide your suggestion.",inish.d,"2026-07-29 17:12:08","2026-07-29 17:12:08",CHANGE_REQUESTED,"Issues in Agency Wheat Loading","In the case of agency wheat loading, the state agency first offers the stock through Anna Darpan to FCI. The stock offering request is received in the Manager (Procurement) login. The Manager (Procurement) then forwards the offered quantity to the concerned centre’s Manager (QC) for quality inspection. After the quality inspection is completed and the stock is approved by the Manager (QC), the approved quantity becomes available to the depot staff for loading. This approved quantity becomes visible to all railheads. As a result, any railhead can load against that quantity, even though it is intended for a specific railhead. This creates confusion and mismatch in data.
In some cases, multiple dispatch quantity requests have been approved for a single rake loading because earlier approved quantity was loaded at some other railhead. This can leads to data mismatches in Quantity offered by the agency and actual purchased quantity.

To avoid these issues, the approved dispatch quantity should be linked only to the intended railhead, and the system should prevent loading of this approved quantity at another railhead. 
An option to select the intended railhead should be available in the Manager (QC) login while quality inspection. The selected railhead should be mapped to the approved quantity so that, after quality approval, the stock is made available for loading only at the designated railhead. This will prevent unauthorized loading from other railheads and ensure data accuracy throughout the dispatch process.

",Procurement,"Agency > Dispatch Request List","Change Request",inish.d,"P4 | Low (Impacting single user)","Low - S4",NF22,SANGRUR,NF22,N,North,Punjab,NF,NULL,278285,harish278285@fci.gov.in,9211222471,"Procurement Division","2026-09-15 17:11:30",-300,NO
TKT-1-202607-02954,NULL,0,0,"2026-07-29 14:39:05","Inish Raj","can you please upload some screenshots relevant to your suggestion.",inish.d,"2026-07-30 11:13:38","2026-07-30 11:13:38",PENDING_WITH_REQUESTER,"handle conditional back navigation in VieweTEC and fix policy error text","View ETEC Navigation: Updated VieweTEC to navigate back (navigate(-1)) when opened from in-app lists, or close the tab (window.close()) when opened in a new window.
Error Text Fix: Corrected spacing in the CMRDC Policy notification message.",Procurement,Others,"Change Request",inish.d,"P4 | Low (Impacting single user)","Low - S4",,NULL,NULL,NULL,NULL,NULL,NULL,NULL,323,Inish.Raj@coforge.com,9500462466,"Procurement Division","2026-09-15 17:26:05",-141,NO
TKT-1-202607-02964,NULL,0,0,"2026-07-29 15:36:27",REVU,"Respected Sir , Please look into this issue.",saroj.m,"2026-08-01 09:53:54","2026-08-01 09:53:54",PENDING_WITH_FCI,"Request of provision for acceptance of segregated Broken Rice in Anna Darpan Portal","Sir,  the stock position of Improved Rice in Telangana Region as on 25.07.2026  is 33095 MT. Further, the quantity of Segregated Broken Rice inspected at Mill premises and ready to be auctioned is 5225 MTs. In this regard, as per the Govt. of India Revised SOP instructions dated 10.04.2026 (Copy Enclosed), at point no. 7 (vi)), “If auction is unsuccessful after two attempts, the stock of broken rice may be shifted to the nearest FCI godown”. In this connection, as there is no provision for acceptance of “Segregated Broken” for weighment and further quality analysis in  Anna Darpan. It is therefore requested that necessary provision be incorporated so that the segregarted broken can be taken into account, in case of receipt of the same.",Procurement,Others,"Service Request",saroj.m,"P3 | Medium (Impacting 25% to 50% users)","Low - S4",SF15,NALGONDA,SF15,S,South,Telangana,SF,NULL,282592,revu282592@fci.gov.in,9490319697,"Quality Division","2026-09-12 16:51:27",801,YES
TKT-1-202607-02973,NULL,0,0,"2026-07-29 16:04:09",PRANAV,"Kindly check the user requirement and give your input",satish.d,"2026-08-03 16:28:38","2026-08-03 16:28:38",CHANGE_REQUESTED,"Change in description under area details in Fixed asset procurement","Plot Area / Total Area = Total land area.
Built-up Area = Sum of the floor area of all covered floors. In a multi-storey building, the built-up area can exceed the plot area (e.g., a 100 m² plot with Ground + 2 floors may have a built-up area of 300 m²).
Ground Coverage / Plinth Area = Area covered by the building at ground level. This cannot exceed the plot area.

Kindly confirm the intended meaning of the "Built Up Area" field:
If it represents the total built-up area of all floors, the current validation should be removed or revised.
If it represents the ground coverage/plinth area, the field label should be changed from "Built Up Area" to "Ground Coverage Area" or "Plinth Area" to avoid ambiguity.
","Asset & Inventory","Engineering Asset Management > Engineering Fixed Asset Procurement List","Change Request",inish.d,"P2 | High (Impacting more than 50% users)","Low - S4",NF11,NULL,NULL,N,North,Punjab,NF,NULL,310778,pranav310778@fci.gov.in,7009613326,"Engineering & Maintenance (Civil & Mechanical)","2026-09-11 10:44:09",1708,YES
TKT-1-202607-02998,NULL,0,0,"2026-07-30 10:38:11","Satish Pappula","Please check.",vikram6singh,"2026-07-30 18:04:03","2026-07-30 11:03:02",ASSIGNED,"CFSP Integrtion","Anna Darpan - CFSP Integration","Integration & Middleware",Others,"Change Request",satish.d,"P4 | Low (Impacting single user)","Low - S4",,NULL,NULL,NULL,NULL,NULL,NULL,NULL,322,Satish.Papulla@coforge.com,6305875884,"Storage Division","2026-07-31 09:34:11",20138,YES
TKT-1-202607-03006,NULL,0,0,"2026-07-30 11:10:02",KRITIKA,"Sir/Madam, in case of any discrepancy, kindly contact the Depot Manager to update the stack capacity in the Edit Stack menu.",inish.d,"2026-07-31 12:01:42","2026-07-31 12:01:42",PENDING_WITH_REQUESTER,"Mismatch in Depot Storage Capacity in Anna Darpan Portal ","It has been observed that the storage capacities of depots reflected in the Anna Darpan Portal do not match the actual storage capacities available with FCI RO Jammu. Out of a total of 33 depots, the storage capacity of only 5 depots matches the records, while the remaining 28 depots show discrepancies. Kindly verify and update the storage capacities in the Anna Darpan Portal as per the actual depot capacities.
For reference, the following documents are attached:
1. Depot storage capacities as reflected in the Anna Darpan Portal.
2. Actual depot storage capacities available with FCI RO Jammu.
3. Latest Capacity Utilization Statement of RO Jammu for verification.",Storage,Others,"Service Request",umesh.k,"P4 | Low (Impacting single user)","Low - S4",NE11,NULL,NULL,N,North,"J & K",NE,NULL,319301,KRITIKA319310@FCI.GOV.IN,6005042947,"Storage Division","2026-09-15 15:38:02",-16,NO
TKT-1-202607-03066,NULL,0,0,"2026-07-30 14:54:37","S A","Sir, The user is requesting a provision to create Sales RO for Inter-Region movement. Currently, only Revenue Districts within the same Region can be selected while creating the RO.  Kindly review and advise accordingly.",satish.d,"2026-08-24 12:08:31","2026-08-24 12:08:31",PENDING_WITH_FCI,"Sales-Unable to create release order for WBNP ANDHRA PRADESH ALLOCATION","It is submitted that under the WBNP Andhra Pradesh allocation, the quantity allotted for the 1st Quarter is 8,234.04 MT. However, the entire allotted quantity has been lifted from the Telangana region, i.e., BSD Cherlapally.
As a result, we are unable to create the Release Order (RO) under the WBNP Andhra Pradesh allocation due to revuenue district column displaying only Telanagana districts instead of Andhrapradesh districts.So it is requested to do the needful.
",Sales,"Sales > View Release Order","Integrated Application Issue",umesh.k,"P4 | Low (Impacting single user)","Low - S4",SF14,MAHBOOBNAGAR,SF14,S,South,Telangana,SF,NULL,147266,prao.fci@gov.in,9440517189,"Sales Division","2026-09-11 15:10:37",1441,YES
TKT-1-202607-03071,NULL,0,0,"2026-07-30 15:40:31",ANSHU,"No option is available to delete the Railhead in the RO Admin module.",291276,"2026-09-10 15:17:32","2026-09-10 15:17:32",ASSIGNED,"Duplicate Source/Destination Entries: ","During Transport Contract Creation, multiple entries are appearing for the same depot/railhead, resulting in ambiguity while selecting the correct source or destination (Annexure-II to V). 
The above issues have been noticed during creation of H&TC contracts pertaining to the depots and railheads dealt with by this office. Similar discrepancies or duplicate entries may also exist in respect of other depots and railheads under the jurisdiction of this office, which have not yet come to notice as the related contracts are yet to be created. Further, since the same master data is being utilized across the Anna Darpan Portal, there is a high possibility that similar issues may also be encountered during creation of other types of contracts, such as Handling Contracts, Transport Contracts and Road Transport Contracts.

These discrepancies may lead to selection of incorrect depots/railheads, duplication of contract records, inconsistencies in the contract master data, difficulty in contract management, additional time in verification and rectification, and may adversely affect the accuracy and reliability of contract-related data.

In view of the above, it is requested that the above issues, along with any other similar inconsistencies in the master data, may kindly be examined and resolved at the earliest so as to facilitate smooth, accurate and uniform creation of contracts in the Anna Darpan Portal.
","Contract Management","Contract Management > Create Transport Contract","Service Request",inish.d,"P4 | Low (Impacting single user)","Low - S4",WF11,NULL,NULL,W,West,Chattisgarh,WF,NULL,291276,anshusi.fci@gov.in,8882801737,"Contract Division","2026-08-22 15:12:31",10080,YES
TKT-1-202607-03073,NULL,0,0,"2026-07-30 15:58:30",VIKASH,"Please describe properly what you want to convey, For further assistance, please contact our support team at 📞 1800-410-6688.",inzemamul.h,"2026-07-31 12:19:43","2026-07-31 12:19:43",PENDING_WITH_REQUESTER,"Regarding report of CMR receipt from millers.","As being RO staff needs to generate report miller wise and depot wise CMR receipt from millers of the region along with millers outside region who deliver rice in this region.",Procurement,Others,"Inquiry / Question",inzemamul.h,"P1 | Urgent (Impacting 100% users)","Low - S4",NE11,NULL,NULL,N,North,"J & K",NE,NULL,232032,vikash232032.fci@gov.in,7696083187,"Procurement Division","2026-09-15 14:47:30",-155,NO
TKT-1-202607-03102,NULL,0,0,"2026-07-31 10:44:01","BABU RAM","Dear Sir/Madam, This is a CR. Please review and provide your approval. Thanks",satish.d,"2026-07-31 12:54:44","2026-07-31 12:54:44",CHANGE_REQUESTED,"Regarding Assets bar code downloading","After downloading the barcode for a asset, the asset procurement list gets auto reset to initial stage, therefore to download another bar code, I had to filter again. So either enable the view asset detail tab to open in a new tab or dont let it reset to initial stage.","Asset & Inventory","General Asset Management > Asset Procurement List","Change Request",inish.d,"P1 | Urgent (Impacting 100% users)","Low - S4",NG15,JODHPUR,NG15,N,North,Rajasthan,NG,NULL,136502,babu136502.fci@gov.in,9413163831,"General/House Keeping Division","2026-09-16 17:57:01",-885,NO
TKT-1-202607-03114,NULL,0,0,"2026-07-31 11:45:14",DUDEKULA,"Respected Sir , Please look into this suggestion .",saroj.m,"2026-08-07 17:58:07","2026-08-07 17:52:28",PENDING_WITH_FCI,"Please provide provision for depot-wise vacant stock space available and crop-year-wise Part Stacks (under receipt & under issue) details in the AnnaDarpan reports","Please provide provision for depot-wise vacant stock space available and crop-year-wise Part Stacks (under receipt & under issue) details in the AnnaDarpan reports. So that it is easy to track the utilisation trend in advance.",Reports,"Reports > Storage Reports","Change Request",saroj.m,"P4 | Low (Impacting single user)","Low - S4",SF11,NULL,NULL,S,South,Telangana,SF,NULL,317797,alim317797@fci.gov.in,8125426473,"Storage Division","2026-09-16 09:35:14",-383,NO
TKT-1-202607-03153,NULL,0,0,"2026-07-31 14:30:22","SAURABH YADAV","Team fixed the issue, will please check tomorrow and let us know",inish.d,"2026-07-31 18:41:27","2026-07-31 18:41:24",PENDING_WITH_REQUESTER,"While Uploading Template of WINGS Error Message is coming","As informed through Whatsapp group regrading uploading of Template from Wings to AD, while doing so the error message enclosed as screenshot. Kindly do the needful.",WINGS,Others,"Service Request",inish.d,"P4 | Low (Impacting single user)","Low - S4",NI13,HALDWANI,NI13,N,North,Uttaranchal,NI,NULL,275474,saurab275474.fci@gov.in,7408700078,"Procurement Division","2026-09-16 16:38:22",-806,NO
TKT-1-202607-03178,NULL,0,0,"2026-07-31 16:40:53",DHARMENDRA,"Dear Sir, Based on the transaction type through which the commodity has been received to the stack, we have segregated it into the Procuring Region and Consuming Region. Kindly refer to the comment section that we had added earlier for clarification.",umesh.k,"2026-08-11 17:22:21","2026-08-11 17:22:21",PENDING_WITH_FCI,"Error in 29.10 statement","1. April 2026- FSD Dhenkanal-29.10 Rice is showing in consuming region but it should be procuring region . Stack 2c/06 killed in april 2026 but showing in may 2026
2. June 2026- fsd dhenkanal 29.10 Rice- Stack 1C/08 showing in consuming region but it should be procuring region.
3. June 2026 - SWC Jagatpur 29.10 wheat- stack weight, bags and no.of days not showing.",Reports,"Reports > Storage Reports","Service Request",inish.d,"P4 | Low (Impacting single user)","Low - S4",EE14,CUTTACK,EE14,E,East,Orissa,EE,NULL,224831,dharmendra224831.fci@nic.in,7978265322,"Stocks/PV Division","2026-09-15 16:20:53",-249,NO
TKT-1-202607-03188,NULL,0,0,"2026-07-31 17:18:41","Inish Raj","Team fixed this issue, please check tomorrow and confirm",inish.d,"2026-07-31 18:46:19","2026-07-31 18:46:19",PENDING_WITH_REQUESTER,"Allowing the user input more than no of mills in lcm in lb screem","Allowing the user input more than no of mills in lcm in lb screem",Procurement,Others,"Change Request",inish.d,"P4 | Low (Impacting single user)","Low - S4",,NULL,NULL,NULL,NULL,NULL,NULL,NULL,323,Inish.Raj@coforge.com,9500462466,"Procurement Division","2026-09-16 10:26:41",-435,NO
