status_history_id,ticket_id,updated_by,previous_status,current_status,timestamp,sla_flag,remark,timestamp_utc,created_at_utc
4b7a268d-f174-4263-87df-3e9117bafdd5,TKT-1-202607-00211,188695,NULL,1,"2026-07-02 13:41:41",0,New,"2026-07-02 08:11:41.000000","2026-07-02 08:11:41.000000"
07ea0932-c96d-4815-9780-24e4d51bbbd2,TKT-1-202607-00211,vikram6singh,1,2,"2026-07-02 14:10:08",0,"Please check","2026-07-02 08:40:08.000000","2026-07-02 08:40:08.000000"
71a15ebc-ac4b-4d1b-be41-b408bf9c4876,TKT-1-202607-00211,satish.d,2,3,"2026-07-02 15:26:20",0,"Please share the user credentials to check this issue","2026-07-02 09:56:20.000000","2026-07-02 09:56:20.000000"
af685fb1-7f91-4da5-95aa-599f2c2df976,TKT-1-202607-00421,276444,NULL,1,"2026-07-03 11:15:06",0,New,"2026-07-03 05:45:06.000000","2026-07-03 05:45:06.000000"
4f47a798-113b-452d-9359-cdc068de9be2,TKT-1-202607-00421,vikram6singh,1,2,"2026-07-03 11:19:02",0,"Please check","2026-07-03 05:49:02.000000","2026-07-03 05:49:02.000000"
1622ff04-88de-4942-a148-7425aa3c78e6,TKT-1-202607-00428,105177,NULL,1,"2026-07-03 11:19:54",0,New,"2026-07-03 05:49:54.000000","2026-07-03 05:49:54.000000"
7ce5e748-b5ed-44a0-a285-40accd80a888,TKT-1-202607-00428,vikram6singh,1,2,"2026-07-03 11:22:59",0,"Please check","2026-07-03 05:52:59.000000","2026-07-03 05:52:59.000000"
f12813bd-63e0-463c-b2b2-0cf72646b902,TKT-1-202607-00421,shivaniyadav091298,2,3,"2026-07-03 11:44:49",0,"Please share the Rake Movement no. and relevant Screenshot/Document so that we can assist you as earliest.","2026-07-03 06:14:49.000000","2026-07-03 06:14:49.000000"
00ddec49-0686-4998-b24e-03152a810cec,TKT-1-202607-00612,294766,NULL,1,"2026-07-03 12:07:54",0,New,"2026-07-03 06:37:54.000000","2026-07-03 06:37:54.000000"
d6620293-4f16-43de-b01b-4889f4be658c,TKT-1-202607-00612,vikram6singh,1,2,"2026-07-03 12:25:24",0,"Please check","2026-07-03 06:55:24.000000","2026-07-03 06:55:24.000000"
78a650cb-c28c-4fdc-91b1-d56342f8eaa9,TKT-1-202607-00421,276444,3,2,"2026-07-03 12:37:36",0,"Nature of ticket is urgent. Silo operation going on. Is module available for bag unloading from truck to in Silo bin?","2026-07-03 07:07:36.000000","2026-07-03 07:07:36.000000"
a5cfb8df-5718-437d-90ae-6e2569ebfadc,TKT-1-202607-00428,satish.d,2,3,"2026-07-03 15:56:50",0,"No entry for first fortnight has been done, so this error, please check with HQ as the first fortnight entry window has been disabled now","2026-07-03 10:26:50.000000","2026-07-03 10:26:50.000000"
fa483617-6c7a-49b8-9e4b-7e7f1d1c10bd,TKT-1-202607-00421,inish.d,2,3,"2026-07-03 16:31:53",0,"Sir/Madam, Please Share the more details","2026-07-03 11:01:53.000000","2026-07-03 11:01:53.000000"
6d68165e-cfec-4a92-8f33-ea63eb7b9b25,TKT-1-202607-00211,188695,3,2,"2026-07-03 21:10:13",0,"id: 188695,,, password: AnnaDarpan@321","2026-07-03 15:40:13.289715","2026-07-03 15:40:13.289715"
4f5fc547-15e9-4003-bffd-60c7eafdf0e5,TKT-1-202607-00819,ni13009_01,NULL,1,"2026-07-04 13:15:22",0,New,"2026-07-04 07:45:22.121747","2026-07-04 07:45:22.121747"
e14dd366-d156-41f3-ae9e-46f4ecdb2224,TKT-1-202607-00819,vikram6singh,1,2,"2026-07-04 15:12:34",1,"Please check","2026-07-04 09:42:33.661389","2026-07-04 09:42:33.661389"
66d17919-1d22-4f53-8044-db96c26e8029,TKT-1-202607-00819,arti.1.t,2,3,"2026-07-04 15:23:16",0,"TEC no. 1747380 was not fetched in AD and cancellation of a token itself.Kindly do the needful","2026-07-04 09:53:15.632871","2026-07-04 09:53:15.632871"
ccddfd70-763b-434f-b40b-5a518e1cdf15,TKT-1-202607-00819,ni13009_01,3,2,"2026-07-06 10:58:33",1,"Updates us","2026-07-06 05:28:33.178679","2026-07-06 05:28:33.178679"
10d860dc-4662-4332-84f8-8d8bff0f2269,TKT-1-202607-00819,anuj.s,2,3,"2026-07-06 11:00:01",0,"Sir kindly share the correct contact details so that we may assist you as earliest.","2026-07-06 05:30:00.823697","2026-07-06 05:30:00.823697"
2547514c-5bdc-48d1-95d7-2998febee7e1,TKT-1-202607-00819,anuj.s,3,2,"2026-07-06 11:00:37",0,"Please check","2026-07-06 05:30:37.016755","2026-07-06 05:30:37.016755"
c6e9a69d-ec6b-4b33-b378-37d57c498b0e,TKT-1-202607-00819,anuj.s,2,3,"2026-07-06 11:01:20",0,"Sir kindly share the correct contact details so that we may assist you as earliest.","2026-07-06 05:31:20.316054","2026-07-06 05:31:20.316054"
30743203-7ed2-4aa4-a685-159031f6fda7,TKT-1-202607-00819,ni13009_01,3,2,"2026-07-06 11:05:34",0,"Harish Contact no. - 9536345045","2026-07-06 05:35:34.228082","2026-07-06 05:35:34.228082"
3bca138b-b467-49ba-93e4-86144a763395,TKT-1-202607-00967,122462,NULL,1,"2026-07-06 13:12:04",0,New,"2026-07-06 07:42:04.395387","2026-07-06 07:42:04.395387"
e7757e28-8818-4c38-a737-7c3a9a42f496,TKT-1-202607-00967,vikram6singh,1,2,"2026-07-06 13:13:11",1,"Please check","2026-07-06 07:43:11.147873","2026-07-06 07:43:11.147873"
f1f0e476-9b0f-4da5-861a-128dfc7df4bf,TKT-1-202607-00819,inish.d,2,3,"2026-07-06 16:04:25",0,"1747380 - cancelled by RAMESH CHANDRA SINGH PARIHAR  on Sat Jul 04 12:34:26, so please proceed with OT.","2026-07-06 10:34:24.942431","2026-07-06 10:34:24.942431"
02681ae5-13dd-4502-b583-b5f814cdd898,TKT-1-202607-00211,satish.d,2,3,"2026-07-06 17:14:32",0,"Please go to edit page and try to edit.","2026-07-06 11:44:32.399859","2026-07-06 11:44:32.399859"
e41ee96d-5164-42d5-8a11-dca3259b73d7,TKT-1-202607-00211,188695,3,2,"2026-07-06 17:58:51",0,"Tried, but the message " Record Already Exists" comes. I have attached the screenshot of the same.","2026-07-06 12:28:51.321297","2026-07-06 12:28:51.321297"
430bff2f-5d31-4a67-8eff-b6d3055f0ca6,TKT-1-202607-00428,105177,3,2,"2026-07-07 13:21:20",0,"we have already entered the data at that time.But not refelcting now and it showing as not feeded","2026-07-07 07:51:20.179321","2026-07-07 07:51:20.179321"
60c9eb2c-450b-4716-b0b1-b0f7449af8f5,TKT-1-202607-00211,satish.d,2,3,"2026-07-07 14:29:39",0,"Once it is approved , it cant be edited, please send a mail to HQ about this issue","2026-07-07 08:59:39.452455","2026-07-07 08:59:39.452455"
b183e01c-53d1-46ef-841f-2f9ed8edb8f9,TKT-1-202607-00428,satish.d,2,3,"2026-07-07 16:07:47",0,"please share user credentials to check this issue","2026-07-07 10:37:47.266506","2026-07-07 10:37:47.266506"
927b807c-a3a8-47b5-b2e4-7dc3cef452a8,TKT-1-202607-00967,sanjeet.k,2,3,"2026-07-07 16:47:22",0,"Please attach the supporting Documents for the further assistance.","2026-07-07 11:17:21.587245","2026-07-07 11:17:21.587245"
3159a69f-b6fb-4e04-b54e-fa1260f90ab3,TKT-1-202607-01153,278999,NULL,1,"2026-07-07 16:53:38",0,New,"2026-07-07 11:23:38.132884","2026-07-07 11:23:38.132884"
94a47853-0a99-4dbf-9f5f-33b5f09a9f3a,TKT-1-202607-01163,311511,NULL,1,"2026-07-07 17:28:12",0,New,"2026-07-07 11:58:12.286209","2026-07-07 11:58:12.286209"
e3770427-fdbf-4d4c-8e65-84dde784b179,TKT-1-202607-01153,vikram6singh,1,2,"2026-07-07 17:30:22",0,"Please check.","2026-07-07 12:00:21.506946","2026-07-07 12:00:21.506946"
3bcb1804-e5ef-44f5-bd98-909c19b22c42,TKT-1-202607-01163,vikram6singh,1,2,"2026-07-07 17:31:52",0,"Please check.","2026-07-07 12:01:52.322793","2026-07-07 12:01:52.322793"
e6a7896d-a3ed-49e6-81ee-d19932813941,TKT-1-202607-01153,pooja.11,2,3,"2026-07-07 17:36:36",0,"You are kindly requested to please share the relevant screenshots and supporting documents, so that we may review the matter and determine the further course of action. For any assistance, please contact our support team at: 1800-410-6688.","2026-07-07 12:06:35.669634","2026-07-07 12:06:35.669634"
b7ca8ca5-2e4c-48e7-af1a-dc2406a0da66,TKT-1-202607-00428,105177,3,2,"2026-07-07 17:42:35",0,"ID: 105177, Password: Depot@123","2026-07-07 12:12:34.594323","2026-07-07 12:12:34.594323"
23a0f967-fda4-49ed-a274-49f68de75a3a,TKT-1-202607-00428,satish.d,2,3,"2026-07-08 12:19:14",0,"only for wheat offtake has been recorded , not for other commodity in first fortnight","2026-07-08 06:49:14.214763","2026-07-08 06:49:14.214763"
a9b776ef-38a9-47e0-9166-8f90a926dc93,TKT-1-202607-01220,263956,NULL,1,"2026-07-08 14:12:50",0,New,"2026-07-08 08:42:50.152609","2026-07-08 08:42:50.152609"
c30d1892-4a66-4b4a-9fdc-6ea0ff42e2fe,TKT-1-202607-01220,vikram6singh,1,2,"2026-07-08 14:13:29",0,"Please check.","2026-07-08 08:43:28.510110","2026-07-08 08:43:28.510110"
fff91a6b-140e-4ab3-95e0-03b1b8e2feb4,TKT-1-202607-00211,188695,3,2,"2026-07-08 15:10:48",0,"Already mail was sent to AGM IT at HQ regarding the same issue on 04.07.2026.","2026-07-08 09:40:48.314571","2026-07-08 09:40:48.314571"
a0e34ff9-f567-4067-8187-e1dc6d995c54,TKT-1-202607-01220,umesh.k,2,3,"2026-07-08 15:44:59",0,"Dear sir/madam, Please refer the comments. Thank You","2026-07-08 10:14:59.432488","2026-07-08 10:14:59.432488"
1225c038-5568-4150-888d-9ae5ce7df0a3,TKT-1-202607-01248,143223,NULL,1,"2026-07-08 16:02:33",0,New,"2026-07-08 10:32:32.574092","2026-07-08 10:32:32.574092"
8337cf0d-df01-4c2a-a66b-78c2baa9c4f1,TKT-1-202607-01248,vikram6singh,1,2,"2026-07-08 16:16:01",0,"Please check.","2026-07-08 10:46:00.575093","2026-07-08 10:46:00.575093"
12928699-072b-4522-a939-fb4228cfb245,TKT-1-202607-01407,114815,NULL,1,"2026-07-09 12:01:57",0,New,"2026-07-09 06:31:57.375193","2026-07-09 06:31:57.375193"
546dc93a-62d0-4293-a543-b9ed4dbe9299,TKT-1-202607-01407,vikram6singh,1,2,"2026-07-09 12:25:54",1,"Please check.","2026-07-09 06:55:53.854988","2026-07-09 06:55:53.854988"
cebd40b8-014e-43b3-886e-97088bab02ec,TKT-1-202607-01407,umesh.k,2,3,"2026-07-09 12:38:49",0,"Dear Sir,  Could you please share the supporting documents related to this issue so that we can proceed with the investigation.","2026-07-09 07:08:49.037115","2026-07-09 07:08:49.037115"
63592fcd-fb56-4bb5-af49-e7f760d14007,TKT-1-202607-00421,276444,3,2,"2026-07-09 13:13:43",0,"resolve the issue","2026-07-09 07:43:42.985993","2026-07-09 07:43:42.985993"
7416ac0d-2778-4d0d-9a79-5d633d23bd41,TKT-1-202607-00421,inish.d,2,3,"2026-07-09 14:25:11",0,"sir, Please follow the steps one by one as mentioned in the comment section.","2026-07-09 08:55:10.747569","2026-07-09 08:55:10.747569"
1a6ca515-bee8-4211-93a1-d125a11e8fb2,TKT-1-202607-01163,saroj.m,2,3,"2026-07-09 16:29:09",0,"Dear sir/Ma'am , I have called you regarding this issue but response awaited .  For any assistance, please contact our support team at: 1800-410-6688","2026-07-09 10:59:08.869230","2026-07-09 10:59:08.869230"
eb50bd83-dbd0-465e-a1a9-53d6e51bb2f3,TKT-1-202607-01220,263956,3,2,"2026-07-09 16:43:26",0,"The matter is pending for want of your clarification.","2026-07-09 11:13:26.499674","2026-07-09 11:13:26.499674"
34c4d524-bbaf-49e8-92b3-d536245e04f9,TKT-1-202607-00211,satish.d,2,3,"2026-07-09 16:53:16",0,"once we get mail, we will check this issue","2026-07-09 11:23:15.736173","2026-07-09 11:23:15.736173"
d4ccb340-eda7-4505-a2be-42c0f1b32668,TKT-1-202607-01220,umesh.k,2,3,"2026-07-09 18:01:41",0,"Dear sir/madam. Please refer the comment. Thank you","2026-07-09 12:31:40.600462","2026-07-09 12:31:40.600462"
54e0943c-626a-40fb-bd21-2d2d412a9f5b,TKT-1-202607-00428,105177,3,2,"2026-07-10 11:28:46",0,"we have no trasantion at that time so we have mentioned it as 0 . so now we are not able to ebter please resolve the issue as soon as posiible","2026-07-10 05:58:45.601570","2026-07-10 05:58:45.601570"
109b7d49-f3ed-467c-bab5-eaa671a2c57e,TKT-1-202607-01407,114815,3,2,"2026-07-10 11:53:55",0,"The documents have been attached","2026-07-10 06:23:54.533821","2026-07-10 06:23:54.533821"
b3539ab5-0c36-4521-85ac-07f45dd01f73,TKT-1-202607-01407,umesh.k,2,3,"2026-07-10 12:01:34",0,"We are not able to see any uploaded document, could you please check again and reshare the documents.","2026-07-10 06:31:33.581988","2026-07-10 06:31:33.581988"
5a72f58b-e53b-4f7c-86e3-54c9649c4c1b,TKT-1-202607-00428,satish.d,2,3,"2026-07-10 12:10:16",0,"even with 0 the values have not been recorded, if needs to be done please send a mail to HQ as the entry window has been closed,.","2026-07-10 06:40:15.764629","2026-07-10 06:40:15.764629"
e3650910-88dc-4d80-968a-85485aa9b847,TKT-1-202607-00428,105177,3,2,"2026-07-10 12:38:30",0,"Mail already given to HQrs (copy attached)","2026-07-10 07:08:30.444510","2026-07-10 07:08:30.444510"
321313ad-a588-4e98-8f1e-c19accb0a364,TKT-1-202607-01407,114815,3,2,"2026-07-10 12:42:00",0,"the desired documents are attached for examination and resolution please","2026-07-10 07:12:00.286964","2026-07-10 07:12:00.286964"
e8835f40-02ef-45cf-b1d3-4328bbc98984,TKT-1-202607-01407,umesh.k,2,3,"2026-07-10 14:37:45",0,"Dear sir, kindly share the report with which the DISTRICTWISE, DEPOT WISE TREND OF STORAGE & TRANSIT LOSSES report is not matching , so that we can proceed further.","2026-07-10 09:07:45.498423","2026-07-10 09:07:45.498423"
666204b6-1719-4eb8-9faa-057de228a63b,TKT-1-202607-00421,276444,3,2,"2026-07-10 14:41:43",0,"Issue not resolve from given procedure. Detailed query attached in word file. Look into it and resolve issue at earliest.","2026-07-10 09:11:42.682760","2026-07-10 09:11:42.682760"
fdd39b18-5fa7-43ab-9bc6-f5986f62f548,TKT-1-202607-01220,263956,3,2,"2026-07-10 14:53:54",0,"Wating for reply","2026-07-10 09:23:53.692025","2026-07-10 09:23:53.692025"
2fe92ad3-337a-415e-850a-554759156133,TKT-1-202607-00428,satish.d,2,3,"2026-07-10 14:56:47",0,"once we received the mail, we will check this again","2026-07-10 09:26:46.742920","2026-07-10 09:26:46.742920"
477af356-6e68-4b0f-8a11-e1348517939d,TKT-1-202607-01568,fb13005_01,NULL,1,"2026-07-10 15:48:44",0,New,"2026-07-10 10:18:44.467930","2026-07-10 10:18:44.467930"
44ccb7c1-54f5-4242-aad9-a76979abc99c,TKT-1-202607-01568,vikram6singh,1,2,"2026-07-10 16:02:02",1,"Please check.","2026-07-10 10:32:02.107812","2026-07-10 10:32:02.107812"
dae20d74-e8ad-4248-8bb4-f0804b3dabe9,TKT-1-202607-00421,inish.d,2,3,"2026-07-10 16:38:50",0,"Sir/madam, As per requeriment we done the  steps below. Please check with HQ offical","2026-07-10 11:08:50.483174","2026-07-10 11:08:50.483174"
1e8b0e8d-09c7-4d4b-9d77-904ac9782d5e,TKT-1-202607-00421,276444,3,2,"2026-07-13 09:07:04",0,"Issue not resolved.","2026-07-13 03:37:04.430956","2026-07-13 03:37:04.430956"
437bc40d-0d5a-4ab5-9335-223c67a8123b,TKT-1-202607-00421,inish.d,2,3,"2026-07-13 10:24:10",0,"Sir/madam, As per requeriment we done the steps below. Please check with HQ offical","2026-07-13 04:54:09.731005","2026-07-13 04:54:09.731005"
699f6fbf-0d5b-4e52-93e9-72a620a1dd75,TKT-1-202607-00428,105177,3,2,"2026-07-13 11:34:46",0,"please check and do needful as we are waiting for the response","2026-07-13 06:04:45.706249","2026-07-13 06:04:45.706249"
873f4429-4ae2-4ff1-bee7-768761f9928d,TKT-1-202607-00211,188695,3,2,"2026-07-13 11:57:01",0,"Which mail are you referring to. Mail form us or mail from FCI HQ","2026-07-13 06:27:00.845053","2026-07-13 06:27:00.845053"
82bcc9a8-c117-4c90-bc26-c7fa59c86af0,TKT-1-202607-00211,satish.d,2,3,"2026-07-13 11:59:01",0,"mail from FCI HQ","2026-07-13 06:29:00.646060","2026-07-13 06:29:00.646060"
eb7a1989-2ab5-4e81-b425-fc1141045153,TKT-1-202607-00428,satish.d,2,3,"2026-07-13 12:03:14",0,"HQ will decide what to do on this","2026-07-13 06:33:14.037461","2026-07-13 06:33:14.037461"
c31564c9-5ced-4ed6-9e16-060bfe5fe041,TKT-1-202607-01568,satish.d,2,7,"2026-07-13 12:15:01",0,"we hope issue has been resolved we are closing the ticket please reopen if any issue still persists","2026-07-13 06:45:01.467486","2026-07-13 06:45:01.467486"
01a8f635-2b52-4683-83a7-4c2d85d74c55,TKT-1-202607-00421,276444,3,2,"2026-07-13 13:45:59",0,"pls look into the matter.","2026-07-13 08:15:59.196227","2026-07-13 08:15:59.196227"
2b50bef8-968e-4e47-8327-360aa88c237d,TKT-1-202607-01721,292216,NULL,1,"2026-07-13 15:06:18",0,New,"2026-07-13 09:36:18.449767","2026-07-13 09:36:18.449767"
0a76fad2-83e1-45d4-a7e1-1baaae83cdeb,TKT-1-202607-01721,vikram6singh,1,2,"2026-07-13 15:06:59",1,"Please check.","2026-07-13 09:36:59.336485","2026-07-13 09:36:59.336485"
0b3ebf0a-d1cc-46fd-b888-3e53d1398bf6,TKT-1-202607-00421,inish.d,2,5,"2026-07-13 15:15:55",0,"Sir/Madam, Please check the ticket user is asking need flow details for Silo MBR","2026-07-13 09:45:55.486076","2026-07-13 09:45:55.486076"
a488915c-38ec-4e29-b7e1-3ff3e8da13dd,TKT-1-202607-01721,satish.d,2,3,"2026-07-13 16:12:39",0,"Please share the brl number.","2026-07-13 10:42:38.829392","2026-07-13 10:42:38.829392"
56b8db01-151b-49de-8307-276d8ee1abd5,TKT-1-202607-01721,292216,3,2,"2026-07-13 16:14:01",0,"BRL No. is not showing therefore it is not known","2026-07-13 10:44:00.922479","2026-07-13 10:44:00.922479"
565220f7-a516-4f96-9e42-a4d8d1d14091,TKT-1-202607-01721,satish.d,2,3,"2026-07-13 16:15:07",0,"Which brl number is not comming, please share.","2026-07-13 10:45:07.446222","2026-07-13 10:45:07.446222"
ef8b0fdf-63c5-48ac-8d98-9a97c9bfa692,TKT-1-202607-00428,105177,3,2,"2026-07-14 12:40:38",0,"Ok please do needfull","2026-07-14 07:10:38.268457","2026-07-14 07:10:38.268457"
358b1f66-0517-4b45-a0fe-19b49acc9b72,TKT-1-202607-01153,278999,3,2,"2026-07-14 15:42:46",0,"Documents attached please check.","2026-07-14 10:12:45.874407","2026-07-14 10:12:45.874407"
d1c61c1b-bf1b-48f2-81fd-bd787a797a23,TKT-1-202607-01153,umesh.k,2,3,"2026-07-14 18:28:51",0,"Dear Sir,  We have verified the data from the database. The quantity currently displayed in the report is the same quantity that was entered by the user at the time of receipt.  Kindly verify the entered data from your end","2026-07-14 12:58:51.060162","2026-07-14 12:58:51.060162"
fa3341c3-1814-48e1-b0f1-52712293e8d0,TKT-1-202607-01568,fb13005_01,7,10,"2026-07-15 11:00:30",0,"There is no PV pending for complete PV module and the same is already submitted by the PVO","2026-07-15 05:30:29.718562","2026-07-15 05:30:29.718562"
788e8336-2f1d-4853-9d6f-6691def6c929,TKT-1-202607-01568,vikram6singh,10,2,"2026-07-15 11:17:51",0,"Please check.","2026-07-15 05:47:50.934347","2026-07-15 05:47:50.934347"
04f63107-6f99-4cac-8779-32860ed7d3dd,TKT-1-202607-01810,278305,NULL,1,"2026-07-15 11:31:31",0,New,"2026-07-15 06:01:31.291397","2026-07-15 06:01:31.291397"
6de671b3-97ca-468e-9be3-57ee8b064328,TKT-1-202607-01810,vikram6singh,1,2,"2026-07-15 11:33:16",1,"Please check.","2026-07-15 06:03:15.946861","2026-07-15 06:03:15.946861"
3a0697f6-e22c-43dd-85ca-6bec36b5b49e,TKT-1-202607-01810,satish.d,2,3,"2026-07-15 11:41:03",0,"Please check provided comments","2026-07-15 06:11:02.634823","2026-07-15 06:11:02.634823"
b2ed85ea-4680-4fdd-ba7f-5ec105932234,TKT-1-202607-01153,278999,3,2,"2026-07-15 15:01:39",0,"The entries from depot side will be attached when it will be received by this section.","2026-07-15 09:31:39.323995","2026-07-15 09:31:39.323995"
e7e2e2f9-5a8b-4b03-bd0e-597a6505325e,TKT-1-202607-01153,umesh.k,2,3,"2026-07-15 16:43:21",0,"Dear Sir,  Could you please check the entry data in the screenshot CWC_MIRAJ_G.png and compare it with the records at your end? Kindly confirm whether everything matches.","2026-07-15 11:13:20.781379","2026-07-15 11:13:20.781379"
ebe1edf4-d9c6-428e-82d6-7b0354ad69c0,TKT-1-202607-01248,inzemamul.h,2,3,"2026-07-15 16:50:45",0,"Respected Sir, Kindly look into this suggestion.","2026-07-15 11:20:45.290061","2026-07-15 11:20:45.290061"
4c989b11-5ca1-47ef-8260-7558a91da387,TKT-1-202607-01931,241751,NULL,1,"2026-07-15 17:57:44",0,New,"2026-07-15 12:27:44.080158","2026-07-15 12:27:44.080158"
237dc534-b0bd-4ee0-bdd1-fd4f48b17f22,TKT-1-202607-01931,vikram6singh,1,2,"2026-07-15 17:58:02",0,"Please check.","2026-07-15 12:28:02.113987","2026-07-15 12:28:02.113987"
b94cf6fa-b38b-4447-9160-bd438e98ad38,TKT-1-202607-01934,wc22008_10,NULL,1,"2026-07-15 19:00:57",0,New,"2026-07-15 13:30:57.237921","2026-07-15 13:30:57.237921"
bd3749c0-a855-4bb4-937d-1c3fd038032c,TKT-1-202607-01934,vikram6singh,1,2,"2026-07-16 09:07:11",1,"Please check.","2026-07-16 03:37:11.148781","2026-07-16 03:37:11.148781"
b616af63-ab98-4507-823f-bb51c4fb45c4,TKT-1-202607-01944,nc13064_01,NULL,1,"2026-07-16 10:18:29",0,New,"2026-07-16 04:48:28.932709","2026-07-16 04:48:28.932709"
ce6eeb59-7864-4023-9510-8ef51e882465,TKT-1-202607-01944,vikram6singh,1,2,"2026-07-16 10:20:07",0,"Please check.","2026-07-16 04:50:06.702454","2026-07-16 04:50:06.702454"
ee95efef-0454-42cc-aeb0-1e9060bf52ac,TKT-1-202607-01931,satish.d,2,3,"2026-07-16 10:38:20",0,"Edit can be done in the edit page until the records are approved, if it is approved please send a mail to HQ for this case","2026-07-16 05:08:20.291264","2026-07-16 05:08:20.291264"
c8f2b3f5-42ed-4607-82b7-b354ca1d7712,TKT-1-202607-01934,richa.k,2,3,"2026-07-16 10:48:44",0,"Please share your contact details along with User id and password so that we can check the issue, For any further assistance, please contact our support team at : 1800-410-6688.","2026-07-16 05:18:44.253169","2026-07-16 05:18:44.253169"
aa7c31b9-2509-4552-8aa1-0d1ec14d3a8c,TKT-1-202607-01568,satish.d,2,7,"2026-07-16 11:33:43",0,"we hope issue has been resolved we are closing the ticket please reopen if any issue still persists","2026-07-16 06:03:43.220782","2026-07-16 06:03:43.220782"
0c1bb6a4-c92e-470e-be39-32e3a3cbfae6,TKT-1-202607-01153,278999,3,2,"2026-07-16 12:23:59",0,"In the screenshot of CWC Miraj G, The receipt weight is 2728.921602 which is wrong,but Actual Receipt weight must be 2728.921600. Kindly do the needful.","2026-07-16 06:53:59.362117","2026-07-16 06:53:59.362117"
94d3aa11-672b-4c93-a9a8-542bba4458a8,TKT-1-202607-01944,saroj.m,2,3,"2026-07-16 12:32:52",0,"You are kindly requested to please share the relevant screenshots and supporting documents, so that we may review the matter and determine the further course of action. For any assistance, please contact our support team at: 1800-410-6688.","2026-07-16 07:02:51.772988","2026-07-16 07:02:51.772988"
0f1a7fc0-c5db-40fa-b234-4e68317dd15f,TKT-1-202607-01153,umesh.k,2,3,"2026-07-16 16:20:43",0,"Sir, both are rail head movements 100% per weighemnt has been captured. Please check weighbridge register.","2026-07-16 10:50:43.151162","2026-07-16 10:50:43.151162"
edfad001-d25a-433b-8281-d4edaee018bd,TKT-1-202607-01944,nc13064_01,3,2,"2026-07-16 18:13:47",0,"stock report has been attahced kindly find the same.","2026-07-16 12:43:46.722974","2026-07-16 12:43:46.722974"
f3450d19-1335-4cb5-971c-4ca9f2d1ae9c,TKT-1-202607-01810,satish.d,3,2,"2026-07-17 09:55:17",0,"Please guide zero pv process to the user","2026-07-17 04:25:16.969597","2026-07-17 04:25:16.969597"
7fb66afd-b9c5-488a-a6ef-a4be65ef866b,TKT-1-202607-01220,anshu.r,2,3,"2026-07-17 10:25:15",0,"Dear Sir , A per telephonic discussion please check the comment box if persist the same then please explain in detail the specific clarification you require? For further assistance, please contact our support team at : 1800-410-6688","2026-07-17 04:55:14.599889","2026-07-17 04:55:14.599889"
961e6ef5-e423-43e4-9dfa-29478fa097a0,TKT-1-202607-01721,satish.d,3,2,"2026-07-17 15:18:52",0,"Please check.","2026-07-17 09:48:51.951488","2026-07-17 09:48:51.951488"
d0d55578-02be-4c35-9a91-7b5adf856185,TKT-1-202607-01721,satish.d,2,3,"2026-07-17 15:18:56",0,"Which brl number is not comming, please share.","2026-07-17 09:48:56.387003","2026-07-17 09:48:56.387003"
e987278f-7762-4bcd-bb39-882c66a9d70a,TKT-1-202607-00211,188695,3,2,"2026-07-17 16:05:01",0,"Already informed to RO and HQ via mail.","2026-07-17 10:35:01.106886","2026-07-17 10:35:01.106886"
cc6d6a49-b555-47e6-8923-c17363719d4f,TKT-1-202607-02075,ee16007_10,NULL,1,"2026-07-17 16:16:12",0,New,"2026-07-17 10:46:11.770738","2026-07-17 10:46:11.770738"
0816d80f-f983-4d2b-a21f-c4ba0fdee1e3,TKT-1-202607-02075,vikram6singh,1,2,"2026-07-17 16:26:40",0,"Please check.","2026-07-17 10:56:39.778566","2026-07-17 10:56:39.778566"
24b7103c-5a67-4987-a7ed-a46b00a72c82,TKT-1-202607-00211,satish.d,2,3,"2026-07-17 16:34:57",0,"once we get the mail, we will check this","2026-07-17 11:04:57.361513","2026-07-17 11:04:57.361513"
49935c97-1ee4-4e74-98f3-f37854557496,TKT-1-202607-00211,188695,3,2,"2026-07-17 17:23:44",0,"Could you please check with FCI HQ?","2026-07-17 11:53:43.784949","2026-07-17 11:53:43.784949"
39127469-f229-4956-9875-e1b333e04ad2,TKT-1-202607-02075,satish.d,2,7,"2026-07-17 18:36:44",0,"Issue has been resolved please check the variation in attachment","2026-07-17 13:06:43.711657","2026-07-17 13:06:43.711657"
ff8f2f1c-5662-4b43-ab67-13389187b85e,TKT-1-202607-02075,ee16007_10,7,10,"2026-07-18 07:15:47",0,"Book balance figure not tallied and variation of storage loss qnty not showing","2026-07-18 01:45:46.755802","2026-07-18 01:45:46.755802"
dcbaab3b-9fae-4885-8d56-3c372e9159c4,TKT-1-202607-02075,vikram6singh,10,2,"2026-07-18 09:07:57",0,"Please check.","2026-07-18 03:37:57.107129","2026-07-18 03:37:57.107129"
cf83d734-599b-4902-9de5-d0ab40db1aeb,TKT-1-202607-02101,186897,NULL,1,"2026-07-18 11:00:02",0,New,"2026-07-18 05:30:01.682956","2026-07-18 05:30:01.682956"
65510f0e-54e0-480b-ae94-0d874e0c7185,TKT-1-202607-02101,vikram6singh,1,2,"2026-07-18 11:04:24",1,"Please check","2026-07-18 05:34:24.023166","2026-07-18 05:34:24.023166"
799646af-7acf-4519-8efe-0a4bdb083cb3,TKT-1-202607-02101,sanjeet.k,2,3,"2026-07-18 11:32:46",0,"kindly check the comment section and do as per advised.","2026-07-18 06:02:45.994752","2026-07-18 06:02:45.994752"
dc09d909-b943-4a84-8a1a-65efaa5ab6b3,TKT-1-202607-01248,inzemamul.h,3,2,"2026-07-18 12:36:35",0,"Please check.","2026-07-18 07:06:34.872071","2026-07-18 07:06:34.872071"
925913d0-ce83-492c-995f-089ab48c406e,TKT-1-202607-01248,inzemamul.h,2,5,"2026-07-18 12:36:47",0,"Respected Sir, Kindly look into this suggestion.","2026-07-18 07:06:47.016721","2026-07-18 07:06:47.016721"
9c481444-c858-440e-aa04-eb0b79018eda,TKT-1-202607-02137,122375,NULL,1,"2026-07-18 15:35:49",0,New,"2026-07-18 10:05:49.233464","2026-07-18 10:05:49.233464"
2599e6ab-e3a8-46ac-826c-eb1106846ea5,TKT-1-202607-02137,vikram6singh,1,2,"2026-07-18 15:36:25",1,"Please check.","2026-07-18 10:06:25.320487","2026-07-18 10:06:25.320487"
4dc52265-d677-4f45-8542-7bbc3ded310a,TKT-1-202607-02146,167425,NULL,1,"2026-07-18 16:38:40",0,New,"2026-07-18 11:08:40.380765","2026-07-18 11:08:40.380765"
f5b6a17f-e038-4e0f-bbe4-dd659e6d5c65,TKT-1-202607-02146,vikram6singh,1,2,"2026-07-18 16:42:30",0,"Please check","2026-07-18 11:12:29.602406","2026-07-18 11:12:29.602406"
026469f4-adb6-494d-82b6-5bc862c782f5,TKT-1-202607-02160,134159,NULL,1,"2026-07-19 01:35:26",0,New,"2026-07-18 20:05:26.123081","2026-07-18 20:05:26.123081"
29a4e7d1-730a-4c9b-bf87-20ae7410e4db,TKT-1-202607-02075,satish.d,2,3,"2026-07-20 09:23:39",0,"Please check comments section","2026-07-20 03:53:39.042840","2026-07-20 03:53:39.042840"
6fd85754-30e5-40ff-86d4-ce6eb5f9d56c,TKT-1-202607-02160,vikram6singh,1,2,"2026-07-20 09:34:15",0,"Please check.","2026-07-20 04:04:14.875703","2026-07-20 04:04:14.875703"
fcfa6ed1-4dc4-496e-8cc1-0353118aae44,TKT-1-202607-02190,119236,NULL,1,"2026-07-20 12:32:08",0,New,"2026-07-20 07:02:08.094759","2026-07-20 07:02:08.094759"
2e6d7277-9d67-446c-9167-01a6883dcd49,TKT-1-202607-00211,satish.d,2,3,"2026-07-20 12:37:52",0,"once we get from them , we will check this","2026-07-20 07:07:51.543692","2026-07-20 07:07:51.543692"
00c0cacb-5082-4f67-97e9-b226a9dd0ee6,TKT-1-202607-02190,vikram6singh,1,2,"2026-07-20 12:37:59",0,"Please check.","2026-07-20 07:07:58.743754","2026-07-20 07:07:58.743754"
4163c4b8-2fb8-424f-adb7-f254145b6e61,TKT-1-202607-02160,inzemamul.h,2,3,"2026-07-20 12:49:00",0,"Kindly share the relevant reports for our further investigation. For further assistance, please contact our support team at 📞 1800-410-6688.","2026-07-20 07:19:00.000000","2026-07-20 07:19:50.314548"
e1772a9d-91c0-43f4-9ca1-bb7ad2f05d81,TKT-1-202607-02075,ee16007_10,3,2,"2026-07-20 13:42:39",0,"attached the relevant document for your reference please.","2026-07-20 08:12:39.487334","2026-07-20 08:12:39.487334"
e04fb11d-f481-4780-8842-b8f55c5c0854,TKT-1-202607-02190,sanjeet.k,2,3,"2026-07-20 15:08:08",0,"Kindly specify which type of reports are not being generated by you for the further assistance regarding your query.","2026-07-20 09:38:08.265093","2026-07-20 09:38:08.265093"
f17d119b-588c-4e6a-af39-e2b590dd996b,TKT-1-202607-02075,satish.d,2,3,"2026-07-20 15:12:01",0,"Please check provided comments","2026-07-20 09:42:00.836599","2026-07-20 09:42:00.836599"
ddf3e6b6-ab84-4079-93b9-60bf7cdde406,TKT-1-202607-01568,fb13005_01,7,10,"2026-07-20 16:32:05",0,"Request has been placed for cancellation of Token No. 1127 and 1128, however, Token no. 1131 and 1132 were also cancelled after completion of the ISI PV. This has resulted in the mismatch of the no. of bags in stack no.1B3.","2026-07-20 11:02:04.700062","2026-07-20 11:02:04.700062"
0103f678-fc9d-4604-8a95-b30c8db11aeb,TKT-1-202607-02146,satish.d,2,7,"2026-07-20 16:34:05",0,"For the first fortnight, you edited the Opening Balance for June (1st Fortnight) after the Stock Figures had already been entered. As a result, the Opening Balance no longer matches","2026-07-20 11:04:05.250733","2026-07-20 11:04:05.250733"
768c5588-f51f-4b96-81fc-7197d9aa8a74,TKT-1-202607-00819,ni13009_01,3,2,"2026-07-20 16:40:26",0,"TEC no. is not fetching. This will cause us issues in the future. Please resolve this problem.","2026-07-20 11:10:26.233137","2026-07-20 11:10:26.233137"
8dfd986d-f12e-4b35-896f-fb9c7bed7893,TKT-1-202607-01568,vikram6singh,10,2,"2026-07-20 16:41:36",0,"Please check.","2026-07-20 11:11:36.475526","2026-07-20 11:11:36.475526"
999b8a9e-b54f-47ec-88f9-d8604a91372c,TKT-1-202607-01944,inish.d,2,3,"2026-07-20 16:43:42",0,"Sir/Madam,  Please provide the login credentials so that we can proceed further.","2026-07-20 11:13:41.752399","2026-07-20 11:13:41.752399"
e4e5c0f0-d6df-4e82-b477-840b115e8e04,TKT-1-202607-00819,inish.d,2,3,"2026-07-20 19:19:58",0,"As mentioned in previous comment, Since TEC has been cancelled, LOT's will not be created further.","2026-07-20 13:49:58.447913","2026-07-20 13:49:58.447913"
2aaaa001-8666-40e4-b630-8d1b8f97809e,TKT-1-202607-01934,wc22008_10,3,2,"2026-07-21 12:13:12",0,"mob no 9021136571 id: wc22008_10, password: Anna@123","2026-07-21 06:43:12.335352","2026-07-21 06:43:12.335352"
c577719c-b9fa-41c9-af93-d10e4f4162d6,TKT-1-202607-01934,richa.k,2,3,"2026-07-21 13:23:37",0,"Please share complete details of other transaction and stack card details to proceed further.","2026-07-21 07:53:36.559496","2026-07-21 07:53:36.559496"
8678e414-377d-462d-bf49-15f1c87a661e,TKT-1-202607-02298,294767,NULL,1,"2026-07-21 15:08:54",0,New,"2026-07-21 09:38:53.930606","2026-07-21 09:38:53.930606"
271d12df-df6e-4102-be6c-e0d7135bf8ca,TKT-1-202607-02298,vikram6singh,1,2,"2026-07-21 15:15:43",1,"Please check.","2026-07-21 09:45:42.861537","2026-07-21 09:45:42.861537"
a93b715a-eaa6-4ef2-a526-7e74a59191fd,TKT-1-202607-02298,inzemamul.h,2,3,"2026-07-21 15:19:33",0,"kindly share the supportive documents for our further investigation. For further assistance, please contact our support team at : 📞 1800-410-6688.","2026-07-21 09:49:33.373502","2026-07-21 09:49:33.373502"
1606a54e-7262-4322-adf4-5784b2ef8898,TKT-1-202607-01568,satish.d,2,3,"2026-07-21 15:37:26",0,"Please check provided comments","2026-07-21 10:07:26.242970","2026-07-21 10:07:26.242970"
570cd819-6324-45e5-b7ca-36b83ec6e099,TKT-1-202607-00428,satish.d,2,3,"2026-07-21 15:46:23",0,"once we received the mail, we will check this again","2026-07-21 10:16:22.971314","2026-07-21 10:16:22.971314"
7a392cc6-c986-4e43-9220-dc6bcb8fd187,TKT-1-202607-02308,186177,NULL,1,"2026-07-21 15:55:39",0,New,"2026-07-21 10:25:39.165998","2026-07-21 10:25:39.165998"
0f515c42-62ae-46fa-bc82-e7560291a7a0,TKT-1-202607-02308,vikram6singh,1,2,"2026-07-21 15:56:55",0,"Please check.","2026-07-21 10:26:54.507290","2026-07-21 10:26:54.507290"
956d0b16-32f1-40d0-8915-b049de5170d9,TKT-1-202607-02298,294767,3,2,"2026-07-21 16:01:57",0,please,"2026-07-21 10:31:56.679213","2026-07-21 10:31:56.679213"
7029d25e-d0f1-498d-8e8b-f7203904b8c8,TKT-1-202607-02308,richa.k,2,3,"2026-07-21 16:50:24",0,"Please describe properly what you want to convey also share proper snapshot, so that it will help us to support you at the earliest. For further assistance, please contact our support team at:📞 1800‑410‑6688.","2026-07-21 11:20:23.796308","2026-07-21 11:20:23.796308"
6e130666-ae3a-4bea-ac9e-9abc5aafc8c7,TKT-1-202607-00612,sanjeet.k,2,5,"2026-07-21 16:53:02",0,"please look into the given new requirement regarding inclusion of storage loss in previous month in special PV. however special PV on demand.","2026-07-21 11:23:01.907984","2026-07-21 11:23:01.907984"
1ce7bb31-b7e6-4af0-a491-683d897fc7a8,TKT-1-202607-01568,fb13005_01,3,2,"2026-07-21 18:03:00",0,"Issue not resolved","2026-07-21 12:32:59.827964","2026-07-21 12:32:59.827964"
6e80ce26-d08c-438e-89ea-f6149cab29c9,TKT-1-202607-01568,satish.d,2,3,"2026-07-22 10:59:29",0,"Please provide credentials","2026-07-22 05:29:29.005933","2026-07-22 05:29:29.005933"
c86a0256-0f60-44fa-994f-adb2def19392,TKT-1-202607-00428,105177,3,2,"2026-07-22 11:07:29",0,"sir its been many days and we are waiting for the response .","2026-07-22 05:37:29.265597","2026-07-22 05:37:29.265597"
7fb80385-4600-4501-9f76-58d415f1ab33,TKT-1-202607-02308,186177,3,2,"2026-07-22 11:25:22",0,"Screen shot also uploaded, While doing Inspection, The stacks in shed 3 reflecting like 301,302,303 instead of 3A01, 3A02, 3A03. And login ID - 186177 , Password - Depot@321","2026-07-22 05:55:21.646266","2026-07-22 05:55:21.646266"
09b3fd6f-6903-4419-b5ea-87d8d596c411,TKT-1-202607-00428,satish.d,2,3,"2026-07-22 11:53:42",0,"HQ has to forward the mail to enable the entry for the fortnight, we didnt receive the mail yet","2026-07-22 06:23:41.521065","2026-07-22 06:23:41.521065"
85b6e3cc-3442-46ed-849f-d21cfa6fe1a9,TKT-1-202607-00428,105177,3,2,"2026-07-22 14:18:35",0,"ok sir please check and do needfull","2026-07-22 08:48:35.483894","2026-07-22 08:48:35.483894"
8475913c-e932-47b1-86af-e3795778afce,TKT-1-202607-01568,fb13005_01,3,2,"2026-07-22 14:25:10",0,"Details provided","2026-07-22 08:55:10.456663","2026-07-22 08:55:10.456663"
2cf31873-2b3b-4d1f-9a4e-f03959b76148,TKT-1-202607-01568,satish.d,2,3,"2026-07-22 14:30:02",0,"Please check","2026-07-22 09:00:01.982965","2026-07-22 09:00:01.982965"
94d96204-937f-4930-881f-4295f4f136a1,TKT-1-202607-02308,satish.d,2,3,"2026-07-22 15:09:21",0,"it is created like that , check with that depot for the naming convention","2026-07-22 09:39:20.549528","2026-07-22 09:39:20.549528"
29f7278f-469f-4fda-86ff-c299322e7694,TKT-1-202607-02075,ee16007_10,3,2,"2026-07-22 15:30:32",0,"Downloading of ISIPV report is not possible due to technical issue.attached screenshot,dt.21.07.2026","2026-07-22 10:00:32.414426","2026-07-22 10:00:32.414426"
8d859ebd-8322-4b15-a0ee-3bbdc1a7e6e4,TKT-1-202607-02430,187216,NULL,1,"2026-07-22 16:52:36",0,New,"2026-07-22 11:22:36.343265","2026-07-22 11:22:36.343265"
86f3bb11-58d2-414d-afc8-809ec3d3c7af,TKT-1-202607-02430,vikram6singh,1,2,"2026-07-22 16:57:00",0,"Please check","2026-07-22 11:26:59.793508","2026-07-22 11:26:59.793508"
468c4720-6878-44ad-9183-7989e0539131,TKT-1-202607-02430,inzemamul.h,2,3,"2026-07-22 17:26:04",0,"kindly share the supportive documents for our further investigation. For further assistance, please contact our support team at : 📞 1800-410-6688.","2026-07-22 11:56:04.426900","2026-07-22 11:56:04.426900"
a3fc67f2-36d0-4352-b9f7-a496fa92360b,TKT-1-202607-02444,292247,NULL,1,"2026-07-22 17:34:15",0,New,"2026-07-22 12:04:15.046380","2026-07-22 12:04:15.046380"
520e34d5-5bab-441a-933f-b459b20bd464,TKT-1-202607-02444,vikram6singh,1,2,"2026-07-22 17:35:53",0,"Please check","2026-07-22 12:05:52.817217","2026-07-22 12:05:52.817217"
f98932e3-9f42-41b4-853b-03b334147cca,TKT-1-202607-02075,satish.d,2,3,"2026-07-22 18:06:38",0,"Please check provided comments","2026-07-22 12:36:38.110862","2026-07-22 12:36:38.110862"
53987bdc-872b-403c-a3ea-89b1f286ebba,TKT-1-202607-02444,satish.d,2,3,"2026-07-22 18:49:11",0,"2ND FN has been recorded?","2026-07-22 13:19:10.904940","2026-07-22 13:19:10.904940"
1bca8800-5c58-4e15-9ed2-bc49df997b10,TKT-1-202607-02308,186177,3,2,"2026-07-23 11:30:22",0,"In shed 3 , The stacks names created like 3A01,3A02, 3A03. I already provided my Login details plz check it. But only in inspection The stacks are reflecting like  301,302,303. Plz do needful","2026-07-23 06:00:21.849000","2026-07-23 06:00:21.849000"
d15e6f76-1bfb-431b-b3df-ccd1bc0d713f,TKT-1-202607-01810,sanjeet.k,2,3,"2026-07-23 11:52:47",0,"As discussed over the call, the user was informed about the ZERO PV process and advised on the necessary steps.The user agreed to proceed accordingly and stated that he will update us on whether the issue is resolved or not for the further assistance","2026-07-23 06:22:46.729358","2026-07-23 06:22:46.729358"
a6583861-be5c-4543-b9c2-76277cc3c7ea,TKT-1-202607-01407,114815,3,2,"2026-07-23 12:54:56",0,"The desired depot wise stg loss trend of June 2026 is also attached.","2026-07-23 07:24:55.872209","2026-07-23 07:24:55.872209"
88f6a041-c9f0-4323-8f87-9f61774f57f8,TKT-1-202607-02075,ee16007_10,3,2,"2026-07-23 13:15:52",0,"Till now not downloaded ISIPV","2026-07-23 07:45:51.966901","2026-07-23 07:45:51.966901"
269fc4b9-3d45-48ef-9f3c-bc0f782f5e87,TKT-1-202607-01934,wc22008_10,3,2,"2026-07-23 13:22:22",0,"details are given.","2026-07-23 07:52:21.741518","2026-07-23 07:52:21.741518"
421509a1-add4-4546-8afd-7967a2e817e4,TKT-1-202607-02430,187216,3,2,"2026-07-23 14:06:50",0,"DOCUMENT ATTACHED","2026-07-23 08:36:49.696702","2026-07-23 08:36:49.696702"
a370ca8f-d5d9-4177-a9ea-a9f79750ee20,TKT-1-202607-02430,inzemamul.h,2,3,"2026-07-23 14:11:35",0,"Kindly refer to the comment box.","2026-07-23 08:41:34.956767","2026-07-23 08:41:34.956767"
fab44ef1-bb1a-41c9-9c11-69b7ee1f4980,TKT-1-202607-02533,nf12038_01,NULL,1,"2026-07-23 15:01:24",0,New,"2026-07-23 09:31:23.800478","2026-07-23 09:31:23.800478"
4796defe-2004-431c-9fa0-fc7802e8e034,TKT-1-202607-02533,vikram6singh,1,2,"2026-07-23 15:02:52",1,"Please check","2026-07-23 09:32:51.807504","2026-07-23 09:32:51.807504"
b8588731-f682-4fe5-81c4-f1d873379537,TKT-1-202607-02308,satish.d,2,3,"2026-07-23 15:10:54",0,"please update your password and share the credentials again","2026-07-23 09:40:54.177843","2026-07-23 09:40:54.177843"
f443464e-a78a-46ff-a07a-e34ea69d8bfc,TKT-1-202607-01407,umesh.k,2,3,"2026-07-23 15:49:04",0,"Dear sir, kindly provide login details.","2026-07-23 10:19:03.909580","2026-07-23 10:19:03.909580"
db9b9cfa-930b-468e-bfd7-7996930c1a5a,TKT-1-202607-02298,satish.d,2,3,"2026-07-23 15:55:19",0,"Please check provided comments","2026-07-23 10:25:19.090173","2026-07-23 10:25:19.090173"
6b53f969-8525-45d0-903c-1509768cd987,TKT-1-202607-02075,satish.d,2,3,"2026-07-23 16:05:55",0,"please check provided comments","2026-07-23 10:35:55.044522","2026-07-23 10:35:55.044522"
05871dcd-58ff-4854-9a39-eb6c12a987df,TKT-1-202607-02444,292247,3,2,"2026-07-23 16:06:04",0,"Issue not resolved yet. OB and CB for non issuable rice is still showing ZERO","2026-07-23 10:36:04.236478","2026-07-23 10:36:04.236478"
800052ee-98f0-4a5f-9bac-a20599c8533e,TKT-1-202607-02444,satish.d,2,3,"2026-07-23 16:32:49",0,"16.078080 is the CB of wheat commodity , please check again and share the issue","2026-07-23 11:02:49.306077","2026-07-23 11:02:49.306077"
6212c0ab-e541-4d30-a8ca-33893e9e61ec,TKT-1-202607-02533,satish.d,2,7,"2026-07-23 16:57:58",0,"Only empty stack will come for stack allocation for BRL.","2026-07-23 11:27:58.228111","2026-07-23 11:27:58.228111"
c2a5aa6c-9bc0-40fc-8080-0c68c2b4de76,TKT-1-202607-00428,satish.d,2,7,"2026-07-23 17:17:24",0,"ONCE HQ SEND THE MAIL WE WILL CHECK THIS ISSUE","2026-07-23 11:47:24.320177","2026-07-23 11:47:24.320177"
4836e207-ff94-4b00-ba4a-72517b1fe622,TKT-1-202607-01407,114815,3,2,"2026-07-24 11:21:56",0,"user id- 114815, password- Suresh@123","2026-07-24 05:51:56.071791","2026-07-24 05:51:56.071791"
1f7cd2a3-785d-45b3-b092-431b58bd785d,TKT-1-202607-02615,276497,NULL,1,"2026-07-24 11:26:57",0,New,"2026-07-24 05:56:57.443886","2026-07-24 05:56:57.443886"
2812f32d-24ea-4b53-8fbf-3d08603be42b,TKT-1-202607-02615,vikram6singh,1,2,"2026-07-24 11:29:39",0,"Please check","2026-07-24 05:59:39.110093","2026-07-24 05:59:39.110093"
136e2c30-c7ea-4f45-8b75-0555a076894c,TKT-1-202607-02615,richa.k,2,7,"2026-07-24 11:43:16",0,"Please refer the comment section, For further assistance, please contact our support team at: 1800-410-6688.","2026-07-24 06:13:15.797835","2026-07-24 06:13:15.797835"
9d9b6b10-4b29-402c-9b56-43708e8ed60d,TKT-1-202607-01934,inish.d,2,3,"2026-07-24 11:45:18",0,"Sir/Madam,  Please provide the login credentials so that we can proceed further.","2026-07-24 06:15:17.538005","2026-07-24 06:15:17.538005"
cd8cc6e9-31b0-4239-8848-c0ef3fa311dc,TKT-1-202607-02624,276761,NULL,1,"2026-07-24 11:52:34",0,New,"2026-07-24 06:22:33.511309","2026-07-24 06:22:33.511309"
8059e4ea-96bc-436b-a451-1e5d28b7474c,TKT-1-202607-02533,nf12038_01,7,10,"2026-07-24 11:54:10",0,"new empty stack no. is 17E840 also not showing . please check","2026-07-24 06:24:10.017737","2026-07-24 06:24:10.017737"
94a9f21d-c463-4c20-8765-167aabe5481f,TKT-1-202607-02624,vikram6singh,1,2,"2026-07-24 11:54:57",1,"Please check","2026-07-24 06:24:57.126789","2026-07-24 06:24:57.126789"
8105cb89-f866-47cb-b3f0-3cb5ed42f7ca,TKT-1-202607-01934,wc22008_10,3,2,"2026-07-24 12:19:04",0,"Already provided","2026-07-24 06:49:03.705208","2026-07-24 06:49:03.705208"
5caa52ab-aace-4ef6-911e-4e5a12262832,TKT-1-202607-01407,umesh.k,2,3,"2026-07-24 12:27:11",0,"kindly refer comment section for more details.","2026-07-24 06:57:11.168138","2026-07-24 06:57:11.168138"
bb3e23c8-bb3a-4cf9-be7a-b020c65290a4,TKT-1-202607-02533,vikram6singh,10,2,"2026-07-24 12:59:38",0,"Please check","2026-07-24 07:29:38.178044","2026-07-24 07:29:38.178044"
0649972d-924c-4b73-b84f-713cbad10caf,TKT-1-202607-02533,richa.k,2,3,"2026-07-24 13:06:10",0,"Please check your contact details for discussion,For any further assistance, please contact our support team at:📞1800-410-6688.","2026-07-24 07:36:10.107844","2026-07-24 07:36:10.107844"
effa5114-fab4-4910-a1a5-47d3314cb558,TKT-1-202607-02533,richa.k,3,2,"2026-07-24 13:14:43",0,"Please check as discussed with user issue still not resolved.","2026-07-24 07:44:43.253803","2026-07-24 07:44:43.253803"
409b778b-70dc-48e6-81da-4347a03a3a63,TKT-1-202607-02146,167425,7,10,"2026-07-24 14:18:25",0,"The problem still remains.the report generated on 24-07-2026 is attached as ready reference.","2026-07-24 08:48:25.250850","2026-07-24 08:48:25.250850"
edf42995-76fb-41cb-8b52-81082a710062,TKT-1-202607-02146,vikram6singh,10,2,"2026-07-24 14:34:19",0,"Please check.","2026-07-24 09:04:18.725936","2026-07-24 09:04:18.725936"
742ae30b-7318-4d7e-a5af-cb2f67e41c26,TKT-1-202607-01934,inish.d,2,3,"2026-07-24 14:35:55",0,"Sir/Madam, stack - 1A09 status as empty. Please do other transaction - Inward and stack- 1A11 has status as issue Please other transaction -Issue.","2026-07-24 09:05:55.258797","2026-07-24 09:05:55.258797"
18c099ab-2645-4445-b882-c4eefda3d724,TKT-1-202607-02146,satish.d,2,3,"2026-07-24 15:04:31",0,"For the first fortnight, you edited the Opening Balance for June (1st Fortnight) after the Stock Figures had already been entered. As a result, the Opening Balance no longer matches, if it needs to be edited send mail to HQ","2026-07-24 09:34:30.598970","2026-07-24 09:34:30.598970"
b7374c27-b627-4206-aa6c-f2839c9c563c,TKT-1-202607-02656,132363,NULL,1,"2026-07-24 15:07:37",0,New,"2026-07-24 09:37:37.225363","2026-07-24 09:37:37.225363"
092a009a-bcba-4f17-b1ca-4631783b85aa,TKT-1-202607-02656,vikram6singh,1,2,"2026-07-24 15:11:59",1,"Please check","2026-07-24 09:41:59.094042","2026-07-24 09:41:59.094042"
63547be2-e53f-47fd-ae0d-40087390fcdc,TKT-1-202607-02308,186177,3,2,"2026-07-24 15:29:34",0,"login ID - 186177 , Password - Depot@123","2026-07-24 09:59:34.194060","2026-07-24 09:59:34.194060"
21f7ff4a-0ff5-4c75-9d2f-ea0ab1b02c10,TKT-1-202607-02298,294767,3,2,"2026-07-24 16:16:25",0,"Now iam closing this ticket , When you will get update on this  ticket let us inform .","2026-07-24 10:46:24.817264","2026-07-24 10:46:24.817264"
27a06868-6436-4492-bc4b-e7506828fa5d,TKT-1-202607-02298,shrutipan966,2,7,"2026-07-24 17:10:39",0,"As per User's remarks (Now i am closing this ticket , When you will get update on this ticket let us inform .)","2026-07-24 11:40:38.988768","2026-07-24 11:40:38.988768"
8acc8245-fb3c-4c58-969c-368015283eec,TKT-1-202607-02308,satish.d,2,7,"2026-07-24 17:32:45",0,"Dear sir/madam, with what ever name you have create the stack name same will be visible throughout the depot in all operations","2026-07-24 12:02:44.970551","2026-07-24 12:02:44.970551"
ad094935-c9bc-459a-9273-67fb55ddf9b3,TKT-1-202607-02682,313102,NULL,1,"2026-07-24 18:09:21",0,New,"2026-07-24 12:39:20.917975","2026-07-24 12:39:20.917975"
ec4393f7-18d6-4a2e-934c-986c233acfc2,TKT-1-202607-02656,inish.d,2,3,"2026-07-24 18:12:34",0,"Please provide LOT number for which you wants to perform REjection pickup and Respective TEC number and millers WINGS id.","2026-07-24 12:42:33.608392","2026-07-24 12:42:33.608392"
b1ee1818-f015-4a82-9adc-5343e8c4350c,TKT-1-202607-02682,vikram6singh,1,2,"2026-07-25 09:03:17",0,"Please check.","2026-07-25 03:33:17.345060","2026-07-25 03:33:17.345060"
7052b7f2-bfd6-4634-8118-d45926af8d74,TKT-1-202607-02682,arti.1.t,2,3,"2026-07-25 09:20:00",0,"I tried to connect with you to discuss your issue; however, we were unable to get in touch. Kindly connect with us at your earliest convenience so that we can assist you further.","2026-07-25 03:50:00.000000","2026-07-25 04:50:30.211178"
64aa509a-cb8b-4252-b8fa-e377dbbbdddf,TKT-1-202607-02688,nf13050_01,NULL,1,"2026-07-25 10:12:30",0,New,"2026-07-25 04:42:29.637414","2026-07-25 04:42:29.637414"
21d92a49-7478-4d43-8d4c-505f73ecd86a,TKT-1-202607-02688,vikram6singh,1,2,"2026-07-25 10:14:48",1,"Please check","2026-07-25 04:44:47.626962","2026-07-25 04:44:47.626962"
62d2e133-6b29-47b5-8d5c-64492ee941ef,TKT-1-202607-01934,wc22008_10,3,2,"2026-07-25 12:47:47",0,"Request to explain on phone. contact no 9021136571","2026-07-25 07:17:46.786484","2026-07-25 07:17:46.786484"
8dc8b3c0-687f-4f39-aea8-33cc6b90a340,TKT-1-202607-02712,sf14012_01,NULL,1,"2026-07-25 13:31:26",0,New,"2026-07-25 08:01:25.880198","2026-07-25 08:01:25.880198"
61e99d08-5ef5-4414-bd93-5891bca57551,TKT-1-202607-02712,vikram6singh,1,2,"2026-07-25 13:36:52",1,"Please check","2026-07-25 08:06:52.200087","2026-07-25 08:06:52.200087"
79ab74d5-503d-4bee-8efc-2dc53327a5bf,TKT-1-202607-02533,sanjeet.k,2,7,"2026-07-25 16:13:57",0,"kindly check the comment section","2026-07-25 10:43:57.351998","2026-07-25 10:43:57.351998"
45c4975a-458c-43d2-abbc-f12980032d1f,TKT-1-202607-02712,arti.1.t,2,3,"2026-07-25 16:41:42",0,"Kindly share your contact details for further discussion regarding the issue. We will connect with you and assist accordingly.","2026-07-25 11:11:42.485949","2026-07-25 11:11:42.485949"
3287d062-9fa4-419a-b38f-3c334884205c,TKT-1-202607-01568,fb13005_01,3,2,"2026-07-26 12:37:10",0,"ISSUE NOT RESOLVED","2026-07-26 07:07:10.181371","2026-07-26 07:07:10.181371"
e24bfdf2-4e3d-4e62-8b94-38a1b2670eb8,TKT-1-202607-01934,inzemamul.h,2,7,"2026-07-27 10:37:08",0,"kindly refer to the comment box.","2026-07-27 05:07:08.144640","2026-07-27 05:07:08.144640"
adb2848d-9483-447f-b9f3-8a5c68f55e1e,TKT-1-202607-02712,sf14012_01,3,2,"2026-07-27 11:08:34",0,"8978446917 Avinash","2026-07-27 05:38:34.205378","2026-07-27 05:38:34.205378"
a73f82a1-2434-4051-ad54-487314648434,TKT-1-202607-02762,311086,NULL,1,"2026-07-27 11:28:37",0,New,"2026-07-27 05:58:36.580969","2026-07-27 05:58:36.580969"
7d39fbf9-b565-4ca3-8a3f-5a8ec228f5db,TKT-1-202607-01568,satish.d,2,3,"2026-07-27 11:44:43",0,"Please check provided comments","2026-07-27 06:14:43.253108","2026-07-27 06:14:43.253108"
13dcb48b-a658-4093-a1f6-c38c3be0706c,TKT-1-202607-02762,vikram6singh,1,2,"2026-07-27 11:55:29",1,"Please check.","2026-07-27 06:25:28.621320","2026-07-27 06:25:28.621320"
b0f9f53d-e82c-4256-ab00-cd4217d8bf6f,TKT-1-202607-01220,263956,3,2,"2026-07-27 12:27:35",0,"Sir, I have reassigned the ticket. The detailed issue has been mentioned in the comments section, as the description field is restricted to **250 words/characters**.","2026-07-27 06:57:35.083091","2026-07-27 06:57:35.083091"
958b5700-6d86-46c3-a238-0bb509f68356,TKT-1-202607-01568,fb13005_01,3,2,"2026-07-27 12:41:52",0,"Issue has not been resolved yet","2026-07-27 07:11:51.792750","2026-07-27 07:11:51.792750"
ae05fbaa-6060-4eee-a741-174839b10d86,TKT-1-202607-02444,292247,3,2,"2026-07-27 12:49:06",0,"16.078080 MT is the CB of wheat non issuable commodity","2026-07-27 07:19:06.389147","2026-07-27 07:19:06.389147"
eb9426e6-16ce-40ae-b6b3-b90265ca5b4f,TKT-1-202607-02782,175119,NULL,1,"2026-07-27 12:56:25",0,New,"2026-07-27 07:26:25.413684","2026-07-27 07:26:25.413684"
b4778bd7-a4e2-4d89-8fe4-4a8a75a4ac48,TKT-1-202607-02782,vikram6singh,1,2,"2026-07-27 13:26:33",1,"Please check","2026-07-27 07:56:33.418063","2026-07-27 07:56:33.418063"
2a15db43-10fb-4223-b6ee-b9c843d6078c,TKT-1-202607-02190,119236,3,2,"2026-07-27 13:43:50",0,"that sir in PART-II (Anna Darpan) truck wise receipt is not showing while generating in Monthly MSA Report Monthly Receipt Statement so please solve this issue (Contact no. - 7014519263)","2026-07-27 08:13:50.371394","2026-07-27 08:13:50.371394"
476b1dff-32d8-41b7-a1ad-87c59c64b49e,TKT-1-202607-02146,167425,3,2,"2026-07-27 13:44:55",0,"The difference still remains. The report generated on 27-07-2026 is hereby attached as ready reference please.","2026-07-27 08:14:54.894458","2026-07-27 08:14:54.894458"
86aa1df9-f095-4c09-b33f-0a9aa383e3d9,TKT-1-202607-02782,saroj.m,2,3,"2026-07-27 13:52:26",0,"You are kindly requested to please share the relevant screenshots and supporting documents, so that we may review the matter and determine the further course of action. For any assistance, please contact our support team at: 1800-410-6688.","2026-07-27 08:22:26.001892","2026-07-27 08:22:26.001892"
b65391ef-3ad8-4900-acb8-5adc0fb6bceb,TKT-1-202607-01568,satish.d,2,3,"2026-07-27 14:42:35",0,"Please check provided comments","2026-07-27 09:12:34.998415","2026-07-27 09:12:34.998415"
938f7846-9852-43b4-a15a-24fbd24c9163,TKT-1-202607-02712,arti.1.t,2,3,"2026-07-27 14:46:25",0,"We attempted to contact you multiple times regarding your issue, but your phone was busy. Please share a convenient time to connect or feel free to contact us for further discussion For any assistance, please feel free to contact us at 1800-410-6688.","2026-07-27 09:16:24.744688","2026-07-27 09:16:24.744688"
14b6dfb8-732a-430b-b643-0b387e31fca1,TKT-1-202607-01568,fb13005_01,3,2,"2026-07-27 15:16:21",0,"Please check the "Token status not updated" screenshot","2026-07-27 09:46:21.145766","2026-07-27 09:46:21.145766"
992342b0-685f-40af-bf67-135e31e8e47d,TKT-1-202607-01568,satish.d,2,3,"2026-07-27 15:31:10",0,"Please check now","2026-07-27 10:01:10.254631","2026-07-27 10:01:10.254631"
f8536970-7888-4720-9cf2-76bbfeb783d0,TKT-1-202607-01568,fb13005_01,3,2,"2026-07-27 15:53:12",0,"Issue has not been resolved","2026-07-27 10:23:11.710322","2026-07-27 10:23:11.710322"
5ad412cf-9827-4fbf-b993-f4370f1b4974,TKT-1-202607-02804,140983,NULL,1,"2026-07-27 15:58:06",0,New,"2026-07-27 10:28:05.842973","2026-07-27 10:28:05.842973"
6acf4400-ef70-4bc8-827b-9f3909b8c683,TKT-1-202607-02804,vikram6singh,1,2,"2026-07-27 15:59:09",1,"Please check.","2026-07-27 10:29:09.165613","2026-07-27 10:29:09.165613"
04fae0aa-215f-4042-ae34-5d2c5bd120c7,TKT-1-202607-02782,175119,3,2,"2026-07-27 16:16:17",1,"Screenshot Attached","2026-07-27 10:46:17.424697","2026-07-27 10:46:17.424697"
1820b13c-1224-4dd2-90a7-eeebf08600e7,TKT-1-202607-01407,114815,3,2,"2026-07-27 16:50:57",0,"It is stated that as per the information provided by DO Dharamshala through e-Mail in the 29.10 proforma, the stg loss is 3.21460QTLS and Receipt quantity is 8680.93915QTLS( 29.10 statement attached for ready reference","2026-07-27 11:20:56.592092","2026-07-27 11:20:56.592092"
3055562a-bddf-4aba-aec8-bacf343eff64,TKT-1-202607-01220,anshu.r,2,5,"2026-07-27 16:59:31",0,"Please look into the user requirement for enabling Base Depot to act only as operational Railhead for receipt and dispatch, without compulsory physical storage or mandatory wagon allocation.","2026-07-27 11:29:31.250628","2026-07-27 11:29:31.250628"
9f53cdee-298b-4207-91d9-75c209dfb93e,TKT-1-202607-02804,satish.d,2,3,"2026-07-27 17:20:42",0,"Kindly check the comment section","2026-07-27 11:50:41.633936","2026-07-27 11:50:41.633936"
7c53fdbe-011c-43f4-99a2-9d1cc55d3716,TKT-1-202607-02190,umesh.k,2,3,"2026-07-27 18:46:28",0,"kindly atach supporting documents as well as provide login details.","2026-07-27 13:16:28.239130","2026-07-27 13:16:28.239130"
2edd2621-926a-460e-9dd9-4dbf9071eb5c,TKT-1-202607-02624,satish.d,2,7,"2026-07-27 19:50:32",0,"Kindly check the comment section","2026-07-27 14:20:31.964370","2026-07-27 14:20:31.964370"
d8e26a86-36f9-484d-b0d4-5c98720868b2,TKT-1-202607-02831,292983,NULL,1,"2026-07-28 10:41:13",0,New,"2026-07-28 05:11:13.086554","2026-07-28 05:11:13.086554"
02359a54-5013-42ff-87c1-866f1ee98327,TKT-1-202607-02831,vikram6singh,1,2,"2026-07-28 11:00:52",1,"Please check.","2026-07-28 05:30:52.191962","2026-07-28 05:30:52.191962"
6e7b672b-d2af-4e8e-bc2f-299741f889f2,TKT-1-202607-02075,satish.d,3,2,"2026-07-28 11:12:07",0,"Assign back","2026-07-28 05:42:07.369762","2026-07-28 05:42:07.369762"
0301b6da-104b-45be-a26a-b75aec274d68,TKT-1-202607-02075,satish.d,2,7,"2026-07-28 11:12:17",0,"we hope issue has been resolved we are closing the ticket please create new ticket if any issue still persists","2026-07-28 05:42:16.530938","2026-07-28 05:42:16.530938"
40633832-6ebb-4bf7-bcd5-82b8bc64359e,TKT-1-202607-01153,278999,3,2,"2026-07-28 12:46:31",0,"It is already checked. there is no discrepancy in weighbridge register. so kindly do the needful.","2026-07-28 07:16:31.338311","2026-07-28 07:16:31.338311"
1bbc69d4-bacc-43e1-b49b-3ef5412a8dc6,TKT-1-202607-02444,satish.d,2,3,"2026-07-28 12:53:18",0,"for which commodity there is a mismatch please share proper details of that","2026-07-28 07:23:17.785824","2026-07-28 07:23:17.785824"
989baaa2-d4f8-4b00-8f8b-fbac44641708,TKT-1-202607-02146,satish.d,2,3,"2026-07-28 12:55:02",0,"some one has edited the opening balance, so if it needs to be corrected please send a mail to HQ","2026-07-28 07:25:02.075960","2026-07-28 07:25:02.075960"
14df96d0-c547-40af-b056-efb4e0b709cb,TKT-1-202607-01407,umesh.k,2,3,"2026-07-28 14:41:24",0,"Dear sir, could you please confirm that, whether for all depots you are getting wrogn Sl % or only for specific depots. so that we can verify. also it will be usefull, if will get for each depot how much receipt and storageloss happened in qtls.","2026-07-28 09:11:24.305669","2026-07-28 09:11:24.305669"
700d3852-e6b9-46e9-bc47-17e1ab3af66a,TKT-1-202607-02712,sf14012_01,3,2,"2026-07-28 14:51:57",0,"10:00 AM TO 05:30 PM","2026-07-28 09:21:56.562927","2026-07-28 09:21:56.562927"
1348ce4e-d053-4e1e-b5ef-af980e196b54,TKT-1-202607-02101,186897,3,2,"2026-07-28 14:56:22",0,"Issue has mail through the Handholding Staff with the detailed data for both the DOs","2026-07-28 09:26:21.712242","2026-07-28 09:26:21.712242"
7835bed4-12fb-4141-b3a5-2adacfd1dd3a,TKT-1-202607-01568,satish.d,2,3,"2026-07-28 15:05:29",0,"Please check comment section","2026-07-28 09:35:29.144381","2026-07-28 09:35:29.144381"
3c8fa88b-dce9-44f7-a28d-e3a0af9f62c1,TKT-1-202607-02101,sanjeet.k,2,3,"2026-07-28 15:16:18",0,"we tried to contact you multiple times, but no response was received from your end. kindly provide your contact details for the further assistance regarding your query.","2026-07-28 09:46:17.862358","2026-07-28 09:46:17.862358"
4a3df976-6460-451b-8524-9c5ef5f63d8f,TKT-1-202607-02656,132363,3,2,"2026-07-28 15:27:10",0,"The lot no for rejection pickup is 3042,3043 and 3450 of Tanish Rice Mill wings id 28365 and tec no 1748466. Name of godown Badrukhan New Godown NF-22090.","2026-07-28 09:57:10.173686","2026-07-28 09:57:10.173686"
7dad35a8-c900-40cb-aab8-2ef8e153d8ca,TKT-1-202607-00967,122462,3,2,"2026-07-28 15:31:23",0,"issue of storage capacity not resolve","2026-07-28 10:01:22.796105","2026-07-28 10:01:22.796105"
536dec56-ffe8-45df-aab2-c7165838d7ac,TKT-1-202607-02876,313454,NULL,1,"2026-07-28 16:01:37",0,New,"2026-07-28 10:31:37.380916","2026-07-28 10:31:37.380916"
60fca836-0503-4a50-a5bd-c6d8cb30d799,TKT-1-202607-01568,fb13005_01,3,2,"2026-07-28 16:03:05",0,"Issue not resolved","2026-07-28 10:33:04.709546","2026-07-28 10:33:04.709546"
e863fd95-b97f-4915-b945-3d8dfe57c2e6,TKT-1-202607-02876,vikram6singh,1,2,"2026-07-28 16:08:12",1,"Please check.","2026-07-28 10:38:11.710311","2026-07-28 10:38:11.710311"
5bb2870f-2d45-4b4a-bbae-8387a3e2af44,TKT-1-202607-00967,sanjeet.k,2,3,"2026-07-28 16:11:45",0,"Respected sir/ma'am, kindly share the supporting documents regarding your query for the further assistance.","2026-07-28 10:41:44.834032","2026-07-28 10:41:44.834032"
091ed492-5a0b-46be-bae8-6528c48b1785,TKT-1-202607-02804,140983,3,2,"2026-07-28 16:33:58",0,"we have to transfer remaining bally to fsd partapur. login details are . 140983  password Nadeem@22090","2026-07-28 11:03:58.307143","2026-07-28 11:03:58.307143"
fb2a5b5c-b1ac-4da3-afd6-35dc3cebe796,TKT-1-202607-02682,313102,3,2,"2026-07-28 16:43:05",0,"issue not resolved","2026-07-28 11:13:04.910570","2026-07-28 11:13:04.910570"
b7409c0c-beea-4884-84ca-38a19ae9d578,TKT-1-202607-01568,satish.d,2,3,"2026-07-28 17:07:45",0,"Please check provided comments","2026-07-28 11:37:45.228812","2026-07-28 11:37:45.228812"
c1c4dc5a-8b87-4cbf-abc8-be56674694de,TKT-1-202607-02895,276201,NULL,1,"2026-07-28 17:53:21",0,New,"2026-07-28 12:23:21.075253","2026-07-28 12:23:21.075253"
41f2098e-a79c-404c-84bb-fae90cc29158,TKT-1-202607-02895,vikram6singh,1,2,"2026-07-28 17:56:20",1,"Please check.","2026-07-28 12:26:20.040323","2026-07-28 12:26:20.040323"
9e1e806b-440a-40f0-a4f6-f5a17ec4c855,TKT-1-202607-02712,inish.d,2,3,"2026-07-28 20:17:35",0,"Apply some wide date range, also next to that search bar, ther will be filters button, please search that token number and cancel that.","2026-07-28 14:47:35.181656","2026-07-28 14:47:35.181656"
fe422c7d-00c1-40e3-985e-4a85dc010998,TKT-1-202607-02895,saroj.m,2,3,"2026-07-29 10:07:48",0,"Kindly refer the comment box.","2026-07-29 04:37:48.210787","2026-07-29 04:37:48.210787"
adaa6901-bcbc-4f86-8904-00956e1bb9e6,TKT-1-202607-02190,119236,3,2,"2026-07-29 10:40:06",0,"IN MSA Part-II (by road receipt data not showing ) Photo Enclosed","2026-07-29 05:10:05.703283","2026-07-29 05:10:05.703283"
3407dd29-90af-4ee5-8899-7c10639b0310,TKT-1-202607-00211,188695,3,2,"2026-07-29 10:46:53",0,"Mail has been sent from the regional office for correction, kindly check.","2026-07-29 05:16:53.087373","2026-07-29 05:16:53.087373"
5bdf7c64-04b9-4a9f-bbf4-1668c6a84c98,TKT-1-202607-02190,umesh.k,2,3,"2026-07-29 11:25:51",0,"Dear sir, cant able to see any attachments for this ticket, kindly check once again.","2026-07-29 05:55:50.553008","2026-07-29 05:55:50.553008"
ffc97c19-a8cc-45f0-b788-2d7f565eb0f5,TKT-1-202607-02922,222292,NULL,1,"2026-07-29 12:02:14",0,New,"2026-07-29 06:32:13.856648","2026-07-29 06:32:13.856648"
e9f57e7f-e06d-44f9-b74c-d6f4908706ff,TKT-1-202607-02922,vikram6singh,1,2,"2026-07-29 12:04:10",0,"Please check.","2026-07-29 06:34:10.424811","2026-07-29 06:34:10.424811"
cfc64bf7-6506-42df-9c7f-fff3ed2d5d26,TKT-1-202607-02929,298371,NULL,1,"2026-07-29 12:49:34",0,New,"2026-07-29 07:19:33.774425","2026-07-29 07:19:33.774425"
39dd30dc-8902-4622-a1eb-54f2dee7af3b,TKT-1-202607-02929,vikram6singh,1,2,"2026-07-29 12:50:44",1,"Please check","2026-07-29 07:20:43.613744","2026-07-29 07:20:43.613744"
205485c7-6960-4570-a4a4-3783313f863f,TKT-1-202607-02929,inzemamul.h,2,3,"2026-07-29 12:56:32",0,"Please describe properly what you want to convey,  For further assistance, please contact our support team at 📞 1800-410-6688.","2026-07-29 07:26:32.310470","2026-07-29 07:26:32.310470"
458e19ca-c52e-4a51-8d09-48687d05b72d,TKT-1-202607-02939,313546,NULL,1,"2026-07-29 13:20:27",0,New,"2026-07-29 07:50:27.331643","2026-07-29 07:50:27.331643"
959060a8-0bd5-46aa-b6f6-cd9014427583,TKT-1-202607-02940,140951,NULL,1,"2026-07-29 13:20:45",0,New,"2026-07-29 07:50:44.722696","2026-07-29 07:50:44.722696"
ad382e8a-854b-4409-a583-3f7b2a6d548b,TKT-1-202607-02939,vikram6singh,1,2,"2026-07-29 13:21:14",1,"Please check.","2026-07-29 07:51:14.239087","2026-07-29 07:51:14.239087"
34c5916b-a5fd-4a64-91ed-6e8adfced640,TKT-1-202607-02939,richa.k,2,3,"2026-07-29 13:29:55",0,"Kindly share the supporting documents for further investigation. For further assistance, contact the support team at 📞 1800‑410‑6688.","2026-07-29 07:59:55.074429","2026-07-29 07:59:55.074429"
507edcbe-f4dd-4d40-8af5-9e0a71413c06,TKT-1-202607-02940,vikram6singh,1,2,"2026-07-29 13:30:02",0,"Please check.","2026-07-29 08:00:01.866147","2026-07-29 08:00:01.866147"
e84e4070-6d8e-45c6-832b-427d93716681,TKT-1-202607-02190,119236,3,2,"2026-07-29 14:06:44",0,"IN MSA Part-II (by road receipt data not showing ) Photo Enclosed id :-119236 password:- Depot@2026","2026-07-29 08:36:44.309660","2026-07-29 08:36:44.309660"
60ce45b4-e94f-4405-9e37-1bf7a61521f5,TKT-1-202607-02804,satish.d,2,3,"2026-07-29 14:25:39",0,"Kindly check the comment section","2026-07-29 08:55:38.882862","2026-07-29 08:55:38.882862"
d1b733b4-8cdc-4a85-a2bf-31e273b2814d,TKT-1-202607-02190,umesh.k,2,3,"2026-07-29 14:32:07",0,"Dear Sir,  We have checked our records and found that no inward road movement was completed at the depot during the month of July.  Could you verify this from your end and share the details if any completed inward road movement during that month.","2026-07-29 09:02:07.345366","2026-07-29 09:02:07.345366"
7c8092f7-4b04-4288-897c-dc8241e0b63f,TKT-1-202607-02922,satish.d,2,3,"2026-07-29 14:41:10",0,"2ndFN entry window is closed for june month, if entry needs to be done please send a mail to HQ","2026-07-29 09:11:10.258224","2026-07-29 09:11:10.258224"
bc5a5abe-d7c3-4074-8b12-315e64d24bef,TKT-1-202607-01163,311511,3,2,"2026-07-29 14:44:21",0,"The issue hasn't been resolved.","2026-07-29 09:14:21.411476","2026-07-29 09:14:21.411476"
19e852f0-ac6e-441b-a661-d3dd51387445,TKT-1-202607-02444,292247,3,2,"2026-07-29 14:53:41",0,"Wheat FAQ Non issuable","2026-07-29 09:23:40.510803","2026-07-29 09:23:40.510803"
decbbeab-65b0-4a35-90ca-84f42c7d9479,TKT-1-202607-01810,278305,3,2,"2026-07-29 15:10:44",0,"issue not resolved","2026-07-29 09:40:44.007692","2026-07-29 09:40:44.007692"
9ab54d0d-d759-428d-ba39-6588213b9c44,TKT-1-202607-01810,sanjeet.k,2,3,"2026-07-29 15:13:22",0,"Kindly share the **depot details** along with the **PV Team AD ID** credentials so that we can log in and verify the issue from our end.","2026-07-29 09:43:22.086393","2026-07-29 09:43:22.086393"
139ba9ea-5e15-471f-9015-36495e79543d,TKT-1-202607-02939,313546,3,2,"2026-07-29 15:31:40",0,"The supporting documents are attached for your reference","2026-07-29 10:01:39.654166","2026-07-29 10:01:39.654166"
3e0cf74b-15df-4e04-bc58-aab0fa9394d1,TKT-1-202607-02430,187216,3,2,"2026-07-29 16:08:12",0,"NECESSARY DOCUMENT ATTACHED FOR KIND INFORMATION","2026-07-29 10:38:11.754446","2026-07-29 10:38:11.754446"
bd4ff191-7b91-42b5-84b3-c5a4c5558080,TKT-1-202607-02939,umesh.k,2,3,"2026-07-29 16:15:07",0,"Dear Sir,  Could you please share the login credentials, so that we can proceed with the investigation.","2026-07-29 10:45:06.712399","2026-07-29 10:45:06.712399"
b3c02e91-1ada-4f54-9873-ca6396a47bc8,TKT-1-202607-02190,119236,3,2,"2026-07-29 16:24:00",0,"Sir,  Every month, FSD Alwar receives stock by road. However, the monthly reports (In MSA Anna Darpan Monthly receipts) are not showing any road-received stock. Kindly check this issue and resolve the problem as soon as possible.","2026-07-29 10:54:00.357330","2026-07-29 10:54:00.357330"
4ced4984-db70-4cd5-9b6d-41643cb27b5e,TKT-1-202607-01407,114815,3,2,"2026-07-29 17:17:02",0,"It is stated that the stg loss details are wrong in all the depots of HP Region","2026-07-29 11:47:01.702712","2026-07-29 11:47:01.702712"
9fdf0f81-01a5-42d5-81be-feec8866917e,TKT-1-202607-00211,satish.d,2,3,"2026-07-29 17:57:04",0,"once we get from them , we will check this","2026-07-29 12:27:03.779547","2026-07-29 12:27:03.779547"
ec9dc75a-8350-45f5-ae75-f26049bdd3df,TKT-1-202607-02831,satish.d,2,3,"2026-07-29 19:06:16",0,"share the special number to check the transaction","2026-07-29 13:36:16.228169","2026-07-29 13:36:16.228169"
d278dad6-ee72-4394-80b8-7b3144d9e9b1,TKT-1-202607-02190,umesh.k,2,3,"2026-07-30 10:56:22",0,"Dear sir, Could you please share the details of that particular movement that is carried out in the mentioned month, so that we can further investigate the issue.","2026-07-30 05:26:22.202299","2026-07-30 05:26:22.202299"
3dd241d1-1faf-49f8-b3ae-3572b667fe22,TKT-1-202607-01721,292216,3,2,"2026-07-30 11:01:42",0,"Stack no. 2A11 was declared BRL by the inspection team in FSD Patran godown, BRL No. is not showing for lifting of BRL STOCK MODULE.Liting has to be done but BRL No. is not showing in the Lifting of BRL module for lifting to be done.","2026-07-30 05:31:42.249879","2026-07-30 05:31:42.249879"
88654c40-0abf-4b92-b9e3-8543d76db2e5,TKT-1-202607-02939,313546,3,2,"2026-07-30 11:20:10",0,"ID : 313546. , Password : Sekhar@6789","2026-07-30 05:50:09.527567","2026-07-30 05:50:09.527567"
8cce0fea-92d5-4fec-9a68-86e20c81b2ab,TKT-1-202607-01944,kshitiz.s,3,2,"2026-07-30 11:54:08",0,"Please check.","2026-07-30 06:24:08.059646","2026-07-30 06:24:08.059646"
89d78100-ad26-44dd-bb9e-de0c8e14f45a,TKT-1-202607-01944,kshitiz.s,2,7,"2026-07-30 11:55:46",0,"Please refer to the comment section.","2026-07-30 06:25:46.126962","2026-07-30 06:25:46.126962"
25e68d69-b49b-4c47-99d1-6656f39ea794,TKT-1-202607-03026,250695,NULL,1,"2026-07-30 12:10:37",0,New,"2026-07-30 06:40:37.037147","2026-07-30 06:40:37.037147"
565a2cd4-4d33-4f98-a3b5-6630f9671746,TKT-1-202607-03026,vikram6singh,1,2,"2026-07-30 12:10:56",1,"Please check.","2026-07-30 06:40:55.895632","2026-07-30 06:40:55.895632"
b689c383-6b4b-4cb3-8910-7d7c1d1a2ad7,TKT-1-202607-00967,122462,3,2,"2026-07-30 12:41:37",0,"It is requested to update the actual storage capacity of Divisional Office Alwar from 206707 MT to 201225 MT (Actual capacity). while preparing Movement IO Statement,in this regard i have raised tiket in every month start of month","2026-07-30 07:11:36.570487","2026-07-30 07:11:36.570487"
dc3975c9-da69-4ee0-a8be-c4cd7ac541b2,TKT-1-202607-01944,nc13064_01,7,10,"2026-07-30 12:57:28",0,"kindly repoen the ticket. The login credentials are nc13064_01 and password is -Depot@123","2026-07-30 07:27:27.740878","2026-07-30 07:27:27.740878"
0b315606-746f-44e4-8f0d-98dc66863cfe,TKT-1-202607-01944,vikram6singh,10,2,"2026-07-30 13:03:24",0,"Please check.","2026-07-30 07:33:24.433027","2026-07-30 07:33:24.433027"
1b406f45-ca42-4ef1-8843-e1a19890266f,TKT-1-202607-02190,119236,3,2,"2026-07-30 14:54:04",0,"IN Anna darpan (MSA) report By road receipt data is not showing in any month","2026-07-30 09:24:03.825508","2026-07-30 09:24:03.825508"
1d745cda-9175-465d-96c8-fc21251225c4,TKT-1-202607-01220,Movement_admin,5,2,"2026-07-30 15:22:28",0,"Consignor shall have only the railhead code at the time of loading, select any of the depot mapped to the said railhead while loading rake.Wagon assignment can only be decided by the receiving DO, no minimum requirement of one wagon to be mandated.","2026-07-30 09:52:27.704033","2026-07-30 09:52:27.704033"
efa91d3c-c77e-4cd2-8e1f-cacc6007d68b,TKT-1-202607-03026,satish.d,2,3,"2026-07-30 16:17:45",0,"please share the user credentials to check this issue","2026-07-30 10:47:44.970931","2026-07-30 10:47:44.970931"
c77a47a5-161a-4022-a947-927fe46d25a5,TKT-1-202607-01407,umesh.k,2,3,"2026-07-30 16:21:48",0,"Dear sir, whatever data has been fed to the AD portal related to received quantity and issued quantity based on that we are calculating the storage loss quantity.","2026-07-30 10:51:47.610757","2026-07-30 10:51:47.610757"
4b91a96e-338d-4a15-b57b-3bb1fba6f8e6,TKT-1-202607-02190,umesh.k,2,3,"2026-07-30 16:22:16",0,"Dear Sir,  At FSD Alwar Depot, all road movement transactions are currently marked as Inprogress. Kindly perform the closure operation for these transactions. Once the closure is completed, the data will be reflected in the report.","2026-07-30 10:52:15.972225","2026-07-30 10:52:15.972225"
03a56e53-b184-4c51-94e8-c82e1c9af800,TKT-1-202607-01721,satish.d,2,3,"2026-07-30 16:35:06",0,"only when the whole brl quantity is replaced , lifting of old commodity happens, please ensure whole quantity is replaced","2026-07-30 11:05:05.847337","2026-07-30 11:05:05.847337"
ef40d824-d637-4ffc-aea9-3712131de380,TKT-1-202607-02940,inish.d,2,3,"2026-07-30 16:36:03",0,"thanks for your suggestion sir, we will check with our team, hope it will not block any transaction.","2026-07-30 11:06:02.942283","2026-07-30 11:06:02.942283"
77ae46d4-ed24-41f5-920e-7e894c35a206,TKT-1-202607-02688,inish.d,2,3,"2026-07-30 16:44:52",0,"please provide your credentials, let us login and check","2026-07-30 11:14:51.889509","2026-07-30 11:14:51.889509"
72b9d8e1-4c3c-4294-9a45-4500b40d2954,TKT-1-202607-01220,anshu.r,2,3,"2026-07-30 17:35:02",0,"The user was contacted regarding the issue. The user informed that they would review the comments and provide confirmation after verification.For further assistance, please contact our support team at : 1800-410-6688","2026-07-30 12:05:02.082831","2026-07-30 12:05:02.082831"
e853acdd-cf11-430b-a17e-82508fdc89df,TKT-1-202607-01153,umesh.k,2,3,"2026-07-31 09:24:38",0,"Dear sir/madam, kindly check the comments added now. Thank you","2026-07-31 03:54:37.662047","2026-07-31 03:54:37.662047"
2c577f52-e164-4cba-941a-dcb2a92ff572,TKT-1-202607-00967,umesh.k,2,3,"2026-07-31 09:53:59",0,"Dear sir/madam, kindly check the comments added. Thank you","2026-07-31 04:23:59.043550","2026-07-31 04:23:59.043550"
9414fbe3-eebb-48ab-a5cd-6fab59cf045f,TKT-1-202607-02682,umesh.k,2,3,"2026-07-31 11:16:41",0,"Dear sir/madam, Could you please share us the Movement name and Token number to investigate on this issue. Thank You","2026-07-31 05:46:41.008996","2026-07-31 05:46:41.008996"
87069c91-6f5e-44da-9ad4-4fe5d289c4d8,TKT-1-202607-02762,umesh.k,2,3,"2026-07-31 11:17:50",0,"Kindly check our comments.","2026-07-31 05:47:49.751252","2026-07-31 05:47:49.751252"
4207b9ec-b7cf-4338-ba81-21ceb6918be4,TKT-1-202607-02190,119236,3,2,"2026-07-31 11:31:33",0,"IN MSA Part-II (by road receipt data not showing )","2026-07-31 06:01:32.892234","2026-07-31 06:01:32.892234"
3e49a727-13a4-41f9-8e77-7d2010399a21,TKT-1-202607-02762,311086,3,2,"2026-07-31 11:45:32",0,"Please find attached pdf while scanning QR from stack details error is showing in mobile app.","2026-07-31 06:15:31.637504","2026-07-31 06:15:31.637504"
0d068135-5ca8-4d22-ad36-d9f4799c1fed,TKT-1-202607-02190,umesh.k,2,3,"2026-07-31 12:15:21",0,"kindly refer the comment section and follow the same, so that the specific report will be generate.","2026-07-31 06:45:21.164223","2026-07-31 06:45:21.164223"
744eb6f7-7e07-4b27-be93-0c2c32d7b1d7,TKT-1-202607-02137,umesh.k,2,7,"2026-07-31 12:41:04",0,"Dear Sir/Madam,  We will discuss this change with the concerned division. Once the discussion is complete, we will implement the necessary changes as soon as possible.  For now, we are closing this ticket.  Thank you.","2026-07-31 07:11:04.496888","2026-07-31 07:11:04.496888"
d018b6fd-beea-4926-bc62-6d7f7f0e6267,TKT-1-202607-02804,140983,3,2,"2026-07-31 12:41:30",0,"Sir, The issue still persists, we can't transfer remaining bally to fsd partapur. Kindly resolve it. Thank you.","2026-07-31 07:11:29.561035","2026-07-31 07:11:29.561035"
7dccb57e-3d1b-45aa-b495-9325aaf3c8c7,TKT-1-202607-03129,sf15024_03,NULL,1,"2026-07-31 12:57:39",0,New,"2026-07-31 07:27:39.438394","2026-07-31 07:27:39.438394"
59fd8671-de7f-4e03-9c22-b54b587e6aea,TKT-1-202607-03129,vikram6singh,1,2,"2026-07-31 13:00:43",1,"Please check.","2026-07-31 07:30:42.672939","2026-07-31 07:30:42.672939"
eeea308e-865d-4fb2-9cde-e83210718b99,TKT-1-202607-03129,richa.k,2,3,"2026-07-31 13:02:44",0,"Kindly share the supporting documents for further investigation. For further assistance, contact the support team at 📞 1800‑410‑6688.","2026-07-31 07:32:43.725415","2026-07-31 07:32:43.725415"
bb2ae3b1-c97f-4e3d-90c2-f44ea4c610d9,TKT-1-202607-02101,186897,3,2,"2026-07-31 13:45:13",0,"Please look into this.","2026-07-31 08:15:12.938654","2026-07-31 08:15:12.938654"
a8f48dfa-a235-4efe-9dfc-9ee4bb2ffd46,TKT-1-202607-03152,109289,NULL,1,"2026-07-31 14:29:56",0,New,"2026-07-31 08:59:55.968081","2026-07-31 08:59:55.968081"
a4dddbe9-3367-4f0e-a452-6b24cb70270c,TKT-1-202607-03152,vikram6singh,1,2,"2026-07-31 14:57:33",0,"Please check.","2026-07-31 09:27:33.103383","2026-07-31 09:27:33.103383"
4dac2f2c-564f-4637-8b3b-aa0002e8550a,TKT-1-202607-02804,satish.d,2,3,"2026-07-31 15:04:22",0,"Kindly check the comment section","2026-07-31 09:34:22.473886","2026-07-31 09:34:22.473886"
99917a8e-4628-44de-afbf-6f3f41c71837,TKT-1-202607-02940,140951,3,2,"2026-07-31 15:20:25",0,"Sir please check","2026-07-31 09:50:25.481603","2026-07-31 09:50:25.481603"
ad33a73a-1794-4b69-9358-f4795f189706,TKT-1-202607-03152,saroj.m,2,3,"2026-07-31 15:23:43",0,"kindly share the supportive documents for our further investigation. For further assistance, please contact our support team at : 📞 1800-410-6688.","2026-07-31 09:53:43.189311","2026-07-31 09:53:43.189311"
3f8c11d5-6346-42f2-aad2-f291c92c9b5d,TKT-1-202607-03152,109289,3,2,"2026-07-31 15:51:12",0,"please find screenshot of stack register and stack detail from Annadarpan portal","2026-07-31 10:21:12.480316","2026-07-31 10:21:12.480316"
bb1bafa3-c733-408d-8feb-8e408474a711,TKT-1-202607-03026,250695,3,2,"2026-07-31 16:00:28",0,"Id - 261199 & Password - Vimalji@2025","2026-07-31 10:30:27.640861","2026-07-31 10:30:27.640861"
0a39ef72-10b9-49fb-8a56-b58ee804c33a,TKT-1-202607-03180,154472,NULL,1,"2026-07-31 16:43:29",0,New,"2026-07-31 11:13:29.194374","2026-07-31 11:13:29.194374"
f8263926-96c5-4807-9d1c-c510aa557fef,TKT-1-202607-03180,vikram6singh,1,2,"2026-07-31 16:44:52",1,"Please check.","2026-07-31 11:14:52.165097","2026-07-31 11:14:52.165097"
2ae3837a-0191-4ba8-b6b5-ab1e4d18c8c6,TKT-1-202607-02101,sanjeet.k,2,3,"2026-07-31 17:29:44",0,"As discussed over the call, kindly share the supporting documents/screenshots of the issue faced while uploading data of Tejpur as well as guwahati or mention the ticket number if they have raised for issue while uploading data.","2026-07-31 11:59:43.849315","2026-07-31 11:59:43.849315"
b6957d7c-d1c4-4e15-8021-f19b08bd8003,TKT-1-202607-03196,298250,NULL,1,"2026-07-31 18:38:06",0,New,"2026-07-31 13:08:05.828429","2026-07-31 13:08:05.828429"
5c69b215-327e-4194-a47c-0bfcd6ea5d30,TKT-1-202607-03196,vikram6singh,1,2,"2026-08-01 09:07:58",0,"Please check.","2026-08-01 03:37:58.177989","2026-08-01 03:37:58.177989"
3a703f3f-522f-483a-94d0-8475f3f0ea1b,TKT-1-202607-01944,saroj.m,2,3,"2026-08-01 09:51:56",0,"Dear Sir/Ma'am, Kindly provide the DM approval letter, keeping HQ in CC, for the required backend update. As this pertains to migrated data, approval from the competent authority is required before proceeding with the update.","2026-08-01 04:21:55.537153","2026-08-01 04:21:55.537153"
62eb9030-ef3f-4afb-b1ea-d551ec0364d7,TKT-1-202607-02876,saroj.m,2,5,"2026-08-01 10:12:09",0,"Respected Sir, Please look into this suggestion.","2026-08-01 04:42:09.433406","2026-08-01 04:42:09.433406"
1a239a8c-31c7-40f3-a8fa-287d36512151,TKT-1-202607-00819,ni13009_01,3,2,"2026-08-01 11:13:49",0,"issue  unresolved and tec no is not fetch when first lot token was cancelled","2026-08-01 05:43:48.829993","2026-08-01 05:43:48.829993"
72066f0f-5be1-4329-86f8-8a1455173318,TKT-1-202607-01407,114815,3,2,"2026-08-01 12:36:27",0,"kindly put the ticket on hold until resolved","2026-08-01 07:06:26.608500","2026-08-01 07:06:26.608500"
0a71756f-e1a5-419c-8f54-c9f5f3f60a03,TKT-1-202607-02075,ee16007_10,7,10,"2026-08-01 17:18:03",0,"1B/06 and 1b/11 have been vacant after warafery by isi pv team,but in AD the figure is not refected in AD .Apart from that the book balance of stackl no.-1B/06 ,1B/01 ,1c/10 have mismatch with actual one.","2026-08-01 11:48:03.368598","2026-08-01 11:48:03.368598"
27f1add9-2712-4aaf-80f5-d21fc9289873,TKT-1-202607-02075,vikram6singh,10,2,"2026-08-01 17:30:46",0,"Please check.","2026-08-01 12:00:45.625762","2026-08-01 12:00:45.625762"
e83358eb-0133-44ff-9cc8-8b64e67afa7a,TKT-1-202607-02075,satish.d,2,3,"2026-08-03 11:05:50",0,"Sir, Sohela ISI: after warraferry, 1B6 and 1B11 are now vacant/killed in AD. Dest 1B1 book balance 3480 bags / 1756.600 QTL is on ISI. Source SL remains 0.60 / 1.00 / 0.90 QTL. Please refresh Stock / Complete ISI PV report.","2026-08-03 05:35:50.392188","2026-08-03 05:35:50.392188"
88707966-f53b-4c34-ad3e-b4e2f6b89ffe,TKT-1-202607-02190,119236,3,2,"2026-08-03 11:19:19",0,"IN MSA Part-II (by road receipt data not showing )","2026-08-03 05:49:18.686071","2026-08-03 05:49:18.686071"
7614d033-6ccd-49a6-8138-ec16dceb7137,TKT-1-202607-02712,sf14012_01,3,2,"2026-08-03 11:30:22",0,"In token list of 20.07.2026, same details are showing in Token number 3311 instead of 3310.","2026-08-03 06:00:22.276968","2026-08-03 06:00:22.276968"
92d56427-b8bf-4f52-afd9-d4756fcecc0d,TKT-1-202607-00819,inish.d,2,3,"2026-08-03 11:39:50",0,"1747380 - cancelled by RAMESH CHANDRA SINGH PARIHAR on Sat Jul 04 12:34:26, so lots can not be created further.","2026-08-03 06:09:49.599033","2026-08-03 06:09:49.599033"
352f2444-246f-49de-b304-99b6f0dde69a,TKT-1-202607-03152,inish.d,2,3,"2026-08-03 11:45:12",0,"Sir/Madam,  Please provide the login credentials so that we can proceed further.","2026-08-03 06:15:11.956315","2026-08-03 06:15:11.956315"
d9b05e65-3b9c-4fb4-bfd5-05a734e787f3,TKT-1-202607-03129,sf15024_03,3,2,"2026-08-03 11:51:50",0,"screenshots are attached pls check and resolve sir","2026-08-03 06:21:50.465531","2026-08-03 06:21:50.465531"
9be0bcf7-0153-451a-bc3b-e32491cc4702,TKT-1-202607-03180,satish.d,2,3,"2026-08-03 11:57:30",0,"select all the fields and check the button enable, for 1st FN entry can be done from only 15 till month end, so checkk accordingly","2026-08-03 06:27:30.476357","2026-08-03 06:27:30.476357"
4de48f7c-e63e-4b25-a6c0-f39ef2fc4732,TKT-1-202607-02190,umesh.k,2,3,"2026-08-03 12:11:53",0,"Kindly confirm whether closer operation is  performed for ROAD movement, even after the closer operation you are not able to see the data then please let us know.","2026-08-03 06:41:52.995047","2026-08-03 06:41:52.995047"
0458a62d-c90c-41a4-9582-c794eabd65be,TKT-1-202607-01934,wc22008_10,7,10,"2026-08-03 12:59:05",0,"As we did as per your suggestion, the issue is still not resolved.","2026-08-03 07:29:05.341136","2026-08-03 07:29:05.341136"
f2dfcee0-2d51-4fdd-bfe1-e8ff4050f774,TKT-1-202607-01934,vikram6singh,10,2,"2026-08-03 13:14:16",0,"Please check.","2026-08-03 07:44:15.801179","2026-08-03 07:44:15.801179"
fc23d502-78eb-42fa-9153-d8a25fc122ce,TKT-1-202607-01721,292216,3,2,"2026-08-03 14:28:04",0,"whole quantity is replaced and the BRL stack has to be issued on Anna Darpan portal.","2026-08-03 08:58:03.985882","2026-08-03 08:58:03.985882"
5c4d1337-45ea-4af9-9910-fcf007ee4818,TKT-1-202607-03129,inish.d,2,3,"2026-08-03 15:22:03",0,"TEC 124964 created in AD, respective system created reference number:2319 (LOT:1044272)","2026-08-03 09:52:02.853095","2026-08-03 09:52:02.853095"
04d3a72e-5986-4bc4-bafb-02bae88803d6,TKT-1-202607-02190,119236,3,2,"2026-08-03 15:24:54",0,"IN MSA Part-II (by road receipt data not showing ) yes road movement","2026-08-03 09:54:53.734609","2026-08-03 09:54:53.734609"
84e4d051-a133-4b73-b08d-75523a0860f9,TKT-1-202607-01721,satish.d,2,3,"2026-08-03 15:36:28",0,"complete replacement step is done?","2026-08-03 10:06:27.642422","2026-08-03 10:06:27.642422"
a6b4b9d9-042a-484d-a95b-edc7d13c68d0,TKT-1-202607-02146,167425,3,2,"2026-08-03 17:36:38",0,"The difference still remains. The Report generated dated 03-08-2026 is hereby attached as ready reference please.","2026-08-03 12:06:38.306206","2026-08-03 12:06:38.306206"
8f9258e9-6733-4969-b843-a73fcd603eb1,TKT-1-202607-02656,inish.d,2,3,"2026-08-04 10:31:02",0,"TEC: 1748466 has been created for Depot :Badrukhan New Godown PSWC Sangrur-II under PEG, so it will not appear under depot SANGRUR II FSD","2026-08-04 05:01:02.435129","2026-08-04 05:01:02.435129"
d8d74b66-221c-401a-a59b-be6445957294,TKT-1-202607-02656,inish.d,3,2,"2026-08-04 10:34:20",0,"Assigning back since given wrong comment","2026-08-04 05:04:20.307331","2026-08-04 05:04:20.307331"
c162a5bb-12b6-4ad8-9a53-faecf36ff685,TKT-1-202607-02656,inish.d,2,3,"2026-08-04 10:39:52",0,"Please find attachemnt, 1748466.png. All the Lots belongs to the TEC 1748466 has been in accepted state.","2026-08-04 05:09:51.532672","2026-08-04 05:09:51.532672"
14766a01-fead-4672-b520-b7bff4a7586c,TKT-1-202607-02298,294767,7,10,"2026-08-04 11:19:13",0,"please update further","2026-08-04 05:49:12.677101","2026-08-04 05:49:12.677101"
0099fa8a-de41-4c69-98de-1763368026bf,TKT-1-202607-02298,vikram6singh,10,2,"2026-08-04 11:24:19",0,"Please check.","2026-08-04 05:54:19.185320","2026-08-04 05:54:19.185320"
465de62e-be55-4915-a78a-b5ac80919bce,TKT-1-202607-03152,109289,3,2,"2026-08-04 12:32:07",0,"109289 Depot@123","2026-08-04 07:02:07.403194","2026-08-04 07:02:07.403194"
353d96de-e026-427a-9f0f-9a76c193608d,TKT-1-202607-03129,sf15024_03,3,2,"2026-08-04 13:43:00",0,"The issue has been posted in comment please solve the issue","2026-08-04 08:13:00.063306","2026-08-04 08:13:00.063306"
a9b40ced-1adc-48a2-b0fd-f12ac168cbb2,TKT-1-202607-02922,satish.d,2,3,"2026-08-04 14:36:44",0,"once we receive the mail, we will check the issue","2026-08-04 14:36:43.718158","2026-08-04 14:36:43.718158"
1dbedeca-d30e-4375-ba17-ae3ad84744b1,TKT-1-202607-02160,134159,3,2,"2026-08-04 15:03:59",0,"Screen shot has also been attached , which shows both PVs (QPV and ISI) with same name. Name should be different so that we can identify which one we are going to open.","2026-08-04 09:33:59.105830","2026-08-04 09:33:59.105830"
7c5ab21f-98f5-4fb9-98f9-e193c3211a19,TKT-1-202607-02146,satish.d,2,3,"2026-08-04 15:06:37",0,"it has been edited at later stage, so if it needs to be corrected send a mail to HQ","2026-08-04 09:36:37.049454","2026-08-04 09:36:37.049454"
48a0a667-0895-4677-9a24-63d8b64fbe1c,TKT-1-202607-02804,140983,3,2,"2026-08-04 15:24:33",0,"Sir, REQUIRED SCREENSHOT UNABLE TO ATTACHED.ID-140983 password Nadeem@22090","2026-08-04 09:54:33.207878","2026-08-04 09:54:33.207878"
be90879e-c6eb-4d5e-b200-8da1366fcb05,TKT-1-202607-03152,inish.d,2,3,"2026-08-04 16:09:48",0,"Sir/madam, transaction details is displayed in stack details. Please check it.","2026-08-04 10:39:47.506284","2026-08-04 10:39:47.506284"
d0f6c6c2-1808-4487-a6d4-5a39555f5b1d,TKT-1-202607-03129,inish.d,2,3,"2026-08-04 16:12:36",0,"1725395  - TEC created for Depot :Nagireddypalli IG (miller:ANNAPURNA MODERN RICE MILL)","2026-08-04 10:42:35.657798","2026-08-04 10:42:35.657798"
f596437c-b4f6-4471-9455-0447a24e924d,TKT-1-202607-02922,222292,3,2,"2026-08-04 16:41:47",0,"e-mail has been sent on dated : 30.07.2026","2026-08-04 11:11:46.781687","2026-08-04 11:11:46.781687"
beda98ec-8c72-4c9d-a16f-2878ac2dd6ac,TKT-1-202607-01934,inzemamul.h,2,3,"2026-08-04 16:43:37",0,"kindly refer to the comment box.","2026-08-04 11:13:37.238573","2026-08-04 11:13:37.238573"
1185bdda-2a97-4bcc-bd5d-2905d7cb9bfa,TKT-1-202607-03152,109289,3,2,"2026-08-04 16:55:46",0,"sir it is showing only bags available at stacks 2514 bags = 1253.01880 Qtls and not showing 441 Bags = 216.27120 Qtls which were issued in Rice Special on dated 21-05-2026","2026-08-04 11:25:46.022673","2026-08-04 11:25:46.022673"
250e32fd-70c0-4c3f-a040-aa96de0044f5,TKT-1-202607-02075,ee16007_10,3,2,"2026-08-04 17:19:32",0,"The issue is still not resolved. The stack balance and depot stock balance are not matching. Kindly resolve this issue on top priority, as it is impacting our operations. Please provide an update once the issue has been fixed.","2026-08-04 11:49:32.386648","2026-08-04 11:49:32.386648"
fea3535f-edb7-4b4e-aa6e-8070811c8188,TKT-1-202607-01934,wc22008_10,3,2,"2026-08-04 17:33:56",0,"As we did as per your suggestion, the issue is still not resolved. Please explain over call on 8600094205.","2026-08-04 12:03:55.837648","2026-08-04 12:03:55.837648"
43c6bcad-b79c-448d-ad75-d249b266816a,TKT-1-202607-02298,satish.d,2,3,"2026-08-05 10:04:15",0,"Please check provided comments","2026-08-05 04:34:14.605800","2026-08-05 04:34:14.605800"
d0712e77-5eb1-4897-919a-27cbda50f268,TKT-1-202607-02712,inish.d,2,3,"2026-08-05 10:21:47",0,"Please share Respective TEC number, so that we can investigate further!!","2026-08-05 04:51:47.267645","2026-08-05 04:51:47.267645"
580cc861-a9b9-4eb9-abe5-9f58b74658d7,TKT-1-202607-02190,umesh.k,2,3,"2026-08-05 11:00:36",0,"Dear sir/madam, Can you check this now. Thank you","2026-08-05 05:30:36.437140","2026-08-05 05:30:36.437140"
e2373e26-c0d6-469b-8280-b7cd0ae72990,TKT-1-202607-02075,satish.d,2,3,"2026-08-05 12:55:08",0,"Please check provided comments","2026-08-05 07:25:07.813831","2026-08-05 07:25:07.813831"
e2260838-3348-413b-900b-df6ac0c338e5,TKT-1-202607-03129,sf15024_03,3,2,"2026-08-05 13:52:47",0,"This ticket is Resolved so closing the ticket","2026-08-05 08:22:47.437570","2026-08-05 08:22:47.437570"
a73e471d-1296-4dec-bfd4-4e652f307d77,TKT-1-202607-03129,inish.d,2,7,"2026-08-05 13:55:09",0,"As per the given remarks by the user that "Resolved" and hence resolving this ticket. For any further assistance, please feel free to contact our support team at +91-9205515314 or +91-9217020104.","2026-08-05 08:25:09.020557","2026-08-05 08:25:09.020557"
98418793-dfb5-4d88-8986-bbad7b3c878b,TKT-1-202607-02831,292983,3,2,"2026-08-05 15:48:44",0,"refer the enclosed movement no.of both containers","2026-08-05 10:18:43.775335","2026-08-05 10:18:43.775335"
e2dec94e-a72b-48cb-900e-123655dfaa42,TKT-1-202607-02624,276761,7,10,"2026-08-05 16:22:38",0,"Kindly guide the process to mark the above-mentioned missing items as received at the receiver end. Please let us know the required steps so that we can complete the receipt process accordingly.","2026-08-05 10:52:38.487382","2026-08-05 10:52:38.487382"
2fd89713-9134-4e4d-b187-b595e461664a,TKT-1-202607-02624,vikram6singh,10,2,"2026-08-05 16:27:00",0,"Please check.","2026-08-05 10:56:59.703390","2026-08-05 10:56:59.703390"
0c14808b-d3c3-4b1c-81f4-7102b6fb4102,TKT-1-202607-02298,shivaniyadav091298,3,2,"2026-08-05 17:41:01",0,"Please check","2026-08-05 12:11:01.383884","2026-08-05 12:11:01.383884"
679e6e95-c7cb-4e8c-abb6-eb86563b296f,TKT-1-202607-02298,shivaniyadav091298,2,7,"2026-08-05 17:50:05",0,"Please check the comment section.","2026-08-05 12:20:04.858347","2026-08-05 12:20:04.858347"
76e06949-cbb9-488a-9afe-74b7ed922de4,TKT-1-202607-02624,satish.d,2,7,"2026-08-05 18:58:26",0,"Kindly check the comment section. Kindly reopen this ticket if you need any further assistance. Thanks","2026-08-05 13:28:26.395958","2026-08-05 13:28:26.395958"
9b828b0c-5dc6-44cc-a4e9-5adb4103b278,TKT-1-202607-02804,satish.d,2,3,"2026-08-05 19:05:50",0,"Kindly check the comment section","2026-08-05 13:35:49.750205","2026-08-05 13:35:49.750205"
7b94faed-29f3-43de-9487-07c0ed54412a,TKT-1-202607-01407,umesh.k,2,7,"2026-08-06 11:03:55",0,"Dear sir, kindly refer region wise storage loss report present under losses reports tab at region login, there according to the receive and issue quantity captured for the depot, we are calculating the storageloss.so It is also same as other reports.","2026-08-06 05:33:54.765172","2026-08-06 05:33:54.765172"
6c1cec6c-224c-4515-8b55-c6347ec2f574,TKT-1-202607-02160,satish.d,2,7,"2026-08-06 11:17:29",0,"we hope issue has been resolved so we are closing the ticket if not please reopen or create new ticket thank youuu","2026-08-06 05:47:29.234242","2026-08-06 05:47:29.234242"
672d702b-101a-41be-9eac-58154ce97baa,TKT-1-202607-02929,298371,3,2,"2026-08-06 11:45:45",0,"KINDLY RELEASE THE RAKE URGENTLY","2026-08-06 06:15:44.508731","2026-08-06 06:15:44.508731"
c6ae1292-666b-4ad1-bc79-3821d7c3a55a,TKT-1-202607-02298,294767,7,10,"2026-08-06 15:07:32",0,"Issues still persist difference between Manually generated QPV and AD Consolidated QPV in case of Bangalore, Mysore and Hubli ..","2026-08-06 09:37:32.105143","2026-08-06 09:37:32.105143"
561f0d83-3811-439a-9fda-105ab6320d66,TKT-1-202607-02688,nf13050_01,3,2,"2026-08-06 15:22:24",0,"username:- nf13050_01 Password:- AnnaDarpan@321","2026-08-06 09:52:23.619027","2026-08-06 09:52:23.619027"
c4f7e6c5-b115-46c8-aaf6-c8a5d4ee7203,TKT-1-202607-02712,sf14012_01,3,2,"2026-08-06 15:44:16",0,"TEC number---1752139","2026-08-06 10:14:16.062618","2026-08-06 10:14:16.062618"
b938e06b-1da7-4f77-b84b-9a2f3af7a3a6,TKT-1-202607-02101,186897,3,2,"2026-08-06 15:52:49",0,"Please check the comment section","2026-08-06 10:22:49.207958","2026-08-06 10:22:49.207958"
f4b535e5-6a43-470d-b357-6854f29b8e47,TKT-1-202607-02298,vikram6singh,10,2,"2026-08-06 16:10:45",0,"Please check.","2026-08-06 10:40:44.830821","2026-08-06 10:40:44.830821"
24eea378-e5ad-420b-a8f4-a9059422c174,TKT-1-202607-03152,umesh.k,2,3,"2026-08-06 16:16:03",0,"Kindly check our comments.","2026-08-06 10:46:03.485199","2026-08-06 10:46:03.485199"
c3d194d9-0d66-4e4b-acdb-6af3b38b90c1,TKT-1-202607-02190,119236,3,2,"2026-08-06 16:16:29",0,"IN MSA Part-II (by road receipt data not showing )","2026-08-06 10:46:28.799715","2026-08-06 10:46:28.799715"
ae9a8181-9eca-450b-b9b6-11b6887bd355,TKT-1-202607-02190,umesh.k,2,3,"2026-08-06 16:19:10",0,"Dear Sir, At FSD Alwar Depot, all road movement transactions are currently marked as Inprogress. Kindly perform the closure operation for these transactions. Once the closure is completed, the data will be reflected in the report.","2026-08-06 10:49:10.013725","2026-08-06 10:49:10.013725"
2788c424-4b07-4c96-aacb-37b00818d7d8,TKT-1-202607-02430,satish.d,2,3,"2026-08-06 16:38:28",0,"please check comments","2026-08-06 11:08:27.672854","2026-08-06 11:08:27.672854"
7e340298-2557-4fda-8db1-4fcc07b6d77a,TKT-1-202607-02929,umesh.k,2,3,"2026-08-06 18:15:12",0,"Dear sir/madam, before this rake transaction got updated one more transaction to that stack has been updated with different bag type commodity so system is not allowing. please do perform the stacking in another stack, Thank you","2026-08-06 12:45:11.808268","2026-08-06 12:45:11.808268"
20bcb130-7c9b-4042-bd8f-39d4abe449a3,TKT-1-202607-02782,umesh.k,2,5,"2026-08-06 19:51:51",0,"Dear Sir/Madam,  The user has requested a new enhancement for adding/removing loose grains for MBR. Please review and confirm whether this change request can be taken up.  Thank you.","2026-08-06 14:21:50.506340","2026-08-06 14:21:50.506340"
ed04c06a-dff5-488e-b9d0-5184e6c3db0c,TKT-1-202607-00211,188695,3,2,"2026-08-07 11:47:33",0,"Still the issue is pending in our DO","2026-08-07 06:17:33.497892","2026-08-07 06:17:33.497892"
f96627e7-7d2d-460f-8119-1b1c13e3a625,TKT-1-202607-02298,satish.d,2,7,"2026-08-07 11:51:30",0,"we hope issue has been resolved we are closing the ticket, if not please reopen","2026-08-07 06:21:29.526192","2026-08-07 06:21:29.526192"
a124052b-7264-41a4-98a8-24acbeb6498e,TKT-1-202607-01721,292216,3,2,"2026-08-07 11:55:05",0,YES,"2026-08-07 06:25:05.258609","2026-08-07 06:25:05.258609"
9b866153-095b-4c6e-852d-f67ac6ba3424,TKT-1-202607-03129,sf15024_03,7,10,"2026-08-07 12:51:52",0,"1725395 TEC NOT VISABLE IN CMR CREATE TOKEN AND GENERATE CONSIGN MENT/LOT","2026-08-07 07:21:52.497691","2026-08-07 07:21:52.497691"
c0f85cfc-c5b9-43b9-a4c4-f135b1611823,TKT-1-202607-02831,umesh.k,2,3,"2026-08-07 12:53:01",0,"Dear sir/madam, as the moisture is not updated in wagon verification page the moisture is not reflecting for the stacks. please kindly check, Thank you","2026-08-07 07:23:01.043395","2026-08-07 07:23:01.043395"
a124e2e1-d512-4a55-a8de-a32da09acddc,TKT-1-202607-01721,satish.d,2,3,"2026-08-07 12:55:10",0,"the new stock needs to be certifed then the old stock lifitng can be done","2026-08-07 07:25:10.235374","2026-08-07 07:25:10.235374"
0405c0ac-8181-466b-984a-5c6805b128ed,TKT-1-202607-01721,292216,3,2,"2026-08-07 13:53:55",0,"GODOWNS ARE DIFFERENT","2026-08-07 08:23:54.582114","2026-08-07 08:23:54.582114"
a3d6e2c9-e1fd-4ab2-ba84-574bc90d0776,TKT-1-202607-03129,vikram6singh,10,2,"2026-08-07 14:03:15",0,"Please check.","2026-08-07 08:33:15.126883","2026-08-07 08:33:15.126883"
4505ac0e-63e9-486a-a9e2-7ff8e2154d10,TKT-1-202607-02895,276201,3,2,"2026-08-07 15:20:30",0,"Please do the needful.","2026-08-07 09:50:30.373526","2026-08-07 09:50:30.373526"
e4510dec-735d-4c92-aed4-6bfda45de76d,TKT-1-202607-02146,167425,3,2,"2026-08-07 16:04:57",0,"Please advise for further course of action to resolve the issue at the earliest.","2026-08-07 10:34:57.236849","2026-08-07 10:34:57.236849"
57784ae4-df9b-4dc6-8574-985f0ac0dab0,TKT-1-202607-02298,294767,7,10,"2026-08-07 16:29:46",0,"Issue not resolved","2026-08-07 10:59:46.133378","2026-08-07 10:59:46.133378"
48d8fd97-c48d-4ca4-94f2-1170b0501533,TKT-1-202607-02298,vikram6singh,10,2,"2026-08-07 16:41:34",0,"Please check","2026-08-07 11:11:33.702282","2026-08-07 11:11:33.702282"
e8001c30-728c-4cdd-83b1-bca0b6bd3d2b,TKT-1-202607-01934,vikram6singh,2,3,"2026-08-07 17:07:07",0,"Please refer the comment box.","2026-08-07 11:37:07.175600","2026-08-07 11:37:07.175600"
86e1938e-3ff8-4daa-a36c-8b6f9161ae48,TKT-1-202607-03129,inish.d,2,3,"2026-08-07 17:56:01",0,"1725395 - TEC created for Depot :Nagireddypalli IG (miller:ANNAPURNA MODERN RICE MILL)   , may I know your depot name","2026-08-07 12:26:01.114799","2026-08-07 12:26:01.114799"
9b892f56-4a13-4e18-8209-4b8831c60017,TKT-1-202607-02430,187216,3,2,"2026-08-07 18:11:19",0,"A mail has been sent to HQ citing all the details. Kindly consider this issue as the infestation parameter has been skipped unintentionally which is accepted automatically(lot no BRGA/80/27) & alter the lot to rejected lot. note is attached here.","2026-08-07 12:41:19.385213","2026-08-07 12:41:19.385213"
fd3091e6-6cfb-4eca-ad5f-3d84a5f9b148,TKT-1-202607-02929,298371,3,2,"2026-08-08 11:36:59",0,"There is no option for restacking from same wagon.","2026-08-08 06:06:59.183162","2026-08-08 06:06:59.183162"
5df23400-e522-448b-a803-8b4357227baf,TKT-1-202607-02712,inish.d,2,3,"2026-08-08 14:59:40",0,"Sir/Madam, Please raise the cancel token and then approval by Manager depot in Pending Approval List.","2026-08-08 09:29:39.937285","2026-08-08 09:29:39.937285"
30adf936-f734-4f4e-9e4f-8c6a8f14353d,TKT-1-202607-03152,kshitiz.s,3,2,"2026-08-08 15:02:51",0,"Please check.","2026-08-08 09:32:51.387083","2026-08-08 09:32:51.387083"
691b6216-b535-4303-9b0c-fce087019848,TKT-1-202607-03152,kshitiz.s,2,7,"2026-08-08 15:04:30",0,"Please refer to the comment section.","2026-08-08 09:34:30.321551","2026-08-08 09:34:30.321551"
916c9fbc-7918-4018-b75d-36be9a7b3dd1,TKT-1-202607-02688,satish.d,2,3,"2026-08-10 09:47:04",0,"Please send in mail via HQ.","2026-08-10 04:17:03.584481","2026-08-10 04:17:03.584481"
c58f7405-a4ac-412e-b29e-ad2886a76a41,TKT-1-202607-03129,sf15024_03,3,2,"2026-08-10 11:25:43",0,"Depot :Nagireddypalli IG","2026-08-10 05:55:42.565552","2026-08-10 05:55:42.565552"
c472ee99-c7a1-43cb-8685-abd484d95dc6,TKT-1-202607-03180,154472,3,2,"2026-08-10 12:11:53",0,"Select all the fields and check the button enable, for 1st FN entry can be done from only 15 till month end, so checkk accordingly","2026-08-10 06:41:53.270296","2026-08-10 06:41:53.270296"
cf1b461e-a1d0-4d9c-953c-f1e0a5797a94,TKT-1-202607-01934,wc22008_10,3,2,"2026-08-10 12:24:21",0,"While doing other transaction inward 1A09 & other transaction outward 1A11, error is showing which is attached for information...","2026-08-10 06:54:21.446647","2026-08-10 06:54:21.446647"
cb5a4a2e-12b4-4e33-a2c6-baa487408d2b,TKT-1-202607-02712,sf14012_01,3,2,"2026-08-10 13:30:40",0,cleared....,"2026-08-10 08:00:40.252251","2026-08-10 08:00:40.252251"
79c1c9f4-58bb-4b90-a68b-728e6a17f7ff,TKT-1-202607-02298,inzemamul.h,2,3,"2026-08-10 14:36:18",0,"kindly refer to the comment box.","2026-08-10 09:06:18.282578","2026-08-10 09:06:18.282578"
fbc58b3a-f502-42ed-a43a-dea6794ad7ac,TKT-1-202607-02712,shivaniyadav091298,2,7,"2026-08-10 14:45:05",0,"As per the user's remarks on this ticket, "The issue has been resolved now", this ticket is being marked as resolved. For further assistance, please contact our support team at 1800-410-6688.","2026-08-10 09:15:05.496104","2026-08-10 09:15:05.496104"
2b6a292a-44f7-4564-b044-e85a072d25d7,TKT-1-202607-02656,132363,3,2,"2026-08-10 15:08:13",0,"There is no option for depot staff to reject consignments in the Anna Darpan portal. Under CMR > Token Rejection, only the lot number is displayed, which  TA staff rejected consignments based on their parameters. Kindly look into this .","2026-08-10 09:38:12.535561","2026-08-10 09:38:12.535561"
9a9bf5c8-bc6b-416b-a3cb-a8984f0ff68a,TKT-1-202607-01931,241751,3,2,"2026-08-10 15:08:56",0,"Issue for 1st fortnight June-26 has been resolved. But Data entry for 2nd fortnight of June-26 and 1st & 2nd fortnight of July-26 yet to be completed, for this please allow modification/entry so that the entry may be completed at the earliest.","2026-08-10 09:38:56.088254","2026-08-10 09:38:56.088254"
2a177234-8bc6-4f6a-907a-ae787768547c,TKT-1-202607-01163,inish.d,2,3,"2026-08-10 15:38:50",0,"Dear Sir/madam,Are you asking to capture attendance for contactors?","2026-08-10 10:08:50.498983","2026-08-10 10:08:50.498983"
35eef233-bbc7-4caa-91d7-8132cad77553,TKT-1-202607-02804,140983,3,2,"2026-08-10 15:42:19",0,"Sir, issue still remains persists. we can't transfer remaining bally to fsd partapur. Kindly resolve it. Thank you.","2026-08-10 10:12:18.609409","2026-08-10 10:12:18.609409"
61450697-bcaf-4ab0-8055-2b7fc73bf17c,TKT-1-202607-03026,satish.d,2,7,"2026-08-10 18:15:39",0,"Please check the issue is resolved.","2026-08-10 12:45:38.806052","2026-08-10 12:45:38.806052"
6cc87331-5d66-4490-b8dd-b5ce27f51409,TKT-1-202607-01934,inish.d,2,3,"2026-08-10 18:15:57",0,"Sir, can you please share depot details along with user login details.","2026-08-10 12:45:56.913878","2026-08-10 12:45:56.913878"
bccacca0-0abd-49ed-9c64-056515d44bd7,TKT-1-202607-02075,shivaniyadav091298,3,2,"2026-08-11 09:52:15",0,"Please check the comment section.","2026-08-11 04:22:14.848523","2026-08-11 04:22:14.848523"
f545b2dc-a9c3-46a1-8a63-9fdac5fae86b,TKT-1-202607-01934,wc22008_10,3,2,"2026-08-11 11:02:16",0,"Region- Maharashtra, District- DO Amravati, Depot- CW Akola-II, Lagin Id- wc22008_10, Password- Anna@123.","2026-08-11 05:32:15.654785","2026-08-11 05:32:15.654785"
f9646557-813c-4bad-a4d5-ae6ebeed59a2,TKT-1-202607-02712,sf14012_01,7,8,"2026-08-11 11:46:37",0,cleared...,"2026-08-11 06:16:36.761439","2026-08-11 06:16:36.761439"
79d80fa9-9357-4ee2-b4ff-becabab9f11c,TKT-1-202607-01934,inish.d,2,3,"2026-08-11 12:38:21",0,"Sir/Madam, Please the error message screenshot.","2026-08-11 07:08:20.837100","2026-08-11 07:08:20.837100"
25259369-54b3-4cf1-8e1d-53d36a29bf8b,TKT-1-202607-03129,inish.d,2,3,"2026-08-11 12:39:38",0,"1725395  TEC is in inactive state. cancelled by WINGS on Wed Jun 03 21:11:28 IST 2026, this may due to long pending","2026-08-11 07:09:37.612390","2026-08-11 07:09:37.612390"
e3851918-7541-4e27-92d3-3b0361bf7ba0,TKT-1-202607-02656,satish.d,2,3,"2026-08-11 12:49:01",0,"There is already a provision to reject the consignment during the Record Quality process, and this option is available for both the TA and Manager QC.","2026-08-11 07:19:01.189130","2026-08-11 07:19:01.189130"
3b2fac9f-dfe9-43fc-a008-b11b4bb19e82,TKT-1-202607-02075,shivaniyadav091298,2,7,"2026-08-11 14:15:06",0,"Please check the comment section.","2026-08-11 08:45:05.604529","2026-08-11 08:45:05.604529"
59cf198e-69ec-47c1-bef7-9093b4378b88,TKT-1-202607-02298,294767,3,2,"2026-08-11 14:34:59",0,"ticket not resolved","2026-08-11 09:04:59.458262","2026-08-11 09:04:59.458262"
1363238a-a0ea-45f3-b93a-1b4c8e799105,TKT-1-202607-02190,119236,3,2,"2026-08-11 15:16:22",0,"ok i understand close this request","2026-08-11 09:46:21.734624","2026-08-11 09:46:21.734624"
651dfa4c-42d4-45bb-80ec-b1f33eaebcca,TKT-1-202607-02190,shivaniyadav091298,2,7,"2026-08-11 17:30:51",0,"As per the user's remarks on this ticket, "The issue has been resolved now", this ticket is being marked as resolved. For further assistance, please contact our support team at 1800-410-6688.","2026-08-11 12:00:51.212983","2026-08-11 12:00:51.212983"
e4ba8ceb-99d0-4568-a85b-b614dfebb9a3,TKT-1-202607-02939,umesh.k,2,3,"2026-08-11 17:43:33",0,"We are not able to login with the credential you have shared, Kindly reshare the login credential so that we can properly investigate the issue.","2026-08-11 12:13:33.300137","2026-08-11 12:13:33.300137"
c790cb46-4d30-461e-b072-898f44539924,TKT-1-202607-02895,saroj.m,2,3,"2026-08-11 17:49:30",0,"kindly refer to the comment box.","2026-08-11 12:19:30.043721","2026-08-11 12:19:30.043721"
a3b35d61-d3b4-40f5-be57-8a23bb32a674,TKT-1-202607-02682,313102,3,2,"2026-08-11 18:25:32",0,"issue not resolved","2026-08-11 12:55:32.335589","2026-08-11 12:55:32.335589"
da6dcd7d-c766-4131-a4ce-d683dcd9117e,TKT-1-202607-02298,satish.d,2,3,"2026-08-12 10:26:25",0,"Please check provided comments","2026-08-12 04:56:25.399974","2026-08-12 04:56:25.399974"
841f0260-92db-402f-8ac4-eb8d4d80470e,TKT-1-202607-01407,114815,7,10,"2026-08-12 11:09:55",0,"The issue has not been resolved in the depots in CWC Solan","2026-08-12 05:39:54.880093","2026-08-12 05:39:54.880093"
4f86d143-1f42-498b-ba12-11020064b617,TKT-1-202607-01407,vikram6singh,10,2,"2026-08-12 11:24:55",0,"Please check.","2026-08-12 05:54:55.334701","2026-08-12 05:54:55.334701"
a80f6b32-3d82-4b90-a254-42c2fed22446,TKT-1-202607-01934,wc22008_10,3,2,"2026-08-12 11:58:26",0,"please check attachment.","2026-08-12 06:28:25.572156","2026-08-12 06:28:25.572156"
aeb2ea7d-028d-478b-8a08-37f45b1d4672,TKT-1-202607-02682,anshu.r,2,3,"2026-08-12 12:08:19",0,"Kindly check comment","2026-08-12 06:38:19.104046","2026-08-12 06:38:19.104046"
512666d3-a357-4f78-ad5b-df7718d646b3,TKT-1-202607-01810,kshitiz.s,3,2,"2026-08-12 12:33:37",0,"Please check.","2026-08-12 07:03:37.373662","2026-08-12 07:03:37.373662"
b4034a20-3bb2-4dbd-baef-290062f1c57a,TKT-1-202607-01810,kshitiz.s,2,7,"2026-08-12 12:34:01",0,"Please refer to the comment section.","2026-08-12 07:04:00.663913","2026-08-12 07:04:00.663913"
b6902ecf-0293-445d-9d19-0810064f8d60,TKT-1-202607-02929,umesh.k,2,3,"2026-08-12 12:34:19",0,"Dear Sir/Madam,  We will delete the truck movement that you have already unloaded from wagon 98764 so that you can perform the unloading process again from the initial stage.  Thank you.","2026-08-12 07:04:19.408053","2026-08-12 07:04:19.408053"
fa734843-6421-4ae5-97a6-58e9cf5070fd,TKT-1-202607-01934,inish.d,2,3,"2026-08-12 12:47:51",0,"Sir/Madam,The error appears because 27 bags with 19.72565 QTLS implies ~73 Kg per bag, which exceeds the allowed maximum of 65.753 Kg per bag for bag type SBT[580]. Adjust bags or quantity so the average per-bag weight is within the allowed range.","2026-08-12 07:17:51.043272","2026-08-12 07:17:51.043272"
c9e1a887-ae54-4d2e-a559-76824d2aa010,TKT-1-202607-01407,richa.k,2,7,"2026-08-12 13:12:10",0,"Please refer the comment section, For further assistance, please contact our support team at: 1800-410-6688.","2026-08-12 07:42:09.790172","2026-08-12 07:42:09.790172"
a58ca885-8c69-44ae-97c0-4e5d851c6a54,TKT-1-202607-02656,132363,3,2,"2026-08-12 14:00:01",0,"There is no option for depot staff to reject consignments in the Anna Darpan portal.","2026-08-12 08:30:01.185919","2026-08-12 08:30:01.185919"
f9028bb2-9536-4eed-8884-36d4beb8425d,TKT-1-202607-02831,292983,3,2,"2026-08-12 14:49:55",0,"moisture with other quality refractions are updated in wagon wise quality tab and are reflecting also in that tab so kindly refer the wagon wise analysis report and resolve the matter. thank you.","2026-08-12 09:19:54.601184","2026-08-12 09:19:54.601184"
eac9902a-d95e-4215-a824-4353962a224c,TKT-1-202607-01934,wc22008_10,3,2,"2026-08-12 17:57:45",0,"need solution","2026-08-12 12:27:45.199800","2026-08-12 12:27:45.199800"
e3c2c352-2219-40ab-9a0a-de10b38bd8e0,TKT-1-202607-01934,inish.d,2,3,"2026-08-12 18:21:46",0,"Sir/Madam, The error comes because 27 bags with 19.72565 QTLS give ~73 Kg/bag, above the 65.753 Kg limit for SBT[580]. Reduce qty to ≤17.75 QTLS with 27 bags, or use ≥30 bags for this qty, then save again.","2026-08-12 12:51:46.018326","2026-08-12 12:51:46.018326"
12123da9-591a-4615-8dcb-75bfaba5a041,TKT-1-202607-02682,313102,3,2,"2026-08-12 21:03:40",0,"Movement Name: MBR/PATHANKOT FSD/PWS Kishtwar/771282/276 ; Token No:342","2026-08-12 15:33:40.415976","2026-08-12 15:33:40.415976"
95cf3e23-d177-4bce-9e31-502cfeea8482,TKT-1-202607-03129,sf15024_03,3,2,"2026-08-13 11:12:29",0,"WhatsApp Image 2026-08-13 at 10.50.33 AM the screenshot of wings in wings this active state and in AD also its active state  its Running lot sir pls check this issue and resolve this sir","2026-08-13 05:42:28.996984","2026-08-13 05:42:28.996984"
a9520f92-76b5-4c0b-a628-76260d36f4be,TKT-1-202607-02430,umesh.k,2,7,"2026-08-13 11:12:55",0,"Dear Sir/Madam,Kindly check our comments.","2026-08-13 05:42:55.499535","2026-08-13 05:42:55.499535"
1a8cefe0-b0cd-4809-bfc5-c34e36588fa7,TKT-1-202607-01934,wc22008_10,3,2,"2026-08-13 11:24:59",0,"What about 1A09 stack, while doing other transaction inward the error... something went wrong. Please try again later, has shown.","2026-08-13 05:54:58.786798","2026-08-13 05:54:58.786798"
ec621967-14c9-4012-b4cb-2d39aaacf550,TKT-1-202607-01934,inish.d,2,3,"2026-08-13 11:34:33",0,"Sir/Madam,  Please provide the login credentials so that we can proceed further.","2026-08-13 06:04:32.507534","2026-08-13 06:04:32.507534"
7e1e6a18-3c6f-4a4d-9c68-373851c71f65,TKT-1-202607-02682,umesh.k,2,3,"2026-08-13 12:15:00",0,"Dear sir/madam, kindly check the comments added. Thank you","2026-08-13 06:45:00.000000","2026-08-17 04:45:31.439369"
1ee4de9d-3238-41e6-9bab-4c5fae935b73,TKT-1-202607-01934,wc22008_10,3,2,"2026-08-13 14:14:32",0,"Already provided, kindly check.","2026-08-13 08:44:31.948038","2026-08-13 08:44:31.948038"
40b50f4a-9b55-4ac3-9bb0-cbf30c58277c,TKT-1-202607-02656,inish.d,2,3,"2026-08-13 15:39:01",0,"As per the requirements received, Rejection has to be done by Manager QC/ Depot manager. Depot staff can not reject.","2026-08-13 10:09:01.053056","2026-08-13 10:09:01.053056"
098ddcc7-bba1-44d2-bf04-301dba38d2a1,TKT-1-202607-03129,inish.d,2,3,"2026-08-13 15:43:01",0,"The mentioned TEC 1725395 created for Nagireddypalli IG. Here the created Reference number:2319","2026-08-13 10:13:01.113098","2026-08-13 10:13:01.113098"
7d475e02-7ada-429a-9905-8c032849ccae,TKT-1-202607-02939,313546,3,2,"2026-08-14 13:53:51",0,"User Id : 313546.  , Password : Sekhar@123456","2026-08-14 08:23:51.272921","2026-08-14 08:23:51.272921"
b9451d1c-1fae-49ae-bb39-811c36b8744f,TKT-1-202607-01568,fb13005_01,3,2,"2026-08-15 07:16:36",0,"Problem is not resolved. Check Comments","2026-08-15 01:46:35.983120","2026-08-15 01:46:35.983120"
f9f4c3fc-a522-4492-a2f2-56666996d497,TKT-1-202607-02831,umesh.k,2,3,"2026-08-17 10:16:07",0,"Dear sir/madam, kindly check the comments added. Thank you","2026-08-17 04:46:07.025565","2026-08-17 04:46:07.025565"
094e2183-8cf6-4b4b-8f3c-a8fad001ad85,TKT-1-202607-02804,satish.d,2,3,"2026-08-17 11:01:22",0,"Kindly check the comment section","2026-08-17 05:31:21.718905","2026-08-17 05:31:21.718905"
7645316a-6cd1-40e9-845b-5a5a65a68cbd,TKT-1-202607-01163,shrutipan966,3,2,"2026-08-17 11:50:18",0,"Please check","2026-08-17 06:20:18.334387","2026-08-17 06:20:18.334387"
bb381997-e07d-451e-8e37-259fa7f8952b,TKT-1-202607-01163,shrutipan966,2,7,"2026-08-17 11:50:44",0,"Please refer the comment section.","2026-08-17 06:20:43.656783","2026-08-17 06:20:43.656783"
251f5521-ea9b-4e61-9403-d04356816d45,TKT-1-202607-01721,satish.d,2,3,"2026-08-17 11:56:12",0,"share your credentials to check this issue","2026-08-17 06:26:11.834133","2026-08-17 06:26:11.834133"
54b70266-9ac9-464b-b664-1e5bfeb282ca,TKT-1-202607-03129,sf15024_03,3,2,"2026-08-17 12:22:21",0,"the mentioned TEC 1725395 is active state only have sir but not reflecting sir pls and resolve sir the trucks are waiting outside pls give any solution foe this issue sir or give OT","2026-08-17 06:52:21.393343","2026-08-17 06:52:21.393343"
0793d664-e2e6-4fe3-a79c-596d4812e4bf,TKT-1-202607-03196,satish.d,2,3,"2026-08-17 12:45:53",0,"please share the credentials to check this issue","2026-08-17 07:15:53.279477","2026-08-17 07:15:53.279477"
ee7752a7-4e2b-4308-a819-d253a29eab40,TKT-1-202607-01931,satish.d,2,3,"2026-08-17 12:52:15",0,"edit functionality for the approved entry has been released , please raise a request to edit the data and get it approved, so you can proceed with the required data updation","2026-08-17 07:22:15.235165","2026-08-17 07:22:15.235165"
c3e2057e-a070-4510-a89b-43ab6ced5932,TKT-1-202607-01721,292216,3,2,"2026-08-17 13:14:10",0,"kindly see the comment section","2026-08-17 07:44:10.275210","2026-08-17 07:44:10.275210"
e3c41813-f2ae-4f11-a11b-e14daff7787f,TKT-1-202607-02075,ee16007_10,7,10,"2026-08-17 14:06:09",0,"We have raised several tickets on the AnnaDarpan portal for the same issue, but despite more than 45 days and repeated follow-ups, no permanent resolution or corrective action has been provided.","2026-08-17 08:36:08.832373","2026-08-17 08:36:08.832373"
a84fd847-8000-4684-b468-be63df8736fb,TKT-1-202607-03180,satish.d,2,7,"2026-08-17 14:25:42",0,"we are resolving this ticket, if it is not resolved create new ticket","2026-08-17 08:55:41.975461","2026-08-17 08:55:41.975461"
615d57c3-afb9-4bae-baf1-76d3e388315d,TKT-1-202607-02075,vikram6singh,10,2,"2026-08-17 14:30:40",0,"Please check.","2026-08-17 09:00:40.218952","2026-08-17 09:00:40.218952"
4f1e89d3-ad40-498f-9135-ff3984bd1251,TKT-1-202607-02101,satish.d,2,3,"2026-08-17 14:35:38",0,"please share the credentials to check the issue","2026-08-17 09:05:38.330774","2026-08-17 09:05:38.330774"
11800d7a-19a4-453f-9743-e9a088a8f6e0,TKT-1-202607-00211,satish.d,2,3,"2026-08-17 14:45:27",0,"edit functionality has been enabled, so please check and do the edit of the data in AD itself for the approved data by raising request","2026-08-17 09:15:27.037070","2026-08-17 09:15:27.037070"
68dc8312-91dd-472f-85a2-520ee25b1f4c,TKT-1-202607-02146,satish.d,2,3,"2026-08-17 14:46:44",0,"edit functionality has been enabled for the approved data, so raise a request and once it is approved get it updated in AD itself","2026-08-17 09:16:44.118947","2026-08-17 09:16:44.118947"
b304cb31-b941-4b49-ba2f-46671afda3c5,TKT-1-202607-02298,294767,3,2,"2026-08-17 16:28:18",0,"not yet resolved.","2026-08-17 10:58:17.672935","2026-08-17 10:58:17.672935"
9d831489-e7c0-4b2e-af6a-baa4302c0f8c,TKT-1-202607-02075,satish.d,2,3,"2026-08-17 17:50:48",0,"Please check comment section","2026-08-17 12:20:48.322086","2026-08-17 12:20:48.322086"
d82d7a41-7af7-4f2f-8554-5fa4f1a471e3,TKT-1-202607-01568,satish.d,2,3,"2026-08-17 18:51:09",0,"Please check provided  comments","2026-08-17 13:21:08.672563","2026-08-17 13:21:08.672563"
84b51a64-dd06-4081-9617-266306afe3d0,TKT-1-202607-02298,satish.d,2,3,"2026-08-17 18:52:38",0,"Please check provided comments","2026-08-17 13:22:38.402548","2026-08-17 13:22:38.402548"
19adad5d-1781-4468-9294-47a106c0b922,TKT-1-202607-03129,inish.d,2,3,"2026-08-17 19:55:36",0,"1725395 TEC is in inactive state. cancelled by WINGS on Wed Jun 03 21:11:28 IST 2026, this may due to long pending, please correct via OT","2026-08-17 14:25:36.328586","2026-08-17 14:25:36.328586"
bee85a15-7d4f-4e9b-9fa7-827b0f6985af,TKT-1-202607-02688,shivaniyadav091298,3,2,"2026-08-18 11:38:30",0,"Please check","2026-08-18 06:08:29.775528","2026-08-18 06:08:29.775528"
5300b8a1-ab0b-4570-9e25-c2a5c2b15197,TKT-1-202607-02688,shivaniyadav091298,2,7,"2026-08-18 11:38:47",0,"Please check the comment section.","2026-08-18 06:08:46.965031","2026-08-18 06:08:46.965031"
9ec208f4-20b4-442d-a380-fedc07cc15f2,TKT-1-202607-00819,shivaniyadav091298,3,2,"2026-08-18 11:52:58",0,"Please check","2026-08-18 06:22:57.644614","2026-08-18 06:22:57.644614"
8a1603b3-6fbd-4136-8a59-b0856ef2e3b8,TKT-1-202607-00819,shivaniyadav091298,2,7,"2026-08-18 11:53:54",0,"As per telephonic conversation on (9536345045), the concerned user has confirmed that issue has been resolved and hence this ticket is marked as resolved. For any further assistance, please contact our support team at : 1800-410-6688.","2026-08-18 06:23:54.196725","2026-08-18 06:23:54.196725"
5576f04a-d7ad-428b-b2dd-5f77598ba821,TKT-1-202607-01568,fb13005_01,3,2,"2026-08-18 13:33:26",0,"stacks are not getting killed","2026-08-18 08:03:25.518302","2026-08-18 08:03:25.518302"
bbb44edc-3b74-4ccb-a7a0-c3026d6b8d5a,TKT-1-202607-01568,satish.d,2,3,"2026-08-19 09:51:38",0,"Please check provided comments","2026-08-19 04:21:37.927441","2026-08-19 04:21:37.927441"
ed5d6603-7305-4057-b556-b8a87218d488,TKT-1-202607-03026,250695,7,10,"2026-08-19 11:53:25",0,"THe issue is still not resolved. YOu can check through login","2026-08-19 06:23:24.727134","2026-08-19 06:23:24.727134"
b769841f-24f2-4e4e-ad9e-7f308525d6c0,TKT-1-202607-03026,vikram6singh,10,2,"2026-08-19 11:57:57",0,"Please check.","2026-08-19 06:27:56.939385","2026-08-19 06:27:56.939385"
3c6352f3-4ad0-45ac-9799-e0b1a2879999,TKT-1-202607-03196,298250,3,2,"2026-08-19 12:46:38",0,"User ID: 298250 Password: Myairtel@2025","2026-08-19 07:16:38.095978","2026-08-19 07:16:38.095978"
a8ea0cf1-9269-499b-825e-3b30275ad1a6,TKT-1-202607-02533,nf12038_01,7,10,"2026-08-19 13:48:47",0,"BRL Stack status to be changed to receipt mode to match the data","2026-08-19 08:18:46.802310","2026-08-19 08:18:46.802310"
73386af3-1141-4cfc-8d1e-51c35ef6f52f,TKT-1-202607-02533,vikram6singh,10,2,"2026-08-19 13:55:33",0,"Please check.","2026-08-19 08:25:33.234063","2026-08-19 08:25:33.234063"
fdf1a4ee-1e48-4db6-81d1-174c7f10e127,TKT-1-202607-02533,richa.k,2,7,"2026-08-19 14:12:50",0,"please refer the comment section, for any further assistance, please contact our support team at 📞 1800-410-6688.","2026-08-19 08:42:49.821672","2026-08-19 08:42:49.821672"
38260568-1476-4d6b-9c09-0bd141ccfe44,TKT-1-202607-02533,nf12038_01,7,10,"2026-08-19 15:22:07",0,"now 07 consignments are showing in stack we were unable to issue BRL-LotNum: 4098 through anna darpan portal. Now issue the rejected lot from stack and stack status needs to be change from brl to normal so the data can be matched","2026-08-19 09:52:06.952036","2026-08-19 09:52:06.952036"
739d98b8-7268-408d-b502-794a19d38748,TKT-1-202607-02533,vikram6singh,10,2,"2026-08-19 15:42:57",0,"Please check","2026-08-19 10:12:56.585457","2026-08-19 10:12:56.585457"
626e92ad-c62f-4618-90b4-659dee6fc130,TKT-1-202607-01721,satish.d,2,3,"2026-08-19 16:21:26",0,"please check the comment section","2026-08-19 10:51:25.982759","2026-08-19 10:51:25.982759"
907622c8-f644-454e-853c-009e9be8aead,TKT-1-202607-01153,278999,3,2,"2026-08-19 16:25:24",0,"It is shown in Divisional ID ,not in depot ID .So, kindly do by which right entries is shown in divisional ID.","2026-08-19 10:55:24.457892","2026-08-19 10:55:24.457892"
0a951634-365f-4b18-a6d8-41e490babce3,TKT-1-202607-02615,276497,7,10,"2026-08-19 17:22:24",0,"तलोजा सायलों डिपो के अन्नदर्पण पोर्टल मे वितरण आदेश की मात्रा edit नहीं हो रही है, "No distribution was found for the selected commodity" ऐसा दिख रहा है। अतः कृपया उपरोक्त संबंध मे मार्गदर्शन करे।","2026-08-19 11:52:24.108921","2026-08-19 11:52:24.108921"
d75395b9-0a02-43a6-84fa-e3430a41d511,TKT-1-202607-02075,ee16007_10,3,2,"2026-08-19 17:23:43",0,"you are requested to kindly rectify the current stack records as follows: Current Stack No. Correct Quantity 1B01 1736.41600 QTL ,1B06 1735.71600 QTL","2026-08-19 11:53:43.146258","2026-08-19 11:53:43.146258"
cefb7516-3ecd-400f-88a7-1e67a0c7a508,TKT-1-202607-02615,vikram6singh,10,2,"2026-08-19 17:41:12",0,"Please check.","2026-08-19 12:11:11.957365","2026-08-19 12:11:11.957365"
cb96df66-2e5b-4758-9624-0c98220c73f1,TKT-1-202607-02656,132363,3,2,"2026-08-20 10:05:04",0,"Manager depot has no option for reject consignment in anna darpan","2026-08-20 04:35:04.083352","2026-08-20 04:35:04.083352"
6f8f8e15-345f-43c6-9524-cd81ced15faf,TKT-1-202607-02533,satish.d,2,3,"2026-08-20 10:45:30",0,"Please perform BRL lifting step and submit BRL stock for approval from Divisional Manager. Please follow the complete process and check.","2026-08-20 05:15:30.211770","2026-08-20 05:15:30.211770"
c2d7a86f-6549-4acd-9e73-b787ec0098e2,TKT-1-202607-01568,fb13005_01,3,2,"2026-08-20 11:38:08",0,"Documents attached","2026-08-20 06:08:08.396667","2026-08-20 06:08:08.396667"
1f0783fb-9833-466e-bb0e-f264218e954e,TKT-1-202607-02762,umesh.k,2,7,"2026-08-20 11:51:03",0,"Kindly check our comments.","2026-08-20 06:21:03.122461","2026-08-20 06:21:03.122461"
a0c11d04-387b-4cc7-b538-4ec7243f84e5,TKT-1-202607-01721,292216,3,2,"2026-08-20 13:30:01",0,"KINDLY CHECK COMMENT SECTION","2026-08-20 08:00:00.783873","2026-08-20 08:00:00.783873"
5c37db93-6cad-4e42-884b-4c9867671de6,TKT-1-202607-01721,satish.d,2,3,"2026-08-20 15:16:16",0,"if the stack status needs to be changed, please send mail through HQ","2026-08-20 09:46:16.091873","2026-08-20 09:46:16.091873"
d003688b-5e81-426c-8334-6c7cc8dd5d47,TKT-1-202607-02298,294767,3,2,"2026-08-20 15:40:21",0,"please contact to this:9980983326","2026-08-20 10:10:20.592900","2026-08-20 10:10:20.592900"
6488a896-4994-41f4-8ebc-f81b9e4cfc5f,TKT-1-202607-01721,292216,3,2,"2026-08-20 16:22:37",0,"kindly share HQ email Id","2026-08-20 10:52:37.410958","2026-08-20 10:52:37.410958"
809cd003-4285-4795-bd51-7e7a90a9a58a,TKT-1-202607-02298,inzemamul.h,2,3,"2026-08-20 17:36:21",0,"kindly refer to the comment box.","2026-08-20 12:06:21.375890","2026-08-20 12:06:21.375890"
735b5413-a82d-4424-8f30-1153d2a68e1c,TKT-1-202607-01568,satish.d,2,7,"2026-08-20 17:47:04",0,"we hope issue has been resolved we are closing the ticket please reopen if any issue still persists","2026-08-20 12:17:03.514691","2026-08-20 12:17:03.514691"
aecc15ff-ed04-47dd-9c91-410bb176fd4f,TKT-1-202607-01934,inish.d,2,3,"2026-08-20 20:02:28",0,"Sir/Madam, Issue is fixed. Please check it.","2026-08-20 14:32:28.178848","2026-08-20 14:32:28.178848"
59ae8471-69d7-42d6-8418-34a83a772ff6,TKT-1-202607-02656,inish.d,2,7,"2026-08-20 20:22:22",0,"This issue has been fixed, but due to some technical issue, we can not restore completted transaction. sorry for the inconvenience","2026-08-20 14:52:22.401795","2026-08-20 14:52:22.401795"
8a4bca09-cadd-4ff4-917c-89915d926463,TKT-1-202607-02075,satish.d,2,3,"2026-08-21 10:01:58",0,"Please check provided comments","2026-08-21 04:31:57.714254","2026-08-21 04:31:57.714254"
12744025-23dc-4ec0-97da-fca341c1febd,TKT-1-202607-02804,140983,3,2,"2026-08-21 10:35:40",0,"Sir, As per your requirement, screenshot is attached herewith & issue still remains persists. Thanking you","2026-08-21 05:05:40.351039","2026-08-21 05:05:40.351039"
d06daf43-7555-4279-90ee-99d70bf51112,TKT-1-202607-01153,umesh.k,2,3,"2026-08-21 11:03:56",0,"Dear sir/madam, upon verifying that all quantity are showing correct, Please check this from your end. Thank you","2026-08-21 05:33:55.948474","2026-08-21 05:33:55.948474"
cd3932f7-5549-463e-bdae-31a3f8271eb0,TKT-1-202607-01934,wc22008_10,3,2,"2026-08-21 11:38:42",0,"1A09 stack is nil now, there is balance of 27 bags in 1A11 stack.","2026-08-21 06:08:42.272798","2026-08-21 06:08:42.272798"
c79ddf53-bbca-48a9-b7fb-095ba4dbe790,TKT-1-202607-00967,122462,3,2,"2026-08-21 11:57:48",0,"till date storage capacity issue not short out","2026-08-21 06:27:48.081526","2026-08-21 06:27:48.081526"
7bbee72f-16d8-4d18-9682-91833862a431,TKT-1-202607-03129,sf15024_03,3,2,"2026-08-21 12:20:21",0,"This ticket is Resolved so closing the ticket","2026-08-21 06:50:20.634929","2026-08-21 06:50:20.634929"
c9e593af-1d6f-4fac-8597-2db5d8e2819c,TKT-1-202607-03129,shivaniyadav091298,2,7,"2026-08-21 14:17:18",0,"As per the user's remarks on this ticket, "The issue has been resolved now", this ticket is being marked as resolved. For further assistance, please contact our support team at 1800-410-6688.","2026-08-21 08:47:17.597266","2026-08-21 08:47:17.597266"
57e386ff-bfde-437e-bbd8-537ca502993d,TKT-1-202607-01163,311511,7,10,"2026-08-21 17:26:25",0,"Kindly contact through the number: 9603779426","2026-08-21 11:56:24.876178","2026-08-21 11:56:24.876178"
6583a723-4b8d-48db-8ed8-6417de26729b,TKT-1-202607-01163,vikram6singh,10,2,"2026-08-21 17:28:27",0,"Please check.","2026-08-21 11:58:27.239450","2026-08-21 11:58:27.239450"
f3a1c6b5-220b-4fe5-8749-4222ffb3e0fc,TKT-1-202607-01163,saroj.m,2,3,"2026-08-21 17:50:19",0,"Dear Sir/Ma'am , I have tried to contact on this number (9603779426) but number getting busy .Could you please confirm,  you asking to capture attendance for contactors? For any assistance, please contact our support team at: 1800-410-6688.","2026-08-21 12:20:19.149432","2026-08-21 12:20:19.149432"
df1d24a4-6c6b-4080-96d8-b7d8d740a243,TKT-1-202607-02940,satish.d,2,3,"2026-08-22 10:46:31",0,"Please generate rejection note.","2026-08-22 05:16:30.636318","2026-08-22 05:16:30.636318"
6511eaa7-b1cd-49d2-9ab5-9df6e5d84ab8,TKT-1-202607-02895,276201,3,2,"2026-08-22 11:59:04",0,"Please close the ticket.","2026-08-22 06:29:04.412222","2026-08-22 06:29:04.412222"
a143f64b-15cb-4d26-aca0-7cd3a8684bca,TKT-1-202607-02895,saroj.m,2,7,"2026-08-22 12:00:55",0,"As per user remarks issue has been resoled hence we are closing this ticket. For any assistance, please contact our support team at: 1800-410-6688.","2026-08-22 06:30:54.815035","2026-08-22 06:30:54.815035"
679651e5-e012-489b-b6f7-8112662c4a2f,TKT-1-202607-01163,311511,3,2,"2026-08-22 12:43:54",0,"The issue is not resolved. Please contact me on :9603779426.","2026-08-22 07:13:53.717548","2026-08-22 07:13:53.717548"
64a8b984-f643-465b-aa6a-29b6708d2646,TKT-1-202607-02929,298371,3,2,"2026-08-22 16:37:01",0,"ISSUE RESOLVED","2026-08-22 11:07:01.455143","2026-08-22 11:07:01.455143"
2f2cb014-d903-4a62-95de-569429f6febf,TKT-1-202607-02929,shivaniyadav091298,2,7,"2026-08-24 10:50:20",0,"As per the user confirmation, we are closing this ticket. Thank you","2026-08-24 05:20:20.425765","2026-08-24 05:20:20.425765"
c46dfa43-ca54-4ea1-93e5-51e474191cde,TKT-1-202607-01163,saroj.m,2,3,"2026-08-24 12:07:26",0,"Dear Sir/Ma'am , I have tried to contact on this number (9603779426.) but response awaited . Feel free to contact on this number for the further investigation 1800-410-6688.","2026-08-24 06:37:25.626304","2026-08-24 06:37:25.626304"
843bb48b-44c4-455b-93f2-bc485c9c5663,TKT-1-202607-02298,294767,3,2,"2026-08-24 13:37:57",0,"Still difference is there","2026-08-24 08:07:57.377443","2026-08-24 08:07:57.377443"
406be698-eab1-4cbc-8207-ea21e364dc3f,TKT-1-202607-02298,satish.d,2,7,"2026-08-24 14:58:53",0,"we hope issue has been resolved we are closing the ticket please create new ticket if any issue still persists","2026-08-24 09:28:53.324770","2026-08-24 09:28:53.324770"
224977c4-977e-4a20-8cdd-fbcd0cb53f69,TKT-1-202607-01934,inish.d,2,3,"2026-08-24 16:35:15",0,"Sir/Madam, Please share the error screenshot.","2026-08-24 11:05:14.896777","2026-08-24 11:05:14.896777"
03f7624d-b953-4664-99e0-ed2447227ba5,TKT-1-202607-02804,inish.d,2,3,"2026-08-24 17:43:45",0,"Sir, Few details are missing in the screenshot like remarks and mode of transaport field values and no of items selected for transfer and share user login details.","2026-08-24 12:13:44.871267","2026-08-24 12:13:44.871267"
efd1a9d4-ff66-428f-aa8e-6fdabf301b8f,TKT-1-202607-02298,294767,7,10,"2026-08-25 12:57:54",0,.,"2026-08-25 07:27:54.435829","2026-08-25 07:27:54.435829"
53e8acf8-b895-4667-9622-22558b6b03cf,TKT-1-202607-02298,vikram6singh,10,2,"2026-08-25 13:04:32",0,"Please check.","2026-08-25 07:34:32.283468","2026-08-25 07:34:32.283468"
2530e578-4ece-47bd-abe7-88b192aba815,TKT-1-202607-02804,140983,3,2,"2026-08-25 16:08:45",0,"Sir, As per your requirement, screenshot is attached herewith & issue still remains persists. Thanking you","2026-08-25 10:38:45.177722","2026-08-25 10:38:45.177722"
f7f94258-4e0c-4bae-a21e-7d5ca13dc8ac,TKT-1-202607-02308,186177,7,10,"2026-08-25 17:15:55",0,"remainder,   sofar, no rectify same issue","2026-08-25 11:45:54.731058","2026-08-25 11:45:54.731058"
b13e64f5-267a-4e59-8aec-a809b6870acf,TKT-1-202607-02308,vikram6singh,10,2,"2026-08-25 17:18:28",0,"Please check.","2026-08-25 11:48:28.246596","2026-08-25 11:48:28.246596"
69e77f00-c25e-4222-9e5c-5b83612eba3f,TKT-1-202607-02939,umesh.k,2,3,"2026-08-26 10:56:07",0,"Kindly refer the comment section for more details.","2026-08-26 05:26:07.488225","2026-08-26 05:26:07.488225"
3f36bff7-4107-4e80-8f86-4c03785e2adb,TKT-1-202607-03196,satish.d,2,3,"2026-08-26 16:32:09",0,"if edit has to be done, please do by raising request and get it approved","2026-08-26 11:02:08.968500","2026-08-26 11:02:08.968500"
06cafe8c-f40f-4e03-870d-31bd6c527230,TKT-1-202607-01944,shivaniyadav091298,3,2,"2026-08-27 11:15:55",0,"Please check","2026-08-27 05:45:55.099878","2026-08-27 05:45:55.099878"
044ec370-f187-47af-91d0-6ff6e2a6baad,TKT-1-202607-01944,shivaniyadav091298,2,7,"2026-08-27 11:42:36",0,"As per telephonic conversation on (9549065157), the concerned user has confirmed that issue has been resolved and hence this ticket is marked as resolved. For any further assistance, please contact our support team at : 1800-410-6688.","2026-08-27 06:12:36.353357","2026-08-27 06:12:36.353357"
dd9d5230-c346-4425-9a78-6817696b0249,TKT-1-202607-03196,298250,3,2,"2026-08-27 11:52:33",0,"Data of OB and CB is now matching but as we have not previously entered the data of 2nd Fortnight, the Scheme-wise Offtake data is showing a wrong. Please add an option to enter the data of the same or please correct it through the backend.","2026-08-27 06:22:33.451307","2026-08-27 06:22:33.451307"
227de722-25f1-4d5a-96de-53bd1059c0f4,TKT-1-202607-01721,satish.d,2,3,"2026-08-27 12:03:54",0,"Please check with your higher officers.","2026-08-27 06:33:53.643326","2026-08-27 06:33:53.643326"
2a704348-e3b4-460a-ae4c-ccab1a653628,TKT-1-202607-03026,satish.d,2,3,"2026-08-27 12:05:53",0,"Please retry and share the latest screen shots.","2026-08-27 06:35:53.464237","2026-08-27 06:35:53.464237"
c43d4cd3-7c29-4210-b50f-d97f17874d83,TKT-1-202607-01163,311511,3,2,"2026-08-27 12:54:31",0,"contact no : 9603779426 please contact this number is availble now sir","2026-08-27 07:24:31.023349","2026-08-27 07:24:31.023349"
2bd8f656-f6d1-4005-9a5b-6fdb034c89d6,TKT-1-202607-02298,inzemamul.h,2,7,"2026-08-27 14:33:02",0,"kindly refer to the comment box.","2026-08-27 09:03:02.453991","2026-08-27 09:03:02.453991"
8c063cf3-921f-4394-8acc-aba349d5eae1,TKT-1-202607-01153,278999,3,2,"2026-08-27 14:53:56",0,"upon verifying, the receipt quantity is not correct.kindly do the needful.","2026-08-27 09:23:56.368019","2026-08-27 09:23:56.368019"
efdc2a3d-ec25-4679-83e7-b581256e3306,TKT-1-202607-03196,satish.d,2,3,"2026-08-27 16:24:52",0,"now we have edit functionality to edit the approved data, or you can enter the data for past month it is enabled please check that","2026-08-27 10:54:51.923605","2026-08-27 10:54:51.923605"
ab81cb49-8183-47d3-a477-5a21e63559d9,TKT-1-202607-02444,satish.d,2,3,"2026-08-27 17:41:11",0,"please check now, if the issue is there","2026-08-27 12:11:10.919974","2026-08-27 12:11:10.919974"
73e05735-81ce-496c-a39e-586d5f750527,TKT-1-202607-01163,saroj.m,2,3,"2026-08-27 17:49:35",0,"Sir , You have created the special PV for commodity Wheat And Crop Year 2026-2027 , hence only stack which have wheat commodity with 2026-27 crop year listed for PV . For any assistance, please contact our support team at: 1800-410-6688.","2026-08-27 12:19:35.101058","2026-08-27 12:19:35.101058"
8fe113ab-9c8e-47f8-a5f3-ca294c1c6a52,TKT-1-202607-00967,inzemamul.h,2,3,"2026-08-28 11:43:45",0,"kindly refer to the comment box.","2026-08-28 06:13:44.858613","2026-08-28 06:13:44.858613"
1bc98b07-279a-453c-bfbe-8b01627c81bf,TKT-1-202607-03196,298250,3,2,"2026-08-28 13:56:46",0,"There is no option/right to enter the Scheme-wise Offtake data. A mismatch of 1,000.00 Qtls in DO Tezpur needs to be entered for the 2nd fortnight of June’26 to match the total allocation/offtake at 2,512.53320 Qtls.","2026-08-28 08:26:45.528577","2026-08-28 08:26:45.528577"
dcfe0249-b2a0-43a1-9216-1632ba46d7aa,TKT-1-202607-02075,shivaniyadav091298,3,2,"2026-08-28 15:56:42",0,"Please check the comment section.","2026-08-28 10:26:41.996781","2026-08-28 10:26:41.996781"
f63be3f6-6e5d-4296-9c4a-973c49e4e494,TKT-1-202607-02075,shivaniyadav091298,2,7,"2026-08-28 15:57:02",0,"Please check the comment section.","2026-08-28 10:27:02.440739","2026-08-28 10:27:02.440739"
1b9d2be1-15eb-4460-86c8-1adbe32e96ca,TKT-1-202607-03196,satish.d,2,3,"2026-08-28 19:41:56",0,"in edit functionality this data modifications can be done by raising request and get it approved","2026-08-28 14:11:56.441934","2026-08-28 14:11:56.441934"
cbc7e73a-22da-42a1-b969-9e445f3c3c0d,TKT-1-202607-02762,311086,7,10,"2026-08-29 12:08:42",0,"Same error after App update, QR Scanner not working in App","2026-08-29 06:38:41.643947","2026-08-29 06:38:41.643947"
d9331311-7988-4921-8ce6-1bfbbc55af34,TKT-1-202607-02762,vikram6singh,10,2,"2026-08-29 12:21:06",0,"Please check","2026-08-29 06:51:05.885360","2026-08-29 06:51:05.885360"
f7cc1d69-4dca-4595-9ea9-06668ebdc8de,TKT-1-202607-02137,122375,7,10,"2026-08-29 15:40:28",0,"Sir let it be open till the implement of the necessary changes from your side.","2026-08-29 10:10:27.735963","2026-08-29 10:10:27.735963"
8d3bf9fa-149b-4892-9f86-fbd308f9080d,TKT-1-202607-02137,vikram6singh,10,2,"2026-08-29 15:41:15",0,"Please check.","2026-08-29 10:11:14.968763","2026-08-29 10:11:14.968763"
bdc072d3-c539-40a4-81fd-6e7899dc27fb,TKT-1-202607-02137,anshu.r,2,7,"2026-08-29 16:31:46",0,"Kindly check comment","2026-08-29 11:01:46.153304","2026-08-29 11:01:46.153304"
68840c38-5cff-4d15-9cc8-7ff53b84a17f,TKT-1-202607-02137,122375,7,8,"2026-08-29 17:26:36",0,ok,"2026-08-29 11:56:35.675461","2026-08-29 11:56:35.675461"
c74dcac5-1bc0-4033-b718-f4365aab9ae9,TKT-1-202607-01163,311511,3,2,"2026-08-31 12:40:41",0,"contact no : 9603779426 please contact this number is availble now sir","2026-08-31 07:10:41.309500","2026-08-31 07:10:41.309500"
4d175765-2a71-418b-8ef9-1be95cf91958,TKT-1-202607-03196,298250,3,2,"2026-08-31 13:12:44",0,"Please check ticket no. TKT-1-202608-03049","2026-08-31 07:42:43.645110","2026-08-31 07:42:43.645110"
d9d6d6cf-97ee-4009-a832-36579c2fe2b5,TKT-1-202607-00211,188695,3,2,"2026-08-31 15:16:58",0,"It would be better if we could see the Release order pending quantity at the month end to verify whether the offtake has been updated correctly or not. Also there is no option for entering Release order under OMSS(with & without e auction).","2026-08-31 09:46:57.954623","2026-08-31 09:46:57.954623"
73d06e31-3229-4723-9c98-0883520127ee,TKT-1-202607-02444,292247,3,2,"2026-08-31 15:36:29",0,"Issue still not resolved","2026-08-31 10:06:29.289406","2026-08-31 10:06:29.289406"
0f499ad4-a498-4d67-9570-526301a23299,TKT-1-202607-01934,wc22008_10,3,2,"2026-08-31 16:36:55",0,"Need to match the Wheat FAQ 2025-26 stock with IRRS. The correct balance of Wheat FAQ 2025-26 is 1807.26348 Qtl.","2026-08-31 11:06:54.804641","2026-08-31 11:06:54.804641"
1d84070c-67a1-4bae-b41d-ca2dffac5804,TKT-1-202607-01934,inish.d,2,3,"2026-08-31 17:09:56",0,"Sir/Madam, please share the screenshot","2026-08-31 11:39:56.227728","2026-08-31 11:39:56.227728"
2552d211-43fc-4004-b05c-d6a0fb7987f5,TKT-1-202607-02160,134159,7,8,"2026-08-31 17:27:45",0,"Matter has been resolved, may be closed.","2026-08-31 11:57:44.689436","2026-08-31 11:57:44.689436"
b9f34612-2d21-43ee-b71a-8f4ae5cb9745,TKT-1-202607-02782,amitabh.k,5,7,"2026-08-31 18:01:30",0,"The provision has been implemented.","2026-08-31 12:31:29.743143","2026-08-31 12:31:29.743143"
743a3ca5-70a0-4378-9eb6-ec4f07197cbb,TKT-1-202607-00421,amitabh.k,5,7,"2026-09-01 10:26:47",0,"Provision has been implemented.","2026-09-01 04:56:47.320367","2026-09-01 04:56:47.320367"
584184a6-61f1-47e4-8505-9683946810df,TKT-1-202607-00612,amitabh.k,5,7,"2026-09-01 10:30:25",0,"Currently under examination.","2026-09-01 05:00:25.437507","2026-09-01 05:00:25.437507"
2ed8160f-056a-4ae5-8dc4-960cc2c21ef0,TKT-1-202607-01248,amitabh.k,5,7,"2026-09-01 10:32:03",0,"Restacking provision is already available.","2026-09-01 05:02:02.879898","2026-09-01 05:02:02.879898"
980a3be9-4d7c-4379-bc19-5880222e691b,TKT-1-202607-02615,umesh.k,2,3,"2026-09-01 12:12:40",0,"Kindly check our comments.","2026-09-01 06:42:40.120527","2026-09-01 06:42:40.120527"
5b74b2b4-bfdd-4fd9-b896-fefab10d8ede,TKT-1-202607-01934,wc22008_10,3,2,"2026-09-01 12:36:07",0,"Sir kindly check in attachment.","2026-09-01 07:06:07.075269","2026-09-01 07:06:07.075269"
f9794d78-b23d-44f6-8c15-c1c887b43f39,TKT-1-202607-02308,saroj.m,2,3,"2026-09-01 16:19:41",0,"Sir, please elaborate the issue so that we may assist you as as earliest.","2026-09-01 10:49:41.197787","2026-09-01 10:49:41.197787"
b679680f-89d1-4f52-b422-ec007a14996f,TKT-1-202607-01163,anuj.s,2,3,"2026-09-02 10:14:25",0,"We attempted to contact you at 9603779426, however, the number does not have incoming call service enabled. Kindly share an alternate/correct contact number for further communication, or please contact us on our toll-free number.","2026-09-02 04:44:24.533500","2026-09-02 04:44:24.533500"
461a6155-91ca-4643-9d05-c051866fe7f3,TKT-1-202607-02533,shivaniyadav091298,3,2,"2026-09-02 11:55:16",0,"Please check","2026-09-02 06:25:16.146048","2026-09-02 06:25:16.146048"
55deacf8-4b5d-41dc-a480-37a404146f21,TKT-1-202607-02533,shivaniyadav091298,2,7,"2026-09-02 11:56:17",0,"Please check the comment section.","2026-09-02 06:26:17.245929","2026-09-02 06:26:17.245929"
6e4f4606-e9e3-4934-9597-a00183a62b52,TKT-1-202607-00211,umesh.k,2,3,"2026-09-02 15:50:25",0,"Addressed, Please check comments","2026-09-02 10:20:24.599710","2026-09-02 10:20:24.599710"
2d73cab6-cb65-48ec-a2f1-b3208f45206b,TKT-1-202607-02444,umesh.k,2,3,"2026-09-02 15:52:42",0,"Addressed, please check comments","2026-09-02 10:22:42.170013","2026-09-02 10:22:42.170013"
a407a2e6-e4e6-4c8e-830e-7d6bc8f8d5f3,TKT-1-202607-03196,umesh.k,2,3,"2026-09-02 16:05:31",0,"Addressed, Please check comments","2026-09-02 10:35:30.570274","2026-09-02 10:35:30.570274"
125d0d4b-619f-4e23-a52e-5f351a5e8f94,TKT-1-202607-02444,292247,3,2,"2026-09-02 17:34:59",0,"Edit option is also not working as it is showing "Regional Manager has not approved for this combination"","2026-09-02 12:04:59.383322","2026-09-02 12:04:59.383322"
28e5d3c8-e48b-4cfd-aa03-a41aac94cfb4,TKT-1-202607-00428,105177,7,10,"2026-09-03 10:19:22",0,"sir its been many days since issue raised please respond to this and we are waiting for solutions","2026-09-03 04:49:22.090763","2026-09-03 04:49:22.090763"
16106af6-6821-40dd-ac32-7f4652e92eb1,TKT-1-202607-00428,vikram6singh,10,2,"2026-09-03 10:25:50",0,"Please check.","2026-09-03 04:55:50.218486","2026-09-03 04:55:50.218486"
46a0a131-3f88-42b3-bad7-9bf6e7a9ba63,TKT-1-202607-00428,umesh.k,2,3,"2026-09-03 10:51:58",0,"Addressed, Please check comments","2026-09-03 05:21:57.570555","2026-09-03 05:21:57.570555"
fbbd8141-2ded-412f-89da-19ef15a6dac7,TKT-1-202607-02444,umesh.k,2,3,"2026-09-03 11:00:48",0,"Addressed, please check comments","2026-09-03 05:30:48.441908","2026-09-03 05:30:48.441908"
03d996db-f8ce-4496-84ce-5ec8e14e8694,TKT-1-202607-01934,inish.d,2,3,"2026-09-03 19:15:39",0,"Sir/Madam, The error comes because 27 bags with 19.72565 QTLS give ~73 Kg/bag, above the 65.753 Kg limit for SBT[580]. Reduce qty to ≤17.75 QTLS with 27 bags, or use ≥30 bags for this qty, then save again.","2026-09-03 13:45:38.579726","2026-09-03 13:45:38.579726"
04fa6276-5823-48b0-bcd1-6390ba72d84f,TKT-1-202607-02804,inzemamul.h,2,3,"2026-09-05 10:59:35",0,"kindly refer to the comment box.","2026-09-05 05:29:34.945503","2026-09-05 05:29:34.945503"
05f31f3d-b0ee-4bf1-8fcd-ffb7937ec503,TKT-1-202607-02430,187216,7,10,"2026-09-05 11:37:53",0,"The issue is still not resolved. please look into this and reolve it.","2026-09-05 06:07:53.282376","2026-09-05 06:07:53.282376"
13437b81-f48c-4413-8d83-1fe480a41c45,TKT-1-202607-02430,vikram6singh,10,2,"2026-09-05 11:51:45",0,"Please check.","2026-09-05 06:21:44.687583","2026-09-05 06:21:44.687583"
4ea7bc35-3f5a-4fe7-9cb7-ae9c1070415c,TKT-1-202607-02430,inzemamul.h,2,7,"2026-09-05 12:01:22",0,"kindly refer to the comment box.","2026-09-05 06:31:21.594447","2026-09-05 06:31:21.594447"
093e45b9-df4b-4ae1-8e4b-6caa529a0678,TKT-1-202607-01934,wc22008_10,3,2,"2026-09-07 11:32:17",0,"issue not resolved yet","2026-09-07 06:02:17.073825","2026-09-07 06:02:17.073825"
731e8698-3803-4b79-b133-f098b0b1f77a,TKT-1-202607-03196,298250,3,2,"2026-09-07 13:45:47",0,"Matter has been resolved","2026-09-07 08:15:47.022353","2026-09-07 08:15:47.022353"
6d28e697-efce-4d26-9764-5ccf416a5fe2,TKT-1-202607-02940,140951,3,2,"2026-09-07 13:55:26",0,"Sir, During season RSM 26-27 a whole trudck wheghment at weighbridge then whole truck rejected by QC side but create token is shown pending and the is no option to solve this. please solve this issue.","2026-09-07 08:25:25.777915","2026-09-07 08:25:25.777915"
58eebe97-2479-4169-abaf-3e6dd20e7f75,TKT-1-202607-02831,shrutipan966,3,2,"2026-09-07 15:38:57",0,"Please check","2026-09-07 10:08:56.854813","2026-09-07 10:08:56.854813"
35bdb0c7-f1c7-4fc5-b689-282871751ecd,TKT-1-202607-02615,shrutipan966,3,2,"2026-09-07 15:39:25",0,"Please check","2026-09-07 10:09:25.157276","2026-09-07 10:09:25.157276"
0ea01abf-9c4d-4911-aa6a-c10286ab0510,TKT-1-202607-02831,shrutipan966,2,7,"2026-09-07 15:42:03",0,"Please refer to the comment section.","2026-09-07 10:12:03.229294","2026-09-07 10:12:03.229294"
45ee6746-6fc3-4593-8e6f-f43c3245cad4,TKT-1-202607-02615,shrutipan966,2,7,"2026-09-07 15:42:46",0,"Please refer to the comment section.","2026-09-07 10:12:46.260658","2026-09-07 10:12:46.260658"
d9755ad2-e1f7-4481-934d-a73973ad52d5,TKT-1-202607-02804,shivaniyadav091298,3,2,"2026-09-07 16:37:55",0,"Please check","2026-09-07 11:07:55.381797","2026-09-07 11:07:55.381797"
886f679d-d976-471c-9736-c1a1f4b14ea1,TKT-1-202607-03196,kshitiz.s,2,7,"2026-09-07 16:39:52",0,"As per the user's comment(Matter has been resolved).","2026-09-07 11:09:51.791233","2026-09-07 11:09:51.791233"
be231f6e-1849-489b-9bb0-eebabb6d4ddd,TKT-1-202607-02804,shivaniyadav091298,2,7,"2026-09-07 17:05:01",0,"Please check the comment section.","2026-09-07 11:35:01.440722","2026-09-07 11:35:01.440722"
66fa4742-4e40-4380-ba3c-cc47e23d9d3c,TKT-1-202607-01934,inish.d,2,3,"2026-09-08 10:21:51",0,"SIr, 27 bags cannot contain 19.72565 QTLS because that makes each bag heavier than the permitted SBT[580] limit. Either reduce the quantity or increase the number of bags.","2026-09-08 04:51:51.334993","2026-09-08 04:51:51.334993"
302e9622-3a8c-43f8-9539-e5474ee3ebb6,TKT-1-202607-00211,188695,3,2,"2026-09-08 10:49:06",0,"The matter is resolved","2026-09-08 05:19:05.994964","2026-09-08 05:19:05.994964"
c3939ce7-f794-4f16-993f-9a2b43cf2874,TKT-1-202607-00428,105177,3,2,"2026-09-08 10:52:05",0,"issue resolved ticket can be closed","2026-09-08 05:22:04.722186","2026-09-08 05:22:04.722186"
d9e04097-f943-40f3-9c90-78e990888318,TKT-1-202607-00211,umesh.k,2,7,"2026-09-08 10:55:00",0,"Issue resolved. closing the ticket","2026-09-08 05:25:00.119704","2026-09-08 05:25:00.119704"
497b340d-549d-4695-ad20-9a4c99c0c43e,TKT-1-202607-00428,umesh.k,2,7,"2026-09-08 10:55:50",0,"Issue resolved. closing the ticket","2026-09-08 05:25:49.986486","2026-09-08 05:25:49.986486"
87637a5c-5534-4d53-a9fb-b5c02cc3ba77,TKT-1-202607-02101,186897,3,2,"2026-09-08 11:05:07",0,"Issue has been sort out","2026-09-08 05:35:07.016463","2026-09-08 05:35:07.016463"
f2e34bc6-5b35-4dfb-b233-725387f8c034,TKT-1-202607-02101,umesh.k,2,7,"2026-09-08 11:06:10",0,"Issue Resolved. Closing the ticket","2026-09-08 05:36:09.856892","2026-09-08 05:36:09.856892"
7d6c2ce5-9e70-4c48-bfe3-8fc00c40b9ba,TKT-1-202607-02308,186177,3,2,"2026-09-08 11:07:57",0,"Resolved , close the Ticket","2026-09-08 05:37:57.309517","2026-09-08 05:37:57.309517"
0603eddb-8704-4a06-bc6b-a0b8845b9952,TKT-1-202607-01163,311511,3,2,"2026-09-08 14:39:09",0,"The problem is not yet solved. kindly expedite at the earliest","2026-09-08 09:09:08.772583","2026-09-08 09:09:08.772583"
35107b12-a0a3-4c80-a6c8-e9e30f7beabe,TKT-1-202607-01163,anuj.s,2,3,"2026-09-08 15:12:49",0,"We attempted to contact the user at 9603779426; however, the call went unanswered. Kindly share the correct contact details for further investigation, or please connect with us through our toll-free number.","2026-09-08 09:42:48.544324","2026-09-08 09:42:48.544324"
1c0b69e1-860d-41b9-8065-bc41c5e880cc,TKT-1-202607-01931,kshitiz.s,3,2,"2026-09-08 15:13:39",0,"Please check","2026-09-08 09:43:38.821910","2026-09-08 09:43:38.821910"
3915ccfa-b13b-4a03-8ee8-9fa380c99be8,TKT-1-202607-01931,kshitiz.s,2,7,"2026-09-08 15:14:07",0,"Please refer to the comment section.","2026-09-08 09:44:06.604358","2026-09-08 09:44:06.604358"
39e50c70-9da2-40a2-952b-989b9fc2bed3,TKT-1-202607-02308,kshitiz.s,2,7,"2026-09-08 17:30:24",0,"As per the user's remark " Resolved, close the Ticket", this ticket is being marked as resolved.","2026-09-08 12:00:23.681464","2026-09-08 12:00:23.681464"
b1c20eec-4259-4bab-a04f-657b7fcd6efc,TKT-1-202607-01721,292216,3,2,"2026-09-08 18:18:07",0,"mail to higher  authority has been made","2026-09-08 12:48:07.342878","2026-09-08 12:48:07.342878"
82d92f3a-3672-4aa9-8304-5bdb0a536a8a,TKT-1-202607-01153,umesh.k,2,3,"2026-09-08 19:27:35",0,"Dear sir/madam, please check the comments added. Thank you","2026-09-08 13:57:34.940487","2026-09-08 13:57:34.940487"
4e02c920-be38-4629-8b32-a10d99cf9307,TKT-1-202607-02762,umesh.k,2,3,"2026-09-09 10:16:34",0,"Kindly check our comments.","2026-09-09 04:46:33.950501","2026-09-09 04:46:33.950501"
9f71d4f7-a1a5-4e77-a210-33ff8df39cfe,TKT-1-202607-03026,250695,3,2,"2026-09-09 15:03:15",0,"issue resolved.","2026-09-09 09:33:14.567196","2026-09-09 09:33:14.567196"
907abaf7-87cd-419d-bb86-e9c0053dbe28,TKT-1-202607-01721,satish.d,2,3,"2026-09-09 15:12:47",0,"Once we received the mail we will get back to you.","2026-09-09 09:42:46.897270","2026-09-09 09:42:46.897270"
8d247eb5-60b6-421d-8411-e3113a215dd7,TKT-1-202607-03026,satish.d,2,7,"2026-09-09 15:13:45",0,"As per the user comments we are closing this ticket.","2026-09-09 09:43:44.821099","2026-09-09 09:43:44.821099"
c75259b7-207e-4f95-91a9-34e4fd3b5e67,TKT-1-202607-02762,311086,3,2,"2026-09-09 18:46:26",0,"Respected Sir, we would like a Digital Stack Card for each physical stack that includes a QR code. When scanned, this QR code will link to an app that displays all stack details, including transaction, inspection, and chemical treatment histories.","2026-09-09 13:16:26.096066","2026-09-09 13:16:26.096066"
d7f4c399-f97b-4ada-a51a-8114ed2fb46d,TKT-1-202607-03026,250695,7,8,"2026-09-10 10:05:07",0,"Issue resolved thanks.","2026-09-10 04:35:07.476826","2026-09-10 04:35:07.476826"
a8fcd1fe-00a8-4c8a-8fbc-fb0470d3ec99,TKT-1-202607-01721,292216,3,2,"2026-09-10 11:49:43",0,"close this ticket","2026-09-10 06:19:43.302368","2026-09-10 06:19:43.302368"
8255ea18-4e49-4e47-8e84-e945c4d91590,TKT-1-202607-02762,umesh.k,2,3,"2026-09-10 12:17:42",0,"Kindly check our comments.","2026-09-10 06:47:42.490823","2026-09-10 06:47:42.490823"
bae58ad3-820b-44d3-b41b-0416ae936ccb,TKT-1-202607-02940,inish.d,2,7,"2026-09-10 14:21:01",0,"thanks for your suggestion sir, we will check with our team,and add it to our task list.","2026-09-10 08:51:01.214593","2026-09-10 08:51:01.214593"
dac44d34-abfd-49fb-996f-9e64c44d2c6a,TKT-1-202607-01153,kshitiz.s,3,2,"2026-09-10 14:55:53",0,"Please check","2026-09-10 09:25:53.164176","2026-09-10 09:25:53.164176"
2b86838e-7f7d-471c-87ae-c130f216d46c,TKT-1-202607-01153,kshitiz.s,2,7,"2026-09-10 14:59:31",0,"Please refer to the comment section.","2026-09-10 09:29:31.271807","2026-09-10 09:29:31.271807"
769dcb25-7a7a-4914-8a25-ce8ec3fc881b,TKT-1-202607-01721,shivaniyadav091298,2,7,"2026-09-10 15:43:43",0,"As per the user confirmation, we are closing this ticket. Thank you","2026-09-10 10:13:43.071383","2026-09-10 10:13:43.071383"
21025a60-8f0f-4fbf-a7e3-0842757c0a20,TKT-1-202607-02876,IRL_admin,5,2,"2026-09-10 16:31:50",0,"Technical Matter. The helpdesk team is requested to examine the ticket thoroughly  before marking it to this Office.","2026-09-10 11:01:49.938429","2026-09-10 11:01:49.938429"
65a70d87-3e70-49c9-b587-3e1f90582e60,TKT-1-202607-01220,kshitiz.s,3,2,"2026-09-10 16:46:17",0,"Please check","2026-09-10 11:16:16.987646","2026-09-10 11:16:16.987646"
933c90b8-82ab-4cbc-8247-389da009b8e5,TKT-1-202607-01220,kshitiz.s,2,7,"2026-09-10 16:46:59",0,"Please refer to the comment section.","2026-09-10 11:16:58.538049","2026-09-10 11:16:58.538049"
03eaafc7-e891-4cf4-b7ee-5955e1d03f8c,TKT-1-202607-02444,292247,3,2,"2026-09-10 17:34:06",0,"Kindly check the attachment - Screenshot which is attached","2026-09-10 12:04:06.219675","2026-09-10 12:04:06.219675"
3f917103-7ebd-48eb-b7df-c23d4281652a,TKT-1-202607-02762,311086,3,2,"2026-09-11 12:52:44",0,RESOLVED,"2026-09-11 07:22:43.716096","2026-09-11 07:22:43.716096"
750274b1-4786-42db-ba01-5e1ba9ef3b2c,TKT-1-202607-00967,kshitiz.s,3,2,"2026-09-11 13:53:01",0,"Please check","2026-09-11 08:23:00.900620","2026-09-11 08:23:00.900620"
de00a673-8948-46f1-85f2-e2e99ce0349b,TKT-1-202607-00967,kshitiz.s,2,7,"2026-09-11 13:53:31",0,"Please refer to the comment section.","2026-09-11 08:23:31.335829","2026-09-11 08:23:31.335829"
d859f414-f979-4b01-b8cf-3bfa5df8e76e,TKT-1-202607-01934,shivaniyadav091298,3,2,"2026-09-11 14:21:38",0,"Please check","2026-09-11 08:51:38.416835","2026-09-11 08:51:38.416835"
42cd863f-e9f4-494d-a417-a8220d2a4127,TKT-1-202607-01934,shivaniyadav091298,2,7,"2026-09-11 14:23:24",0,"Please check the comment section.","2026-09-11 08:53:23.642921","2026-09-11 08:53:23.642921"
6babbea3-684c-4532-8134-77e18cfa6efc,TKT-1-202607-02762,umesh.k,2,7,"2026-09-11 15:06:46",0,"As per requester confirmation,we are closing this ticket.Thanks.","2026-09-11 09:36:46.456696","2026-09-11 09:36:46.456696"
3fc7d509-689f-47b7-9370-f4e763f11d70,TKT-1-202607-02444,umesh.k,2,3,"2026-09-11 15:27:50",0,"As RO has not approved, instead of Edit page, you can go to normal data entry page and do the data entry.","2026-09-11 09:57:50.344680","2026-09-11 09:57:50.344680"
ea3536ce-a06d-40e2-a8c9-d44acdde06eb,TKT-1-202607-02922,shivaniyadav091298,3,2,"2026-09-11 16:40:12",0,"Please check","2026-09-11 11:10:11.740713","2026-09-11 11:10:11.740713"
3d77b345-5e6e-4765-8ba0-d353705e4f98,TKT-1-202607-02922,shivaniyadav091298,2,7,"2026-09-11 16:40:44",0,"As per telephonic conversation on (9896157677), the concerned user has confirmed that issue has been resolved and hence this ticket is marked as resolved. For any further assistance, please contact our support team at : 1800-410-6688.","2026-09-11 11:10:44.347383","2026-09-11 11:10:44.347383"
bacfc7aa-dc3b-4626-8765-112927eef694,TKT-1-202607-01163,kshitiz.s,3,2,"2026-09-12 12:48:38",0,"Please check","2026-09-12 07:18:37.797124","2026-09-12 07:18:37.797124"
4a1f9641-317d-4ea2-a502-4b9e49bf0cbd,TKT-1-202607-01163,kshitiz.s,2,7,"2026-09-12 12:49:05",0,"Please refer to the comment section.","2026-09-12 07:19:04.847883","2026-09-12 07:19:04.847883"
05cf2efe-6d38-461e-bbf5-f6a3780f6314,TKT-1-202607-00211,188695,7,8,"2026-09-14 11:29:12",0,Resolved,"2026-09-14 05:59:11.869791","2026-09-14 05:59:11.869791"
cce7c391-ef4e-4f27-872d-69567503fd83,TKT-1-202607-01721,292216,7,8,"2026-09-14 17:18:26",0,"KINDLY SEE THE SCREENSHOT ATTACHED, AS HIGHER AUTHORITY HAS BEEN INFORMED","2026-09-14 11:48:25.949914","2026-09-14 11:48:25.949914"
ff9bd82b-401f-409d-aa70-a09c6c66a3e3,TKT-1-202607-02876,saroj.m,2,7,"2026-09-15 11:01:07",0,"Kindly refer the comment box.","2026-09-15 05:31:06.694995","2026-09-15 05:31:06.694995"
48f80fd1-5aa9-4f1b-a385-9c2b47460647,TKT-1-202607-03180,154472,7,10,"2026-09-15 12:56:20",0,Close,"2026-09-15 07:26:20.098715","2026-09-15 07:26:20.098715"
03198231-cd4c-437b-8608-c0a1319da3ad,TKT-1-202607-03180,vikram6singh,10,2,"2026-09-15 13:07:23",0,"Please check","2026-09-15 07:37:23.175966","2026-09-15 07:37:23.175966"
4744793a-d49d-4901-b00b-86213ee3a562,TKT-1-202607-03180,arti.1.t,2,7,"2026-09-15 13:21:18",0,"As confirmed by the user, the issue has been resolved. Therefore, the ticket has been closed.For further assistance, please contact our support team at: 1800-410-6688.","2026-09-15 07:51:18.442604","2026-09-15 07:51:18.442604"
76182416-7462-4f19-9d65-fe9307029e15,TKT-1-202607-02444,292247,3,2,"2026-09-15 13:56:35",0,"As problem resolved please close this ticket","2026-09-15 08:26:35.137084","2026-09-15 08:26:35.137084"
87c36fea-19c6-43da-9376-1cb54fc4216f,TKT-1-202607-02444,satish.d,2,7,"2026-09-15 14:27:52",0,"closing this ticket","2026-09-15 08:57:52.296940","2026-09-15 08:57:52.296940"
fa5a0213-4e74-4052-a10b-a914a3449088,TKT-1-202607-02146,kshitiz.s,3,2,"2026-09-15 14:45:30",0,"Please check","2026-09-15 09:15:30.339450","2026-09-15 09:15:30.339450"
d5c18e3f-490f-4643-bae1-b8b1f49cfb0f,TKT-1-202607-02146,kshitiz.s,2,7,"2026-09-15 14:46:10",0,"Please refer to the comment section.","2026-09-15 09:16:09.766684","2026-09-15 09:16:09.766684"
9a4020f0-1dbc-4546-8a97-db764131afcd,TKT-1-202607-02682,kshitiz.s,3,2,"2026-09-15 14:54:06",0,"Please check","2026-09-15 09:24:06.210583","2026-09-15 09:24:06.210583"
bb0fce66-afde-487a-8533-b51e9c158191,TKT-1-202607-02682,kshitiz.s,2,7,"2026-09-15 14:55:26",0,"Please refer to the comment section.","2026-09-15 09:25:26.229399","2026-09-15 09:25:26.229399"
e5b379bc-658d-4ce1-861c-2dad2af1c628,TKT-1-202607-02762,311086,7,8,"2026-09-15 15:19:34",0,ok,"2026-09-15 09:49:33.995593","2026-09-15 09:49:33.995593"
5d284b47-c9e3-4dcd-9ade-91516fc24095,TKT-1-202607-02939,313546,3,2,"2026-09-15 16:04:52",0,"issue is resolved pls close the ticket.","2026-09-15 10:34:51.877498","2026-09-15 10:34:51.877498"
a9987f41-9831-412f-85c1-3473ca4f2933,TKT-1-202607-02939,shivaniyadav091298,2,7,"2026-09-15 16:53:03",0,"As per the user confirmation, we are closing this ticket. Thank you","2026-09-15 11:23:02.633981","2026-09-15 11:23:02.633981"
