ticket_history_id,update_group_id,ticket_id,column_name,update_type_code,display_label,old_ref_id,new_ref_id,old_value,new_value,updated_by,updated_on,updated_on_utc,remarks,source_table,source_history_id,source_column_name
3423,status_history:0686c6e4-a1af-4e0c-8868-c130c4722537,TKT-1-202607-00002,status_id,STATUS_UPDATE,"Status Updated",3,2,"On Hold (Pending with Requester)","Assigned (In Progress)",285106,"2026-07-14 13:48:08","2026-07-14 08:18:08","E-mail has been sent from depot end",status_history,0686c6e4-a1af-4e0c-8868-c130c4722537,status_id
14851,status_history:1cdf5127-8c91-43da-ad67-3bfe48377716,TKT-1-202607-00002,status_id,STATUS_UPDATE,"Status Updated",2,3,"Assigned (In Progress)","On Hold (Pending with Requester)",umesh.k,"2026-07-14 14:20:00","2026-07-14 08:50:00","Dear sir, once will get the mail, we can take necessary action for the report.",status_history,1cdf5127-8c91-43da-ad67-3bfe48377716,status_id
40556,status_history:4f470dda-45b6-459c-af20-c632bdf23d70,TKT-1-202607-00002,status_id,STATUS_UPDATE,"Status Updated",NULL,1,NULL,"Open (New)",285106,"2026-07-01 00:36:46","2026-06-30 19:06:46",New,status_history,4f470dda-45b6-459c-af20-c632bdf23d70,status_id
49134,status_history:6068720a-65b0-45b7-b4db-44e76c9f8790,TKT-1-202607-00002,status_id,STATUS_UPDATE,"Status Updated",2,7,"Assigned (In Progress)",Resolved,umesh.k,"2026-07-14 16:26:25","2026-07-14 10:56:25","This issue has already being tracked under ticket TKT-1-202607-00001. So this ticket will be closed as a duplicate.",status_history,6068720a-65b0-45b7-b4db-44e76c9f8790,status_id
61063,status_history:779cb4ec-2db5-41b9-b881-e158786d50fe,TKT-1-202607-00002,status_id,STATUS_UPDATE,"Status Updated",3,2,"On Hold (Pending with Requester)","Assigned (In Progress)",285106,"2026-07-06 17:02:24","2026-07-06 11:32:24","Mismatch in Column no. 4&8 (Received and Issued bags), Column no. 6 (Receipt moisture), Column no. 12, Column no. 15, Column no. 16, Column no. 17, Column no. 19, Column no. 20 & 21",status_history,779cb4ec-2db5-41b9-b881-e158786d50fe,status_id
80330,status_history:9d5af677-c93e-4dcb-b20d-b8cd59006d94,TKT-1-202607-00002,status_id,STATUS_UPDATE,"Status Updated",10,2,Reopened,"Assigned (In Progress)",vikram6singh,"2026-07-15 04:11:01","2026-07-15 04:11:01","Please check.",status_history,9d5af677-c93e-4dcb-b20d-b8cd59006d94,status_id
94217,status_history:b900e1ab-5c2b-4de7-b602-cb44b0258deb,TKT-1-202607-00002,status_id,STATUS_UPDATE,"Status Updated",2,7,"Assigned (In Progress)",Resolved,umesh.k,"2026-07-27 14:18:34","2026-07-27 08:48:34","This issue is already being tracked under master ticket TKT-1-202604-02629. so we are Closing this ticket.",status_history,b900e1ab-5c2b-4de7-b602-cb44b0258deb,status_id
96406,status_history:bd2c108f-3a1e-496f-98cb-75ca8084868c,TKT-1-202607-00002,status_id,STATUS_UPDATE,"Status Updated",3,2,"On Hold (Pending with Requester)","Assigned (In Progress)",285106,"2026-07-14 15:10:54","2026-07-14 09:40:54","Since the resolution of the mismatch has to be provided from your end, the ticket may be kept pending at your end please",status_history,bd2c108f-3a1e-496f-98cb-75ca8084868c,status_id
101783,status_history:c797f6f4-eca4-46d7-8d6d-dde0e3c89966,TKT-1-202607-00002,status_id,STATUS_UPDATE,"Status Updated",2,3,"Assigned (In Progress)","On Hold (Pending with Requester)",umesh.k,"2026-07-01 12:14:07","2026-07-01 06:44:07","kindly refer comment section for more information.",status_history,c797f6f4-eca4-46d7-8d6d-dde0e3c89966,status_id
102192,status_history:c8515be1-c346-43f2-a147-6440b2a98ecc,TKT-1-202607-00002,status_id,STATUS_UPDATE,"Status Updated",7,10,Resolved,Reopened,285106,"2026-07-14 18:23:42","2026-07-14 12:53:42","TKT-1-202607-00001 pertains to mismatch in 29.10 statements of rice, whereas TKT-1-202607-00002 pertains to mismatch in 29.10 statements of wheat. Therefore, this ticket cannot be closed as duplicate.",status_history,c8515be1-c346-43f2-a147-6440b2a98ecc,status_id
103927,status_history:cbaec76a-a601-4bcb-b9b7-5dded16d2c9f,TKT-1-202607-00002,status_id,STATUS_UPDATE,"Status Updated",1,2,"Open (New)","Assigned (In Progress)",vikram6singh,"2026-07-01 08:57:31","2026-07-01 03:27:31","Please check.",status_history,cbaec76a-a601-4bcb-b9b7-5dded16d2c9f,status_id
114287,status_history:dfdb355e-60d4-4bd0-a626-5830d5844e35,TKT-1-202607-00002,status_id,STATUS_UPDATE,"Status Updated",2,3,"Assigned (In Progress)","On Hold (Pending with Requester)",umesh.k,"2026-07-07 10:09:51","2026-07-07 04:39:51","Dear sir, kindly send an official mail from FCI to coforge with updated formula, so that we can necessary action.",status_history,dfdb355e-60d4-4bd0-a626-5830d5844e35,status_id
140400,division_history:9be08c86-53dc-4ef0-b8b6-8907f8def0cf,TKT-1-202607-00002,division,DIVISION_UPDATE,"Division Updated",NULL,DIV-002,NULL,"Storage Division",285106,"2026-07-01 00:36:46","2026-07-01 00:36:46",New,division_history,9be08c86-53dc-4ef0-b8b6-8907f8def0cf,division
208842,assignment_history:3a0fec9d-9470-436e-bfbd-d6826c3812ac,TKT-1-202607-00002,assigned_to,ASSIGNED_TO_UPDATE,"Assigned To Updated",NULL,kshitiz.s,NULL,kshitiz.s,vikram6singh,"2026-07-01 08:57:31","2026-07-01 08:57:31","Please check.",assignment_history,3a0fec9d-9470-436e-bfbd-d6826c3812ac,assigned_to
208843,assignment_history:c13daa53-cdc9-425d-95f0-b89001d7150c,TKT-1-202607-00002,assigned_to,ASSIGNED_TO_UPDATE,"Assigned To Updated",kshitiz.s,inish.d,kshitiz.s,inish.d,kshitiz.s,"2026-07-01 11:35:51","2026-07-01 11:35:51","Kindly do the needful.",assignment_history,c13daa53-cdc9-425d-95f0-b89001d7150c,assigned_to
208844,assignment_history:c13daa53-cdc9-425d-95f0-b89001d7150c,TKT-1-202607-00002,level_id,LEVEL_UPDATE,"Level Updated",,L3,,L3,kshitiz.s,"2026-07-01 11:35:51","2026-07-01 11:35:51","Kindly do the needful.",assignment_history,c13daa53-cdc9-425d-95f0-b89001d7150c,level_id
208845,assignment_history:528eab8f-ea5a-4e3e-bc0f-3010996a782a,TKT-1-202607-00002,assigned_to,ASSIGNED_TO_UPDATE,"Assigned To Updated",inish.d,NONE,inish.d,NONE,285106,"2026-07-14 18:23:42","2026-07-14 18:23:42","TKT-1-202607-00001 pertains to mismatch in 29.10 statements of rice, whereas TKT-1-202607-00002 pertains to mismatch in 29.10 statements of wheat. Therefore, this ticket cannot be closed as duplicate.",assignment_history,528eab8f-ea5a-4e3e-bc0f-3010996a782a,assigned_to
208846,assignment_history:70f639f3-64df-46b1-8698-ecba578a2b45,TKT-1-202607-00002,assigned_to,ASSIGNED_TO_UPDATE,"Assigned To Updated",NONE,kshitiz.s,NONE,kshitiz.s,vikram6singh,"2026-07-15 04:11:01","2026-07-15 04:11:01","Please check.",assignment_history,70f639f3-64df-46b1-8698-ecba578a2b45,assigned_to
208847,assignment_history:f7633083-4bb2-4052-afb1-9d99e373a276,TKT-1-202607-00002,assigned_to,ASSIGNED_TO_UPDATE,"Assigned To Updated",kshitiz.s,inish.d,kshitiz.s,inish.d,kshitiz.s,"2026-07-15 10:10:27","2026-07-15 10:10:27","As per the user's remark, this ticket is for the mismatch in 29.10 statements of wheat. Kindly do the needful.",assignment_history,f7633083-4bb2-4052-afb1-9d99e373a276,assigned_to
208848,assignment_history:f7633083-4bb2-4052-afb1-9d99e373a276,TKT-1-202607-00002,level_id,LEVEL_UPDATE,"Level Updated",,L3,,L3,kshitiz.s,"2026-07-15 10:10:27","2026-07-15 10:10:27","As per the user's remark, this ticket is for the mismatch in 29.10 statements of wheat. Kindly do the needful.",assignment_history,f7633083-4bb2-4052-afb1-9d99e373a276,level_id
760,status_history:016c2493-9bf3-48e9-87fb-568f53039427,TKT-1-202607-00014,status_id,STATUS_UPDATE,"Status Updated",3,2,"On Hold (Pending with Requester)","Assigned (In Progress)",186669,"2026-07-10 14:36:05","2026-07-10 09:06:05","SIR,The issues intimated to FCI,DO,Mysore and hereby the  ticket is closed",status_history,016c2493-9bf3-48e9-87fb-568f53039427,status_id
11891,status_history:170ecfca-ced5-4e91-b3ad-1c46d1290b6c,TKT-1-202607-00014,status_id,STATUS_UPDATE,"Status Updated",3,2,"On Hold (Pending with Requester)","Assigned (In Progress)",186669,"2026-07-04 11:50:35","2026-07-04 06:20:35","Sir,In Annadarpan all stacks were empty and stacks were not  not displaying in QPV and was not able to record PV and COMPLETE PV .Please rectify it as soon as possible.",status_history,170ecfca-ced5-4e91-b3ad-1c46d1290b6c,status_id
13053,status_history:194d4a69-49ac-41aa-b6ce-c1ee656a2a97,TKT-1-202607-00014,status_id,STATUS_UPDATE,"Status Updated",NULL,1,NULL,"Open (New)",186669,"2026-07-01 13:00:56","2026-07-01 07:30:56",New,status_history,194d4a69-49ac-41aa-b6ce-c1ee656a2a97,status_id
50515,status_history:631a35bc-3d2e-4d51-94a5-735423a5a5b6,TKT-1-202607-00014,status_id,STATUS_UPDATE,"Status Updated",2,7,"Assigned (In Progress)",Resolved,mukeshkumar,"2026-07-10 14:38:15","2026-07-10 09:08:15","As per the user confirmation, marked the ticket as resolved.",status_history,631a35bc-3d2e-4d51-94a5-735423a5a5b6,status_id
59875,status_history:755c0433-1766-4f1a-a925-a5f345e73b80,TKT-1-202607-00014,status_id,STATUS_UPDATE,"Status Updated",2,3,"Assigned (In Progress)","On Hold (Pending with Requester)",satish.d,"2026-07-09 14:41:43","2026-07-09 09:11:43","Please check provided comments",status_history,755c0433-1766-4f1a-a925-a5f345e73b80,status_id
65479,status_history:80410be5-d436-4bf9-b2f1-0e2a98506071,TKT-1-202607-00014,status_id,STATUS_UPDATE,"Status Updated",3,2,"On Hold (Pending with Requester)","Assigned (In Progress)",186669,"2026-07-09 16:01:53","2026-07-09 10:31:53","SIR,the matter has been intimated to FCI,DO MYSORE",status_history,80410be5-d436-4bf9-b2f1-0e2a98506071,status_id
67917,status_history:8507571b-0ea8-44bd-98b6-dcfe93904eeb,TKT-1-202607-00014,status_id,STATUS_UPDATE,"Status Updated",2,3,"Assigned (In Progress)","On Hold (Pending with Requester)",umesh.k,"2026-07-03 17:00:05","2026-07-03 11:30:05","Sir, seems like pv has been completed. Please check.",status_history,8507571b-0ea8-44bd-98b6-dcfe93904eeb,status_id
98960,status_history:c231583c-501a-492a-bf10-43e0e8150ece,TKT-1-202607-00014,status_id,STATUS_UPDATE,"Status Updated",1,2,"Open (New)","Assigned (In Progress)",vikram6singh,"2026-07-01 13:03:16","2026-07-01 07:33:16","Please check",status_history,c231583c-501a-492a-bf10-43e0e8150ece,status_id
122657,status_history:f041d2f0-52a6-4999-bb84-ee601a4d4723,TKT-1-202607-00014,status_id,STATUS_UPDATE,"Status Updated",2,3,"Assigned (In Progress)","On Hold (Pending with Requester)",mukeshkumar,"2026-07-10 14:28:13","2026-07-10 08:58:13","As discussed over the call, kindly update the ticket",status_history,f041d2f0-52a6-4999-bb84-ee601a4d4723,status_id
130829,division_history:02af9891-3e1a-49a5-885d-92afbd65ddee,TKT-1-202607-00014,division,DIVISION_UPDATE,"Division Updated",NULL,DIV-005,NULL,"Stocks/PV Division",186669,"2026-07-01 13:00:56","2026-07-01 13:00:56",New,division_history,02af9891-3e1a-49a5-885d-92afbd65ddee,division
208874,assignment_history:b196bd14-30a4-436b-8ecb-8fc071b43147,TKT-1-202607-00014,assigned_to,ASSIGNED_TO_UPDATE,"Assigned To Updated",NULL,sanjeet.k,NULL,sanjeet.k,vikram6singh,"2026-07-01 13:03:16","2026-07-01 13:03:16","Please check",assignment_history,b196bd14-30a4-436b-8ecb-8fc071b43147,assigned_to
208875,assignment_history:f13f0833-8d6b-40f5-b735-5795bc4b3d9b,TKT-1-202607-00014,assigned_to,ASSIGNED_TO_UPDATE,"Assigned To Updated",sanjeet.k,inish.d,sanjeet.k,inish.d,sanjeet.k,"2026-07-01 13:31:19","2026-07-01 13:31:19","kindly check and do the needful",assignment_history,f13f0833-8d6b-40f5-b735-5795bc4b3d9b,assigned_to
208876,assignment_history:f13f0833-8d6b-40f5-b735-5795bc4b3d9b,TKT-1-202607-00014,level_id,LEVEL_UPDATE,"Level Updated",,L3,,L3,sanjeet.k,"2026-07-01 13:31:19","2026-07-01 13:31:19","kindly check and do the needful",assignment_history,f13f0833-8d6b-40f5-b735-5795bc4b3d9b,level_id
208877,assignment_history:0813d125-d96d-4c3d-965f-1ceee73d7850,TKT-1-202607-00014,assigned_to,ASSIGNED_TO_UPDATE,"Assigned To Updated",inish.d,mukeshkumar,inish.d,mukeshkumar,satish.d,"2026-07-01 21:38:00","2026-07-01 21:38:00","Please check",assignment_history,0813d125-d96d-4c3d-965f-1ceee73d7850,assigned_to
208878,assignment_history:f8c3f39c-85cd-44f8-a989-d4ba094b3182,TKT-1-202607-00014,assigned_to,ASSIGNED_TO_UPDATE,"Assigned To Updated",mukeshkumar,sanjeet.k,mukeshkumar,sanjeet.k,mukeshkumar,"2026-07-02 14:39:12","2026-07-02 14:39:12","Please coordinate with the user.",assignment_history,f8c3f39c-85cd-44f8-a989-d4ba094b3182,assigned_to
208879,assignment_history:d8b5e689-f58c-4550-be02-5b4a61bfa8d3,TKT-1-202607-00014,assigned_to,ASSIGNED_TO_UPDATE,"Assigned To Updated",sanjeet.k,satish.d,sanjeet.k,satish.d,sanjeet.k,"2026-07-03 11:41:55","2026-07-03 11:41:55","kindly check and do the needful",assignment_history,d8b5e689-f58c-4550-be02-5b4a61bfa8d3,assigned_to
208880,assignment_history:d8b5e689-f58c-4550-be02-5b4a61bfa8d3,TKT-1-202607-00014,level_id,LEVEL_UPDATE,"Level Updated",,L3,,L3,sanjeet.k,"2026-07-03 11:41:55","2026-07-03 11:41:55","kindly check and do the needful",assignment_history,d8b5e689-f58c-4550-be02-5b4a61bfa8d3,level_id
208881,assignment_history:f15cc629-ac74-4f73-a5c4-c8d61239b455,TKT-1-202607-00014,assigned_to,ASSIGNED_TO_UPDATE,"Assigned To Updated",satish.d,mukeshkumar,satish.d,mukeshkumar,satish.d,"2026-07-04 15:57:47","2026-07-04 15:57:47","Please check",assignment_history,f15cc629-ac74-4f73-a5c4-c8d61239b455,assigned_to
29425,status_history:39ac519e-68eb-4b32-996e-cc25a9a2786b,TKT-1-202607-00048,status_id,STATUS_UPDATE,"Status Updated",2,7,"Assigned (In Progress)",Resolved,satish.d,"2026-07-08 10:07:14","2026-07-08 04:37:14","we hope issue has been resolved so we are closing the ticket if not please reopeon",status_history,39ac519e-68eb-4b32-996e-cc25a9a2786b,status_id
61033,status_history:778ca330-6a5d-4271-81b5-9c13a5f41598,TKT-1-202607-00048,status_id,STATUS_UPDATE,"Status Updated",2,3,"Assigned (In Progress)","On Hold (Pending with Requester)",satish.d,"2026-07-03 17:39:54","2026-07-03 12:09:54","Please check the provided commit and let us know if any further changes are required.",status_history,778ca330-6a5d-4271-81b5-9c13a5f41598,status_id
76662,status_history:9652fbaf-0841-47e2-804d-743fd1910bd9,TKT-1-202607-00048,status_id,STATUS_UPDATE,"Status Updated",1,2,"Open (New)","Assigned (In Progress)",vikram6singh,"2026-07-01 16:42:34","2026-07-01 11:12:34","Please check",status_history,9652fbaf-0841-47e2-804d-743fd1910bd9,status_id
90835,status_history:b247c58a-c7f3-4739-822f-0e1cd275e6cb,TKT-1-202607-00048,status_id,STATUS_UPDATE,"Status Updated",3,2,"On Hold (Pending with Requester)","Assigned (In Progress)",satish.d,"2026-07-08 10:06:52","2026-07-08 04:36:52","Assign back",status_history,b247c58a-c7f3-4739-822f-0e1cd275e6cb,status_id
118726,status_history:e88763cd-6e05-421e-b728-609bc2750149,TKT-1-202607-00048,status_id,STATUS_UPDATE,"Status Updated",NULL,1,NULL,"Open (New)",235091,"2026-07-01 16:00:21","2026-07-01 10:30:21",New,status_history,e88763cd-6e05-421e-b728-609bc2750149,status_id
131579,division_history:0eaa34e2-f136-44b8-bc32-c7c72dd1a852,TKT-1-202607-00048,division,DIVISION_UPDATE,"Division Updated",NULL,DIV-005,NULL,"Stocks/PV Division",235091,"2026-07-01 16:00:21","2026-07-01 16:00:21",New,division_history,0eaa34e2-f136-44b8-bc32-c7c72dd1a852,division
208974,assignment_history:a7e6695f-4089-4759-b6e3-0b9e46ccae22,TKT-1-202607-00048,assigned_to,ASSIGNED_TO_UPDATE,"Assigned To Updated",NULL,richa.k,NULL,richa.k,vikram6singh,"2026-07-01 16:42:34","2026-07-01 16:42:34","Please check",assignment_history,a7e6695f-4089-4759-b6e3-0b9e46ccae22,assigned_to
208975,assignment_history:05c8ceac-417d-4237-a26f-15a6131b570f,TKT-1-202607-00048,assigned_to,ASSIGNED_TO_UPDATE,"Assigned To Updated",richa.k,umesh.k,richa.k,umesh.k,richa.k,"2026-07-01 16:53:31","2026-07-01 16:53:31","Please check",assignment_history,05c8ceac-417d-4237-a26f-15a6131b570f,assigned_to
208976,assignment_history:05c8ceac-417d-4237-a26f-15a6131b570f,TKT-1-202607-00048,level_id,LEVEL_UPDATE,"Level Updated",,L2,,L2,richa.k,"2026-07-01 16:53:31","2026-07-01 16:53:31","Please check",assignment_history,05c8ceac-417d-4237-a26f-15a6131b570f,level_id
208977,assignment_history:ccf8efe7-00c0-411f-ba5b-3b8693c61de0,TKT-1-202607-00048,assigned_to,ASSIGNED_TO_UPDATE,"Assigned To Updated",umesh.k,richa.k,umesh.k,richa.k,richa.k,"2026-07-01 16:53:53","2026-07-01 16:53:53","please check",assignment_history,ccf8efe7-00c0-411f-ba5b-3b8693c61de0,assigned_to
208978,assignment_history:9e087dff-ad3c-41a9-879b-3b0cbe5a2e4f,TKT-1-202607-00048,assigned_to,ASSIGNED_TO_UPDATE,"Assigned To Updated",richa.k,satish.d,richa.k,satish.d,richa.k,"2026-07-01 16:54:20","2026-07-01 16:54:20","Please check",assignment_history,9e087dff-ad3c-41a9-879b-3b0cbe5a2e4f,assigned_to
208979,assignment_history:9e087dff-ad3c-41a9-879b-3b0cbe5a2e4f,TKT-1-202607-00048,level_id,LEVEL_UPDATE,"Level Updated",,L3,,L3,richa.k,"2026-07-01 16:54:20","2026-07-01 16:54:20","Please check",assignment_history,9e087dff-ad3c-41a9-879b-3b0cbe5a2e4f,level_id
28375,status_history:378ccf3d-30f6-43dc-a2b0-c812698626cb,TKT-1-202607-00068,status_id,STATUS_UPDATE,"Status Updated",2,7,"Assigned (In Progress)",Resolved,richa.k,"2026-07-09 15:54:58","2026-07-09 10:24:58","Please refer the comment section, For further assistance, please contact our support team at: 1800-410-6688.",status_history,378ccf3d-30f6-43dc-a2b0-c812698626cb,status_id
39376,status_history:4d0d26c9-8c94-40fd-bcbb-f00dd16a9a3d,TKT-1-202607-00068,status_id,STATUS_UPDATE,"Status Updated",2,3,"Assigned (In Progress)","On Hold (Pending with Requester)",satish.d,"2026-07-01 20:57:03","2026-07-01 15:27:03","Please check provided comments",status_history,4d0d26c9-8c94-40fd-bcbb-f00dd16a9a3d,status_id
92291,status_history:b5250032-0228-4ba9-a8b3-1bb5008db3d5,TKT-1-202607-00068,status_id,STATUS_UPDATE,"Status Updated",3,2,"On Hold (Pending with Requester)","Assigned (In Progress)",316906,"2026-07-02 15:50:04","2026-07-02 10:20:04","ISSUE NOT RESOLVED YET AND NECCESSARY INFORMATION PROVIDED",status_history,b5250032-0228-4ba9-a8b3-1bb5008db3d5,status_id
96453,status_history:bd442c9e-2b43-40d6-9ab6-6118b0470769,TKT-1-202607-00068,status_id,STATUS_UPDATE,"Status Updated",3,2,"On Hold (Pending with Requester)","Assigned (In Progress)",satish.d,"2026-07-03 18:44:55","2026-07-03 13:14:55","Please check",status_history,bd442c9e-2b43-40d6-9ab6-6118b0470769,status_id
98474,status_history:c13e93f8-1e7c-4cd9-9bc3-8447a84d9f1d,TKT-1-202607-00068,status_id,STATUS_UPDATE,"Status Updated",2,3,"Assigned (In Progress)","On Hold (Pending with Requester)",satish.d,"2026-07-03 18:42:47","2026-07-03 13:12:47","Please check provided comments",status_history,c13e93f8-1e7c-4cd9-9bc3-8447a84d9f1d,status_id
101381,status_history:c6c31c81-0d03-445e-a861-ac6c619bd4dc,TKT-1-202607-00068,status_id,STATUS_UPDATE,"Status Updated",NULL,1,NULL,"Open (New)",SYSTEM,"2026-07-01 17:25:48","2026-07-01 11:55:48",New,status_history,c6c31c81-0d03-445e-a861-ac6c619bd4dc,status_id
105847,status_history:cf4f064f-3be0-4d4c-b7c0-e1c74827d556,TKT-1-202607-00068,status_id,STATUS_UPDATE,"Status Updated",1,2,"Open (New)","Assigned (In Progress)",vikram6singh,"2026-07-01 17:33:41","2026-07-01 12:03:41","Please check",status_history,cf4f064f-3be0-4d4c-b7c0-e1c74827d556,status_id
134497,division_history:3d0c6c04-f910-4ddf-b7fd-f460114e1783,TKT-1-202607-00068,division,DIVISION_UPDATE,"Division Updated",NULL,DIV-002,NULL,"Storage Division",SYSTEM,"2026-07-01 17:25:48","2026-07-01 17:25:48",New,division_history,3d0c6c04-f910-4ddf-b7fd-f460114e1783,division
209033,assignment_history:b66b3594-067b-4784-9a68-0af7bf72e57d,TKT-1-202607-00068,assigned_to,ASSIGNED_TO_UPDATE,"Assigned To Updated",NULL,richa.k,NULL,richa.k,vikram6singh,"2026-07-01 17:33:41","2026-07-01 17:33:41","Please check",assignment_history,b66b3594-067b-4784-9a68-0af7bf72e57d,assigned_to
209034,assignment_history:e4156735-24a9-4f38-a171-7507237a8e13,TKT-1-202607-00068,assigned_to,ASSIGNED_TO_UPDATE,"Assigned To Updated",richa.k,satish.d,richa.k,satish.d,richa.k,"2026-07-01 17:46:22","2026-07-01 17:46:22","Please check",assignment_history,e4156735-24a9-4f38-a171-7507237a8e13,assigned_to
209035,assignment_history:e4156735-24a9-4f38-a171-7507237a8e13,TKT-1-202607-00068,level_id,LEVEL_UPDATE,"Level Updated",,L3,,L3,richa.k,"2026-07-01 17:46:22","2026-07-01 17:46:22","Please check",assignment_history,e4156735-24a9-4f38-a171-7507237a8e13,level_id
209036,assignment_history:a29efe89-90dd-46d2-a938-4fa249a39b03,TKT-1-202607-00068,assigned_to,ASSIGNED_TO_UPDATE,"Assigned To Updated",satish.d,mukeshkumar,satish.d,mukeshkumar,satish.d,"2026-07-03 18:44:55","2026-07-03 18:44:55","Please check",assignment_history,a29efe89-90dd-46d2-a938-4fa249a39b03,assigned_to
209037,assignment_history:271859a5-5005-4a2d-9d0c-7a6768639b54,TKT-1-202607-00068,assigned_to,ASSIGNED_TO_UPDATE,"Assigned To Updated",mukeshkumar,richa.k,mukeshkumar,richa.k,mukeshkumar,"2026-07-09 11:54:36","2026-07-09 11:54:36","Please coordinate with the user.",assignment_history,271859a5-5005-4a2d-9d0c-7a6768639b54,assigned_to
7058,status_history:0dbe552d-bc36-4c31-a2a9-831550ddc0f3,TKT-1-202607-00140,status_id,STATUS_UPDATE,"Status Updated",1,2,"Open (New)","Assigned (In Progress)",vikram6singh,"2026-07-02 11:21:24","2026-07-02 05:51:24","Please check",status_history,0dbe552d-bc36-4c31-a2a9-831550ddc0f3,status_id
44078,status_history:56485342-9687-4b4e-8dd5-0190cf2b8088,TKT-1-202607-00140,status_id,STATUS_UPDATE,"Status Updated",3,2,"On Hold (Pending with Requester)","Assigned (In Progress)",265776,"2026-07-07 10:43:33","2026-07-07 05:13:33","sir, rice  b category stocks  2,302.95728 Mt  is still showing in  Upgradable Quantity (MT)  . it should be rectified",status_history,56485342-9687-4b4e-8dd5-0190cf2b8088,status_id
61383,status_history:783a1dfa-6a2d-4ac7-89e1-ba8cd5a83c4d,TKT-1-202607-00140,status_id,STATUS_UPDATE,"Status Updated",3,2,"On Hold (Pending with Requester)","Assigned (In Progress)",265776,"2026-07-03 10:40:35","2026-07-03 05:10:35","sir/madam, 2,302.95728 (MT)  shown as uprgadeable stocks is FRK boiled rice B category stocks.  2302 MT should not be shown as upgradeable stocks. also 2302 MT is already included  in issuable rice tocks",status_history,783a1dfa-6a2d-4ac7-89e1-ba8cd5a83c4d,status_id
67624,status_history:84788403-2d73-4bad-863d-7b60ddd3db21,TKT-1-202607-00140,status_id,STATUS_UPDATE,"Status Updated",2,3,"Assigned (In Progress)","On Hold (Pending with Requester)",satish.d,"2026-07-06 09:48:51","2026-07-06 04:18:51","B category will not be included in the upgradable stocks.",status_history,84788403-2d73-4bad-863d-7b60ddd3db21,status_id
80604,status_history:9ddbf0df-bb1c-44b9-aaec-1d5b9abadb57,TKT-1-202607-00140,status_id,STATUS_UPDATE,"Status Updated",2,7,"Assigned (In Progress)",Resolved,satish.d,"2026-07-13 16:41:47","2026-07-13 11:11:47","For rice, the category should be greater than A & less than or equal to C, and for other commodities, it should be greater than A & less than C. This is how the upgraded quantity is calculated",status_history,9ddbf0df-bb1c-44b9-aaec-1d5b9abadb57,status_id
89035,status_history:aecbd46f-7104-417f-8861-7b9befbc4ced,TKT-1-202607-00140,status_id,STATUS_UPDATE,"Status Updated",NULL,1,NULL,"Open (New)",265776,"2026-07-02 11:20:32","2026-07-02 05:50:32",New,status_history,aecbd46f-7104-417f-8861-7b9befbc4ced,status_id
112609,status_history:dc8bb0ad-986a-4de6-b9ea-8be0b29eb1b1,TKT-1-202607-00140,status_id,STATUS_UPDATE,"Status Updated",2,3,"Assigned (In Progress)","On Hold (Pending with Requester)",satish.d,"2026-07-03 09:48:35","2026-07-03 04:18:35","Please check the comment section.",status_history,dc8bb0ad-986a-4de6-b9ea-8be0b29eb1b1,status_id
132340,division_history:1a1f8b26-ccca-4131-993c-b3702ba081f9,TKT-1-202607-00140,division,DIVISION_UPDATE,"Division Updated",NULL,DIV-004,NULL,"Quality Division",265776,"2026-07-02 11:20:32","2026-07-02 11:20:32",New,division_history,1a1f8b26-ccca-4131-993c-b3702ba081f9,division
209218,assignment_history:537b2f67-ebbc-4856-b578-2a5c74ffd4cf,TKT-1-202607-00140,assigned_to,ASSIGNED_TO_UPDATE,"Assigned To Updated",NULL,arti.1.t,NULL,arti.1.t,vikram6singh,"2026-07-02 11:21:24","2026-07-02 11:21:24","Please check",assignment_history,537b2f67-ebbc-4856-b578-2a5c74ffd4cf,assigned_to
209219,assignment_history:796b57c1-2b41-4886-a0e6-549308b199f1,TKT-1-202607-00140,assigned_to,ASSIGNED_TO_UPDATE,"Assigned To Updated",arti.1.t,inish.d,arti.1.t,inish.d,arti.1.t,"2026-07-02 11:22:32","2026-07-02 11:22:32","QUALITY --annadarpan dashboard -RICE -reg.Kindly to the needful",assignment_history,796b57c1-2b41-4886-a0e6-549308b199f1,assigned_to
209220,assignment_history:796b57c1-2b41-4886-a0e6-549308b199f1,TKT-1-202607-00140,level_id,LEVEL_UPDATE,"Level Updated",,L3,,L3,arti.1.t,"2026-07-02 11:22:32","2026-07-02 11:22:32","QUALITY --annadarpan dashboard -RICE -reg.Kindly to the needful",assignment_history,796b57c1-2b41-4886-a0e6-549308b199f1,level_id
11686,status_history:16a0c1e6-e2ea-4385-b179-4490d7ca758f,TKT-1-202607-00624,status_id,STATUS_UPDATE,"Status Updated",7,10,Resolved,Reopened,110281,"2026-07-03 16:26:37","2026-07-03 10:56:37","sir stack is in recepit status only and we tried every possible step that provided in the pdf but resolution . still same error we are getting as stack is null please look into this.",status_history,16a0c1e6-e2ea-4385-b179-4490d7ca758f,status_id
24344,status_history:2f846877-abae-4318-b653-881ec14d3bf6,TKT-1-202607-00624,status_id,STATUS_UPDATE,"Status Updated",3,2,"On Hold (Pending with Requester)","Assigned (In Progress)",110281,"2026-07-23 11:31:06","2026-07-23 06:01:06","pleas check once and as we are unable to take the cmr for old stacks",status_history,2f846877-abae-4318-b653-881ec14d3bf6,status_id
25503,status_history:31d746e0-1689-485e-81b1-16a848345fc6,TKT-1-202607-00624,status_id,STATUS_UPDATE,"Status Updated",NULL,1,NULL,"Open (New)",110281,"2026-07-03 12:25:52","2026-07-03 06:55:52",New,status_history,31d746e0-1689-485e-81b1-16a848345fc6,status_id
28240,status_history:374a77c7-3899-48d2-a35d-e58bae4ceb09,TKT-1-202607-00624,status_id,STATUS_UPDATE,"Status Updated",2,3,"Assigned (In Progress)","On Hold (Pending with Requester)",inish.d,"2026-07-06 09:21:35","2026-07-06 03:51:35","Only empty status stacks will be considered for stack allocation at the time of token creation. Anyway please provide your credentials, let us check.",status_history,374a77c7-3899-48d2-a35d-e58bae4ceb09,status_id
39460,status_history:4d3957fb-dabb-4aa9-bdd1-f9422452946d,TKT-1-202607-00624,status_id,STATUS_UPDATE,"Status Updated",3,2,"On Hold (Pending with Requester)","Assigned (In Progress)",110281,"2026-07-07 13:25:24","2026-07-07 07:55:24","Userid: sb13069_01       password: Anaparthi@123 and unable to login to ticket management also please check once from your end . user id : sb13069_01",status_history,4d3957fb-dabb-4aa9-bdd1-f9422452946d,status_id
43087,status_history:5460420f-5347-41ad-a0aa-c199e6e2d155,TKT-1-202607-00624,status_id,STATUS_UPDATE,"Status Updated",3,2,"On Hold (Pending with Requester)","Assigned (In Progress)",110281,"2026-07-15 14:08:07","2026-07-15 08:38:07","ot is not possible as Dm sir is not allowing to do Other trsantions any alternative solutions",status_history,5460420f-5347-41ad-a0aa-c199e6e2d155,status_id
44965,status_history:582cd8db-dcb8-42d0-9fad-5effa591b386,TKT-1-202607-00624,status_id,STATUS_UPDATE,"Status Updated",3,2,"On Hold (Pending with Requester)","Assigned (In Progress)",110281,"2026-07-10 10:57:58","2026-07-10 05:27:58","but there is no commodity edit option.so please try to resolve it soon.",status_history,582cd8db-dcb8-42d0-9fad-5effa591b386,status_id
52281,status_history:669504ea-8442-43e8-b8cb-2d9510f0019e,TKT-1-202607-00624,status_id,STATUS_UPDATE,"Status Updated",2,7,"Assigned (In Progress)",Resolved,pooja.11,"2026-07-03 15:17:35","2026-07-03 09:47:35","Kindly refer the attached PDf, stsck allocation faq for the resolution of the issue. For Further assistance, please contact our Support team at: 1800 410 6688.",status_history,669504ea-8442-43e8-b8cb-2d9510f0019e,status_id
57583,status_history:70fc4424-4ce4-4bd4-a88e-2bca94eea10b,TKT-1-202607-00624,status_id,STATUS_UPDATE,"Status Updated",1,2,"Open (New)","Assigned (In Progress)",vikram6singh,"2026-07-03 12:26:59","2026-07-03 06:56:59","Please check",status_history,70fc4424-4ce4-4bd4-a88e-2bca94eea10b,status_id
71883,status_history:8cece6ad-95ba-4bfc-b3d8-647f2482683f,TKT-1-202607-00624,status_id,STATUS_UPDATE,"Status Updated",2,3,"Assigned (In Progress)","On Hold (Pending with Requester)",inish.d,"2026-07-10 12:00:18","2026-07-10 06:30:18","Please provide the respective TEC number and lot number, because from the attachment we are not able to find TEC number.",status_history,8cece6ad-95ba-4bfc-b3d8-647f2482683f,status_id
77752,status_history:9863c123-0be0-4ca4-8e7c-8091f02a59ca,TKT-1-202607-00624,status_id,STATUS_UPDATE,"Status Updated",2,3,"Assigned (In Progress)","On Hold (Pending with Requester)",inish.d,"2026-07-07 17:17:27","2026-07-07 11:47:27","contact region admin for password reset.",status_history,9863c123-0be0-4ca4-8e7c-8091f02a59ca,status_id
79305,status_history:9b70a942-eb7a-41ec-b581-dc860d130359,TKT-1-202607-00624,status_id,STATUS_UPDATE,"Status Updated",2,3,"Assigned (In Progress)","On Hold (Pending with Requester)",inish.d,"2026-07-09 14:36:01","2026-07-09 09:06:01","you can proceed by select stacks at the gate. that is just a warning message. System will populate only empty state stacks only at the time of token creation.",status_history,9b70a942-eb7a-41ec-b581-dc860d130359,status_id
81113,status_history:9ed547f5-e644-430c-b04b-b15282e1a175,TKT-1-202607-00624,status_id,STATUS_UPDATE,"Status Updated",3,2,"On Hold (Pending with Requester)","Assigned (In Progress)",110281,"2026-07-13 12:06:44","2026-07-13 06:36:44","lot number: 123761.  cmr  is taking  only new stacks its not allowing to take only old stacks",status_history,9ed547f5-e644-430c-b04b-b15282e1a175,status_id
81873,status_history:a057b0f2-51c1-47cf-aec3-9c9ec99844f7,TKT-1-202607-00624,status_id,STATUS_UPDATE,"Status Updated",3,2,"On Hold (Pending with Requester)","Assigned (In Progress)",110281,"2026-07-14 12:45:18","2026-07-14 07:15:18","then what about the old stacks . how to resolve the issue for the oldstacks. DM is not allowing to do ot for the older stacks please try to rectify",status_history,a057b0f2-51c1-47cf-aec3-9c9ec99844f7,status_id
87284,status_history:ab3f62e0-5d1f-4ab1-bded-b4d9cc16b139,TKT-1-202607-00624,status_id,STATUS_UPDATE,"Status Updated",2,3,"Assigned (In Progress)","On Hold (Pending with Requester)",inish.d,"2026-07-22 17:53:06","2026-07-22 12:23:06","Since the data is scattered across different tables, it is difficult for us to correct it through the backend., please get approval from Division staff for OT.",status_history,ab3f62e0-5d1f-4ab1-bded-b4d9cc16b139,status_id
96704,status_history:bdd02ae8-8a82-47af-aa51-ede825e1a289,TKT-1-202607-00624,status_id,STATUS_UPDATE,"Status Updated",2,3,"Assigned (In Progress)","On Hold (Pending with Requester)",inish.d,"2026-07-14 18:13:22","2026-07-14 12:43:22","data edit can not be possible since it may lead to data inconsistency / data corruption, Please correct using OT.",status_history,bdd02ae8-8a82-47af-aa51-ede825e1a289,status_id
102328,status_history:c88f08fb-def4-49de-a5d5-f6ef1f40e74e,TKT-1-202607-00624,status_id,STATUS_UPDATE,"Status Updated",3,2,"On Hold (Pending with Requester)","Assigned (In Progress)",110281,"2026-07-09 11:04:11","2026-07-09 05:34:11","User id and password provided, Please resolve the problem",status_history,c88f08fb-def4-49de-a5d5-f6ef1f40e74e,status_id
122052,status_history:ef171eca-1b1e-4f0f-9695-487cf6e2bfc6,TKT-1-202607-00624,status_id,STATUS_UPDATE,"Status Updated",10,2,Reopened,"Assigned (In Progress)",vikram6singh,"2026-07-03 16:32:31","2026-07-03 11:02:31","Please check.",status_history,ef171eca-1b1e-4f0f-9695-487cf6e2bfc6,status_id
124009,status_history:f2e8c8ef-5dab-4cf8-acaa-9393b2dfcb38,TKT-1-202607-00624,status_id,STATUS_UPDATE,"Status Updated",2,3,"Assigned (In Progress)","On Hold (Pending with Requester)",inish.d,"2026-07-13 15:21:55","2026-07-13 09:51:55","yes, you can allocate stack at the time of token creation when the stack status is Empty, once stack status updated to receipt, you can not allocate at the time of token creation. please go thru the attached CMR_OT_FAQ.pdf",status_history,f2e8c8ef-5dab-4cf8-acaa-9393b2dfcb38,status_id
139294,division_history:89c214d3-5529-4c71-a40f-82216896e568,TKT-1-202607-00624,division,DIVISION_UPDATE,"Division Updated",NULL,DIV-001,NULL,"Procurement Division",110281,"2026-07-03 12:25:52","2026-07-03 12:25:52",New,division_history,89c214d3-5529-4c71-a40f-82216896e568,division
210432,assignment_history:4e166ff7-ce31-48c3-8560-a37abd8761e1,TKT-1-202607-00624,assigned_to,ASSIGNED_TO_UPDATE,"Assigned To Updated",NULL,pooja.11,NULL,pooja.11,vikram6singh,"2026-07-03 12:26:59","2026-07-03 12:26:59","Please check",assignment_history,4e166ff7-ce31-48c3-8560-a37abd8761e1,assigned_to
210433,assignment_history:f2ef3300-4664-4c9d-af0e-26f24dfacfae,TKT-1-202607-00624,assigned_to,ASSIGNED_TO_UPDATE,"Assigned To Updated",pooja.11,NONE,pooja.11,NONE,110281,"2026-07-03 16:26:37","2026-07-03 16:26:37","sir stack is in recepit status only and we tried every possible step that provided in the pdf but resolution . still same error we are getting as stack is null please look into this.",assignment_history,f2ef3300-4664-4c9d-af0e-26f24dfacfae,assigned_to
210434,assignment_history:37bcf680-c5ec-4469-abdd-ba7917e2c027,TKT-1-202607-00624,assigned_to,ASSIGNED_TO_UPDATE,"Assigned To Updated",NONE,pooja.11,NONE,pooja.11,vikram6singh,"2026-07-03 16:32:31","2026-07-03 16:32:31","Please check.",assignment_history,37bcf680-c5ec-4469-abdd-ba7917e2c027,assigned_to
210435,assignment_history:1624783d-4427-4694-8b58-407cf069ffab,TKT-1-202607-00624,assigned_to,ASSIGNED_TO_UPDATE,"Assigned To Updated",pooja.11,inish.d,pooja.11,inish.d,pooja.11,"2026-07-03 17:24:15","2026-07-03 17:24:15","Kindly do the needful.",assignment_history,1624783d-4427-4694-8b58-407cf069ffab,assigned_to
210436,assignment_history:1624783d-4427-4694-8b58-407cf069ffab,TKT-1-202607-00624,level_id,LEVEL_UPDATE,"Level Updated",,L3,,L3,pooja.11,"2026-07-03 17:24:15","2026-07-03 17:24:15","Kindly do the needful.",assignment_history,1624783d-4427-4694-8b58-407cf069ffab,level_id
210437,assignment_history:731726d3-b392-48ed-a24f-4956308a52d6,TKT-1-202607-00624,assigned_to,ASSIGNED_TO_UPDATE,"Assigned To Updated",inish.d,vikram6singh,inish.d,vikram6singh,inish.d,"2026-07-07 14:08:50","2026-07-07 14:08:50","user given mobile number and saying not able to login . please check and collect issue details",assignment_history,731726d3-b392-48ed-a24f-4956308a52d6,assigned_to
210438,assignment_history:f725168d-356e-4535-add9-b85b64243a9e,TKT-1-202607-00624,assigned_to,ASSIGNED_TO_UPDATE,"Assigned To Updated",vikram6singh,pooja.11,vikram6singh,pooja.11,vikram6singh,"2026-07-07 14:29:14","2026-07-07 14:29:14","Please connect with the user and check & collect the issue details.",assignment_history,f725168d-356e-4535-add9-b85b64243a9e,assigned_to
210439,assignment_history:452f6e32-e321-4bfd-9af4-37915e42411e,TKT-1-202607-00624,assigned_to,ASSIGNED_TO_UPDATE,"Assigned To Updated",pooja.11,inish.d,pooja.11,inish.d,pooja.11,"2026-07-07 15:12:56","2026-07-07 15:12:56","Kindly do the needful.",assignment_history,452f6e32-e321-4bfd-9af4-37915e42411e,assigned_to
210440,assignment_history:452f6e32-e321-4bfd-9af4-37915e42411e,TKT-1-202607-00624,level_id,LEVEL_UPDATE,"Level Updated",,L3,,L3,pooja.11,"2026-07-07 15:12:56","2026-07-07 15:12:56","Kindly do the needful.",assignment_history,452f6e32-e321-4bfd-9af4-37915e42411e,level_id
236491,a80602ab-f66e-406a-bdf1-61c4a4edc5af,TKT-1-202607-00624,status_id,STATUS_UPDATE,"Status Updated",2,3,"Assigned (In Progress)","On Hold (Pending with Requester)",inish.d,"2026-08-15 11:47:52","2026-08-15 06:17:52","Since the data is scattered across different tables, it is difficult for us to correct it through the backend., please get approval from Division staff for OT.",NULL,NULL,NULL
237162,c7dd46e4-f168-46b4-9726-3481e3e96717,TKT-1-202607-00624,status_id,STATUS_UPDATE,"Status Updated",3,2,"On Hold (Pending with Requester)","Assigned (In Progress)",110281,"2026-08-17 11:10:46","2026-08-17 05:40:46","ok but here dms are not allowing us to do ot ,otherwise please provide any letter to RO 's regardig Ot trasantion proceed fro your end.",NULL,NULL,NULL
264888,28917a44-57f3-4602-9ac8-5c5b95543cd5,TKT-1-202607-00624,status_id,STATUS_UPDATE,"Status Updated",2,3,"Assigned (In Progress)","On Hold (Pending with Requester)",inish.d,"2026-09-08 18:10:21","2026-09-08 12:40:21","please check comments",NULL,NULL,NULL
265388,f430fce6-ade4-4ccb-b1ec-eec846761847,TKT-1-202607-00624,status_id,STATUS_UPDATE,"Status Updated",3,2,"On Hold (Pending with Requester)","Assigned (In Progress)",110281,"2026-09-09 12:14:28","2026-09-09 06:44:28","please close the tciket",NULL,NULL,NULL
267271,0f9ad755-2005-4e37-8ac0-be03e409fdd1,TKT-1-202607-00624,status_id,STATUS_UPDATE,"Status Updated",2,7,"Assigned (In Progress)",Resolved,inish.d,"2026-09-10 15:33:47","2026-09-10 10:03:47","User asked to Close the Ticket.",NULL,NULL,NULL
6423,status_history:0c764254-b11e-4457-a39e-4f804bee7a05,TKT-1-202607-00690,status_id,STATUS_UPDATE,"Status Updated",2,3,"Assigned (In Progress)","On Hold (Pending with Requester)",pooja.11,"2026-07-03 16:53:34","2026-07-03 11:23:34","You are kindly requested to please share the relevant screenshots and supporting documents, so that we may review the matter and determine the further course of action. For any assistance, please contact our support team at: 1800-410-6688.",status_history,0c764254-b11e-4457-a39e-4f804bee7a05,status_id
20227,status_history:27718163-d8c4-457e-aadc-5c02ed08d199,TKT-1-202607-00690,status_id,STATUS_UPDATE,"Status Updated",7,10,Resolved,Reopened,276499,"2026-07-25 12:33:11","2026-07-25 07:03:11","Your previous remarks not shown at this time. So, please send the previous remarks for the further references.",status_history,27718163-d8c4-457e-aadc-5c02ed08d199,status_id
45005,status_history:584327c9-c643-426f-9b45-3ed3cbc377d4,TKT-1-202607-00690,status_id,STATUS_UPDATE,"Status Updated",3,2,"On Hold (Pending with Requester)","Assigned (In Progress)",shrutipan966,"2026-07-24 17:49:58","2026-07-24 12:19:58","Please check",status_history,584327c9-c643-426f-9b45-3ed3cbc377d4,status_id
55000,status_history:6be6744d-6c52-40aa-93bf-1a74ca33b42f,TKT-1-202607-00690,status_id,STATUS_UPDATE,"Status Updated",3,2,"On Hold (Pending with Requester)","Assigned (In Progress)",276499,"2026-07-16 11:30:34","2026-07-16 06:00:34","KINDLY SEE THE POST",status_history,6be6744d-6c52-40aa-93bf-1a74ca33b42f,status_id
67526,status_history:844f1cd8-6e25-46cf-85b1-c4eb7ca2f257,TKT-1-202607-00690,status_id,STATUS_UPDATE,"Status Updated",3,2,"On Hold (Pending with Requester)","Assigned (In Progress)",umesh.k,"2026-07-20 16:34:31","2026-07-20 11:04:31","Assigning to L2 Team",status_history,844f1cd8-6e25-46cf-85b1-c4eb7ca2f257,status_id
77737,status_history:985da246-0c81-4e3d-b4a0-bf40d2829235,TKT-1-202607-00690,status_id,STATUS_UPDATE,"Status Updated",10,2,Reopened,"Assigned (In Progress)",vikram6singh,"2026-07-25 16:20:22","2026-07-25 10:50:22","Please check.",status_history,985da246-0c81-4e3d-b4a0-bf40d2829235,status_id
87189,status_history:ab114791-0298-4975-984b-886fd2dbee41,TKT-1-202607-00690,status_id,STATUS_UPDATE,"Status Updated",2,3,"Assigned (In Progress)","On Hold (Pending with Requester)",umesh.k,"2026-07-17 17:40:17","2026-07-17 12:10:17","Dear sir/madam, please check now the crop year has been updated. Thank you",status_history,ab114791-0298-4975-984b-886fd2dbee41,status_id
87482,status_history:aba087e0-31e7-40ac-85e0-b82c8868b10f,TKT-1-202607-00690,status_id,STATUS_UPDATE,"Status Updated",10,2,Reopened,"Assigned (In Progress)",vikram6singh,"2026-07-22 17:24:10","2026-07-22 11:54:10","Please check.",status_history,aba087e0-31e7-40ac-85e0-b82c8868b10f,status_id
92498,status_history:b59482dc-20f1-4b8c-9431-4331cc32b642,TKT-1-202607-00690,status_id,STATUS_UPDATE,"Status Updated",NULL,1,NULL,"Open (New)",276499,"2026-07-03 16:01:24","2026-07-03 10:31:24",New,status_history,b59482dc-20f1-4b8c-9431-4331cc32b642,status_id
94531,status_history:b9a4c4bf-7308-413f-b166-72b260c737ea,TKT-1-202607-00690,status_id,STATUS_UPDATE,"Status Updated",7,10,Resolved,Reopened,276499,"2026-07-22 17:12:06","2026-07-22 11:42:06","it is requested that the data for container CXNU2410345 be deleted from Movement ID 06051905202601-11384, so that Movement No. 06051905202601-11384 can be released. Kindly do the needful at the earliest.",status_history,b9a4c4bf-7308-413f-b166-72b260c737ea,status_id
98615,status_history:c1829eaf-95ed-44c1-b5fb-ad16daee88da,TKT-1-202607-00690,status_id,STATUS_UPDATE,"Status Updated",2,7,"Assigned (In Progress)",Resolved,shrutipan966,"2026-07-24 17:50:41","2026-07-24 12:20:41","Please refer the comment section.",status_history,c1829eaf-95ed-44c1-b5fb-ad16daee88da,status_id
106156,status_history:cfe9430b-2266-4fad-a1d3-e08d0f036a76,TKT-1-202607-00690,status_id,STATUS_UPDATE,"Status Updated",2,3,"Assigned (In Progress)","On Hold (Pending with Requester)",umesh.k,"2026-07-13 12:18:49","2026-07-13 06:48:49","Dear sir/madam, Please refer the comments, Thank you",status_history,cfe9430b-2266-4fad-a1d3-e08d0f036a76,status_id
107698,status_history:d3024259-e2e2-49fe-82be-d3e2dd3298a2,TKT-1-202607-00690,status_id,STATUS_UPDATE,"Status Updated",2,7,"Assigned (In Progress)",Resolved,umesh.k,"2026-07-20 16:34:38","2026-07-20 11:04:38","Dear sir/madam, Hope this issue has been resolved, If not please create new ticket. Thank you",status_history,d3024259-e2e2-49fe-82be-d3e2dd3298a2,status_id
123508,status_history:f1ee7a58-7837-457f-97a7-e91f6928ffa3,TKT-1-202607-00690,status_id,STATUS_UPDATE,"Status Updated",3,2,"On Hold (Pending with Requester)","Assigned (In Progress)",276499,"2026-07-10 12:37:11","2026-07-10 07:07:11","Please find enclosed movement no. 060519052022601-11384",status_history,f1ee7a58-7837-457f-97a7-e91f6928ffa3,status_id
128082,status_history:fac6a2d7-1d63-4680-ac08-808b17856b70,TKT-1-202607-00690,status_id,STATUS_UPDATE,"Status Updated",2,3,"Assigned (In Progress)","On Hold (Pending with Requester)",umesh.k,"2026-07-22 18:33:22","2026-07-22 13:03:22","Dear sir/madam, please mark the wagon as missing and perform the inward. we cannot delete the container from the backend. Thank you",status_history,fac6a2d7-1d63-4680-ac08-808b17856b70,status_id
129455,status_history:fd90fe8f-fd19-4957-8ad9-2a71a7111feb,TKT-1-202607-00690,status_id,STATUS_UPDATE,"Status Updated",1,2,"Open (New)","Assigned (In Progress)",vikram6singh,"2026-07-03 16:08:48","2026-07-03 10:38:48","Please  check.",status_history,fd90fe8f-fd19-4957-8ad9-2a71a7111feb,status_id
129592,status_history:fdd36ed5-cf94-41ec-b2bb-3bedf326b81d,TKT-1-202607-00690,status_id,STATUS_UPDATE,"Status Updated",2,7,"Assigned (In Progress)",Resolved,anuj.s,"2026-07-25 16:57:15","2026-07-25 11:27:15","As per the user’s remarks, the issue has been resolved; hence, the ticket has been closed. For any further assistance, kindly contact our Support Team at 1800‑410‑6688.",status_history,fdd36ed5-cf94-41ec-b2bb-3bedf326b81d,status_id
145251,division_history:e84cc946-cafe-43c4-9ea9-5520144440b9,TKT-1-202607-00690,division,DIVISION_UPDATE,"Division Updated",NULL,DIV-005,NULL,"Stocks/PV Division",276499,"2026-07-03 16:01:24","2026-07-03 16:01:24",New,division_history,e84cc946-cafe-43c4-9ea9-5520144440b9,division
210633,assignment_history:0b1a7408-ba17-4781-a1b6-3934da266e23,TKT-1-202607-00690,assigned_to,ASSIGNED_TO_UPDATE,"Assigned To Updated",NULL,pooja.11,NULL,pooja.11,vikram6singh,"2026-07-03 16:08:48","2026-07-03 16:08:48","Please  check.",assignment_history,0b1a7408-ba17-4781-a1b6-3934da266e23,assigned_to
210634,assignment_history:cfe77b4d-fa52-486a-92c4-476830f94032,TKT-1-202607-00690,assigned_to,ASSIGNED_TO_UPDATE,"Assigned To Updated",pooja.11,inish.d,pooja.11,inish.d,pooja.11,"2026-07-10 13:59:20","2026-07-10 13:59:20","Kindly do the needful.",assignment_history,cfe77b4d-fa52-486a-92c4-476830f94032,assigned_to
210635,assignment_history:cfe77b4d-fa52-486a-92c4-476830f94032,TKT-1-202607-00690,level_id,LEVEL_UPDATE,"Level Updated",,L3,,L3,pooja.11,"2026-07-10 13:59:20","2026-07-10 13:59:20","Kindly do the needful.",assignment_history,cfe77b4d-fa52-486a-92c4-476830f94032,level_id
210636,assignment_history:d65cb11f-0e1b-4941-ba98-779221929769,TKT-1-202607-00690,assigned_to,ASSIGNED_TO_UPDATE,"Assigned To Updated",inish.d,umesh.k,inish.d,umesh.k,umesh.k,"2026-07-13 11:32:58","2026-07-13 11:32:58","Assigning to L2 Team",assignment_history,d65cb11f-0e1b-4941-ba98-779221929769,assigned_to
210637,assignment_history:d65cb11f-0e1b-4941-ba98-779221929769,TKT-1-202607-00690,level_id,LEVEL_UPDATE,"Level Updated",L3,L2,L3,L2,umesh.k,"2026-07-13 11:32:58","2026-07-13 11:32:58","Assigning to L2 Team",assignment_history,d65cb11f-0e1b-4941-ba98-779221929769,level_id
210638,assignment_history:79867439-bc04-41fd-874e-c9adf6cc0d46,TKT-1-202607-00690,assigned_to,ASSIGNED_TO_UPDATE,"Assigned To Updated",umesh.k,NONE,umesh.k,NONE,276499,"2026-07-22 17:12:06","2026-07-22 17:12:06","it is requested that the data for container CXNU2410345 be deleted from Movement ID 06051905202601-11384, so that Movement No. 06051905202601-11384 can be released. Kindly do the needful at the earliest.",assignment_history,79867439-bc04-41fd-874e-c9adf6cc0d46,assigned_to
210639,assignment_history:0e21b58d-7815-45c9-a0ba-ef08de7e2578,TKT-1-202607-00690,assigned_to,ASSIGNED_TO_UPDATE,"Assigned To Updated",NONE,anuj.s,NONE,anuj.s,vikram6singh,"2026-07-22 17:24:10","2026-07-22 17:24:10","Please check.",assignment_history,0e21b58d-7815-45c9-a0ba-ef08de7e2578,assigned_to
210640,assignment_history:f23c9f78-3cff-436f-afe0-70dd79974213,TKT-1-202607-00690,assigned_to,ASSIGNED_TO_UPDATE,"Assigned To Updated",anuj.s,umesh.k,anuj.s,umesh.k,anuj.s,"2026-07-22 17:26:15","2026-07-22 17:26:15","Please look into the issue",assignment_history,f23c9f78-3cff-436f-afe0-70dd79974213,assigned_to
210641,assignment_history:f23c9f78-3cff-436f-afe0-70dd79974213,TKT-1-202607-00690,level_id,LEVEL_UPDATE,"Level Updated",,L2,,L2,anuj.s,"2026-07-22 17:26:15","2026-07-22 17:26:15","Please look into the issue",assignment_history,f23c9f78-3cff-436f-afe0-70dd79974213,level_id
210642,assignment_history:c87b0cd4-e141-49cf-883f-0b5efc4075b5,TKT-1-202607-00690,assigned_to,ASSIGNED_TO_UPDATE,"Assigned To Updated",umesh.k,shrutipan966,umesh.k,shrutipan966,shrutipan966,"2026-07-24 17:50:10","2026-07-24 17:50:10","Please check",assignment_history,c87b0cd4-e141-49cf-883f-0b5efc4075b5,assigned_to
210643,assignment_history:c87b0cd4-e141-49cf-883f-0b5efc4075b5,TKT-1-202607-00690,level_id,LEVEL_UPDATE,"Level Updated",L2,L1,L2,L1,shrutipan966,"2026-07-24 17:50:10","2026-07-24 17:50:10","Please check",assignment_history,c87b0cd4-e141-49cf-883f-0b5efc4075b5,level_id
210644,assignment_history:07f23292-60c3-452b-9997-8b7a3338a8d0,TKT-1-202607-00690,assigned_to,ASSIGNED_TO_UPDATE,"Assigned To Updated",shrutipan966,NONE,shrutipan966,NONE,276499,"2026-07-25 12:33:11","2026-07-25 12:33:11","Your previous remarks not shown at this time. So, please send the previous remarks for the further references.",assignment_history,07f23292-60c3-452b-9997-8b7a3338a8d0,assigned_to
210645,assignment_history:0326576c-c482-46b6-888a-bedde4783a0b,TKT-1-202607-00690,assigned_to,ASSIGNED_TO_UPDATE,"Assigned To Updated",NONE,anuj.s,NONE,anuj.s,vikram6singh,"2026-07-25 16:20:22","2026-07-25 16:20:22","Please check.",assignment_history,0326576c-c482-46b6-888a-bedde4783a0b,assigned_to
8022,status_history:0f9c8078-ecf3-42f2-8da4-43ee0b117c5a,TKT-1-202607-00700,status_id,STATUS_UPDATE,"Status Updated",2,3,"Assigned (In Progress)","On Hold (Pending with Requester)",inzemamul.h,"2026-07-17 12:42:04","2026-07-17 07:12:04","Kindly refer to the comment box.",status_history,0f9c8078-ecf3-42f2-8da4-43ee0b117c5a,status_id
19430,status_history:25e0f8af-e6fc-47a8-89fd-ced97dcd1250,TKT-1-202607-00700,status_id,STATUS_UPDATE,"Status Updated",3,2,"On Hold (Pending with Requester)","Assigned (In Progress)",218511,"2026-07-27 12:40:26","2026-07-27 07:10:26","we've checked and talked with the RO this step has not been mentioned in the workflow, that's why if the provision is given to the GM id then it requested to you team please mail the same to RO office",status_history,25e0f8af-e6fc-47a8-89fd-ced97dcd1250,status_id
45372,status_history:58f26510-49f5-48cb-a51e-7ec5f5f4a65e,TKT-1-202607-00700,status_id,STATUS_UPDATE,"Status Updated",1,2,"Open (New)","Assigned (In Progress)",vikram6singh,"2026-07-03 16:19:03","2026-07-03 10:49:03","Please  check.",status_history,58f26510-49f5-48cb-a51e-7ec5f5f4a65e,status_id
63379,status_history:7c19f3f9-5d80-4599-b9e7-f84007eac582,TKT-1-202607-00700,status_id,STATUS_UPDATE,"Status Updated",2,3,"Assigned (In Progress)","On Hold (Pending with Requester)",umesh.k,"2026-07-03 16:59:51","2026-07-03 11:29:51","Kindly check our comments.",status_history,7c19f3f9-5d80-4599-b9e7-f84007eac582,status_id
81117,status_history:9ed76e88-5964-47b5-974c-8ef4f3f7c341,TKT-1-202607-00700,status_id,STATUS_UPDATE,"Status Updated",NULL,1,NULL,"Open (New)",218511,"2026-07-03 16:17:36","2026-07-03 10:47:36",New,status_history,9ed76e88-5964-47b5-974c-8ef4f3f7c341,status_id
97130,status_history:beb5cffa-97a3-4547-b5f0-02581f8502d3,TKT-1-202607-00700,status_id,STATUS_UPDATE,"Status Updated",3,2,"On Hold (Pending with Requester)","Assigned (In Progress)",218511,"2026-07-13 13:21:44","2026-07-13 07:51:44","Please contact on 8962266542 for further information",status_history,beb5cffa-97a3-4547-b5f0-02581f8502d3,status_id
97483,status_history:bf5c7b44-22d7-4deb-af8d-ec0e086aa363,TKT-1-202607-00700,status_id,STATUS_UPDATE,"Status Updated",3,2,"On Hold (Pending with Requester)","Assigned (In Progress)",218511,"2026-07-06 11:13:27","2026-07-06 05:43:27","Allocation period from january 2026 to march 2026 is not showing in the drop down, how will they do commodity distribution , it's either not allocated from HQ that's why it's not showing",status_history,bf5c7b44-22d7-4deb-af8d-ec0e086aa363,status_id
101615,status_history:c73bdce0-aab8-4188-b4d4-602f02d3f898,TKT-1-202607-00700,status_id,STATUS_UPDATE,"Status Updated",2,3,"Assigned (In Progress)","On Hold (Pending with Requester)",umesh.k,"2026-07-06 12:58:13","2026-07-06 07:28:13","Kindly check our comments.",status_history,c73bdce0-aab8-4188-b4d4-602f02d3f898,status_id
124496,status_history:f3dcff52-d406-4762-b149-71a35a72d611,TKT-1-202607-00700,status_id,STATUS_UPDATE,"Status Updated",2,3,"Assigned (In Progress)","On Hold (Pending with Requester)",inzemamul.h,"2026-07-27 15:10:05","2026-07-27 09:40:05","kindly refer to the comment box.",status_history,f3dcff52-d406-4762-b149-71a35a72d611,status_id
139246,division_history:890fe1cc-f8a8-49d9-b31a-b231d63ce482,TKT-1-202607-00700,division,DIVISION_UPDATE,"Division Updated",NULL,DIV-006,NULL,"Sales Division",218511,"2026-07-03 16:17:36","2026-07-03 16:17:36",New,division_history,890fe1cc-f8a8-49d9-b31a-b231d63ce482,division
210663,assignment_history:6254469f-e7c7-4248-8e39-c9a11164ad77,TKT-1-202607-00700,assigned_to,ASSIGNED_TO_UPDATE,"Assigned To Updated",NULL,inzemamul.h,NULL,inzemamul.h,vikram6singh,"2026-07-03 16:19:03","2026-07-03 16:19:03","Please  check.",assignment_history,6254469f-e7c7-4248-8e39-c9a11164ad77,assigned_to
210664,assignment_history:e4389b3f-caeb-4e2c-b33d-aae838f99801,TKT-1-202607-00700,assigned_to,ASSIGNED_TO_UPDATE,"Assigned To Updated",inzemamul.h,umesh.k,inzemamul.h,umesh.k,inzemamul.h,"2026-07-03 16:22:47","2026-07-03 16:22:47","Kindly do the needful.",assignment_history,e4389b3f-caeb-4e2c-b33d-aae838f99801,assigned_to
210665,assignment_history:e4389b3f-caeb-4e2c-b33d-aae838f99801,TKT-1-202607-00700,level_id,LEVEL_UPDATE,"Level Updated",,L2,,L2,inzemamul.h,"2026-07-03 16:22:47","2026-07-03 16:22:47","Kindly do the needful.",assignment_history,e4389b3f-caeb-4e2c-b33d-aae838f99801,level_id
210666,assignment_history:fe01183c-f2b2-40d4-9ad3-9ec10908d902,TKT-1-202607-00700,assigned_to,ASSIGNED_TO_UPDATE,"Assigned To Updated",umesh.k,mukeshkumar,umesh.k,mukeshkumar,satish.d,"2026-07-13 14:33:14","2026-07-13 14:33:14","Kindly check this ticket with the user",assignment_history,fe01183c-f2b2-40d4-9ad3-9ec10908d902,assigned_to
210667,assignment_history:9951b37c-435c-4399-aa24-7f9fb0f18660,TKT-1-202607-00700,assigned_to,ASSIGNED_TO_UPDATE,"Assigned To Updated",mukeshkumar,inzemamul.h,mukeshkumar,inzemamul.h,mukeshkumar,"2026-07-16 18:18:30","2026-07-16 18:18:30","Please coordinate with the user.",assignment_history,9951b37c-435c-4399-aa24-7f9fb0f18660,assigned_to
217158,041126db-4a9b-4e6e-8a39-af128cb376ca,TKT-1-202607-00700,status_id,STATUS_UPDATE,"Status Updated",3,2,"On Hold (Pending with Requester)","Assigned (In Progress)",shivaniyadav091298,"2026-07-29 13:03:50","2026-07-29 07:33:50","Please check",NULL,NULL,NULL
217159,c3353893-0240-49bb-b379-eec5e300de05,TKT-1-202607-00700,assigned_to,ASSIGNED_TO_UPDATE,"Assigned To Updated",inzemamul.h,shivaniyadav091298,inzemamul.h,shivaniyadav091298,shivaniyadav091298,"2026-07-29 13:04:00","2026-07-29 07:34:00","Please check",NULL,NULL,NULL
217160,c3353893-0240-49bb-b379-eec5e300de05,TKT-1-202607-00700,assigned_to_level,ASSIGNED_TO_LEVEL_UPDATE,"Assigned To Level Updated",NULL,NULL,,L1,shivaniyadav091298,"2026-07-29 13:04:00","2026-07-29 07:34:00","Please check",NULL,NULL,NULL
217185,1d27b2b2-2f7f-4cec-9c72-cb73656423b2,TKT-1-202607-00700,status_id,STATUS_UPDATE,"Status Updated",2,7,"Assigned (In Progress)",Resolved,shivaniyadav091298,"2026-07-29 13:16:17","2026-07-29 07:46:17","As discussed with the user over the call (8962266542), the user was advised to coordinate with the concerned Regional Office regarding this issue. After informing the user and receiving confirmation, this ticket is being marked as resolved.",NULL,NULL,NULL
217618,5bfd9033-14ba-463a-bf52-27f708c56a9d,TKT-1-202607-00700,status_id,STATUS_UPDATE,"Status Updated",7,8,Resolved,Closed,218511,"2026-07-29 16:15:41","2026-07-29 10:45:41","अन्न दर्पण हेल्पडेस्क से दूरभाष पर हुई चर्चा के दौरान भी अवगत कराया गया कि आवश्यक कार्यवाही क्षेत्रीय कार्यालय स्तर पर की जानी है तथा उक्त समस्या का समाधान मुख्यालय स्तर से संभव न होने के कारण टिकट को बंद (Close) किया जा रहा है।",NULL,NULL,NULL
14685,status_history:1c909b45-df80-484c-9b2a-38e6c2819605,TKT-1-202607-00701,status_id,STATUS_UPDATE,"Status Updated",NULL,1,NULL,"Open (New)",119215,"2026-07-03 16:21:50","2026-07-03 10:51:50",New,status_history,1c909b45-df80-484c-9b2a-38e6c2819605,status_id
21413,status_history:29c16b6b-1328-45d8-be90-5502b0b41021,TKT-1-202607-00701,status_id,STATUS_UPDATE,"Status Updated",2,7,"Assigned (In Progress)",Resolved,satish.d,"2026-07-10 11:41:34","2026-07-10 06:11:34","as per requestor comment, i am resolving this ticket",status_history,29c16b6b-1328-45d8-be90-5502b0b41021,status_id
39306,status_history:4ce965e3-f902-42ac-8442-0985847fcbef,TKT-1-202607-00701,status_id,STATUS_UPDATE,"Status Updated",3,2,"On Hold (Pending with Requester)","Assigned (In Progress)",119215,"2026-07-10 11:34:17","2026-07-10 06:04:17","Please close the ticket .",status_history,4ce965e3-f902-42ac-8442-0985847fcbef,status_id
43608,status_history:555659d0-24c9-46f9-b656-d14092907cee,TKT-1-202607-00701,status_id,STATUS_UPDATE,"Status Updated",1,2,"Open (New)","Assigned (In Progress)",vikram6singh,"2026-07-03 16:32:02","2026-07-03 11:02:02","Please check.",status_history,555659d0-24c9-46f9-b656-d14092907cee,status_id
60353,status_history:763fefdb-0014-4298-846e-31f2cb4c8465,TKT-1-202607-00701,status_id,STATUS_UPDATE,"Status Updated",2,3,"Assigned (In Progress)","On Hold (Pending with Requester)",satish.d,"2026-07-09 16:52:35","2026-07-09 11:22:35","IT IS FIXED, PLEASE CHECK NOW",status_history,763fefdb-0014-4298-846e-31f2cb4c8465,status_id
137789,division_history:722c9eaa-ee79-4ff0-b77a-03b03a4afb0c,TKT-1-202607-00701,division,DIVISION_UPDATE,"Division Updated",NULL,DIV-005,NULL,"Stocks/PV Division",119215,"2026-07-03 16:21:50","2026-07-03 16:21:50",New,division_history,722c9eaa-ee79-4ff0-b77a-03b03a4afb0c,division
210668,assignment_history:98acd930-2bfa-432b-9aa6-5c1a601ca0c5,TKT-1-202607-00701,assigned_to,ASSIGNED_TO_UPDATE,"Assigned To Updated",NULL,anuj.s,NULL,anuj.s,vikram6singh,"2026-07-03 16:32:02","2026-07-03 16:32:02","Please check.",assignment_history,98acd930-2bfa-432b-9aa6-5c1a601ca0c5,assigned_to
210669,assignment_history:3031e81a-06bd-4b91-9532-cd46a6e279d8,TKT-1-202607-00701,assigned_to,ASSIGNED_TO_UPDATE,"Assigned To Updated",anuj.s,umesh.k,anuj.s,umesh.k,anuj.s,"2026-07-03 16:45:33","2026-07-03 16:45:33","Please look this issue.",assignment_history,3031e81a-06bd-4b91-9532-cd46a6e279d8,assigned_to
210670,assignment_history:3031e81a-06bd-4b91-9532-cd46a6e279d8,TKT-1-202607-00701,level_id,LEVEL_UPDATE,"Level Updated",,L2,,L2,anuj.s,"2026-07-03 16:45:33","2026-07-03 16:45:33","Please look this issue.",assignment_history,3031e81a-06bd-4b91-9532-cd46a6e279d8,level_id
13085,status_history:19592a87-c378-450d-bb19-1b60832ad70a,TKT-1-202607-00714,status_id,STATUS_UPDATE,"Status Updated",NULL,1,NULL,"Open (New)",201374,"2026-07-03 17:15:00","2026-07-03 11:45:00",New,status_history,19592a87-c378-450d-bb19-1b60832ad70a,status_id
119336,status_history:e9c9b733-9d9b-44e0-855d-b1defd6ac9fc,TKT-1-202607-00714,status_id,STATUS_UPDATE,"Status Updated",3,2,"On Hold (Pending with Requester)","Assigned (In Progress)",201374,"2026-07-15 12:55:21","2026-07-15 07:25:21","The mismatch in the figures pertaining to the data of the 2nd fortnight of June is still being reflected in the ID of the Divisional Manager, FCI, Bankura . Already shared screenshots . please check",status_history,e9c9b733-9d9b-44e0-855d-b1defd6ac9fc,status_id
120786,status_history:ec8a38c7-edb1-4fee-aee3-b2a9ea1dd234,TKT-1-202607-00714,status_id,STATUS_UPDATE,"Status Updated",1,2,"Open (New)","Assigned (In Progress)",vikram6singh,"2026-07-03 17:17:13","2026-07-03 11:47:13","Please check.",status_history,ec8a38c7-edb1-4fee-aee3-b2a9ea1dd234,status_id
125392,status_history:f59ff4e8-3863-445b-aed8-3790d4b6ce17,TKT-1-202607-00714,status_id,STATUS_UPDATE,"Status Updated",2,3,"Assigned (In Progress)","On Hold (Pending with Requester)",umesh.k,"2026-07-03 18:01:14","2026-07-03 12:31:14","Please share the screenshots and supporting documents where the discrepancies have been observed,",status_history,f59ff4e8-3863-445b-aed8-3790d4b6ce17,status_id
140778,division_history:a1fa357d-9a61-4e00-b026-dbb1ea84026e,TKT-1-202607-00714,division,DIVISION_UPDATE,"Division Updated",NULL,DIV-008,NULL,"IT Division",201374,"2026-07-03 17:15:00","2026-07-03 17:15:00",New,division_history,a1fa357d-9a61-4e00-b026-dbb1ea84026e,division
210702,assignment_history:52c10b5b-3942-43ce-9856-44b8ab00a35e,TKT-1-202607-00714,assigned_to,ASSIGNED_TO_UPDATE,"Assigned To Updated",NULL,arti.1.t,NULL,arti.1.t,vikram6singh,"2026-07-03 17:17:13","2026-07-03 17:17:13","Please check.",assignment_history,52c10b5b-3942-43ce-9856-44b8ab00a35e,assigned_to
210703,assignment_history:a89a8404-3f8b-4d2e-97ee-fbc2218e6365,TKT-1-202607-00714,assigned_to,ASSIGNED_TO_UPDATE,"Assigned To Updated",arti.1.t,inish.d,arti.1.t,inish.d,arti.1.t,"2026-07-03 17:19:35","2026-07-03 17:19:35","Discrepancy Observed in AnnaDarpan Data During Reconciliation with DISFM and Request for Rectification.Kindly do the needful",assignment_history,a89a8404-3f8b-4d2e-97ee-fbc2218e6365,assigned_to
210704,assignment_history:a89a8404-3f8b-4d2e-97ee-fbc2218e6365,TKT-1-202607-00714,level_id,LEVEL_UPDATE,"Level Updated",,L3,,L3,arti.1.t,"2026-07-03 17:19:35","2026-07-03 17:19:35","Discrepancy Observed in AnnaDarpan Data During Reconciliation with DISFM and Request for Rectification.Kindly do the needful",assignment_history,a89a8404-3f8b-4d2e-97ee-fbc2218e6365,level_id
225265,77ecf013-7443-4827-b7ab-449949596f33,TKT-1-202607-00714,status_id,STATUS_UPDATE,"Status Updated",2,3,"Assigned (In Progress)","On Hold (Pending with Requester)",umesh.k,"2026-08-05 14:53:39","2026-08-05 09:23:39","Addressed, Pls check comments",NULL,NULL,NULL
226870,8aee9754-b9f1-4fce-8a61-a91931fcff35,TKT-1-202607-00714,status_id,STATUS_UPDATE,"Status Updated",3,2,"On Hold (Pending with Requester)","Assigned (In Progress)",201374,"2026-08-06 15:19:25","2026-08-06 09:49:25","PLEASE CALL ME MY CONT. NO 9641064699",NULL,NULL,NULL
234387,a0e2d3d8-18d5-4a14-91fe-b1e5f1489bfd,TKT-1-202607-00714,assigned_to,ASSIGNED_TO_UPDATE,"Assigned To Updated",inish.d,vikram6singh,inish.d,vikram6singh,umesh.k,"2026-08-13 10:54:42","2026-08-13 05:24:42","Please check with the requestor",NULL,NULL,NULL
234388,a0e2d3d8-18d5-4a14-91fe-b1e5f1489bfd,TKT-1-202607-00714,assigned_to_level,ASSIGNED_TO_LEVEL_UPDATE,"Assigned To Level Updated",NULL,NULL,L3,,umesh.k,"2026-08-13 10:54:42","2026-08-13 05:24:42","Please check with the requestor",NULL,NULL,NULL
234507,1688dc75-0ecc-41c9-b63a-70b3f075eef7,TKT-1-202607-00714,assigned_to,ASSIGNED_TO_UPDATE,"Assigned To Updated",vikram6singh,arti.1.t,vikram6singh,arti.1.t,vikram6singh,"2026-08-13 11:42:14","2026-08-13 06:12:14","Please connect with the user.",NULL,NULL,NULL
235093,f62ab435-3a19-4b3a-ae4b-214b3e0d30b8,TKT-1-202607-00714,assigned_to,ASSIGNED_TO_UPDATE,"Assigned To Updated",arti.1.t,umesh.k,arti.1.t,umesh.k,arti.1.t,"2026-08-13 15:34:19","2026-08-13 10:04:19","The user is still facing the mismatch issue. A screenshot has been provided as evidence for verification",NULL,NULL,NULL
235094,f62ab435-3a19-4b3a-ae4b-214b3e0d30b8,TKT-1-202607-00714,assigned_to_level,ASSIGNED_TO_LEVEL_UPDATE,"Assigned To Level Updated",NULL,NULL,,L2,arti.1.t,"2026-08-13 15:34:19","2026-08-13 10:04:19","The user is still facing the mismatch issue. A screenshot has been provided as evidence for verification",NULL,NULL,NULL
235137,40dfd88e-72f5-43c2-a8e2-2f13eb8612a3,TKT-1-202607-00714,assigned_to,ASSIGNED_TO_UPDATE,"Assigned To Updated",umesh.k,arti.1.t,umesh.k,arti.1.t,satish.d,"2026-08-13 15:53:40","2026-08-13 10:23:40","please contact and get the details",NULL,NULL,NULL
235138,40dfd88e-72f5-43c2-a8e2-2f13eb8612a3,TKT-1-202607-00714,assigned_to_level,ASSIGNED_TO_LEVEL_UPDATE,"Assigned To Level Updated",NULL,NULL,L2,,satish.d,"2026-08-13 15:53:40","2026-08-13 10:23:40","please contact and get the details",NULL,NULL,NULL
235683,2c068a45-7eea-4631-8d75-99a9367a2eff,TKT-1-202607-00714,status_id,STATUS_UPDATE,"Status Updated",2,7,"Assigned (In Progress)",Resolved,arti.1.t,"2026-08-14 11:58:50","2026-08-14 06:28:50","Kindly refer to the comment box.For further assistance, please contact our support team at: 1800-410-6688",NULL,NULL,NULL
55324,status_history:6c976fbd-59bc-443e-81b5-b2cadb1db2fe,TKT-1-202607-00770,status_id,STATUS_UPDATE,"Status Updated",1,2,"Open (New)","Assigned (In Progress)",vikram6singh,"2026-07-04 11:39:25","2026-07-04 06:09:25","Please check",status_history,6c976fbd-59bc-443e-81b5-b2cadb1db2fe,status_id
85033,status_history:a6b644ef-a2b0-49d2-94a8-2db7453ffabf,TKT-1-202607-00770,status_id,STATUS_UPDATE,"Status Updated",NULL,1,NULL,"Open (New)",173314,"2026-07-04 11:38:09","2026-07-04 06:08:09",New,status_history,a6b644ef-a2b0-49d2-94a8-2db7453ffabf,status_id
106548,status_history:d0bfb88a-e18e-4bef-98ea-f28f3c02e958,TKT-1-202607-00770,status_id,STATUS_UPDATE,"Status Updated",2,7,"Assigned (In Progress)",Resolved,saroj.m,"2026-07-06 14:27:08","2026-07-06 08:57:08","Please be informed that the liquidation of the stack allowed only for the baby stack in the QPV, kindly perform the operation accordingly in order to complete the PV operation.  For any assistance, please contact our support team at: 1800-410-6688.",status_history,d0bfb88a-e18e-4bef-98ea-f28f3c02e958,status_id
144423,division_history:dac17d5d-6232-42bf-95a9-74c716203f90,TKT-1-202607-00770,division,DIVISION_UPDATE,"Division Updated",NULL,DIV-002,NULL,"Storage Division",173314,"2026-07-04 11:38:09","2026-07-04 11:38:09",New,division_history,dac17d5d-6232-42bf-95a9-74c716203f90,division
210857,assignment_history:3d46fcd0-a78c-4ed6-bd2c-9a322a49e137,TKT-1-202607-00770,assigned_to,ASSIGNED_TO_UPDATE,"Assigned To Updated",NULL,saroj.m,NULL,saroj.m,vikram6singh,"2026-07-04 11:39:25","2026-07-04 11:39:25","Please check",assignment_history,3d46fcd0-a78c-4ed6-bd2c-9a322a49e137,assigned_to
210858,assignment_history:17bbf108-f2c0-4b58-befb-d17b86ec7d37,TKT-1-202607-00770,assigned_to,ASSIGNED_TO_UPDATE,"Assigned To Updated",saroj.m,inish.d,saroj.m,inish.d,saroj.m,"2026-07-04 12:06:43","2026-07-04 12:06:43","Please lkook into this issue.",assignment_history,17bbf108-f2c0-4b58-befb-d17b86ec7d37,assigned_to
210859,assignment_history:17bbf108-f2c0-4b58-befb-d17b86ec7d37,TKT-1-202607-00770,level_id,LEVEL_UPDATE,"Level Updated",,L3,,L3,saroj.m,"2026-07-04 12:06:43","2026-07-04 12:06:43","Please lkook into this issue.",assignment_history,17bbf108-f2c0-4b58-befb-d17b86ec7d37,level_id
210860,assignment_history:1611ccd7-63a2-4e90-a2ef-e14800f5c105,TKT-1-202607-00770,assigned_to,ASSIGNED_TO_UPDATE,"Assigned To Updated",inish.d,mukeshkumar,inish.d,mukeshkumar,satish.d,"2026-07-04 17:25:45","2026-07-04 17:25:45","Please check",assignment_history,1611ccd7-63a2-4e90-a2ef-e14800f5c105,assigned_to
210861,assignment_history:7f98a42a-64c1-4b1e-b87d-a6b08a583ea2,TKT-1-202607-00770,assigned_to,ASSIGNED_TO_UPDATE,"Assigned To Updated",mukeshkumar,saroj.m,mukeshkumar,saroj.m,richa.k,"2026-07-06 14:23:19","2026-07-06 14:23:19","Please check.",assignment_history,7f98a42a-64c1-4b1e-b87d-a6b08a583ea2,assigned_to
9458,status_history:125cae5c-5641-4ba2-8d01-94504644dc88,TKT-1-202607-00773,status_id,STATUS_UPDATE,"Status Updated",NULL,1,NULL,"Open (New)",ee13004_01,"2026-07-04 11:49:20","2026-07-04 06:19:20",New,status_history,125cae5c-5641-4ba2-8d01-94504644dc88,status_id
63001,status_history:7b63d6a3-6f68-4064-87e7-764bd007e7fd,TKT-1-202607-00773,status_id,STATUS_UPDATE,"Status Updated",1,2,"Open (New)","Assigned (In Progress)",vikram6singh,"2026-07-04 11:50:31","2026-07-04 06:20:31","Please check",status_history,7b63d6a3-6f68-4064-87e7-764bd007e7fd,status_id
67931,status_history:850f2bbc-2490-43c7-8d5c-4ce9fd3129e7,TKT-1-202607-00773,status_id,STATUS_UPDATE,"Status Updated",2,7,"Assigned (In Progress)",Resolved,umesh.k,"2026-07-08 09:54:10","2026-07-08 04:24:10","issue has been resolved.",status_history,850f2bbc-2490-43c7-8d5c-4ce9fd3129e7,status_id
134813,division_history:41e73754-aef2-4348-a104-672e819d7214,TKT-1-202607-00773,division,DIVISION_UPDATE,"Division Updated",NULL,DIV-002,NULL,"Storage Division",ee13004_01,"2026-07-04 11:49:20","2026-07-04 11:49:20",New,division_history,41e73754-aef2-4348-a104-672e819d7214,division
210866,assignment_history:2ed7a271-bee8-48a8-898e-7d932722518e,TKT-1-202607-00773,assigned_to,ASSIGNED_TO_UPDATE,"Assigned To Updated",NULL,anshu.r,NULL,anshu.r,vikram6singh,"2026-07-04 11:50:31","2026-07-04 11:50:31","Please check",assignment_history,2ed7a271-bee8-48a8-898e-7d932722518e,assigned_to
210867,assignment_history:e01ee6d3-5711-4dd8-b00a-f1c3c4546ca0,TKT-1-202607-00773,assigned_to,ASSIGNED_TO_UPDATE,"Assigned To Updated",anshu.r,inish.d,anshu.r,inish.d,anshu.r,"2026-07-04 11:53:00","2026-07-04 11:53:00","Kindly do the needful",assignment_history,e01ee6d3-5711-4dd8-b00a-f1c3c4546ca0,assigned_to
210868,assignment_history:e01ee6d3-5711-4dd8-b00a-f1c3c4546ca0,TKT-1-202607-00773,level_id,LEVEL_UPDATE,"Level Updated",,L3,,L3,anshu.r,"2026-07-04 11:53:00","2026-07-04 11:53:00","Kindly do the needful",assignment_history,e01ee6d3-5711-4dd8-b00a-f1c3c4546ca0,level_id
8179,status_history:0ff6b078-8b15-4cc2-891e-80c1550c93a9,TKT-1-202607-00778,status_id,STATUS_UPDATE,"Status Updated",3,2,"On Hold (Pending with Requester)","Assigned (In Progress)",196702,"2026-07-28 13:43:34","2026-07-28 08:13:34","Please closed the ticket",status_history,0ff6b078-8b15-4cc2-891e-80c1550c93a9,status_id
14098,status_history:1b6a1e87-b908-4a91-b840-c61e8030f82f,TKT-1-202607-00778,status_id,STATUS_UPDATE,"Status Updated",2,3,"Assigned (In Progress)","On Hold (Pending with Requester)",inish.d,"2026-07-10 17:40:07","2026-07-10 12:10:07","Even if you perform OT, you should follow Other Transaction -> inward by CMR. so that further stacks can be received in AD proper flow. if you would have selected Other transactions -> Other , further transactions also has to be done via OT only.",status_history,1b6a1e87-b908-4a91-b840-c61e8030f82f,status_id
14957,status_history:1d13e14c-34b5-4719-985f-329702a853ab,TKT-1-202607-00778,status_id,STATUS_UPDATE,"Status Updated",3,2,"On Hold (Pending with Requester)","Assigned (In Progress)",196702,"2026-07-10 12:29:30","2026-07-10 06:59:30","It is requested to kindly suggest ways to receive lots through CMR module of Anna Darpan in stacks where some lots were already received through OT",status_history,1d13e14c-34b5-4719-985f-329702a853ab,status_id
26375,status_history:33a73afa-f25c-41c8-b174-c0e5a8d2ca0f,TKT-1-202607-00778,status_id,STATUS_UPDATE,"Status Updated",3,2,"On Hold (Pending with Requester)","Assigned (In Progress)",196702,"2026-07-20 16:04:59","2026-07-20 10:34:59","please resume the ticket",status_history,33a73afa-f25c-41c8-b174-c0e5a8d2ca0f,status_id
41016,status_history:503d4f51-f14e-4a73-96f4-a1da62aadc89,TKT-1-202607-00778,status_id,STATUS_UPDATE,"Status Updated",2,3,"Assigned (In Progress)","On Hold (Pending with Requester)",inish.d,"2026-07-25 13:29:32","2026-07-25 07:59:32","Since the data is scattered across different tables, it is difficult for us to correct it through the backend., please get approval from Division staff for OT.",status_history,503d4f51-f14e-4a73-96f4-a1da62aadc89,status_id
41967,status_history:52275a10-35fa-4451-a694-a1757b8514c4,TKT-1-202607-00778,status_id,STATUS_UPDATE,"Status Updated",3,2,"On Hold (Pending with Requester)","Assigned (In Progress)",196702,"2026-07-09 20:14:24","2026-07-09 14:44:24","Kindly clarify whether we can receipt a lot in CMR module through live option in an already built stack where another lot/lot(s) was/were already received through OT (other transaction), due to non generation of eTEC by millers.",status_history,52275a10-35fa-4451-a694-a1757b8514c4,status_id
43271,status_history:54b88dc5-75cc-457d-91cb-8df9ce39e99d,TKT-1-202607-00778,status_id,STATUS_UPDATE,"Status Updated",3,2,"On Hold (Pending with Requester)","Assigned (In Progress)",196702,"2026-07-25 12:52:12","2026-07-25 07:22:12","Please Resume the ticket",status_history,54b88dc5-75cc-457d-91cb-8df9ce39e99d,status_id
60192,status_history:75eda411-ee91-43ec-b575-3618f96f8d88,TKT-1-202607-00778,status_id,STATUS_UPDATE,"Status Updated",2,3,"Assigned (In Progress)","On Hold (Pending with Requester)",inish.d,"2026-07-10 12:11:52","2026-07-10 06:41:52","Yes, its not suggested to perform OT since Lot generation provision available in AD.",status_history,75eda411-ee91-43ec-b575-3618f96f8d88,status_id
75074,status_history:9321d978-5e49-4ede-9425-a61a4af7ee3e,TKT-1-202607-00778,status_id,STATUS_UPDATE,"Status Updated",3,2,"On Hold (Pending with Requester)","Assigned (In Progress)",196702,"2026-07-10 11:51:03","2026-07-10 06:21:03","That means we can not assign receipt to a stack during token creation, where lot(s) was/were already received via OT on earlier ocassion",status_history,9321d978-5e49-4ede-9425-a61a4af7ee3e,status_id
78626,status_history:9a196ab2-bf48-47d5-bcfb-e5fd8af36b5b,TKT-1-202607-00778,status_id,STATUS_UPDATE,"Status Updated",3,2,"On Hold (Pending with Requester)","Assigned (In Progress)",inish.d,"2026-07-06 11:43:01","2026-07-06 06:13:01",.,status_history,9a196ab2-bf48-47d5-bcfb-e5fd8af36b5b,status_id
84355,status_history:a5716415-6da8-42f6-b21d-b07962bf86c8,TKT-1-202607-00778,status_id,STATUS_UPDATE,"Status Updated",2,3,"Assigned (In Progress)","On Hold (Pending with Requester)",inish.d,"2026-07-10 11:29:03","2026-07-10 05:59:03","please check comments",status_history,a5716415-6da8-42f6-b21d-b07962bf86c8,status_id
84834,status_history:a65b7e72-5057-4a94-9902-51db8bece074,TKT-1-202607-00778,status_id,STATUS_UPDATE,"Status Updated",1,2,"Open (New)","Assigned (In Progress)",vikram6singh,"2026-07-04 12:01:59","2026-07-04 06:31:59","Please check",status_history,a65b7e72-5057-4a94-9902-51db8bece074,status_id
100712,status_history:c57a4b37-d79b-4c9f-a087-d0d5e5d7de5e,TKT-1-202607-00778,status_id,STATUS_UPDATE,"Status Updated",2,3,"Assigned (In Progress)","On Hold (Pending with Requester)",inish.d,"2026-07-13 11:34:28","2026-07-13 06:04:28","No sir, we have to proceed with OT if stack is in Receipt state .",status_history,c57a4b37-d79b-4c9f-a087-d0d5e5d7de5e,status_id
104256,status_history:cc48173f-2092-4b93-b84a-b8848acbd068,TKT-1-202607-00778,status_id,STATUS_UPDATE,"Status Updated",2,7,"Assigned (In Progress)",Resolved,inish.d,"2026-07-28 14:28:31","2026-07-28 08:58:31","closing as per user conformation.",status_history,cc48173f-2092-4b93-b84a-b8848acbd068,status_id
104530,status_history:ccc753fe-4a67-45f1-b256-08a139d8cc1f,TKT-1-202607-00778,status_id,STATUS_UPDATE,"Status Updated",3,2,"On Hold (Pending with Requester)","Assigned (In Progress)",196702,"2026-07-10 20:56:03","2026-07-10 15:26:03","The OT entry through inward by CMR option requires eTEC no. Since, no millers were generating eTEC through Wings, the lots were received through OT-other options only. Is there any way to receive CMR in these stacks except through OT?",status_history,ccc753fe-4a67-45f1-b256-08a139d8cc1f,status_id
106393,status_history:d068c64a-1b40-4b16-9b4b-3cf526b73eca,TKT-1-202607-00778,status_id,STATUS_UPDATE,"Status Updated",2,3,"Assigned (In Progress)","On Hold (Pending with Requester)",anshu.r,"2026-07-06 11:02:09","2026-07-06 05:32:09","kindly share the exact details of the issue with screenshot for our further investigation. For further assistance, please contact our support team at : 1800-410-6688",status_history,d068c64a-1b40-4b16-9b4b-3cf526b73eca,status_id
125233,status_history:f546b07e-d3a5-4ffd-8824-8e1b1dd1d970,TKT-1-202607-00778,status_id,STATUS_UPDATE,"Status Updated",2,3,"Assigned (In Progress)","On Hold (Pending with Requester)",inish.d,"2026-07-06 12:43:46","2026-07-06 07:13:46","Have you performing UAT ? if so there is a option for CMR contract creation in Area procurement Login. please create Contract and do approve from Divisional manager. once its done, miller can start book TEC's for created contract.",status_history,f546b07e-d3a5-4ffd-8824-8e1b1dd1d970,status_id
125533,status_history:f5e59129-52ad-4a42-8e8d-2706b1d3a491,TKT-1-202607-00778,status_id,STATUS_UPDATE,"Status Updated",2,3,"Assigned (In Progress)","On Hold (Pending with Requester)",inish.d,"2026-07-22 17:52:49","2026-07-22 12:22:49","Since the data is scattered across different tables, it is difficult for us to correct it through the backend., please get approval from Division staff for OT.",status_history,f5e59129-52ad-4a42-8e8d-2706b1d3a491,status_id
129291,status_history:fd3c461b-07d2-4854-8605-22451d7d428d,TKT-1-202607-00778,status_id,STATUS_UPDATE,"Status Updated",NULL,1,NULL,"Open (New)",196702,"2026-07-04 12:01:32","2026-07-04 06:31:32",New,status_history,fd3c461b-07d2-4854-8605-22451d7d428d,status_id
136552,division_history:5e3f11f1-9f0e-4def-a9b5-0094cc2384a9,TKT-1-202607-00778,division,DIVISION_UPDATE,"Division Updated",NULL,DIV-001,NULL,"Procurement Division",196702,"2026-07-04 12:01:32","2026-07-04 12:01:32",New,division_history,5e3f11f1-9f0e-4def-a9b5-0094cc2384a9,division
210878,assignment_history:ac674265-ac3e-43be-bc47-a0714f836e70,TKT-1-202607-00778,assigned_to,ASSIGNED_TO_UPDATE,"Assigned To Updated",NULL,anshu.r,NULL,anshu.r,vikram6singh,"2026-07-04 12:01:59","2026-07-04 12:01:59","Please check",assignment_history,ac674265-ac3e-43be-bc47-a0714f836e70,assigned_to
210879,assignment_history:d273f6c0-a871-4a38-826a-85651ddaf83b,TKT-1-202607-00778,assigned_to,ASSIGNED_TO_UPDATE,"Assigned To Updated",anshu.r,inish.d,anshu.r,inish.d,inish.d,"2026-07-06 11:43:01","2026-07-06 11:43:01",.,assignment_history,d273f6c0-a871-4a38-826a-85651ddaf83b,assigned_to
210880,assignment_history:d273f6c0-a871-4a38-826a-85651ddaf83b,TKT-1-202607-00778,level_id,LEVEL_UPDATE,"Level Updated",,L3,,L3,inish.d,"2026-07-06 11:43:01","2026-07-06 11:43:01",.,assignment_history,d273f6c0-a871-4a38-826a-85651ddaf83b,level_id
223469,8cb9e456-cc3c-40c8-9898-6d61ce8931f1,TKT-1-202607-00778,status_id,STATUS_UPDATE,"Status Updated",7,8,Resolved,Closed,196702,"2026-08-04 14:27:01","2026-08-04 08:57:01",ok,NULL,NULL,NULL
3927,status_history:0781161a-3366-4969-9f55-6a4810bfe735,TKT-1-202607-00780,status_id,STATUS_UPDATE,"Status Updated",1,2,"Open (New)","Assigned (In Progress)",vikram6singh,"2026-07-04 12:09:40","2026-07-04 06:39:40","Please check",status_history,0781161a-3366-4969-9f55-6a4810bfe735,status_id
52104,status_history:663cfa9c-11b8-4752-b675-4de603fa4cdf,TKT-1-202607-00780,status_id,STATUS_UPDATE,"Status Updated",2,7,"Assigned (In Progress)",Resolved,satish.d,"2026-07-09 16:16:34","2026-07-09 10:46:34","we hope issue has been resolved so we are closing the ticket if not please reopen",status_history,663cfa9c-11b8-4752-b675-4de603fa4cdf,status_id
73122,status_history:8f498156-a8a7-4851-8699-009b427e206f,TKT-1-202607-00780,status_id,STATUS_UPDATE,"Status Updated",NULL,1,NULL,"Open (New)",242871,"2026-07-04 12:05:38","2026-07-04 06:35:38",New,status_history,8f498156-a8a7-4851-8699-009b427e206f,status_id
144932,division_history:e303122b-b39f-4c8f-9b48-6d19d5464f76,TKT-1-202607-00780,division,DIVISION_UPDATE,"Division Updated",NULL,DIV-005,NULL,"Stocks/PV Division",242871,"2026-07-04 12:05:38","2026-07-04 12:05:38",New,division_history,e303122b-b39f-4c8f-9b48-6d19d5464f76,division
210884,assignment_history:81890fb5-5411-46d6-b925-2b561adc05a6,TKT-1-202607-00780,assigned_to,ASSIGNED_TO_UPDATE,"Assigned To Updated",NULL,arti.1.t,NULL,arti.1.t,vikram6singh,"2026-07-04 12:09:40","2026-07-04 12:09:40","Please check",assignment_history,81890fb5-5411-46d6-b925-2b561adc05a6,assigned_to
210885,assignment_history:5bc3b490-08a8-4ac8-8359-aae490846f12,TKT-1-202607-00780,assigned_to,ASSIGNED_TO_UPDATE,"Assigned To Updated",arti.1.t,inish.d,arti.1.t,inish.d,arti.1.t,"2026-07-04 12:17:44","2026-07-04 12:17:44","Issue Regarding Peripheral Count and Stack Visibility for ISI PV at FSD Bommapur.Kindly do the needful",assignment_history,5bc3b490-08a8-4ac8-8359-aae490846f12,assigned_to
210886,assignment_history:5bc3b490-08a8-4ac8-8359-aae490846f12,TKT-1-202607-00780,level_id,LEVEL_UPDATE,"Level Updated",,L3,,L3,arti.1.t,"2026-07-04 12:17:44","2026-07-04 12:17:44","Issue Regarding Peripheral Count and Stack Visibility for ISI PV at FSD Bommapur.Kindly do the needful",assignment_history,5bc3b490-08a8-4ac8-8359-aae490846f12,level_id
6404,status_history:0c6b1df4-7f11-4114-8b2c-ea37c78ce721,TKT-1-202607-00788,status_id,STATUS_UPDATE,"Status Updated",3,2,"On Hold (Pending with Requester)","Assigned (In Progress)",242871,"2026-07-10 13:58:27","2026-07-10 08:28:27","ok then close the ticket.",status_history,0c6b1df4-7f11-4114-8b2c-ea37c78ce721,status_id
33325,status_history:413965b4-481c-4be0-90ed-2cef5c50a75c,TKT-1-202607-00788,status_id,STATUS_UPDATE,"Status Updated",1,2,"Open (New)","Assigned (In Progress)",vikram6singh,"2026-07-04 12:10:59","2026-07-04 06:40:59","Please check",status_history,413965b4-481c-4be0-90ed-2cef5c50a75c,status_id
46699,status_history:5b92870a-5678-4078-abb8-2392cd77dffe,TKT-1-202607-00788,status_id,STATUS_UPDATE,"Status Updated",2,3,"Assigned (In Progress)","On Hold (Pending with Requester)",satish.d,"2026-07-06 19:09:58","2026-07-06 13:39:58","Please check provided comments",status_history,5b92870a-5678-4078-abb8-2392cd77dffe,status_id
71123,status_history:8b6c3b9a-7584-4169-8936-17bbc02ecdc8,TKT-1-202607-00788,status_id,STATUS_UPDATE,"Status Updated",NULL,1,NULL,"Open (New)",242871,"2026-07-04 12:05:50","2026-07-04 06:35:50",New,status_history,8b6c3b9a-7584-4169-8936-17bbc02ecdc8,status_id
101186,status_history:c65e8d8f-91ff-4377-90fd-79f7618257d8,TKT-1-202607-00788,status_id,STATUS_UPDATE,"Status Updated",2,7,"Assigned (In Progress)",Resolved,satish.d,"2026-07-10 14:52:01","2026-07-10 09:22:01","Based on user comments, issue has been resolved we are closing the ticket",status_history,c65e8d8f-91ff-4377-90fd-79f7618257d8,status_id
140549,division_history:9e2dc614-5079-4c3a-a8dd-2669f8288c00,TKT-1-202607-00788,division,DIVISION_UPDATE,"Division Updated",NULL,DIV-005,NULL,"Stocks/PV Division",242871,"2026-07-04 12:05:50","2026-07-04 12:05:50",New,division_history,9e2dc614-5079-4c3a-a8dd-2669f8288c00,division
210894,assignment_history:b861b232-4600-459c-a1a4-c37b709d7cee,TKT-1-202607-00788,assigned_to,ASSIGNED_TO_UPDATE,"Assigned To Updated",NULL,saroj.m,NULL,saroj.m,vikram6singh,"2026-07-04 12:10:59","2026-07-04 12:10:59","Please check",assignment_history,b861b232-4600-459c-a1a4-c37b709d7cee,assigned_to
210895,assignment_history:f6da1bce-97a9-462e-ab6d-28f0eb6c4e91,TKT-1-202607-00788,assigned_to,ASSIGNED_TO_UPDATE,"Assigned To Updated",saroj.m,satish.d,saroj.m,satish.d,saroj.m,"2026-07-04 17:16:17","2026-07-04 17:16:17","Please look into this issue.",assignment_history,f6da1bce-97a9-462e-ab6d-28f0eb6c4e91,assigned_to
210896,assignment_history:f6da1bce-97a9-462e-ab6d-28f0eb6c4e91,TKT-1-202607-00788,level_id,LEVEL_UPDATE,"Level Updated",,L3,,L3,saroj.m,"2026-07-04 17:16:17","2026-07-04 17:16:17","Please look into this issue.",assignment_history,f6da1bce-97a9-462e-ab6d-28f0eb6c4e91,level_id
9999,status_history:1364edaf-de09-4c30-bbb3-85092b1b1165,TKT-1-202607-00802,status_id,STATUS_UPDATE,"Status Updated",2,7,"Assigned (In Progress)",Resolved,saroj.m,"2026-07-07 16:35:24","2026-07-07 11:05:24","Dear Sir/Ma'am , As per telephonic Discussion after approval the HQRS then it will be create. For any assistance, please contact our support team at: 1800-410-6688.",status_history,1364edaf-de09-4c30-bbb3-85092b1b1165,status_id
43077,status_history:545d649c-04da-4c13-b100-cd588b905a3c,TKT-1-202607-00802,status_id,STATUS_UPDATE,"Status Updated",2,7,"Assigned (In Progress)",Resolved,saroj.m,"2026-07-04 17:15:14","2026-07-04 11:45:14","Dear Sir/Ma'am , If you want Re-create the PV then please do the mail to HQrs through RO/DO. For any assistance, please contact our support team at: 1800-410-6688.",status_history,545d649c-04da-4c13-b100-cd588b905a3c,status_id
44197,status_history:5692fba6-b38c-4aa9-b4e9-4b6771ff2110,TKT-1-202607-00802,status_id,STATUS_UPDATE,"Status Updated",7,10,Resolved,Reopened,132441,"2026-07-07 16:15:55","2026-07-07 10:45:55","sir,mail has been sent but still not resolved.",status_history,5692fba6-b38c-4aa9-b4e9-4b6771ff2110,status_id
46468,status_history:5b21e19b-b466-4b46-911f-306faceb997a,TKT-1-202607-00802,status_id,STATUS_UPDATE,"Status Updated",7,10,Resolved,Reopened,132441,"2026-07-08 10:35:43","2026-07-08 05:05:43","sir we have already mail to Hqrs through DO",status_history,5b21e19b-b466-4b46-911f-306faceb997a,status_id
49138,status_history:606a7730-e44e-49f4-8a2e-5c45b8cd4964,TKT-1-202607-00802,status_id,STATUS_UPDATE,"Status Updated",10,2,Reopened,"Assigned (In Progress)",vikram6singh,"2026-07-07 16:21:04","2026-07-07 10:51:04","Please check.",status_history,606a7730-e44e-49f4-8a2e-5c45b8cd4964,status_id
49829,status_history:61b5d334-3182-4cdb-b919-a8bcccc8eaef,TKT-1-202607-00802,status_id,STATUS_UPDATE,"Status Updated",3,2,"On Hold (Pending with Requester)","Assigned (In Progress)",132441,"2026-07-09 16:51:18","2026-07-09 11:21:18","Fwd: FSD GHS//To regenerate ISI PV in AnnaDarpan for PWS Tajinder Singh,Guruharsahai(NF15074)",status_history,61b5d334-3182-4cdb-b919-a8bcccc8eaef,status_id
53701,status_history:6958a697-0d0e-4ffa-96ea-601f7835c8e5,TKT-1-202607-00802,status_id,STATUS_UPDATE,"Status Updated",7,10,Resolved,Reopened,132441,"2026-07-08 16:13:35","2026-07-08 10:43:35","as per telephonic convertation you have told to generate special PV through DO,you are requsted to kindly mail the same to DO FZR for the same.",status_history,6958a697-0d0e-4ffa-96ea-601f7835c8e5,status_id
68349,status_history:85eede59-6a5c-46a1-9099-18745d3f0a5a,TKT-1-202607-00802,status_id,STATUS_UPDATE,"Status Updated",7,10,Resolved,Reopened,132441,"2026-07-07 16:58:32","2026-07-07 11:28:32","SIR WE HAVE EMAIL TO AGM SA DOS/ Anna Darpan RO Punjab <agmsacpb@fci.gov.in>, Anna Darpan HQ <annadarp@fci.gov.in>THROUGH DO FZR.",status_history,85eede59-6a5c-46a1-9099-18745d3f0a5a,status_id
69769,status_history:88b74b20-c780-43ea-a52d-2072b597a66b,TKT-1-202607-00802,status_id,STATUS_UPDATE,"Status Updated",NULL,1,NULL,"Open (New)",132441,"2026-07-04 12:27:59","2026-07-04 06:57:59",New,status_history,88b74b20-c780-43ea-a52d-2072b597a66b,status_id
70041,status_history:893ff6a8-a833-4d9b-9f76-8c5288c7bc04,TKT-1-202607-00802,status_id,STATUS_UPDATE,"Status Updated",2,7,"Assigned (In Progress)",Resolved,saroj.m,"2026-07-08 15:00:22","2026-07-08 09:30:22","Dear Sir , As per telephonic discussion Please do accordingly . For any assistance, please contact our support team at: 1800-410-6688.",status_history,893ff6a8-a833-4d9b-9f76-8c5288c7bc04,status_id
73668,status_history:9049b0d0-64ba-4dd4-a5eb-cf6d54d56f5c,TKT-1-202607-00802,status_id,STATUS_UPDATE,"Status Updated",10,2,Reopened,"Assigned (In Progress)",vikram6singh,"2026-07-08 10:40:27","2026-07-08 05:10:27","Please check.",status_history,9049b0d0-64ba-4dd4-a5eb-cf6d54d56f5c,status_id
83286,status_history:a3559b4c-fb1a-4821-9774-659cd4e2806e,TKT-1-202607-00802,status_id,STATUS_UPDATE,"Status Updated",2,7,"Assigned (In Progress)",Resolved,saroj.m,"2026-07-08 10:23:39","2026-07-08 04:53:39","Dear Sir/Ma'am ,  As per telephonic discussion If you want Re-create the PV then please do the mail to HQrs through RO/DO. For any assistance, please contact our support team at: 1800-410-6688.",status_history,a3559b4c-fb1a-4821-9774-659cd4e2806e,status_id
88266,status_history:ad2cb0a8-d764-41fe-984a-732c87461ce3,TKT-1-202607-00802,status_id,STATUS_UPDATE,"Status Updated",10,2,Reopened,"Assigned (In Progress)",vikram6singh,"2026-07-08 09:04:19","2026-07-08 03:34:19","Please check.",status_history,ad2cb0a8-d764-41fe-984a-732c87461ce3,status_id
88776,status_history:ae3b8b67-0b72-4ae3-a8c9-c5b228151879,TKT-1-202607-00802,status_id,STATUS_UPDATE,"Status Updated",10,2,Reopened,"Assigned (In Progress)",vikram6singh,"2026-07-08 16:25:46","2026-07-08 10:55:46","Please check.",status_history,ae3b8b67-0b72-4ae3-a8c9-c5b228151879,status_id
123488,status_history:f1e7fd8b-a254-43d4-aaf2-bd3791df0879,TKT-1-202607-00802,status_id,STATUS_UPDATE,"Status Updated",1,2,"Open (New)","Assigned (In Progress)",vikram6singh,"2026-07-04 12:29:32","2026-07-04 06:59:32","Please check",status_history,f1e7fd8b-a254-43d4-aaf2-bd3791df0879,status_id
127058,status_history:f8e7a9ca-cb71-4716-adc7-df2b3882c2e0,TKT-1-202607-00802,status_id,STATUS_UPDATE,"Status Updated",2,3,"Assigned (In Progress)","On Hold (Pending with Requester)",saroj.m,"2026-07-09 16:34:23","2026-07-09 11:04:23","Dear Sir/Ma'am , As discuss on call please update the comment . For any assistance, please contact our support team at: 1800-410-6688",status_history,f8e7a9ca-cb71-4716-adc7-df2b3882c2e0,status_id
129582,status_history:fdcf266f-8c6a-4d84-8383-c460ead1f5ef,TKT-1-202607-00802,status_id,STATUS_UPDATE,"Status Updated",2,7,"Assigned (In Progress)",Resolved,sanjeet.k,"2026-07-13 11:32:35","2026-07-13 06:02:35","kindly check the comment section.",status_history,fdcf266f-8c6a-4d84-8383-c460ead1f5ef,status_id
137116,division_history:6733a0d5-f08e-422e-bb0d-ee0d40849db3,TKT-1-202607-00802,division,DIVISION_UPDATE,"Division Updated",NULL,DIV-001,NULL,"Procurement Division",132441,"2026-07-04 12:27:59","2026-07-04 12:27:59",New,division_history,6733a0d5-f08e-422e-bb0d-ee0d40849db3,division
210920,assignment_history:22b7a95f-ab8d-4c93-affa-35c8dbac4958,TKT-1-202607-00802,assigned_to,ASSIGNED_TO_UPDATE,"Assigned To Updated",NULL,saroj.m,NULL,saroj.m,vikram6singh,"2026-07-04 12:29:32","2026-07-04 12:29:32","Please check",assignment_history,22b7a95f-ab8d-4c93-affa-35c8dbac4958,assigned_to
210921,assignment_history:2af0a422-1edb-4cfa-91d1-e02b065103b0,TKT-1-202607-00802,assigned_to,ASSIGNED_TO_UPDATE,"Assigned To Updated",saroj.m,NONE,saroj.m,NONE,132441,"2026-07-07 16:15:55","2026-07-07 16:15:55","sir,mail has been sent but still not resolved.",assignment_history,2af0a422-1edb-4cfa-91d1-e02b065103b0,assigned_to
210922,assignment_history:4c4bfad0-7673-474e-9315-ee34236e207c,TKT-1-202607-00802,assigned_to,ASSIGNED_TO_UPDATE,"Assigned To Updated",NONE,inzemamul.h,NONE,inzemamul.h,vikram6singh,"2026-07-07 16:21:04","2026-07-07 16:21:04","Please check.",assignment_history,4c4bfad0-7673-474e-9315-ee34236e207c,assigned_to
210923,assignment_history:b806b247-76cc-4676-9a83-1202cc149fea,TKT-1-202607-00802,assigned_to,ASSIGNED_TO_UPDATE,"Assigned To Updated",inzemamul.h,saroj.m,inzemamul.h,saroj.m,vikram6singh,"2026-07-07 16:32:20","2026-07-07 16:32:20","Please check.",assignment_history,b806b247-76cc-4676-9a83-1202cc149fea,assigned_to
210924,assignment_history:36d7d640-3af1-49aa-8d4f-78e426840dad,TKT-1-202607-00802,assigned_to,ASSIGNED_TO_UPDATE,"Assigned To Updated",saroj.m,NONE,saroj.m,NONE,132441,"2026-07-07 16:58:32","2026-07-07 16:58:32","SIR WE HAVE EMAIL TO AGM SA DOS/ Anna Darpan RO Punjab <agmsacpb@fci.gov.in>, Anna Darpan HQ <annadarp@fci.gov.in>THROUGH DO FZR.",assignment_history,36d7d640-3af1-49aa-8d4f-78e426840dad,assigned_to
210925,assignment_history:fbebd4f4-731c-43e3-a8be-75e4882a9390,TKT-1-202607-00802,assigned_to,ASSIGNED_TO_UPDATE,"Assigned To Updated",NONE,saroj.m,NONE,saroj.m,vikram6singh,"2026-07-08 09:04:19","2026-07-08 09:04:19","Please check.",assignment_history,fbebd4f4-731c-43e3-a8be-75e4882a9390,assigned_to
210926,assignment_history:d924ff34-e629-44d5-8256-4f3ff9587d06,TKT-1-202607-00802,assigned_to,ASSIGNED_TO_UPDATE,"Assigned To Updated",saroj.m,NONE,saroj.m,NONE,132441,"2026-07-08 10:35:43","2026-07-08 10:35:43","sir we have already mail to Hqrs through DO",assignment_history,d924ff34-e629-44d5-8256-4f3ff9587d06,assigned_to
210927,assignment_history:c35d8020-5dfc-48a8-8b92-1cb73e5fa1e4,TKT-1-202607-00802,assigned_to,ASSIGNED_TO_UPDATE,"Assigned To Updated",NONE,saroj.m,NONE,saroj.m,vikram6singh,"2026-07-08 10:40:27","2026-07-08 10:40:27","Please check.",assignment_history,c35d8020-5dfc-48a8-8b92-1cb73e5fa1e4,assigned_to
210928,assignment_history:8cf7f41e-daa0-444c-b94b-1442b648984b,TKT-1-202607-00802,assigned_to,ASSIGNED_TO_UPDATE,"Assigned To Updated",saroj.m,NONE,saroj.m,NONE,132441,"2026-07-08 16:13:35","2026-07-08 16:13:35","as per telephonic convertation you have told to generate special PV through DO,you are requsted to kindly mail the same to DO FZR for the same.",assignment_history,8cf7f41e-daa0-444c-b94b-1442b648984b,assigned_to
210929,assignment_history:ffc90c4a-e0e4-4cb0-b008-b3c1c1eac5f9,TKT-1-202607-00802,assigned_to,ASSIGNED_TO_UPDATE,"Assigned To Updated",NONE,saroj.m,NONE,saroj.m,vikram6singh,"2026-07-08 16:25:46","2026-07-08 16:25:46","Please check.",assignment_history,ffc90c4a-e0e4-4cb0-b008-b3c1c1eac5f9,assigned_to
210930,assignment_history:f4df2b9a-c65a-432d-bcbf-a69e9690e731,TKT-1-202607-00802,assigned_to,ASSIGNED_TO_UPDATE,"Assigned To Updated",saroj.m,sanjeet.k,saroj.m,sanjeet.k,vikram6singh,"2026-07-10 09:53:12","2026-07-10 09:53:12","Please check.",assignment_history,f4df2b9a-c65a-432d-bcbf-a69e9690e731,assigned_to
20196,status_history:27648205-b2b6-48f6-bf56-01349f066d8a,TKT-1-202607-00814,status_id,STATUS_UPDATE,"Status Updated",NULL,1,NULL,"Open (New)",nc15025_01,"2026-07-04 12:57:57","2026-07-04 07:27:57",New,status_history,27648205-b2b6-48f6-bf56-01349f066d8a,status_id
48183,status_history:5e74d218-c9d3-4248-921c-719159351a38,TKT-1-202607-00814,status_id,STATUS_UPDATE,"Status Updated",2,3,"Assigned (In Progress)","On Hold (Pending with Requester)",umesh.k,"2026-07-06 19:59:35","2026-07-06 14:29:35","Dear sir/madam, could you please share us for which stack is not available and for the which token also option for generating the truck chit and stackwise weight breakup is already available for the railhead tokens. please check, Thank you",status_history,5e74d218-c9d3-4248-921c-719159351a38,status_id
58268,status_history:723e3c12-c15c-4b74-a490-28e6aa840e85,TKT-1-202607-00814,status_id,STATUS_UPDATE,"Status Updated",2,7,"Assigned (In Progress)",Resolved,shivaniyadav091298,"2026-07-13 11:54:38","2026-07-13 06:24:38","Tried to contact the user but number not available, kindly update the correct contact details and if issue persists then ticket can be reopened and marking this as resolved,For any further assistance, please contact our support team at: 1800-410-6688",status_history,723e3c12-c15c-4b74-a490-28e6aa840e85,status_id
75376,status_history:93c22979-1eb4-4d8b-a3d3-b3bc8fbfe6f1,TKT-1-202607-00814,status_id,STATUS_UPDATE,"Status Updated",1,2,"Open (New)","Assigned (In Progress)",vikram6singh,"2026-07-04 13:10:11","2026-07-04 07:40:11","Please check",status_history,93c22979-1eb4-4d8b-a3d3-b3bc8fbfe6f1,status_id
129446,status_history:fd8dbde8-5adb-45e1-b169-68baf9522cd7,TKT-1-202607-00814,status_id,STATUS_UPDATE,"Status Updated",3,2,"On Hold (Pending with Requester)","Assigned (In Progress)",shivaniyadav091298,"2026-07-13 11:53:49","2026-07-13 06:23:49","Please check",status_history,fd8dbde8-5adb-45e1-b169-68baf9522cd7,status_id
135696,division_history:507ca1b2-9857-4426-8ff8-30a69f8e21c1,TKT-1-202607-00814,division,DIVISION_UPDATE,"Division Updated",NULL,DIV-003,NULL,"Movement Division",nc15025_01,"2026-07-04 12:57:57","2026-07-04 12:57:57",New,division_history,507ca1b2-9857-4426-8ff8-30a69f8e21c1,division
210965,assignment_history:39eb2900-a461-4d87-b17b-7c349ea31be9,TKT-1-202607-00814,assigned_to,ASSIGNED_TO_UPDATE,"Assigned To Updated",NULL,inzemamul.h,NULL,inzemamul.h,vikram6singh,"2026-07-04 13:10:11","2026-07-04 13:10:11","Please check",assignment_history,39eb2900-a461-4d87-b17b-7c349ea31be9,assigned_to
210966,assignment_history:6865d09f-c258-432b-9427-aa42ac761a58,TKT-1-202607-00814,assigned_to,ASSIGNED_TO_UPDATE,"Assigned To Updated",inzemamul.h,satish.d,inzemamul.h,satish.d,inzemamul.h,"2026-07-04 13:18:23","2026-07-04 13:18:23","Kindly do the needful.",assignment_history,6865d09f-c258-432b-9427-aa42ac761a58,assigned_to
210967,assignment_history:6865d09f-c258-432b-9427-aa42ac761a58,TKT-1-202607-00814,level_id,LEVEL_UPDATE,"Level Updated",,L3,,L3,inzemamul.h,"2026-07-04 13:18:23","2026-07-04 13:18:23","Kindly do the needful.",assignment_history,6865d09f-c258-432b-9427-aa42ac761a58,level_id
210968,assignment_history:399b8778-3318-4e09-b23c-b532d42b9cfa,TKT-1-202607-00814,assigned_to,ASSIGNED_TO_UPDATE,"Assigned To Updated",satish.d,umesh.k,satish.d,umesh.k,umesh.k,"2026-07-06 19:58:39","2026-07-06 19:58:39","Assigning to L2 Team",assignment_history,399b8778-3318-4e09-b23c-b532d42b9cfa,assigned_to
210969,assignment_history:399b8778-3318-4e09-b23c-b532d42b9cfa,TKT-1-202607-00814,level_id,LEVEL_UPDATE,"Level Updated",L3,L2,L3,L2,umesh.k,"2026-07-06 19:58:39","2026-07-06 19:58:39","Assigning to L2 Team",assignment_history,399b8778-3318-4e09-b23c-b532d42b9cfa,level_id
210970,assignment_history:1ae7b6d7-cb18-42d9-88f6-1d3a286b9e3e,TKT-1-202607-00814,assigned_to,ASSIGNED_TO_UPDATE,"Assigned To Updated",umesh.k,shivaniyadav091298,umesh.k,shivaniyadav091298,shivaniyadav091298,"2026-07-13 11:54:05","2026-07-13 11:54:05","Please check",assignment_history,1ae7b6d7-cb18-42d9-88f6-1d3a286b9e3e,assigned_to
210971,assignment_history:1ae7b6d7-cb18-42d9-88f6-1d3a286b9e3e,TKT-1-202607-00814,level_id,LEVEL_UPDATE,"Level Updated",L2,L1,L2,L1,shivaniyadav091298,"2026-07-13 11:54:05","2026-07-13 11:54:05","Please check",assignment_history,1ae7b6d7-cb18-42d9-88f6-1d3a286b9e3e,level_id
27186,status_history:3537d210-0180-42ff-9615-49880be552ef,TKT-1-202607-00820,status_id,STATUS_UPDATE,"Status Updated",2,7,"Assigned (In Progress)",Resolved,satish.d,"2026-07-06 16:38:16","2026-07-06 11:08:16","Based on user comments , issue has been resoleved so closing the ticket",status_history,3537d210-0180-42ff-9615-49880be552ef,status_id
68004,status_history:8534a4ac-9956-48f7-8f7d-447c98ca556d,TKT-1-202607-00820,status_id,STATUS_UPDATE,"Status Updated",1,2,"Open (New)","Assigned (In Progress)",vikram6singh,"2026-07-04 15:12:40","2026-07-04 09:42:40","Please check",status_history,8534a4ac-9956-48f7-8f7d-447c98ca556d,status_id
111198,status_history:d9d1381f-e014-40eb-bbc7-9bf71835e62e,TKT-1-202607-00820,status_id,STATUS_UPDATE,"Status Updated",NULL,1,NULL,"Open (New)",268657,"2026-07-04 13:28:49","2026-07-04 07:58:49",New,status_history,d9d1381f-e014-40eb-bbc7-9bf71835e62e,status_id
146598,division_history:fde17215-d6e9-4d2b-9226-87653bba3441,TKT-1-202607-00820,division,DIVISION_UPDATE,"Division Updated",NULL,DIV-002,NULL,"Storage Division",268657,"2026-07-04 13:28:49","2026-07-04 13:28:49",New,division_history,fde17215-d6e9-4d2b-9226-87653bba3441,division
210998,assignment_history:206bd9b8-5e7a-48d9-a3c0-3762a486bddb,TKT-1-202607-00820,assigned_to,ASSIGNED_TO_UPDATE,"Assigned To Updated",NULL,arti.1.t,NULL,arti.1.t,vikram6singh,"2026-07-04 15:12:40","2026-07-04 15:12:40","Please check",assignment_history,206bd9b8-5e7a-48d9-a3c0-3762a486bddb,assigned_to
210999,assignment_history:e54b2ae1-f277-4cba-bb9d-3265de45265c,TKT-1-202607-00820,assigned_to,ASSIGNED_TO_UPDATE,"Assigned To Updated",arti.1.t,umesh.k,arti.1.t,umesh.k,arti.1.t,"2026-07-04 15:25:17","2026-07-04 15:25:17","Request for Further Course of Action to Complete ISI PV Operations.Kindly do the needful",assignment_history,e54b2ae1-f277-4cba-bb9d-3265de45265c,assigned_to
211000,assignment_history:e54b2ae1-f277-4cba-bb9d-3265de45265c,TKT-1-202607-00820,level_id,LEVEL_UPDATE,"Level Updated",,L2,,L2,arti.1.t,"2026-07-04 15:25:17","2026-07-04 15:25:17","Request for Further Course of Action to Complete ISI PV Operations.Kindly do the needful",assignment_history,e54b2ae1-f277-4cba-bb9d-3265de45265c,level_id
10819,status_history:1503862e-eca9-4f23-ba02-0abf90e043b2,TKT-1-202607-00822,status_id,STATUS_UPDATE,"Status Updated",1,2,"Open (New)","Assigned (In Progress)",vikram6singh,"2026-07-04 15:12:57","2026-07-04 09:42:57","Please check",status_history,1503862e-eca9-4f23-ba02-0abf90e043b2,status_id
37647,status_history:49cd2ddd-6336-4a02-8836-123c109acbf9,TKT-1-202607-00822,status_id,STATUS_UPDATE,"Status Updated",2,7,"Assigned (In Progress)",Resolved,satish.d,"2026-07-06 18:41:51","2026-07-06 13:11:51","ISI PV stacks corrected. Wrong stacks replaced with 17A07, 11A02, 9A01. Done.",status_history,49cd2ddd-6336-4a02-8836-123c109acbf9,status_id
70340,status_history:89ddbe11-0017-4b79-9cde-56e0924e639d,TKT-1-202607-00822,status_id,STATUS_UPDATE,"Status Updated",NULL,1,NULL,"Open (New)",115221,"2026-07-04 13:33:41","2026-07-04 08:03:41",New,status_history,89ddbe11-0017-4b79-9cde-56e0924e639d,status_id
131022,division_history:05d34e68-582e-406c-9554-0e374849fbd1,TKT-1-202607-00822,division,DIVISION_UPDATE,"Division Updated",NULL,DIV-002,NULL,"Storage Division",115221,"2026-07-04 13:33:41","2026-07-04 13:33:41",New,division_history,05d34e68-582e-406c-9554-0e374849fbd1,division
211004,assignment_history:3fce7fc4-b688-4d2d-a104-bf269ac8246b,TKT-1-202607-00822,assigned_to,ASSIGNED_TO_UPDATE,"Assigned To Updated",NULL,pooja.11,NULL,pooja.11,vikram6singh,"2026-07-04 15:12:57","2026-07-04 15:12:57","Please check",assignment_history,3fce7fc4-b688-4d2d-a104-bf269ac8246b,assigned_to
211005,assignment_history:c6ed9552-7b28-4d8d-9046-1810c100db47,TKT-1-202607-00822,assigned_to,ASSIGNED_TO_UPDATE,"Assigned To Updated",pooja.11,satish.d,pooja.11,satish.d,pooja.11,"2026-07-04 16:17:38","2026-07-04 16:17:38","Kindly do the needful.",assignment_history,c6ed9552-7b28-4d8d-9046-1810c100db47,assigned_to
211006,assignment_history:c6ed9552-7b28-4d8d-9046-1810c100db47,TKT-1-202607-00822,level_id,LEVEL_UPDATE,"Level Updated",,L3,,L3,pooja.11,"2026-07-04 16:17:38","2026-07-04 16:17:38","Kindly do the needful.",assignment_history,c6ed9552-7b28-4d8d-9046-1810c100db47,level_id
20276,status_history:2786887e-2d22-46fe-b180-feaa21f87d7a,TKT-1-202607-00824,status_id,STATUS_UPDATE,"Status Updated",NULL,1,NULL,"Open (New)",312492,"2026-07-04 13:35:23","2026-07-04 08:05:23",New,status_history,2786887e-2d22-46fe-b180-feaa21f87d7a,status_id
62772,status_history:7afd1e26-8205-4343-a990-d67c0c9f0ed8,TKT-1-202607-00824,status_id,STATUS_UPDATE,"Status Updated",2,7,"Assigned (In Progress)",Resolved,pooja.11,"2026-07-06 17:25:13","2026-07-06 11:55:13","Kindly refer the comment box. For Further assistance, please contact our Support team at: 1800 410 6688.",status_history,7afd1e26-8205-4343-a990-d67c0c9f0ed8,status_id
96817,status_history:be0b3f4b-b4c8-451c-a917-b5e9ab35d6a4,TKT-1-202607-00824,status_id,STATUS_UPDATE,"Status Updated",7,2,Resolved,"Assigned (In Progress)",vikram6singh,"2026-07-08 14:07:11","2026-07-08 08:37:11","Please check.",status_history,be0b3f4b-b4c8-451c-a917-b5e9ab35d6a4,status_id
97016,status_history:be76a1eb-5f59-4a87-b7fc-4be26e9e65b0,TKT-1-202607-00824,status_id,STATUS_UPDATE,"Status Updated",1,2,"Open (New)","Assigned (In Progress)",vikram6singh,"2026-07-04 15:13:08","2026-07-04 09:43:08","Please check",status_history,be76a1eb-5f59-4a87-b7fc-4be26e9e65b0,status_id
98885,status_history:c20cbaf2-8d10-4356-855e-86419fea327d,TKT-1-202607-00824,status_id,STATUS_UPDATE,"Status Updated",2,7,"Assigned (In Progress)",Resolved,pooja.11,"2026-07-08 14:09:44","2026-07-08 08:39:44","Kindly refer the comment box. For Further assistance, please contact our Support team at: 1800 410 6688.",status_history,c20cbaf2-8d10-4356-855e-86419fea327d,status_id
140401,division_history:9be43bf2-58a6-4fdc-8a48-533d5f276ddf,TKT-1-202607-00824,division,DIVISION_UPDATE,"Division Updated",NULL,DIV-005,NULL,"Stocks/PV Division",312492,"2026-07-04 13:35:23","2026-07-04 13:35:23",New,division_history,9be43bf2-58a6-4fdc-8a48-533d5f276ddf,division
211010,assignment_history:cbfb73fa-148f-4650-864f-321e02b5e119,TKT-1-202607-00824,assigned_to,ASSIGNED_TO_UPDATE,"Assigned To Updated",NULL,pooja.11,NULL,pooja.11,vikram6singh,"2026-07-04 15:13:08","2026-07-04 15:13:08","Please check",assignment_history,cbfb73fa-148f-4650-864f-321e02b5e119,assigned_to
211011,assignment_history:fd990258-4308-4ea5-a0eb-6adc309ba7df,TKT-1-202607-00824,assigned_to,ASSIGNED_TO_UPDATE,"Assigned To Updated",pooja.11,satish.d,pooja.11,satish.d,pooja.11,"2026-07-04 16:26:48","2026-07-04 16:26:48","Kindly do the needful.",assignment_history,fd990258-4308-4ea5-a0eb-6adc309ba7df,assigned_to
211012,assignment_history:fd990258-4308-4ea5-a0eb-6adc309ba7df,TKT-1-202607-00824,level_id,LEVEL_UPDATE,"Level Updated",,L3,,L3,pooja.11,"2026-07-04 16:26:48","2026-07-04 16:26:48","Kindly do the needful.",assignment_history,fd990258-4308-4ea5-a0eb-6adc309ba7df,level_id
211013,assignment_history:1548d9b9-b9cf-4435-8fda-ecc755df774d,TKT-1-202607-00824,assigned_to,ASSIGNED_TO_UPDATE,"Assigned To Updated",satish.d,mukeshkumar,satish.d,mukeshkumar,satish.d,"2026-07-05 22:17:01","2026-07-05 22:17:01","Please check",assignment_history,1548d9b9-b9cf-4435-8fda-ecc755df774d,assigned_to
211014,assignment_history:f9b73248-faec-4fa2-a6cd-856f880dac75,TKT-1-202607-00824,assigned_to,ASSIGNED_TO_UPDATE,"Assigned To Updated",mukeshkumar,pooja.11,mukeshkumar,pooja.11,pooja.11,"2026-07-06 14:00:33","2026-07-06 14:00:33","Pls check.",assignment_history,f9b73248-faec-4fa2-a6cd-856f880dac75,assigned_to
211015,assignment_history:71ce1d38-a551-4337-a0ec-54308bc17f23,TKT-1-202607-00824,assigned_to,ASSIGNED_TO_UPDATE,"Assigned To Updated",pooja.11,vikram6singh,pooja.11,vikram6singh,vikram6singh,"2026-07-08 14:07:11","2026-07-08 14:07:11","Please check.",assignment_history,71ce1d38-a551-4337-a0ec-54308bc17f23,assigned_to
211016,assignment_history:2a8b5a38-46a9-4035-b751-524b3e134b62,TKT-1-202607-00824,assigned_to,ASSIGNED_TO_UPDATE,"Assigned To Updated",vikram6singh,pooja.11,vikram6singh,pooja.11,vikram6singh,"2026-07-08 14:07:23","2026-07-08 14:07:23","Please check.",assignment_history,2a8b5a38-46a9-4035-b751-524b3e134b62,assigned_to
12339,status_history:17fbb30a-ba30-4b3a-8daf-96736442a1cd,TKT-1-202607-00829,status_id,STATUS_UPDATE,"Status Updated",NULL,1,NULL,"Open (New)",312492,"2026-07-04 13:59:07","2026-07-04 08:29:07",New,status_history,17fbb30a-ba30-4b3a-8daf-96736442a1cd,status_id
45047,status_history:58546ee2-ee5a-46ba-9234-c66440ec5000,TKT-1-202607-00829,status_id,STATUS_UPDATE,"Status Updated",1,2,"Open (New)","Assigned (In Progress)",vikram6singh,"2026-07-04 15:13:47","2026-07-04 09:43:47","Please check",status_history,58546ee2-ee5a-46ba-9234-c66440ec5000,status_id
95784,status_history:bbeda9bb-0455-4a6f-b108-bbb167d00ff0,TKT-1-202607-00829,status_id,STATUS_UPDATE,"Status Updated",2,7,"Assigned (In Progress)",Resolved,richa.k,"2026-07-06 17:22:32","2026-07-06 11:52:32","Please refer the comment section, For any further assistance, please contact our support team at : 1800-410-6688.",status_history,bbeda9bb-0455-4a6f-b108-bbb167d00ff0,status_id
136778,division_history:61704880-22dc-44f0-914d-00d434bfb113,TKT-1-202607-00829,division,DIVISION_UPDATE,"Division Updated",NULL,DIV-005,NULL,"Stocks/PV Division",312492,"2026-07-04 13:59:07","2026-07-04 13:59:07",New,division_history,61704880-22dc-44f0-914d-00d434bfb113,division
211033,assignment_history:b191120a-1bef-4084-af4f-824f2c9996d2,TKT-1-202607-00829,assigned_to,ASSIGNED_TO_UPDATE,"Assigned To Updated",NULL,richa.k,NULL,richa.k,vikram6singh,"2026-07-04 15:13:47","2026-07-04 15:13:47","Please check",assignment_history,b191120a-1bef-4084-af4f-824f2c9996d2,assigned_to
1436,status_history:02949493-c47f-4228-baa5-ef4657f545d8,TKT-1-202607-00830,status_id,STATUS_UPDATE,"Status Updated",NULL,1,NULL,"Open (New)",276377,"2026-07-04 13:59:31","2026-07-04 08:29:31",New,status_history,02949493-c47f-4228-baa5-ef4657f545d8,status_id
62557,status_history:7a9ca29c-ad71-42f7-a7e6-88215ae95973,TKT-1-202607-00830,status_id,STATUS_UPDATE,"Status Updated",2,7,"Assigned (In Progress)",Resolved,sanjeet.k,"2026-07-07 16:25:38","2026-07-07 10:55:38","As per the sop mixing of crop year is not allowed in the system. kindly perform the operation accordingly. For any further assistance, please contact our support team at 📞 1800-410-6688.",status_history,7a9ca29c-ad71-42f7-a7e6-88215ae95973,status_id
68258,status_history:85baa842-2f31-4675-8a39-00c567d62f0b,TKT-1-202607-00830,status_id,STATUS_UPDATE,"Status Updated",1,2,"Open (New)","Assigned (In Progress)",vikram6singh,"2026-07-04 15:13:52","2026-07-04 09:43:52","Please check",status_history,85baa842-2f31-4675-8a39-00c567d62f0b,status_id
136842,division_history:62a8c01c-045b-47cf-9526-8c792f11d27e,TKT-1-202607-00830,division,DIVISION_UPDATE,"Division Updated",NULL,DIV-003,NULL,"Movement Division",276377,"2026-07-04 13:59:31","2026-07-04 13:59:31",New,division_history,62a8c01c-045b-47cf-9526-8c792f11d27e,division
211034,assignment_history:da734cfb-6613-4756-9905-58006c3a2b40,TKT-1-202607-00830,assigned_to,ASSIGNED_TO_UPDATE,"Assigned To Updated",NULL,sanjeet.k,NULL,sanjeet.k,vikram6singh,"2026-07-04 15:13:52","2026-07-04 15:13:52","Please check",assignment_history,da734cfb-6613-4756-9905-58006c3a2b40,assigned_to
16662,status_history:20777df5-4588-46ee-a157-6889bc7072d0,TKT-1-202607-00835,status_id,STATUS_UPDATE,"Status Updated",1,2,"Open (New)","Assigned (In Progress)",vikram6singh,"2026-07-04 15:14:25","2026-07-04 09:44:25","Please check",status_history,20777df5-4588-46ee-a157-6889bc7072d0,status_id
82994,status_history:a2bab20b-62ab-41ed-a29a-f82c5423bc73,TKT-1-202607-00835,status_id,STATUS_UPDATE,"Status Updated",2,5,"Assigned (In Progress)","On Hold (Pending with FCI)",anshu.r,"2026-07-21 12:54:21","2026-07-21 07:24:21","Please do confirm to take the further course of action as per the user request. However, the mentioned ticket TKT-1-202606-02035 resolved as per the user confirmation.",status_history,a2bab20b-62ab-41ed-a29a-f82c5423bc73,status_id
86120,status_history:a8e67ed5-6e21-495d-94da-4f1786bba20b,TKT-1-202607-00835,status_id,STATUS_UPDATE,"Status Updated",NULL,1,NULL,"Open (New)",158725,"2026-07-04 14:27:21","2026-07-04 08:57:21",New,status_history,a8e67ed5-6e21-495d-94da-4f1786bba20b,status_id
100872,status_history:c5ca856c-31d7-4195-9c33-200f31f4e3ea,TKT-1-202607-00835,status_id,STATUS_UPDATE,"Status Updated",2,3,"Assigned (In Progress)","On Hold (Pending with Requester)",anshu.r,"2026-07-06 10:59:26","2026-07-06 05:29:26","kindly share the exact details of the issue with screenshot for our further investigation. For further assistance, please contact our support team at : 1800-410-6688",status_history,c5ca856c-31d7-4195-9c33-200f31f4e3ea,status_id
113751,status_history:dee568dd-0df1-4522-ad5d-8b6c7b3df0b5,TKT-1-202607-00835,status_id,STATUS_UPDATE,"Status Updated",3,2,"On Hold (Pending with Requester)","Assigned (In Progress)",158725,"2026-07-06 15:22:40","2026-07-06 09:52:40","Kindly check screenshots, pdf and comment.",status_history,dee568dd-0df1-4522-ad5d-8b6c7b3df0b5,status_id
136404,division_history:5b76c028-85b9-448a-82a0-d6dd4f9de882,TKT-1-202607-00835,division,DIVISION_UPDATE,"Division Updated",NULL,DIV-004,NULL,"Quality Division",158725,"2026-07-04 14:27:21","2026-07-04 14:27:21",New,division_history,5b76c028-85b9-448a-82a0-d6dd4f9de882,division
211047,assignment_history:8b3ecce6-8538-41f8-abb0-2dc1a893d51d,TKT-1-202607-00835,assigned_to,ASSIGNED_TO_UPDATE,"Assigned To Updated",NULL,anshu.r,NULL,anshu.r,vikram6singh,"2026-07-04 15:14:25","2026-07-04 15:14:25","Please check",assignment_history,8b3ecce6-8538-41f8-abb0-2dc1a893d51d,assigned_to
211048,assignment_history:e41261b3-5c9d-45bc-8da2-46013ce2bd4b,TKT-1-202607-00835,assigned_to,ASSIGNED_TO_UPDATE,"Assigned To Updated",anshu.r,satish.d,anshu.r,satish.d,anshu.r,"2026-07-07 16:02:46","2026-07-07 16:02:46","Kindly do the needful",assignment_history,e41261b3-5c9d-45bc-8da2-46013ce2bd4b,assigned_to
211049,assignment_history:e41261b3-5c9d-45bc-8da2-46013ce2bd4b,TKT-1-202607-00835,level_id,LEVEL_UPDATE,"Level Updated",,L3,,L3,anshu.r,"2026-07-07 16:02:46","2026-07-07 16:02:46","Kindly do the needful",assignment_history,e41261b3-5c9d-45bc-8da2-46013ce2bd4b,level_id
211050,assignment_history:fc8498a4-4a6c-4a37-8b06-f0775d66b325,TKT-1-202607-00835,assigned_to,ASSIGNED_TO_UPDATE,"Assigned To Updated",satish.d,anshu.r,satish.d,anshu.r,mukeshkumar,"2026-07-20 12:47:15","2026-07-20 12:47:15","Please coordinate with the user and ask to send email to take the further course of action. And send this ticekt for approval to concerned division.",assignment_history,fc8498a4-4a6c-4a37-8b06-f0775d66b325,assigned_to
224728,50a918c7-6f99-41a0-85bf-cde7830a89b8,TKT-1-202607-00835,status_id,STATUS_UPDATE,"Status Updated",5,2,"On Hold (Pending with FCI)","Assigned (In Progress)",satish.d,"2026-08-05 11:56:19","2026-08-05 06:26:19","Issue has been resolved. Kindly check now",NULL,NULL,NULL
224729,50a918c7-6f99-41a0-85bf-cde7830a89b8,TKT-1-202607-00835,is_assigned_back_from_fci,ASSIGNED_BACK_FROM_FCI_UPDATE,"Assigned Back From FCI Updated",NULL,NULL,false,true,satish.d,"2026-08-05 11:56:19","2026-08-05 06:26:19","Issue has been resolved. Kindly check now",NULL,NULL,NULL
224738,28b1d27f-d15c-4f8c-a870-58a6cbdae2df,TKT-1-202607-00835,assigned_to,ASSIGNED_TO_UPDATE,"Assigned To Updated",anshu.r,satish.d,anshu.r,satish.d,satish.d,"2026-08-05 11:57:24","2026-08-05 06:27:24","Assigning to satish ID",NULL,NULL,NULL
224739,28b1d27f-d15c-4f8c-a870-58a6cbdae2df,TKT-1-202607-00835,assigned_to_level,ASSIGNED_TO_LEVEL_UPDATE,"Assigned To Level Updated",NULL,NULL,,L3,satish.d,"2026-08-05 11:57:24","2026-08-05 06:27:24","Assigning to satish ID",NULL,NULL,NULL
224753,a4017c32-5ad4-448f-a73e-3018e11c6443,TKT-1-202607-00835,status_id,STATUS_UPDATE,"Status Updated",2,7,"Assigned (In Progress)",Resolved,satish.d,"2026-08-05 11:58:24","2026-08-05 06:28:24","1B06 Stack status has been updated. Kindly check now. Feel free to reopen this ticket incase of any issues. Thanks",NULL,NULL,NULL
226401,998653ae-b72f-454b-8461-b6bb6c105be0,TKT-1-202607-00835,status_id,STATUS_UPDATE,"Status Updated",7,8,Resolved,Closed,158725,"2026-08-06 12:44:37","2026-08-06 07:14:37","Issue has been resolved and the ticket can be closed. Thank you",NULL,NULL,NULL
21109,status_history:29298919-7b9c-4f9f-bb12-58d16c5a0c6b,TKT-1-202607-00838,status_id,STATUS_UPDATE,"Status Updated",3,2,"On Hold (Pending with Requester)","Assigned (In Progress)",238672,"2026-07-16 12:05:40","2026-07-16 06:35:40",resolve,status_history,29298919-7b9c-4f9f-bb12-58d16c5a0c6b,status_id
29896,status_history:3a849c0f-6c74-4863-9d19-f7300bb96c48,TKT-1-202607-00838,status_id,STATUS_UPDATE,"Status Updated",2,3,"Assigned (In Progress)","On Hold (Pending with Requester)",umesh.k,"2026-07-06 19:41:00","2026-07-06 14:11:00","Dear sir/madam, could you please share us the actual stock position in IRRS for Wheat and Rice so that we will compare and let you know why this mismatch has occured. Thank you",status_history,3a849c0f-6c74-4863-9d19-f7300bb96c48,status_id
39342,status_history:4cfaafdc-07ad-40bb-8b87-dea0a3d259d2,TKT-1-202607-00838,status_id,STATUS_UPDATE,"Status Updated",3,2,"On Hold (Pending with Requester)","Assigned (In Progress)",238672,"2026-07-07 15:47:10","2026-07-07 10:17:10","Document attached for the furthur query kindly connect on 8878848189",status_history,4cfaafdc-07ad-40bb-8b87-dea0a3d259d2,status_id
50467,status_history:63034912-38c2-496a-ae83-162059c129a8,TKT-1-202607-00838,status_id,STATUS_UPDATE,"Status Updated",2,7,"Assigned (In Progress)",Resolved,umesh.k,"2026-07-17 11:54:11","2026-07-17 06:24:11","Closing this ticket as per the remarked "resolve"",status_history,63034912-38c2-496a-ae83-162059c129a8,status_id
54494,status_history:6ae16102-dcda-4e57-9a99-cb09368d263e,TKT-1-202607-00838,status_id,STATUS_UPDATE,"Status Updated",1,2,"Open (New)","Assigned (In Progress)",vikram6singh,"2026-07-04 15:14:47","2026-07-04 09:44:47","Please check",status_history,6ae16102-dcda-4e57-9a99-cb09368d263e,status_id
80701,status_history:9e08f8f5-5c80-4201-b832-67eb28ee6ced,TKT-1-202607-00838,status_id,STATUS_UPDATE,"Status Updated",NULL,1,NULL,"Open (New)",238672,"2026-07-04 14:31:05","2026-07-04 09:01:05",New,status_history,9e08f8f5-5c80-4201-b832-67eb28ee6ced,status_id
91261,status_history:b32729c2-86e4-4869-8baf-7ccbe30293fe,TKT-1-202607-00838,status_id,STATUS_UPDATE,"Status Updated",2,3,"Assigned (In Progress)","On Hold (Pending with Requester)",umesh.k,"2026-07-08 18:49:36","2026-07-08 13:19:36","Dear sir/madam, we have verified and attached the pdfs which contains the stock positions of all the depots under your division. please refer those, any discrapencies is due to the transactions that are not performed in Anna Darpan. Thank you",status_history,b32729c2-86e4-4869-8baf-7ccbe30293fe,status_id
137020,division_history:6579faa4-d933-4842-9923-2d5d3c41ea4e,TKT-1-202607-00838,division,DIVISION_UPDATE,"Division Updated",NULL,DIV-003,NULL,"Movement Division",238672,"2026-07-04 14:31:05","2026-07-04 14:31:05",New,division_history,6579faa4-d933-4842-9923-2d5d3c41ea4e,division
211053,assignment_history:6cb4d4b8-4ed5-4b35-b3b1-6fb3833c7646,TKT-1-202607-00838,assigned_to,ASSIGNED_TO_UPDATE,"Assigned To Updated",NULL,saroj.m,NULL,saroj.m,vikram6singh,"2026-07-04 15:14:47","2026-07-04 15:14:47","Please check",assignment_history,6cb4d4b8-4ed5-4b35-b3b1-6fb3833c7646,assigned_to
211054,assignment_history:c82ffcb8-0b3a-4b2e-9984-b72ac7e88a30,TKT-1-202607-00838,assigned_to,ASSIGNED_TO_UPDATE,"Assigned To Updated",saroj.m,umesh.k,saroj.m,umesh.k,saroj.m,"2026-07-04 17:13:03","2026-07-04 17:13:03","Please look into this issue.",assignment_history,c82ffcb8-0b3a-4b2e-9984-b72ac7e88a30,assigned_to
211055,assignment_history:c82ffcb8-0b3a-4b2e-9984-b72ac7e88a30,TKT-1-202607-00838,level_id,LEVEL_UPDATE,"Level Updated",,L2,,L2,saroj.m,"2026-07-04 17:13:03","2026-07-04 17:13:03","Please look into this issue.",assignment_history,c82ffcb8-0b3a-4b2e-9984-b72ac7e88a30,level_id
27627,status_history:360f92b4-1aea-4a5d-ba56-6cc1c3df9e12,TKT-1-202607-00842,status_id,STATUS_UPDATE,"Status Updated",1,2,"Open (New)","Assigned (In Progress)",vikram6singh,"2026-07-04 15:16:12","2026-07-04 09:46:12","Please check",status_history,360f92b4-1aea-4a5d-ba56-6cc1c3df9e12,status_id
61402,status_history:7845b725-fbc7-4fee-a347-1adef56b71d3,TKT-1-202607-00842,status_id,STATUS_UPDATE,"Status Updated",NULL,1,NULL,"Open (New)",130042,"2026-07-04 14:44:10","2026-07-04 09:14:10",New,status_history,7845b725-fbc7-4fee-a347-1adef56b71d3,status_id
76795,status_history:9693152d-4381-4f55-847e-cdcab18705a7,TKT-1-202607-00842,status_id,STATUS_UPDATE,"Status Updated",2,7,"Assigned (In Progress)",Resolved,satish.d,"2026-07-10 10:35:37","2026-07-10 05:05:37","we hope issue has been resolved so we are closing the ticket if not please reopen",status_history,9693152d-4381-4f55-847e-cdcab18705a7,status_id
120491,status_history:ebff6fbf-f897-4c7d-8fb7-3bf56a5c5920,TKT-1-202607-00842,status_id,STATUS_UPDATE,"Status Updated",7,8,Resolved,Closed,130042,"2026-07-10 13:06:33","2026-07-10 07:36:33","Please close",status_history,ebff6fbf-f897-4c7d-8fb7-3bf56a5c5920,status_id
142031,division_history:b50f93e4-7289-48ff-b52c-6a5136f4ea7a,TKT-1-202607-00842,division,DIVISION_UPDATE,"Division Updated",NULL,DIV-005,NULL,"Stocks/PV Division",130042,"2026-07-04 14:44:10","2026-07-04 14:44:10",New,division_history,b50f93e4-7289-48ff-b52c-6a5136f4ea7a,division
211065,assignment_history:40696aa0-1e1f-4bf1-8897-93cd870669a2,TKT-1-202607-00842,assigned_to,ASSIGNED_TO_UPDATE,"Assigned To Updated",NULL,inzemamul.h,NULL,inzemamul.h,vikram6singh,"2026-07-04 15:16:12","2026-07-04 15:16:12","Please check",assignment_history,40696aa0-1e1f-4bf1-8897-93cd870669a2,assigned_to
211066,assignment_history:62073cbd-a331-4674-ba36-f70e2d8b165a,TKT-1-202607-00842,assigned_to,ASSIGNED_TO_UPDATE,"Assigned To Updated",inzemamul.h,satish.d,inzemamul.h,satish.d,inzemamul.h,"2026-07-04 17:47:11","2026-07-04 17:47:11","Kindly do the needful.",assignment_history,62073cbd-a331-4674-ba36-f70e2d8b165a,assigned_to
211067,assignment_history:62073cbd-a331-4674-ba36-f70e2d8b165a,TKT-1-202607-00842,level_id,LEVEL_UPDATE,"Level Updated",,L3,,L3,inzemamul.h,"2026-07-04 17:47:11","2026-07-04 17:47:11","Kindly do the needful.",assignment_history,62073cbd-a331-4674-ba36-f70e2d8b165a,level_id
19646,status_history:2654371a-f061-4dcb-a944-0993734a3134,TKT-1-202607-00844,status_id,STATUS_UPDATE,"Status Updated",NULL,1,NULL,"Open (New)",224371,"2026-07-04 14:57:28","2026-07-04 09:27:28",New,status_history,2654371a-f061-4dcb-a944-0993734a3134,status_id
25588,status_history:31fc775b-d02d-44b4-935c-af2a3d3d79d0,TKT-1-202607-00844,status_id,STATUS_UPDATE,"Status Updated",2,7,"Assigned (In Progress)",Resolved,satish.d,"2026-07-07 10:56:59","2026-07-07 05:26:59","user requested the ticket to be closed as the issue has been resolved. Closing the ticket based on the user's confirmation.",status_history,31fc775b-d02d-44b4-935c-af2a3d3d79d0,status_id
109195,status_history:d5e974d9-221e-4a45-8cc9-30fcfb4d7f08,TKT-1-202607-00844,status_id,STATUS_UPDATE,"Status Updated",1,2,"Open (New)","Assigned (In Progress)",vikram6singh,"2026-07-04 15:16:27","2026-07-04 09:46:27","Please check",status_history,d5e974d9-221e-4a45-8cc9-30fcfb4d7f08,status_id
133625,division_history:2eec3b02-4330-4d5a-aa8d-30e17825c212,TKT-1-202607-00844,division,DIVISION_UPDATE,"Division Updated",NULL,DIV-002,NULL,"Storage Division",224371,"2026-07-04 14:57:28","2026-07-04 14:57:28",New,division_history,2eec3b02-4330-4d5a-aa8d-30e17825c212,division
211069,assignment_history:55be8ca7-bed1-4a12-9316-4e37e4aacc5e,TKT-1-202607-00844,assigned_to,ASSIGNED_TO_UPDATE,"Assigned To Updated",NULL,inzemamul.h,NULL,inzemamul.h,vikram6singh,"2026-07-04 15:16:27","2026-07-04 15:16:27","Please check",assignment_history,55be8ca7-bed1-4a12-9316-4e37e4aacc5e,assigned_to
211070,assignment_history:7d4b6914-200e-480d-956f-5eb2454a1c65,TKT-1-202607-00844,assigned_to,ASSIGNED_TO_UPDATE,"Assigned To Updated",inzemamul.h,satish.d,inzemamul.h,satish.d,inzemamul.h,"2026-07-04 17:44:46","2026-07-04 17:44:46","Kindly do the needful.",assignment_history,7d4b6914-200e-480d-956f-5eb2454a1c65,assigned_to
211071,assignment_history:7d4b6914-200e-480d-956f-5eb2454a1c65,TKT-1-202607-00844,level_id,LEVEL_UPDATE,"Level Updated",,L3,,L3,inzemamul.h,"2026-07-04 17:44:46","2026-07-04 17:44:46","Kindly do the needful.",assignment_history,7d4b6914-200e-480d-956f-5eb2454a1c65,level_id
6875,status_history:0d646fea-c981-4798-bea3-64739490fcbe,TKT-1-202607-00846,status_id,STATUS_UPDATE,"Status Updated",NULL,1,NULL,"Open (New)",FB13_ADMIN,"2026-07-04 15:03:28","2026-07-04 09:33:28",New,status_history,0d646fea-c981-4798-bea3-64739490fcbe,status_id
10855,status_history:1512ac45-9a7f-43a9-9b56-6016b62e921a,TKT-1-202607-00846,status_id,STATUS_UPDATE,"Status Updated",2,7,"Assigned (In Progress)",Resolved,satish.d,"2026-07-18 11:55:27","2026-07-18 06:25:27","Closing this ticket as per user's confirmation",status_history,1512ac45-9a7f-43a9-9b56-6016b62e921a,status_id
26076,status_history:33062c30-1a76-43a1-950e-4728f4013d7d,TKT-1-202607-00846,status_id,STATUS_UPDATE,"Status Updated",1,2,"Open (New)","Assigned (In Progress)",vikram6singh,"2026-07-04 15:17:23","2026-07-04 09:47:23","Please check",status_history,33062c30-1a76-43a1-950e-4728f4013d7d,status_id
77444,status_history:97cb54a8-9eaa-4639-aa44-80394abb740d,TKT-1-202607-00846,status_id,STATUS_UPDATE,"Status Updated",2,3,"Assigned (In Progress)","On Hold (Pending with Requester)",satish.d,"2026-07-06 10:50:18","2026-07-06 05:20:18","Solution has been updated in comment section Please check",status_history,97cb54a8-9eaa-4639-aa44-80394abb740d,status_id
77505,status_history:97e72bc9-083f-4349-b5ee-b3d7c5f8c899,TKT-1-202607-00846,status_id,STATUS_UPDATE,"Status Updated",2,3,"Assigned (In Progress)","On Hold (Pending with Requester)",umesh.k,"2026-07-14 17:07:32","2026-07-14 11:37:32","Dear sir/madam, please refer the comments added",status_history,97e72bc9-083f-4349-b5ee-b3d7c5f8c899,status_id
120861,status_history:ecb1031c-7cda-4237-a3b0-af6203126806,TKT-1-202607-00846,status_id,STATUS_UPDATE,"Status Updated",3,2,"On Hold (Pending with Requester)","Assigned (In Progress)",FB13_ADMIN,"2026-07-10 15:34:14","2026-07-10 10:04:14","But the user is also assigned to Jorhat through Role and Scope Association",status_history,ecb1031c-7cda-4237-a3b0-af6203126806,status_id
122347,status_history:efb13362-605d-4bc0-8bb8-c13727b8faa8,TKT-1-202607-00846,status_id,STATUS_UPDATE,"Status Updated",3,2,"On Hold (Pending with Requester)","Assigned (In Progress)",FB13_ADMIN,"2026-07-15 14:06:39","2026-07-15 08:36:39","Okay close the ticket for now",status_history,efb13362-605d-4bc0-8bb8-c13727b8faa8,status_id
140473,division_history:9ce89750-1ee8-4f68-83e5-0eed73eb053f,TKT-1-202607-00846,division,DIVISION_UPDATE,"Division Updated",NULL,DIV-008,NULL,"IT Division",FB13_ADMIN,"2026-07-04 15:03:28","2026-07-04 15:03:28",New,division_history,9ce89750-1ee8-4f68-83e5-0eed73eb053f,division
211075,assignment_history:1772a2c1-2e2a-4f4d-8b94-4130092b6bfd,TKT-1-202607-00846,assigned_to,ASSIGNED_TO_UPDATE,"Assigned To Updated",NULL,anuj.s,NULL,anuj.s,vikram6singh,"2026-07-04 15:17:23","2026-07-04 15:17:23","Please check",assignment_history,1772a2c1-2e2a-4f4d-8b94-4130092b6bfd,assigned_to
211076,assignment_history:90020689-5504-449d-b7c4-657ef1762256,TKT-1-202607-00846,assigned_to,ASSIGNED_TO_UPDATE,"Assigned To Updated",anuj.s,satish.d,anuj.s,satish.d,anuj.s,"2026-07-06 09:57:46","2026-07-06 09:57:46","Please look into the issue.",assignment_history,90020689-5504-449d-b7c4-657ef1762256,assigned_to
211077,assignment_history:90020689-5504-449d-b7c4-657ef1762256,TKT-1-202607-00846,level_id,LEVEL_UPDATE,"Level Updated",,L3,,L3,anuj.s,"2026-07-06 09:57:46","2026-07-06 09:57:46","Please look into the issue.",assignment_history,90020689-5504-449d-b7c4-657ef1762256,level_id
211078,assignment_history:bba4905f-eb8d-4892-aa05-e235a33f24e4,TKT-1-202607-00846,assigned_to,ASSIGNED_TO_UPDATE,"Assigned To Updated",satish.d,umesh.k,satish.d,umesh.k,umesh.k,"2026-07-14 16:25:38","2026-07-14 16:25:38","Assigning to L2 Team",assignment_history,bba4905f-eb8d-4892-aa05-e235a33f24e4,assigned_to
211079,assignment_history:bba4905f-eb8d-4892-aa05-e235a33f24e4,TKT-1-202607-00846,level_id,LEVEL_UPDATE,"Level Updated",L3,L2,L3,L2,umesh.k,"2026-07-14 16:25:38","2026-07-14 16:25:38","Assigning to L2 Team",assignment_history,bba4905f-eb8d-4892-aa05-e235a33f24e4,level_id
1688,status_history:0315d11a-46ef-4f3d-b637-2e04c064c789,TKT-1-202607-00857,status_id,STATUS_UPDATE,"Status Updated",10,2,Reopened,"Assigned (In Progress)",vikram6singh,"2026-07-10 16:49:34","2026-07-10 11:19:34","Please check.",status_history,0315d11a-46ef-4f3d-b637-2e04c064c789,status_id
2068,status_history:03e3182c-899c-4812-99b4-1d7ac8957ee5,TKT-1-202607-00857,status_id,STATUS_UPDATE,"Status Updated",2,7,"Assigned (In Progress)",Resolved,satish.d,"2026-07-10 16:05:24","2026-07-10 10:35:24","we hope issue has been resolved we are closing the ticket please reopen if any issue still persists",status_history,03e3182c-899c-4812-99b4-1d7ac8957ee5,status_id
7608,status_history:0ec1c2a2-8b38-42c8-8f41-69c42e797d41,TKT-1-202607-00857,status_id,STATUS_UPDATE,"Status Updated",7,10,Resolved,Reopened,120237,"2026-07-09 16:29:05","2026-07-09 10:59:05","The problem still persist and the ISI PV team couldn't Complete PV due to this duplicate token. Please resolve the issue or guide us to complete the issue. For further details, please contact- 9526888024",status_history,0ec1c2a2-8b38-42c8-8f41-69c42e797d41,status_id
16596,status_history:2054485d-a100-42fb-9a9e-61583034a59f,TKT-1-202607-00857,status_id,STATUS_UPDATE,"Status Updated",3,2,"On Hold (Pending with Requester)","Assigned (In Progress)",120237,"2026-07-10 11:36:15","2026-07-10 06:06:15","Details are provided for your cosideration and necessary action",status_history,2054485d-a100-42fb-9a9e-61583034a59f,status_id
23357,status_history:2d96b342-2de5-481a-b04f-3c830baeea62,TKT-1-202607-00857,status_id,STATUS_UPDATE,"Status Updated",2,7,"Assigned (In Progress)",Resolved,richa.k,"2026-07-07 14:35:57","2026-07-07 09:05:57","Refer the comment section, For further assistance, please contact our support team at: 1800-410-6688. 6006874921.",status_history,2d96b342-2de5-481a-b04f-3c830baeea62,status_id
25960,status_history:32ce8e40-1c37-40f1-84a0-f73ebe545436,TKT-1-202607-00857,status_id,STATUS_UPDATE,"Status Updated",7,10,Resolved,Reopened,120237,"2026-07-10 16:32:09","2026-07-10 11:02:09","Ticket reopened as the complete PV not accepted. showing truck No KL11B3057 apearing two times as pending for "outweight, Stacking" & " Loading, OUtweight, Stacking". Plaese find the attached details.",status_history,32ce8e40-1c37-40f1-84a0-f73ebe545436,status_id
28595,status_history:3805490c-188c-46f6-87ff-6d8d5c2f823e,TKT-1-202607-00857,status_id,STATUS_UPDATE,"Status Updated",2,7,"Assigned (In Progress)",Resolved,satish.d,"2026-07-10 15:15:26","2026-07-10 09:45:26","we hope issue has been resolved we are closing the ticket please reopen if any issue still persists",status_history,3805490c-188c-46f6-87ff-6d8d5c2f823e,status_id
30701,status_history:3c20528b-33a1-46b5-930c-88ea406e7e0c,TKT-1-202607-00857,status_id,STATUS_UPDATE,"Status Updated",NULL,1,NULL,"Open (New)",120237,"2026-07-04 16:16:49","2026-07-04 10:46:49",New,status_history,3c20528b-33a1-46b5-930c-88ea406e7e0c,status_id
36803,status_history:481f5b84-1f74-49b1-bd9d-08a8a3c85243,TKT-1-202607-00857,status_id,STATUS_UPDATE,"Status Updated",10,2,Reopened,"Assigned (In Progress)",vikram6singh,"2026-07-10 15:36:32","2026-07-10 10:06:32","Please check.",status_history,481f5b84-1f74-49b1-bd9d-08a8a3c85243,status_id
39367,status_history:4d067fad-d0d3-47e8-99d9-a14c1568c5ee,TKT-1-202607-00857,status_id,STATUS_UPDATE,"Status Updated",2,7,"Assigned (In Progress)",Resolved,satish.d,"2026-07-13 11:24:54","2026-07-13 05:54:54","we hope issue has been resolved so we are closing the ticket if not please reopen",status_history,4d067fad-d0d3-47e8-99d9-a14c1568c5ee,status_id
40600,status_history:4f5e4302-3015-45b0-a308-c7e3d8170c1a,TKT-1-202607-00857,status_id,STATUS_UPDATE,"Status Updated",3,2,"On Hold (Pending with Requester)","Assigned (In Progress)",richa.k,"2026-07-07 14:35:35","2026-07-07 09:05:35","pl check",status_history,4f5e4302-3015-45b0-a308-c7e3d8170c1a,status_id
47739,status_history:5d98a2ed-972d-4887-b6ea-1d3e1560fd81,TKT-1-202607-00857,status_id,STATUS_UPDATE,"Status Updated",1,2,"Open (New)","Assigned (In Progress)",vikram6singh,"2026-07-04 16:20:06","2026-07-04 10:50:06","Please check",status_history,5d98a2ed-972d-4887-b6ea-1d3e1560fd81,status_id
59769,status_history:75238d1f-3a71-4657-9405-0d000ae71bed,TKT-1-202607-00857,status_id,STATUS_UPDATE,"Status Updated",10,2,Reopened,"Assigned (In Progress)",vikram6singh,"2026-07-09 16:30:51","2026-07-09 11:00:51","Please check.",status_history,75238d1f-3a71-4657-9405-0d000ae71bed,status_id
83248,status_history:a3440333-0f47-49c6-91b1-b0d08cf3cd39,TKT-1-202607-00857,status_id,STATUS_UPDATE,"Status Updated",2,3,"Assigned (In Progress)","On Hold (Pending with Requester)",satish.d,"2026-07-09 17:56:35","2026-07-09 12:26:35","Please check provided comments",status_history,a3440333-0f47-49c6-91b1-b0d08cf3cd39,status_id
83849,status_history:a476be1e-9cee-48f6-a6ff-5ed98c087f81,TKT-1-202607-00857,status_id,STATUS_UPDATE,"Status Updated",2,3,"Assigned (In Progress)","On Hold (Pending with Requester)",richa.k,"2026-07-04 16:28:07","2026-07-04 10:58:07","Kindly share the supporting documents for further investigation. For further assistance, contact the support team at 📞 1800‑410‑6688.",status_history,a476be1e-9cee-48f6-a6ff-5ed98c087f81,status_id
89228,status_history:af2c4f64-7aae-4fee-9dd7-6e785e7d87f0,TKT-1-202607-00857,status_id,STATUS_UPDATE,"Status Updated",7,10,Resolved,Reopened,120237,"2026-07-10 15:32:06","2026-07-10 10:02:06","Token 5138 still appear in the Gate pass exit. Problem still persists. Please find the attached documents.",status_history,af2c4f64-7aae-4fee-9dd7-6e785e7d87f0,status_id
93115,status_history:b6ee75e7-b554-4a70-90d7-da211367dc88,TKT-1-202607-00857,status_id,STATUS_UPDATE,"Status Updated",7,8,Resolved,Closed,120237,"2026-07-21 13:08:25","2026-07-21 07:38:25","Ticket closed",status_history,b6ee75e7-b554-4a70-90d7-da211367dc88,status_id
142082,division_history:b5cac984-d9bf-45eb-9561-7d2281ca5520,TKT-1-202607-00857,division,DIVISION_UPDATE,"Division Updated",NULL,DIV-005,NULL,"Stocks/PV Division",120237,"2026-07-04 16:16:49","2026-07-04 16:16:49",New,division_history,b5cac984-d9bf-45eb-9561-7d2281ca5520,division
211115,assignment_history:264120ff-0dd9-4f00-ac41-da1bf0ed92d0,TKT-1-202607-00857,assigned_to,ASSIGNED_TO_UPDATE,"Assigned To Updated",NULL,richa.k,NULL,richa.k,vikram6singh,"2026-07-04 16:20:06","2026-07-04 16:20:06","Please check",assignment_history,264120ff-0dd9-4f00-ac41-da1bf0ed92d0,assigned_to
211116,assignment_history:978a9b0d-f427-47a8-a798-d2f1ee24a9b8,TKT-1-202607-00857,assigned_to,ASSIGNED_TO_UPDATE,"Assigned To Updated",richa.k,NONE,richa.k,NONE,120237,"2026-07-09 16:29:05","2026-07-09 16:29:05","The problem still persist and the ISI PV team couldn't Complete PV due to this duplicate token. Please resolve the issue or guide us to complete the issue. For further details, please contact- 9526888024",assignment_history,978a9b0d-f427-47a8-a798-d2f1ee24a9b8,assigned_to
211117,assignment_history:075c6097-e259-46c8-a621-ddb5b6f1f59e,TKT-1-202607-00857,assigned_to,ASSIGNED_TO_UPDATE,"Assigned To Updated",NONE,richa.k,NONE,richa.k,vikram6singh,"2026-07-09 16:30:51","2026-07-09 16:30:51","Please check.",assignment_history,075c6097-e259-46c8-a621-ddb5b6f1f59e,assigned_to
211118,assignment_history:625efc59-5ed2-4c33-9e4f-86b58a48841d,TKT-1-202607-00857,assigned_to,ASSIGNED_TO_UPDATE,"Assigned To Updated",richa.k,satish.d,richa.k,satish.d,richa.k,"2026-07-09 16:37:55","2026-07-09 16:37:55","Please check",assignment_history,625efc59-5ed2-4c33-9e4f-86b58a48841d,assigned_to
211119,assignment_history:625efc59-5ed2-4c33-9e4f-86b58a48841d,TKT-1-202607-00857,level_id,LEVEL_UPDATE,"Level Updated",,L3,,L3,richa.k,"2026-07-09 16:37:55","2026-07-09 16:37:55","Please check",assignment_history,625efc59-5ed2-4c33-9e4f-86b58a48841d,level_id
211120,assignment_history:55cdcef0-7bee-44aa-bbe9-677b2a5b0833,TKT-1-202607-00857,assigned_to,ASSIGNED_TO_UPDATE,"Assigned To Updated",satish.d,NONE,satish.d,NONE,120237,"2026-07-10 15:32:06","2026-07-10 15:32:06","Token 5138 still appear in the Gate pass exit. Problem still persists. Please find the attached documents.",assignment_history,55cdcef0-7bee-44aa-bbe9-677b2a5b0833,assigned_to
211121,assignment_history:94c54168-ec2b-49d8-88e0-a75c2831e6e9,TKT-1-202607-00857,assigned_to,ASSIGNED_TO_UPDATE,"Assigned To Updated",NONE,richa.k,NONE,richa.k,vikram6singh,"2026-07-10 15:36:32","2026-07-10 15:36:32","Please check.",assignment_history,94c54168-ec2b-49d8-88e0-a75c2831e6e9,assigned_to
211122,assignment_history:40a8565a-f54c-4821-90bc-644919347e68,TKT-1-202607-00857,assigned_to,ASSIGNED_TO_UPDATE,"Assigned To Updated",richa.k,satish.d,richa.k,satish.d,richa.k,"2026-07-10 15:40:19","2026-07-10 15:40:19","Please check issue still not resolved",assignment_history,40a8565a-f54c-4821-90bc-644919347e68,assigned_to
211123,assignment_history:40a8565a-f54c-4821-90bc-644919347e68,TKT-1-202607-00857,level_id,LEVEL_UPDATE,"Level Updated",,L3,,L3,richa.k,"2026-07-10 15:40:19","2026-07-10 15:40:19","Please check issue still not resolved",assignment_history,40a8565a-f54c-4821-90bc-644919347e68,level_id
211124,assignment_history:1622e03f-5a99-4fbe-b450-a3650b679f2f,TKT-1-202607-00857,assigned_to,ASSIGNED_TO_UPDATE,"Assigned To Updated",satish.d,NONE,satish.d,NONE,120237,"2026-07-10 16:32:09","2026-07-10 16:32:09","Ticket reopened as the complete PV not accepted. showing truck No KL11B3057 apearing two times as pending for "outweight, Stacking" & " Loading, OUtweight, Stacking". Plaese find the attached details.",assignment_history,1622e03f-5a99-4fbe-b450-a3650b679f2f,assigned_to
211125,assignment_history:84dfc23b-b51f-43c2-825e-45f0e7c77330,TKT-1-202607-00857,assigned_to,ASSIGNED_TO_UPDATE,"Assigned To Updated",NONE,richa.k,NONE,richa.k,vikram6singh,"2026-07-10 16:49:34","2026-07-10 16:49:34","Please check.",assignment_history,84dfc23b-b51f-43c2-825e-45f0e7c77330,assigned_to
211126,assignment_history:f5ad2144-3dcd-4ce4-b786-e6a22e3f5977,TKT-1-202607-00857,assigned_to,ASSIGNED_TO_UPDATE,"Assigned To Updated",richa.k,satish.d,richa.k,satish.d,richa.k,"2026-07-10 16:53:48","2026-07-10 16:53:48","Please check as issue not resolved.",assignment_history,f5ad2144-3dcd-4ce4-b786-e6a22e3f5977,assigned_to
211127,assignment_history:f5ad2144-3dcd-4ce4-b786-e6a22e3f5977,TKT-1-202607-00857,level_id,LEVEL_UPDATE,"Level Updated",,L3,,L3,richa.k,"2026-07-10 16:53:48","2026-07-10 16:53:48","Please check as issue not resolved.",assignment_history,f5ad2144-3dcd-4ce4-b786-e6a22e3f5977,level_id
13347,status_history:19e19f16-f5e1-4cd5-b471-db2fe7803a85,TKT-1-202607-00861,status_id,STATUS_UPDATE,"Status Updated",3,2,"On Hold (Pending with Requester)","Assigned (In Progress)",wc22008_10,"2026-07-09 12:50:36","2026-07-09 07:20:36","Please resolve it on priority",status_history,19e19f16-f5e1-4cd5-b471-db2fe7803a85,status_id
36841,status_history:4833ab0f-ea66-45e3-9d55-9a7ac5ad8256,TKT-1-202607-00861,status_id,STATUS_UPDATE,"Status Updated",3,2,"On Hold (Pending with Requester)","Assigned (In Progress)",wc22008_10,"2026-07-06 15:57:54","2026-07-06 10:27:54","Tokan number-183, RO no. WC22008/06-2026/WNA/PHH-0004, No of bags=380,weighment details (Inweight= 90.10000 qtls, outweight=283.20 qtls) , adopted weigh=190.896 qtls , and stack split weights=01A/09 74 bags =37.17 qtls & 01A/11=306 bags=153.726 qtls",status_history,4833ab0f-ea66-45e3-9d55-9a7ac5ad8256,status_id
40592,status_history:4f5b5890-ad54-4e5f-a912-5e85af8afcdf,TKT-1-202607-00861,status_id,STATUS_UPDATE,"Status Updated",3,2,"On Hold (Pending with Requester)","Assigned (In Progress)",wc22008_10,"2026-07-06 10:52:08","2026-07-06 05:22:08",ok,status_history,4f5b5890-ad54-4e5f-a912-5e85af8afcdf,status_id
55317,status_history:6c936ae6-5946-4334-96af-e0c39f459ac1,TKT-1-202607-00861,status_id,STATUS_UPDATE,"Status Updated",2,3,"Assigned (In Progress)","On Hold (Pending with Requester)",satish.d,"2026-07-13 12:14:01","2026-07-13 06:44:01","Kindly check the comment section",status_history,6c936ae6-5946-4334-96af-e0c39f459ac1,status_id
68231,status_history:85a92fe2-3132-4941-a2c9-c95b25b02458,TKT-1-202607-00861,status_id,STATUS_UPDATE,"Status Updated",2,3,"Assigned (In Progress)","On Hold (Pending with Requester)",umesh.k,"2026-07-06 12:32:24","2026-07-06 07:02:24","Dear Sir/Madam,Kindly check our comments.",status_history,85a92fe2-3132-4941-a2c9-c95b25b02458,status_id
70752,status_history:8aa66c84-d478-46da-987a-3342b133a3ee,TKT-1-202607-00861,status_id,STATUS_UPDATE,"Status Updated",2,3,"Assigned (In Progress)","On Hold (Pending with Requester)",inzemamul.h,"2026-07-06 11:22:30","2026-07-06 05:52:30","kindly share the supportive documents for our further investigation. For further assistance, please contact our support team at : 📞 1800-410-6688.",status_history,8aa66c84-d478-46da-987a-3342b133a3ee,status_id
74928,status_history:92dfe250-9933-45f6-adc4-40fcf87477fe,TKT-1-202607-00861,status_id,STATUS_UPDATE,"Status Updated",2,3,"Assigned (In Progress)","On Hold (Pending with Requester)",inzemamul.h,"2026-07-04 17:38:19","2026-07-04 12:08:19","kindly share the supportive documents for our further investigation. For further assistance, please contact our support team at : 📞 1800-410-6688.",status_history,92dfe250-9933-45f6-adc4-40fcf87477fe,status_id
79060,status_history:9af1e99d-6b9f-4e80-a1a9-0d83db77a986,TKT-1-202607-00861,status_id,STATUS_UPDATE,"Status Updated",3,2,"On Hold (Pending with Requester)","Assigned (In Progress)",wc22008_10,"2026-07-06 11:48:01","2026-07-06 06:18:01","Please find the supporting documents and resolve this as soon as possible. Thank you in advance.",status_history,9af1e99d-6b9f-4e80-a1a9-0d83db77a986,status_id
91965,status_history:b48ad5ee-aa20-42ca-9f48-3e56cb1f8e37,TKT-1-202607-00861,status_id,STATUS_UPDATE,"Status Updated",NULL,1,NULL,"Open (New)",wc22008_10,"2026-07-04 16:30:24","2026-07-04 11:00:24",New,status_history,b48ad5ee-aa20-42ca-9f48-3e56cb1f8e37,status_id
97101,status_history:bea890ff-2746-43ad-96ed-f21b08b8293a,TKT-1-202607-00861,status_id,STATUS_UPDATE,"Status Updated",2,3,"Assigned (In Progress)","On Hold (Pending with Requester)",umesh.k,"2026-07-08 17:29:33","2026-07-08 11:59:33","Kindly check our comments.",status_history,bea890ff-2746-43ad-96ed-f21b08b8293a,status_id
99482,status_history:c31b2bea-c8d8-43ed-9f81-f7409deb5748,TKT-1-202607-00861,status_id,STATUS_UPDATE,"Status Updated",1,2,"Open (New)","Assigned (In Progress)",vikram6singh,"2026-07-04 16:34:09","2026-07-04 11:04:09","Please check",status_history,c31b2bea-c8d8-43ed-9f81-f7409deb5748,status_id
137816,division_history:72a141e9-6682-407b-b8ea-de2d5ce6d304,TKT-1-202607-00861,division,DIVISION_UPDATE,"Division Updated",NULL,DIV-002,NULL,"Storage Division",wc22008_10,"2026-07-04 16:30:24","2026-07-04 16:30:24",New,division_history,72a141e9-6682-407b-b8ea-de2d5ce6d304,division
211135,assignment_history:dfb24e42-31eb-44c3-b4e6-7bfc6d4b96eb,TKT-1-202607-00861,assigned_to,ASSIGNED_TO_UPDATE,"Assigned To Updated",NULL,inzemamul.h,NULL,inzemamul.h,vikram6singh,"2026-07-04 16:34:09","2026-07-04 16:34:09","Please check",assignment_history,dfb24e42-31eb-44c3-b4e6-7bfc6d4b96eb,assigned_to
211136,assignment_history:ab652c40-e0b8-49ec-ad72-bcf13d048584,TKT-1-202607-00861,assigned_to,ASSIGNED_TO_UPDATE,"Assigned To Updated",inzemamul.h,umesh.k,inzemamul.h,umesh.k,inzemamul.h,"2026-07-06 11:59:21","2026-07-06 11:59:21","Kindly do the needful.",assignment_history,ab652c40-e0b8-49ec-ad72-bcf13d048584,assigned_to
211137,assignment_history:ab652c40-e0b8-49ec-ad72-bcf13d048584,TKT-1-202607-00861,level_id,LEVEL_UPDATE,"Level Updated",,L2,,L2,inzemamul.h,"2026-07-06 11:59:21","2026-07-06 11:59:21","Kindly do the needful.",assignment_history,ab652c40-e0b8-49ec-ad72-bcf13d048584,level_id
218325,0ea5472a-caf2-46e6-b852-3909f04b0e9c,TKT-1-202607-00861,status_id,STATUS_UPDATE,"Status Updated",3,2,"On Hold (Pending with Requester)","Assigned (In Progress)",shrutipan966,"2026-07-30 12:21:23","2026-07-30 06:51:23","Please check",NULL,NULL,NULL
218326,0ea5472a-caf2-46e6-b852-3909f04b0e9c,TKT-1-202607-00861,assigned_to,ASSIGNED_TO_UPDATE,"Assigned To Updated",umesh.k,shrutipan966,umesh.k,shrutipan966,shrutipan966,"2026-07-30 12:21:23","2026-07-30 06:51:23","Please check",NULL,NULL,NULL
218327,0ea5472a-caf2-46e6-b852-3909f04b0e9c,TKT-1-202607-00861,assigned_to_level,ASSIGNED_TO_LEVEL_UPDATE,"Assigned To Level Updated",NULL,NULL,L2,L1,shrutipan966,"2026-07-30 12:21:23","2026-07-30 06:51:23","Please check",NULL,NULL,NULL
218334,0c0a2dbc-439f-4365-a3ea-2727f6dfe316,TKT-1-202607-00861,status_id,STATUS_UPDATE,"Status Updated",2,7,"Assigned (In Progress)",Resolved,shrutipan966,"2026-07-30 12:21:39","2026-07-30 06:51:39","Please refer the comment section",NULL,NULL,NULL
16572,status_history:2046fd5e-35a4-46d7-876e-c9e64366c34a,TKT-1-202607-00864,status_id,STATUS_UPDATE,"Status Updated",3,2,"On Hold (Pending with Requester)","Assigned (In Progress)",278254,"2026-07-20 12:27:47","2026-07-20 06:57:47","sir, stack is showing but in stack killed history is showing nill and attached screenshort.",status_history,2046fd5e-35a4-46d7-876e-c9e64366c34a,status_id
25066,status_history:30ed361c-5901-4321-89cc-124eb28c6a02,TKT-1-202607-00864,status_id,STATUS_UPDATE,"Status Updated",3,2,"On Hold (Pending with Requester)","Assigned (In Progress)",278254,"2026-07-07 15:53:52","2026-07-07 10:23:52","after outweight stacking was not showing. only stacking remain all steps completed but due to not showing stacking bags and weight are not showing in the stack.",status_history,30ed361c-5901-4321-89cc-124eb28c6a02,status_id
37880,status_history:4a483a72-579b-47e3-8492-c4b441cf134f,TKT-1-202607-00864,status_id,STATUS_UPDATE,"Status Updated",2,3,"Assigned (In Progress)","On Hold (Pending with Requester)",satish.d,"2026-07-16 16:00:24","2026-07-16 10:30:24","Please check",status_history,4a483a72-579b-47e3-8492-c4b441cf134f,status_id
48263,status_history:5ea1853d-0421-4b9c-a72e-36374d29922a,TKT-1-202607-00864,status_id,STATUS_UPDATE,"Status Updated",3,2,"On Hold (Pending with Requester)","Assigned (In Progress)",278254,"2026-07-11 19:37:24","2026-07-11 14:07:24","Id :- 278254, Pwd:-  Radhe@1234",status_history,5ea1853d-0421-4b9c-a72e-36374d29922a,status_id
53202,status_history:685fbe8f-bf59-4c9e-a40a-c2cbb3ac8254,TKT-1-202607-00864,status_id,STATUS_UPDATE,"Status Updated",2,3,"Assigned (In Progress)","On Hold (Pending with Requester)",satish.d,"2026-07-06 16:36:12","2026-07-06 11:06:12","Please check provided comments",status_history,685fbe8f-bf59-4c9e-a40a-c2cbb3ac8254,status_id
83974,status_history:a4b03c92-0167-4e18-81bf-fdaacbaa5d18,TKT-1-202607-00864,status_id,STATUS_UPDATE,"Status Updated",2,3,"Assigned (In Progress)","On Hold (Pending with Requester)",satish.d,"2026-07-09 16:13:08","2026-07-09 10:43:08","Please check provided comments",status_history,a4b03c92-0167-4e18-81bf-fdaacbaa5d18,status_id
84272,status_history:a5456f48-8e11-4da4-9424-e62fd30fd9b5,TKT-1-202607-00864,status_id,STATUS_UPDATE,"Status Updated",1,2,"Open (New)","Assigned (In Progress)",vikram6singh,"2026-07-04 16:44:50","2026-07-04 11:14:50","Please check",status_history,a5456f48-8e11-4da4-9424-e62fd30fd9b5,status_id
115257,status_history:e1be083b-921f-480b-885e-fd9fb579ba0a,TKT-1-202607-00864,status_id,STATUS_UPDATE,"Status Updated",2,3,"Assigned (In Progress)","On Hold (Pending with Requester)",satish.d,"2026-07-23 10:34:51","2026-07-23 05:04:51","Please check provided comments",status_history,e1be083b-921f-480b-885e-fd9fb579ba0a,status_id
117253,status_history:e596f8fc-4681-46f5-89b3-e1f9f2118d7e,TKT-1-202607-00864,status_id,STATUS_UPDATE,"Status Updated",NULL,1,NULL,"Open (New)",278254,"2026-07-04 16:36:15","2026-07-04 11:06:15",New,status_history,e596f8fc-4681-46f5-89b3-e1f9f2118d7e,status_id
119897,status_history:eadb7216-f308-4de0-862a-44c7411b7a57,TKT-1-202607-00864,status_id,STATUS_UPDATE,"Status Updated",3,2,"On Hold (Pending with Requester)","Assigned (In Progress)",278254,"2026-07-09 13:07:15","2026-07-09 07:37:15","Stack kill history upload for further necessary action.",status_history,eadb7216-f308-4de0-862a-44c7411b7a57,status_id
125645,status_history:f625baf8-71bb-417b-96a5-0cba85029e73,TKT-1-202607-00864,status_id,STATUS_UPDATE,"Status Updated",3,2,"On Hold (Pending with Requester)","Assigned (In Progress)",278254,"2026-07-22 16:05:26","2026-07-22 10:35:26","Stack is showing with 624 bags =320.18080 but baby stack 3A08 that was killed duration QPV is still not showing in stack killed history.",status_history,f625baf8-71bb-417b-96a5-0cba85029e73,status_id
126944,status_history:f8ac4479-30cd-46de-b67e-beb796d5c551,TKT-1-202607-00864,status_id,STATUS_UPDATE,"Status Updated",2,3,"Assigned (In Progress)","On Hold (Pending with Requester)",satish.d,"2026-07-21 12:02:21","2026-07-21 06:32:21","Please check",status_history,f8ac4479-30cd-46de-b67e-beb796d5c551,status_id
128904,status_history:fc788de8-75bf-4161-b7ba-3a62c0a30687,TKT-1-202607-00864,status_id,STATUS_UPDATE,"Status Updated",2,3,"Assigned (In Progress)","On Hold (Pending with Requester)",satish.d,"2026-07-07 18:28:27","2026-07-07 12:58:27","Please share the screenshots",status_history,fc788de8-75bf-4161-b7ba-3a62c0a30687,status_id
140120,division_history:9746856f-befd-49e5-9739-28693f7dfcc3,TKT-1-202607-00864,division,DIVISION_UPDATE,"Division Updated",NULL,DIV-002,NULL,"Storage Division",278254,"2026-07-04 16:36:15","2026-07-04 16:36:15",New,division_history,9746856f-befd-49e5-9739-28693f7dfcc3,division
211148,assignment_history:96fe28ce-c262-4d9a-8e69-8a55ce258eff,TKT-1-202607-00864,assigned_to,ASSIGNED_TO_UPDATE,"Assigned To Updated",NULL,pooja.11,NULL,pooja.11,vikram6singh,"2026-07-04 16:44:50","2026-07-04 16:44:50","Please check",assignment_history,96fe28ce-c262-4d9a-8e69-8a55ce258eff,assigned_to
211149,assignment_history:e700c2a6-142e-44fd-aaf8-b9a9b7d2b4e1,TKT-1-202607-00864,assigned_to,ASSIGNED_TO_UPDATE,"Assigned To Updated",pooja.11,umesh.k,pooja.11,umesh.k,pooja.11,"2026-07-04 17:18:42","2026-07-04 17:18:42","Kindly do the needful.",assignment_history,e700c2a6-142e-44fd-aaf8-b9a9b7d2b4e1,assigned_to
211150,assignment_history:e700c2a6-142e-44fd-aaf8-b9a9b7d2b4e1,TKT-1-202607-00864,level_id,LEVEL_UPDATE,"Level Updated",,L2,,L2,pooja.11,"2026-07-04 17:18:42","2026-07-04 17:18:42","Kindly do the needful.",assignment_history,e700c2a6-142e-44fd-aaf8-b9a9b7d2b4e1,level_id
217489,9c1bb472-5539-4eac-832b-1bde810dddd9,TKT-1-202607-00864,status_id,STATUS_UPDATE,"Status Updated",3,2,"On Hold (Pending with Requester)","Assigned (In Progress)",278254,"2026-07-29 15:38:17","2026-07-29 10:08:17","problem not resolve because killed stack is not showing in the killed stack history",NULL,NULL,NULL
218598,e1181dd7-b674-49d5-b1d1-86ab1b2dfa49,TKT-1-202607-00864,status_id,STATUS_UPDATE,"Status Updated",2,3,"Assigned (In Progress)","On Hold (Pending with Requester)",satish.d,"2026-07-30 14:20:06","2026-07-30 08:50:06","Please check comment section",NULL,NULL,NULL
219567,7efad760-2346-472c-9726-a08846dd3f8a,TKT-1-202607-00864,status_id,STATUS_UPDATE,"Status Updated",3,2,"On Hold (Pending with Requester)","Assigned (In Progress)",278254,"2026-07-31 12:59:42","2026-07-31 07:29:42","Total Receive (QT)- 1680.50108 Total Issue (QT) -1380.40535 Total Storage Loss (QT) -320.18080 % of Storage Loss (%)-19.05 Average Period of Storage (Days) 701. This is showing in stack killed history summary which is not right.",NULL,NULL,NULL
219818,fa7b86b1-52d3-481d-8188-ca989b0164a5,TKT-1-202607-00864,status_id,STATUS_UPDATE,"Status Updated",2,3,"Assigned (In Progress)","On Hold (Pending with Requester)",satish.d,"2026-07-31 14:46:44","2026-07-31 09:16:44","Please check provided comments",NULL,NULL,NULL
222161,f0f79d33-9de3-4827-8d50-4788cc0f82eb,TKT-1-202607-00864,status_id,STATUS_UPDATE,"Status Updated",3,2,"On Hold (Pending with Requester)","Assigned (In Progress)",278254,"2026-08-03 15:35:11","2026-08-03 10:05:11","problem solved",NULL,NULL,NULL
222174,ba0517b8-5ccb-433f-931f-bc10335749f5,TKT-1-202607-00864,assigned_to,ASSIGNED_TO_UPDATE,"Assigned To Updated",umesh.k,shivaniyadav091298,umesh.k,shivaniyadav091298,shivaniyadav091298,"2026-08-03 15:39:43","2026-08-03 10:09:43","Please check",NULL,NULL,NULL
222175,ba0517b8-5ccb-433f-931f-bc10335749f5,TKT-1-202607-00864,assigned_to_level,ASSIGNED_TO_LEVEL_UPDATE,"Assigned To Level Updated",NULL,NULL,L2,L1,shivaniyadav091298,"2026-08-03 15:39:43","2026-08-03 10:09:43","Please check",NULL,NULL,NULL
222179,a2d0b105-2006-49b0-a5f8-49e7cab47a96,TKT-1-202607-00864,status_id,STATUS_UPDATE,"Status Updated",2,7,"Assigned (In Progress)",Resolved,shivaniyadav091298,"2026-08-03 15:41:46","2026-08-03 10:11:46","As per the user's remarks on this ticket, "The issue has been resolved now", this ticket is being marked as resolved. For further assistance, please contact our support team at 1800-410-6688.",NULL,NULL,NULL
1224,status_history:0232d849-6775-453f-a81b-64246ea3bdb0,TKT-1-202607-00865,status_id,STATUS_UPDATE,"Status Updated",7,10,Resolved,Reopened,307571,"2026-07-21 11:07:21","2026-07-21 05:37:21","ISSUE NOT RESOLVED",status_history,0232d849-6775-453f-a81b-64246ea3bdb0,status_id
11451,status_history:162835d3-27fa-4e23-bd27-60c1e64299d0,TKT-1-202607-00865,status_id,STATUS_UPDATE,"Status Updated",2,7,"Assigned (In Progress)",Resolved,shivaniyadav091298,"2026-07-27 17:41:04","2026-07-27 12:11:04","As per the user's comment on this ticket, "The issue has been resolved now", this ticket is being marked as resolved. For further assistance, please contact our support team at 1800-410-6688.",status_history,162835d3-27fa-4e23-bd27-60c1e64299d0,status_id
27579,status_history:35f360ab-3c21-4bb3-96a6-e8f6e1664620,TKT-1-202607-00865,status_id,STATUS_UPDATE,"Status Updated",2,3,"Assigned (In Progress)","On Hold (Pending with Requester)",arti.1.t,"2026-07-08 10:48:18","2026-07-08 05:18:18","I tried to coordinate with the user several times; however, we were unable to connect. Kindly contact us at 1800-410-6688 at your convenience so that we can assist you in resolving the issue. For any assistance, please feel free to reach out to us.",status_history,35f360ab-3c21-4bb3-96a6-e8f6e1664620,status_id
30488,status_history:3bb711c6-9acd-4cb3-a86e-199dfd1df39e,TKT-1-202607-00865,status_id,STATUS_UPDATE,"Status Updated",NULL,1,NULL,"Open (New)",307571,"2026-07-04 16:38:52","2026-07-04 11:08:52",New,status_history,3bb711c6-9acd-4cb3-a86e-199dfd1df39e,status_id
52240,status_history:668687b2-853b-4092-8241-f63642acbdc7,TKT-1-202607-00865,status_id,STATUS_UPDATE,"Status Updated",2,7,"Assigned (In Progress)",Resolved,shivaniyadav091298,"2026-07-15 12:31:57","2026-07-15 07:01:57","Please check the comment section.",status_history,668687b2-853b-4092-8241-f63642acbdc7,status_id
64987,status_history:7f4ffc4f-d442-4f20-bcdb-f5c1de19c4e7,TKT-1-202607-00865,status_id,STATUS_UPDATE,"Status Updated",3,2,"On Hold (Pending with Requester)","Assigned (In Progress)",shivaniyadav091298,"2026-07-15 12:30:17","2026-07-15 07:00:17","Please check",status_history,7f4ffc4f-d442-4f20-bcdb-f5c1de19c4e7,status_id
65850,status_history:80fcbb46-2451-43e5-8417-a71d01462bde,TKT-1-202607-00865,status_id,STATUS_UPDATE,"Status Updated",3,2,"On Hold (Pending with Requester)","Assigned (In Progress)",307571,"2026-07-27 17:15:16","2026-07-27 11:45:16","problem resolved thank you",status_history,80fcbb46-2451-43e5-8417-a71d01462bde,status_id
70170,status_history:8980e798-adea-459e-a474-6df2db03426c,TKT-1-202607-00865,status_id,STATUS_UPDATE,"Status Updated",2,3,"Assigned (In Progress)","On Hold (Pending with Requester)",inish.d,"2026-07-23 15:41:57","2026-07-23 10:11:57","Sir, Please check whether the connected lwb service is active(running) and open inspect mode and check in the network tab whether the lwb url is failing.If so Please contact your respective lwb provider to check and fix the issue",status_history,8980e798-adea-459e-a474-6df2db03426c,status_id
86801,status_history:aa3bd4af-7bdc-4e24-b68e-8c61c8ed1275,TKT-1-202607-00865,status_id,STATUS_UPDATE,"Status Updated",1,2,"Open (New)","Assigned (In Progress)",vikram6singh,"2026-07-04 16:45:06","2026-07-04 11:15:06","Please check",status_history,aa3bd4af-7bdc-4e24-b68e-8c61c8ed1275,status_id
117754,status_history:e6a5b464-b05f-4ec5-aebb-042077951a9d,TKT-1-202607-00865,status_id,STATUS_UPDATE,"Status Updated",10,2,Reopened,"Assigned (In Progress)",vikram6singh,"2026-07-21 11:10:15","2026-07-21 05:40:15","Please check.",status_history,e6a5b464-b05f-4ec5-aebb-042077951a9d,status_id
145608,division_history:ee0442ef-5822-4f8c-8860-c8603752aa8e,TKT-1-202607-00865,division,DIVISION_UPDATE,"Division Updated",NULL,DIV-008,NULL,"IT Division",307571,"2026-07-04 16:38:52","2026-07-04 16:38:52",New,division_history,ee0442ef-5822-4f8c-8860-c8603752aa8e,division
211151,assignment_history:53f5dea6-9d43-4940-94f7-0ad0e987a31d,TKT-1-202607-00865,assigned_to,ASSIGNED_TO_UPDATE,"Assigned To Updated",NULL,arti.1.t,NULL,arti.1.t,vikram6singh,"2026-07-04 16:45:06","2026-07-04 16:45:06","Please check",assignment_history,53f5dea6-9d43-4940-94f7-0ad0e987a31d,assigned_to
211152,assignment_history:c58190ae-fc98-4f05-afcc-9d31069b98b9,TKT-1-202607-00865,assigned_to,ASSIGNED_TO_UPDATE,"Assigned To Updated",arti.1.t,satish.d,arti.1.t,satish.d,arti.1.t,"2026-07-04 17:05:57","2026-07-04 17:05:57","Weight is not capturing.Kindly do the needful",assignment_history,c58190ae-fc98-4f05-afcc-9d31069b98b9,assigned_to
211153,assignment_history:c58190ae-fc98-4f05-afcc-9d31069b98b9,TKT-1-202607-00865,level_id,LEVEL_UPDATE,"Level Updated",,L3,,L3,arti.1.t,"2026-07-04 17:05:57","2026-07-04 17:05:57","Weight is not capturing.Kindly do the needful",assignment_history,c58190ae-fc98-4f05-afcc-9d31069b98b9,level_id
211154,assignment_history:dd96a83a-479d-4b4a-8a15-9708bc487325,TKT-1-202607-00865,assigned_to,ASSIGNED_TO_UPDATE,"Assigned To Updated",satish.d,vikram6singh,satish.d,vikram6singh,umesh.k,"2026-07-04 18:54:45","2026-07-04 18:54:45","Please address the user",assignment_history,dd96a83a-479d-4b4a-8a15-9708bc487325,assigned_to
211155,assignment_history:693d1147-ae88-4ad1-abdd-fa9fbe1c8201,TKT-1-202607-00865,assigned_to,ASSIGNED_TO_UPDATE,"Assigned To Updated",vikram6singh,arti.1.t,vikram6singh,arti.1.t,vikram6singh,"2026-07-07 09:06:33","2026-07-07 09:06:33","Please connect with the user and address him on the issue he is facing.",assignment_history,693d1147-ae88-4ad1-abdd-fa9fbe1c8201,assigned_to
211156,assignment_history:80499f9c-3fbc-433e-aca6-09854ae2ff37,TKT-1-202607-00865,assigned_to,ASSIGNED_TO_UPDATE,"Assigned To Updated",arti.1.t,shivaniyadav091298,arti.1.t,shivaniyadav091298,shivaniyadav091298,"2026-07-15 12:30:27","2026-07-15 12:30:27","Please check",assignment_history,80499f9c-3fbc-433e-aca6-09854ae2ff37,assigned_to
211157,assignment_history:80499f9c-3fbc-433e-aca6-09854ae2ff37,TKT-1-202607-00865,level_id,LEVEL_UPDATE,"Level Updated",,L1,,L1,shivaniyadav091298,"2026-07-15 12:30:27","2026-07-15 12:30:27","Please check",assignment_history,80499f9c-3fbc-433e-aca6-09854ae2ff37,level_id
211158,assignment_history:26ffdff3-3688-4bad-a447-5b62e2f15dd6,TKT-1-202607-00865,assigned_to,ASSIGNED_TO_UPDATE,"Assigned To Updated",shivaniyadav091298,NONE,shivaniyadav091298,NONE,307571,"2026-07-21 11:07:21","2026-07-21 11:07:21","ISSUE NOT RESOLVED",assignment_history,26ffdff3-3688-4bad-a447-5b62e2f15dd6,assigned_to
211159,assignment_history:6c96d3cb-882e-450d-917d-499ac710e185,TKT-1-202607-00865,assigned_to,ASSIGNED_TO_UPDATE,"Assigned To Updated",NONE,arti.1.t,NONE,arti.1.t,vikram6singh,"2026-07-21 11:10:15","2026-07-21 11:10:15","Please check.",assignment_history,6c96d3cb-882e-450d-917d-499ac710e185,assigned_to
211160,assignment_history:92507084-5468-4cd4-8a83-79ad515e89f4,TKT-1-202607-00865,assigned_to,ASSIGNED_TO_UPDATE,"Assigned To Updated",arti.1.t,inish.d,arti.1.t,inish.d,arti.1.t,"2026-07-22 12:00:43","2026-07-22 12:00:43","Weight is not capturing. Kindly do the needful",assignment_history,92507084-5468-4cd4-8a83-79ad515e89f4,assigned_to
211161,assignment_history:92507084-5468-4cd4-8a83-79ad515e89f4,TKT-1-202607-00865,level_id,LEVEL_UPDATE,"Level Updated",,L3,,L3,arti.1.t,"2026-07-22 12:00:43","2026-07-22 12:00:43","Weight is not capturing. Kindly do the needful",assignment_history,92507084-5468-4cd4-8a83-79ad515e89f4,level_id
211162,assignment_history:031cfc4d-4c6b-4323-be56-fc2da80c9598,TKT-1-202607-00865,assigned_to,ASSIGNED_TO_UPDATE,"Assigned To Updated",inish.d,shivaniyadav091298,inish.d,shivaniyadav091298,shivaniyadav091298,"2026-07-27 17:21:23","2026-07-27 17:21:23","Please check",assignment_history,031cfc4d-4c6b-4323-be56-fc2da80c9598,assigned_to
211163,assignment_history:031cfc4d-4c6b-4323-be56-fc2da80c9598,TKT-1-202607-00865,level_id,LEVEL_UPDATE,"Level Updated",L3,L1,L3,L1,shivaniyadav091298,"2026-07-27 17:21:23","2026-07-27 17:21:23","Please check",assignment_history,031cfc4d-4c6b-4323-be56-fc2da80c9598,level_id
20534,status_history:2809957f-0244-4ce7-b90b-3fa66c7d0265,TKT-1-202607-00869,status_id,STATUS_UPDATE,"Status Updated",3,2,"On Hold (Pending with Requester)","Assigned (In Progress)",315996,"2026-07-07 14:17:12","2026-07-07 08:47:12","The required supporting document is attached.",status_history,2809957f-0244-4ce7-b90b-3fa66c7d0265,status_id
35800,status_history:461d13eb-9ac9-4f46-9f23-21ae4ea878df,TKT-1-202607-00869,status_id,STATUS_UPDATE,"Status Updated",2,3,"Assigned (In Progress)","On Hold (Pending with Requester)",richa.k,"2026-07-07 14:23:13","2026-07-07 08:53:13","Please refer the comment section, For Further assistance, please contact our Support team. PH: 1800 410 6688.",status_history,461d13eb-9ac9-4f46-9f23-21ae4ea878df,status_id
39789,status_history:4dcf6c69-a31f-40a7-a0b4-8e5fc9cb26df,TKT-1-202607-00869,status_id,STATUS_UPDATE,"Status Updated",1,2,"Open (New)","Assigned (In Progress)",vikram6singh,"2026-07-04 17:23:58","2026-07-04 11:53:58","Please check",status_history,4dcf6c69-a31f-40a7-a0b4-8e5fc9cb26df,status_id
47277,status_history:5cbd4402-0147-4432-a9b5-3c9a1051d70e,TKT-1-202607-00869,status_id,STATUS_UPDATE,"Status Updated",3,2,"On Hold (Pending with Requester)","Assigned (In Progress)",315996,"2026-07-22 13:12:12","2026-07-22 07:42:12","The requested file is attached, and tried to call back but didn't get any answer from the other side",status_history,5cbd4402-0147-4432-a9b5-3c9a1051d70e,status_id
80531,status_history:9db8c302-88ea-4bbf-877c-55e95abd52a9,TKT-1-202607-00869,status_id,STATUS_UPDATE,"Status Updated",3,2,"On Hold (Pending with Requester)","Assigned (In Progress)",315996,"2026-07-08 12:09:36","2026-07-08 06:39:36","The document is attched now.",status_history,9db8c302-88ea-4bbf-877c-55e95abd52a9,status_id
96759,status_history:bdee7b60-d29a-44f6-89c3-ee6bb8de27de,TKT-1-202607-00869,status_id,STATUS_UPDATE,"Status Updated",2,3,"Assigned (In Progress)","On Hold (Pending with Requester)",richa.k,"2026-07-04 17:34:14","2026-07-04 12:04:14","Kindly share the supporting documents for further investigation. For further assistance, contact the support team at 📞 1800‑410‑6688.",status_history,bdee7b60-d29a-44f6-89c3-ee6bb8de27de,status_id
124050,status_history:f2f677f5-5bbb-4d29-9758-07db46b14512,TKT-1-202607-00869,status_id,STATUS_UPDATE,"Status Updated",2,3,"Assigned (In Progress)","On Hold (Pending with Requester)",richa.k,"2026-07-21 15:13:09","2026-07-21 09:43:09","Trying to reach over call #9623233006 but not get response please share your availability to discussed about this case.For Further assistance, please contact our Support team. PH: 1800 410 6688.",status_history,f2f677f5-5bbb-4d29-9758-07db46b14512,status_id
125894,status_history:f6a9ca81-bd46-4e1b-99dc-702725505457,TKT-1-202607-00869,status_id,STATUS_UPDATE,"Status Updated",2,3,"Assigned (In Progress)","On Hold (Pending with Requester)",richa.k,"2026-07-22 14:56:53","2026-07-22 09:26:53","Trying to reach multiple times on this number #9623233006 but it's getting disconnected from your side please contact our support team at : 1800-410-6688 based on your availability to discussed about this case.",status_history,f6a9ca81-bd46-4e1b-99dc-702725505457,status_id
129936,status_history:fe8d34db-b1b3-42eb-82d3-d3882eaf7cca,TKT-1-202607-00869,status_id,STATUS_UPDATE,"Status Updated",NULL,1,NULL,"Open (New)",315996,"2026-07-04 17:13:47","2026-07-04 11:43:47",New,status_history,fe8d34db-b1b3-42eb-82d3-d3882eaf7cca,status_id
133368,division_history:2ae1b002-aff6-40dd-855b-9e9b66fc8960,TKT-1-202607-00869,division,DIVISION_UPDATE,"Division Updated",NULL,DIV-004,NULL,"Quality Division",315996,"2026-07-04 17:13:47","2026-07-04 17:13:47",New,division_history,2ae1b002-aff6-40dd-855b-9e9b66fc8960,division
211174,assignment_history:86c77f4a-d4f5-4907-8258-64783737480d,TKT-1-202607-00869,assigned_to,ASSIGNED_TO_UPDATE,"Assigned To Updated",NULL,richa.k,NULL,richa.k,vikram6singh,"2026-07-04 17:23:58","2026-07-04 17:23:58","Please check",assignment_history,86c77f4a-d4f5-4907-8258-64783737480d,assigned_to
211175,assignment_history:25b4419f-fd0e-4405-bb77-9e405304ebde,TKT-1-202607-00869,assigned_to,ASSIGNED_TO_UPDATE,"Assigned To Updated",richa.k,satish.d,richa.k,satish.d,richa.k,"2026-07-08 12:14:41","2026-07-08 12:14:41","Please check",assignment_history,25b4419f-fd0e-4405-bb77-9e405304ebde,assigned_to
211176,assignment_history:25b4419f-fd0e-4405-bb77-9e405304ebde,TKT-1-202607-00869,level_id,LEVEL_UPDATE,"Level Updated",,L3,,L3,richa.k,"2026-07-08 12:14:41","2026-07-08 12:14:41","Please check",assignment_history,25b4419f-fd0e-4405-bb77-9e405304ebde,level_id
211177,assignment_history:7768c4c0-6190-4dbc-ab2f-ffe864daca70,TKT-1-202607-00869,assigned_to,ASSIGNED_TO_UPDATE,"Assigned To Updated",satish.d,mukeshkumar,satish.d,mukeshkumar,satish.d,"2026-07-08 12:33:29","2026-07-08 12:33:29","Please update the specification limits",assignment_history,7768c4c0-6190-4dbc-ab2f-ffe864daca70,assigned_to
211178,assignment_history:8b9c1e03-30e8-4a64-9589-3eb32525feec,TKT-1-202607-00869,assigned_to,ASSIGNED_TO_UPDATE,"Assigned To Updated",mukeshkumar,richa.k,mukeshkumar,richa.k,mukeshkumar,"2026-07-17 18:03:30","2026-07-17 18:03:30","Please coordiante with the user and informed system has provision to raise moisture complaint.",assignment_history,8b9c1e03-30e8-4a64-9589-3eb32525feec,assigned_to
219267,a94e4bec-90e8-4bdd-8e35-c9d91a2dfb1b,TKT-1-202607-00869,status_id,STATUS_UPDATE,"Status Updated",3,2,"On Hold (Pending with Requester)","Assigned (In Progress)",shivaniyadav091298,"2026-07-31 10:33:08","2026-07-31 05:03:08","Please check",NULL,NULL,NULL
219268,a94e4bec-90e8-4bdd-8e35-c9d91a2dfb1b,TKT-1-202607-00869,assigned_to,ASSIGNED_TO_UPDATE,"Assigned To Updated",richa.k,shivaniyadav091298,richa.k,shivaniyadav091298,shivaniyadav091298,"2026-07-31 10:33:08","2026-07-31 05:03:08","Please check",NULL,NULL,NULL
219269,a94e4bec-90e8-4bdd-8e35-c9d91a2dfb1b,TKT-1-202607-00869,assigned_to_level,ASSIGNED_TO_LEVEL_UPDATE,"Assigned To Level Updated",NULL,NULL,,L1,shivaniyadav091298,"2026-07-31 10:33:08","2026-07-31 05:03:08","Please check",NULL,NULL,NULL
219270,ecf76fc5-aac8-4fb3-b20c-80528cfa0ddb,TKT-1-202607-00869,status_id,STATUS_UPDATE,"Status Updated",2,7,"Assigned (In Progress)",Resolved,shivaniyadav091298,"2026-07-31 10:35:57","2026-07-31 05:05:57","Please check the comment section.",NULL,NULL,NULL
226679,a6609a51-e25f-4f4b-bf3d-a3fc0f6c9cc1,TKT-1-202607-00869,status_id,STATUS_UPDATE,"Status Updated",7,10,Resolved,Reopened,315996,"2026-08-06 14:39:56","2026-08-06 09:09:56","The required document with name wagon wise quality was attached. kindly find it and please see the maximum value of moisture content to be filled is 12% which needs to be changed as it can exceed 12% at the time of reciept.",NULL,NULL,NULL
226680,a6609a51-e25f-4f4b-bf3d-a3fc0f6c9cc1,TKT-1-202607-00869,assigned_to,ASSIGNED_TO_UPDATE,"Assigned To Updated",shivaniyadav091298,NULL,shivaniyadav091298,NULL,315996,"2026-08-06 14:39:56","2026-08-06 09:09:56","The required document with name wagon wise quality was attached. kindly find it and please see the maximum value of moisture content to be filled is 12% which needs to be changed as it can exceed 12% at the time of reciept.",NULL,NULL,NULL
226681,a6609a51-e25f-4f4b-bf3d-a3fc0f6c9cc1,TKT-1-202607-00869,assigned_to_level,ASSIGNED_TO_LEVEL_UPDATE,"Assigned To Level Updated",NULL,NULL,L1,NULL,315996,"2026-08-06 14:39:56","2026-08-06 09:09:56","The required document with name wagon wise quality was attached. kindly find it and please see the maximum value of moisture content to be filled is 12% which needs to be changed as it can exceed 12% at the time of reciept.",NULL,NULL,NULL
227042,384af8f1-79bd-457e-8dc0-7335e5f21f18,TKT-1-202607-00869,status_id,STATUS_UPDATE,"Status Updated",10,2,Reopened,"Assigned (In Progress)",vikram6singh,"2026-08-06 16:10:55","2026-08-06 10:40:55","Please check.",NULL,NULL,NULL
227043,384af8f1-79bd-457e-8dc0-7335e5f21f18,TKT-1-202607-00869,assigned_to,ASSIGNED_TO_UPDATE,"Assigned To Updated",NULL,richa.k,NULL,richa.k,vikram6singh,"2026-08-06 16:10:55","2026-08-06 10:40:55","Please check.",NULL,NULL,NULL
227044,384af8f1-79bd-457e-8dc0-7335e5f21f18,TKT-1-202607-00869,assigned_to_level,ASSIGNED_TO_LEVEL_UPDATE,"Assigned To Level Updated",NULL,NULL,NULL,,vikram6singh,"2026-08-06 16:10:55","2026-08-06 10:40:55","Please check.",NULL,NULL,NULL
227350,c5d11b14-9f53-4c95-9ece-539ccf73fa69,TKT-1-202607-00869,status_id,STATUS_UPDATE,"Status Updated",2,7,"Assigned (In Progress)",Resolved,richa.k,"2026-08-06 17:11:31","2026-08-06 11:41:31","Please refer the comment section, For any further assistance, kindly contact our Support Team at 1800‑410‑6688.",NULL,NULL,NULL
2331,status_history:045eeef1-68ca-47fd-ad66-8547ec3a278e,TKT-1-202607-00882,status_id,STATUS_UPDATE,"Status Updated",1,2,"Open (New)","Assigned (In Progress)",vikram6singh,"2026-07-06 09:33:52","2026-07-06 04:03:52","Please check.",status_history,045eeef1-68ca-47fd-ad66-8547ec3a278e,status_id
8285,status_history:102b66ee-db49-4d7d-86ac-a05443ce62eb,TKT-1-202607-00882,status_id,STATUS_UPDATE,"Status Updated",3,2,"On Hold (Pending with Requester)","Assigned (In Progress)",149243,"2026-07-21 16:57:34","2026-07-21 11:27:34","An email regarding this has already been sent on 20 Jul 2026 2:54:16 PM to "agm1it@fci.gov.in", "annadarp@fci.gov.in" with in CC- agmsalesodi@fci.gov.in.",status_history,102b66ee-db49-4d7d-86ac-a05443ce62eb,status_id
12172,status_history:179f070f-869a-45c1-897e-c20171cea928,TKT-1-202607-00882,status_id,STATUS_UPDATE,"Status Updated",2,3,"Assigned (In Progress)","On Hold (Pending with Requester)",satish.d,"2026-07-10 16:59:26","2026-07-10 11:29:26","please share the credentials, we will check the issue",status_history,179f070f-869a-45c1-897e-c20171cea928,status_id
37853,status_history:4a3a005c-ee69-4bd9-b7d8-836ca712c5b2,TKT-1-202607-00882,status_id,STATUS_UPDATE,"Status Updated",3,2,"On Hold (Pending with Requester)","Assigned (In Progress)",149243,"2026-07-10 16:17:09","2026-07-10 10:47:09","The inflow is nil during 2nd fortnight of Jun'26. The scheme wise issue was571.8966 Qtl and storage loss was0.70 qtl i.e the total outflow is 572.5966 Qtl is same as the Opening balance.The cell value is not greater than the opening and inflow value",status_history,4a3a005c-ee69-4bd9-b7d8-836ca712c5b2,status_id
42748,status_history:53b0d9a1-7878-4cc2-98bc-0f0d7c60e4b7,TKT-1-202607-00882,status_id,STATUS_UPDATE,"Status Updated",3,2,"On Hold (Pending with Requester)","Assigned (In Progress)",149243,"2026-07-14 15:08:41","2026-07-14 09:38:41","It is requested to clarify whether in next iteration the data for 2nd Fortnight of June'2026 could be entered under 2nd Fortnight June'26 OR the data for 2nd fortnight ofJune'26 along with data of 1st Fortnight July'26 has to be entered collectively?",status_history,53b0d9a1-7878-4cc2-98bc-0f0d7c60e4b7,status_id
44063,status_history:563e84f3-1bd2-4710-bb55-72cbd2770eba,TKT-1-202607-00882,status_id,STATUS_UPDATE,"Status Updated",10,2,Reopened,"Assigned (In Progress)",vikram6singh,"2026-07-18 15:20:40","2026-07-18 09:50:40","Please check,",status_history,563e84f3-1bd2-4710-bb55-72cbd2770eba,status_id
48505,status_history:5f266470-db49-4016-aa62-74164b486008,TKT-1-202607-00882,status_id,STATUS_UPDATE,"Status Updated",7,10,Resolved,Reopened,149243,"2026-07-24 11:53:11","2026-07-24 06:23:11","As the matter is time bound for DISFM entry for 2nd fortnight of June'2026, please resolve the issue immediately so as enable this office to make entry for 1st quarter of July, 26 after making entry of 2nd quarter of June'2026.",status_history,5f266470-db49-4016-aa62-74164b486008,status_id
50082,status_history:623dc56a-9e49-4a26-b853-48c9caabe872,TKT-1-202607-00882,status_id,STATUS_UPDATE,"Status Updated",2,3,"Assigned (In Progress)","On Hold (Pending with Requester)",satish.d,"2026-07-21 15:35:29","2026-07-21 10:05:29","2ndFN entry window is closed, if entry needs to be done please send a mail to HQ",status_history,623dc56a-9e49-4a26-b853-48c9caabe872,status_id
51432,status_history:64e1d7a3-110e-4c3f-8290-5efa8b8a16f0,TKT-1-202607-00882,status_id,STATUS_UPDATE,"Status Updated",3,2,"On Hold (Pending with Requester)","Assigned (In Progress)",149243,"2026-07-13 13:16:58","2026-07-13 07:46:58","The storage loss of 0.70Qtls pertains to 2023-24 crop year",status_history,64e1d7a3-110e-4c3f-8290-5efa8b8a16f0,status_id
51703,status_history:65695b7e-854a-4201-b955-9bd1cca20e68,TKT-1-202607-00882,status_id,STATUS_UPDATE,"Status Updated",2,3,"Assigned (In Progress)","On Hold (Pending with Requester)",satish.d,"2026-07-14 11:11:08","2026-07-14 05:41:08","it has been fixed, in next iteration you can able to do this operation",status_history,65695b7e-854a-4201-b955-9bd1cca20e68,status_id
52940,status_history:67df421d-43b2-4079-a567-67ffa7c7b333,TKT-1-202607-00882,status_id,STATUS_UPDATE,"Status Updated",3,2,"On Hold (Pending with Requester)","Assigned (In Progress)",149243,"2026-07-10 17:40:15","2026-07-10 12:10:15","ID-149243, PASSWORD- Debraj@149243",status_history,67df421d-43b2-4079-a567-67ffa7c7b333,status_id
56568,status_history:6efb4e51-9020-423f-87ac-71f52743472c,TKT-1-202607-00882,status_id,STATUS_UPDATE,"Status Updated",2,3,"Assigned (In Progress)","On Hold (Pending with Requester)",satish.d,"2026-07-20 12:46:07","2026-07-20 07:16:07","entry window for 2nd FN is closed, please send a mail to HQ",status_history,6efb4e51-9020-423f-87ac-71f52743472c,status_id
58225,status_history:722aa79d-1122-4a97-982e-48ff2308a900,TKT-1-202607-00882,status_id,STATUS_UPDATE,"Status Updated",3,2,"On Hold (Pending with Requester)","Assigned (In Progress)",149243,"2026-07-20 18:00:31","2026-07-20 12:30:31","ID-149243, PASSWORD- Debraj@149243",status_history,722aa79d-1122-4a97-982e-48ff2308a900,status_id
62266,status_history:7a04cc59-b4bf-47b6-81de-59785a7869e3,TKT-1-202607-00882,status_id,STATUS_UPDATE,"Status Updated",2,3,"Assigned (In Progress)","On Hold (Pending with Requester)",satish.d,"2026-07-21 10:38:08","2026-07-21 05:08:08","ONCE WE RECEIVED THE MAIL, WE WILL CHECK THIS ISSUE",status_history,7a04cc59-b4bf-47b6-81de-59785a7869e3,status_id
63353,status_history:7c100ae8-db4e-4c90-a38c-d6395c1ee6f1,TKT-1-202607-00882,status_id,STATUS_UPDATE,"Status Updated",2,3,"Assigned (In Progress)","On Hold (Pending with Requester)",satish.d,"2026-07-14 17:06:30","2026-07-14 11:36:30","only 2nd fortnight data entry needs to be done",status_history,7c100ae8-db4e-4c90-a38c-d6395c1ee6f1,status_id
66318,status_history:81f1d278-3da0-45a9-b009-2c0764a3deb9,TKT-1-202607-00882,status_id,STATUS_UPDATE,"Status Updated",3,2,"On Hold (Pending with Requester)","Assigned (In Progress)",149243,"2026-07-15 11:33:02","2026-07-15 06:03:02","As the data entry for 2nd fortnight of June'26 could be done separately while entering data for 1st fortnight of July'26, the ticket may be closed. If the existing issue still arises, the ticket may be opened as per requirement.",status_history,81f1d278-3da0-45a9-b009-2c0764a3deb9,status_id
70248,status_history:89abcf81-dd99-473b-a472-e013f233ea97,TKT-1-202607-00882,status_id,STATUS_UPDATE,"Status Updated",10,2,Reopened,"Assigned (In Progress)",vikram6singh,"2026-07-24 13:06:22","2026-07-24 07:36:22","Please check",status_history,89abcf81-dd99-473b-a472-e013f233ea97,status_id
75165,status_history:934f14f4-9b50-4f91-8f4a-ddfed963d00d,TKT-1-202607-00882,status_id,STATUS_UPDATE,"Status Updated",2,3,"Assigned (In Progress)","On Hold (Pending with Requester)",satish.d,"2026-07-07 12:52:39","2026-07-07 07:22:39","For that cell value, it should not go beyond the sum of opening and inflow value .",status_history,934f14f4-9b50-4f91-8f4a-ddfed963d00d,status_id
75446,status_history:93e9bc43-fbd8-4956-b309-6f52e7913961,TKT-1-202607-00882,status_id,STATUS_UPDATE,"Status Updated",7,10,Resolved,Reopened,149243,"2026-07-18 13:30:29","2026-07-18 08:00:29","Please resolve the issue for entering of stocks for 2nd fortnight of June",status_history,93e9bc43-fbd8-4956-b309-6f52e7913961,status_id
78555,status_history:99f664bd-38ff-47d6-9793-cae22fcff572,TKT-1-202607-00882,status_id,STATUS_UPDATE,"Status Updated",2,3,"Assigned (In Progress)","On Hold (Pending with Requester)",satish.d,"2026-07-21 17:02:57","2026-07-21 11:32:57","ONCE WE RECEIVED THE MAIL, WE WILL CHECK THIS ISSUE",status_history,99f664bd-38ff-47d6-9793-cae22fcff572,status_id
80448,status_history:9d90961e-72a6-4dad-97bc-ceda5c2cadb3,TKT-1-202607-00882,status_id,STATUS_UPDATE,"Status Updated",3,2,"On Hold (Pending with Requester)","Assigned (In Progress)",149243,"2026-07-22 10:30:06","2026-07-22 05:00:06","An email regarding this has been sent again on 22.07.2026. An email regarding this was already sent on 20 Jul 2026 2:54:16 PM to "agm1it@fci.gov.in", "annadarp@fci.gov.in" with in CC- agmsalesodi@fci.gov.in.",status_history,9d90961e-72a6-4dad-97bc-ceda5c2cadb3,status_id
80902,status_history:9e6cbc0e-3ee7-4122-8964-23ffb8df7b88,TKT-1-202607-00882,status_id,STATUS_UPDATE,"Status Updated",2,3,"Assigned (In Progress)","On Hold (Pending with Requester)",satish.d,"2026-07-24 15:03:35","2026-07-24 09:33:35","HQ has to take action on this for the 2nd FN entry window",status_history,9e6cbc0e-3ee7-4122-8964-23ffb8df7b88,status_id
88591,status_history:adcfa0bd-908c-4716-9507-c74bc9f71f8e,TKT-1-202607-00882,status_id,STATUS_UPDATE,"Status Updated",2,3,"Assigned (In Progress)","On Hold (Pending with Requester)",satish.d,"2026-07-13 12:17:47","2026-07-13 06:47:47","0.70 this storage loss was in which crop year?",status_history,adcfa0bd-908c-4716-9507-c74bc9f71f8e,status_id
90688,status_history:b1f96ec1-4a05-4e14-8558-3c2a605a883b,TKT-1-202607-00882,status_id,STATUS_UPDATE,"Status Updated",3,2,"On Hold (Pending with Requester)","Assigned (In Progress)",149243,"2026-07-21 12:23:31","2026-07-21 06:53:31","While trying to do data entry for stock figures for 2nd Fortnight of June'2026, no option is coming as of now. Screenshot attached. Kindly resolve the issue.",status_history,b1f96ec1-4a05-4e14-8558-3c2a605a883b,status_id
102031,status_history:c80b29c6-1a3b-4884-90f2-41dcbebf8b17,TKT-1-202607-00882,status_id,STATUS_UPDATE,"Status Updated",2,7,"Assigned (In Progress)",Resolved,satish.d,"2026-07-23 17:16:40","2026-07-23 11:46:40","ONCE HQ SEND THE MAIL WE WILL CHECK THIS ISSUE",status_history,c80b29c6-1a3b-4884-90f2-41dcbebf8b17,status_id
105323,status_history:ce3ee0f7-53f7-4483-a817-88498c935864,TKT-1-202607-00882,status_id,STATUS_UPDATE,"Status Updated",2,7,"Assigned (In Progress)",Resolved,satish.d,"2026-07-15 11:34:23","2026-07-15 06:04:23","closing this ticket",status_history,ce3ee0f7-53f7-4483-a817-88498c935864,status_id
112458,status_history:dc43e095-e498-47c7-bb63-65f46385084b,TKT-1-202607-00882,status_id,STATUS_UPDATE,"Status Updated",2,3,"Assigned (In Progress)","On Hold (Pending with Requester)",arti.1.t,"2026-07-20 16:58:36","2026-07-20 11:28:36","Kindly provide your user credentials for troubleshooting purposes and to assist in resolving the reported issue.",status_history,dc43e095-e498-47c7-bb63-65f46385084b,status_id
116325,status_history:e3c33e00-92e5-4f8e-8c13-9b2f1a6536aa,TKT-1-202607-00882,status_id,STATUS_UPDATE,"Status Updated",3,2,"On Hold (Pending with Requester)","Assigned (In Progress)",149243,"2026-07-20 16:11:16","2026-07-20 10:41:16","A mail in this matter has been sent to AGM IT Hqrs., and Anna Darpan Hqrs. New Delhi on 20.07.2027 at 2.54 PM.",status_history,e3c33e00-92e5-4f8e-8c13-9b2f1a6536aa,status_id
130475,status_history:ffa643cd-bec3-4019-b741-120dabfbc8df,TKT-1-202607-00882,status_id,STATUS_UPDATE,"Status Updated",NULL,1,NULL,"Open (New)",149243,"2026-07-04 18:25:46","2026-07-04 12:55:46",New,status_history,ffa643cd-bec3-4019-b741-120dabfbc8df,status_id
143305,division_history:c9a46c2d-a917-4fdf-9b4c-37697bcccdd8,TKT-1-202607-00882,division,DIVISION_UPDATE,"Division Updated",NULL,DIV-002,NULL,"Storage Division",149243,"2026-07-04 18:25:46","2026-07-04 18:25:46",New,division_history,c9a46c2d-a917-4fdf-9b4c-37697bcccdd8,division
211213,assignment_history:975dd03a-3af3-44e4-ac04-93bdb00eaf25,TKT-1-202607-00882,assigned_to,ASSIGNED_TO_UPDATE,"Assigned To Updated",NULL,arti.1.t,NULL,arti.1.t,vikram6singh,"2026-07-06 09:33:52","2026-07-06 09:33:52","Please check.",assignment_history,975dd03a-3af3-44e4-ac04-93bdb00eaf25,assigned_to
211214,assignment_history:3591f19d-5d70-41e2-9295-b6bc8225aca4,TKT-1-202607-00882,assigned_to,ASSIGNED_TO_UPDATE,"Assigned To Updated",arti.1.t,satish.d,arti.1.t,satish.d,arti.1.t,"2026-07-06 11:20:20","2026-07-06 11:20:20","Error while entry of stock figures data in DISFM.Kindly do the needful",assignment_history,3591f19d-5d70-41e2-9295-b6bc8225aca4,assigned_to
211215,assignment_history:3591f19d-5d70-41e2-9295-b6bc8225aca4,TKT-1-202607-00882,level_id,LEVEL_UPDATE,"Level Updated",,L3,,L3,arti.1.t,"2026-07-06 11:20:20","2026-07-06 11:20:20","Error while entry of stock figures data in DISFM.Kindly do the needful",assignment_history,3591f19d-5d70-41e2-9295-b6bc8225aca4,level_id
211216,assignment_history:145a0d50-e0ea-4088-84c4-473f9bebc176,TKT-1-202607-00882,assigned_to,ASSIGNED_TO_UPDATE,"Assigned To Updated",satish.d,NONE,satish.d,NONE,149243,"2026-07-18 13:30:29","2026-07-18 13:30:29","Please resolve the issue for entering of stocks for 2nd fortnight of June",assignment_history,145a0d50-e0ea-4088-84c4-473f9bebc176,assigned_to
211217,assignment_history:91f7b1b0-b9ec-4d86-8a2f-e35b84e26ba9,TKT-1-202607-00882,assigned_to,ASSIGNED_TO_UPDATE,"Assigned To Updated",NONE,arti.1.t,NONE,arti.1.t,vikram6singh,"2026-07-18 15:20:40","2026-07-18 15:20:40","Please check,",assignment_history,91f7b1b0-b9ec-4d86-8a2f-e35b84e26ba9,assigned_to
211218,assignment_history:7fcd5dbc-ec3c-495f-b08c-1c483a0125fa,TKT-1-202607-00882,assigned_to,ASSIGNED_TO_UPDATE,"Assigned To Updated",arti.1.t,umesh.k,arti.1.t,umesh.k,arti.1.t,"2026-07-22 11:14:29","2026-07-22 11:14:29","Error while entry of stock figures data in DISFM.Kindly do the needful",assignment_history,7fcd5dbc-ec3c-495f-b08c-1c483a0125fa,assigned_to
211219,assignment_history:7fcd5dbc-ec3c-495f-b08c-1c483a0125fa,TKT-1-202607-00882,level_id,LEVEL_UPDATE,"Level Updated",,L2,,L2,arti.1.t,"2026-07-22 11:14:29","2026-07-22 11:14:29","Error while entry of stock figures data in DISFM.Kindly do the needful",assignment_history,7fcd5dbc-ec3c-495f-b08c-1c483a0125fa,level_id
211220,assignment_history:b546a5ae-fccc-48e2-8f83-d7e73be7d75d,TKT-1-202607-00882,assigned_to,ASSIGNED_TO_UPDATE,"Assigned To Updated",umesh.k,NONE,umesh.k,NONE,149243,"2026-07-24 11:53:11","2026-07-24 11:53:11","As the matter is time bound for DISFM entry for 2nd fortnight of June'2026, please resolve the issue immediately so as enable this office to make entry for 1st quarter of July, 26 after making entry of 2nd quarter of June'2026.",assignment_history,b546a5ae-fccc-48e2-8f83-d7e73be7d75d,assigned_to
211221,assignment_history:942ff5e1-c4e3-4e56-a4ec-8840a27c2b13,TKT-1-202607-00882,assigned_to,ASSIGNED_TO_UPDATE,"Assigned To Updated",NONE,arti.1.t,NONE,arti.1.t,vikram6singh,"2026-07-24 13:06:22","2026-07-24 13:06:22","Please check",assignment_history,942ff5e1-c4e3-4e56-a4ec-8840a27c2b13,assigned_to
228588,0c324067-6e7d-4e03-a922-8939eed970d4,TKT-1-202607-00882,status_id,STATUS_UPDATE,"Status Updated",3,2,"On Hold (Pending with Requester)","Assigned (In Progress)",149243,"2026-08-07 15:15:39","2026-08-07 09:45:39","Sir, entry for the 2ndFortnight July'2026 has been completed in Annadarpan.For Rice the C.B is showing as 270.16526 Qtls.while the actual C.B is 342875.13468 Qtls.Screenshot attached.The entry for 2nd fortnight Jun'2026 has not been done in Anadarpan",NULL,NULL,NULL
229074,c0b58a77-63bf-4e46-9d25-b8b882c9dba7,TKT-1-202607-00882,assigned_to,ASSIGNED_TO_UPDATE,"Assigned To Updated",arti.1.t,satish.d,arti.1.t,satish.d,arti.1.t,"2026-08-07 17:05:22","2026-08-07 11:35:22","Error while entry of stock figures data in DISFM.Kindly do the needful",NULL,NULL,NULL
229075,c0b58a77-63bf-4e46-9d25-b8b882c9dba7,TKT-1-202607-00882,assigned_to_level,ASSIGNED_TO_LEVEL_UPDATE,"Assigned To Level Updated",NULL,NULL,,L3,arti.1.t,"2026-08-07 17:05:22","2026-08-07 11:35:22","Error while entry of stock figures data in DISFM.Kindly do the needful",NULL,NULL,NULL
254154,57e67839-a88b-4672-8b40-967bc002132a,TKT-1-202607-00882,status_id,STATUS_UPDATE,"Status Updated",2,3,"Assigned (In Progress)","On Hold (Pending with Requester)",satish.d,"2026-08-26 18:30:32","2026-08-26 13:00:32","please check again, if still issue is there share the updated credetials to check this issue",NULL,NULL,NULL
256006,cc4f1617-6868-414e-aed4-894e69c4e36f,TKT-1-202607-00882,status_id,STATUS_UPDATE,"Status Updated",3,2,"On Hold (Pending with Requester)","Assigned (In Progress)",149243,"2026-08-28 12:22:39","2026-08-28 06:52:39","Entry for 2nd fortnight June'2026 is completed. The ticket may be closed.",NULL,NULL,NULL
256018,95b26556-33dc-4519-b25e-f6625ca9abd4,TKT-1-202607-00882,status_id,STATUS_UPDATE,"Status Updated",2,7,"Assigned (In Progress)",Resolved,satish.d,"2026-08-28 12:25:40","2026-08-28 06:55:40","CLOSING THIS TICKET",NULL,NULL,NULL
57919,status_history:71942908-45d9-4ad4-bd32-4a7c5372cee4,TKT-1-202607-00883,status_id,STATUS_UPDATE,"Status Updated",2,7,"Assigned (In Progress)",Resolved,satish.d,"2026-07-10 16:13:22","2026-07-10 10:43:22","Based on user comments, issue has been resolved we are closing the ticket",status_history,71942908-45d9-4ad4-bd32-4a7c5372cee4,status_id
86020,status_history:a8aae510-8255-4965-98a3-bd17ae06d416,TKT-1-202607-00883,status_id,STATUS_UPDATE,"Status Updated",1,2,"Open (New)","Assigned (In Progress)",vikram6singh,"2026-07-06 09:34:00","2026-07-06 04:04:00","Please check.",status_history,a8aae510-8255-4965-98a3-bd17ae06d416,status_id
127244,status_history:f949e166-ba3c-4ed0-9d18-969ad174c977,TKT-1-202607-00883,status_id,STATUS_UPDATE,"Status Updated",NULL,1,NULL,"Open (New)",249315,"2026-07-04 18:32:16","2026-07-04 13:02:16",New,status_history,f949e166-ba3c-4ed0-9d18-969ad174c977,status_id
140362,division_history:9b405169-c634-4e28-8951-741a6d4b6bfa,TKT-1-202607-00883,division,DIVISION_UPDATE,"Division Updated",NULL,DIV-005,NULL,"Stocks/PV Division",249315,"2026-07-04 18:32:16","2026-07-04 18:32:16",New,division_history,9b405169-c634-4e28-8951-741a6d4b6bfa,division
211222,assignment_history:2d2159f6-27e1-4006-99b2-c2c7faa26948,TKT-1-202607-00883,assigned_to,ASSIGNED_TO_UPDATE,"Assigned To Updated",NULL,arti.1.t,NULL,arti.1.t,vikram6singh,"2026-07-06 09:34:00","2026-07-06 09:34:00","Please check.",assignment_history,2d2159f6-27e1-4006-99b2-c2c7faa26948,assigned_to
211223,assignment_history:d1956f3a-f83d-4f2d-b831-fa03b79bdfc5,TKT-1-202607-00883,assigned_to,ASSIGNED_TO_UPDATE,"Assigned To Updated",arti.1.t,inish.d,arti.1.t,inish.d,arti.1.t,"2026-07-06 15:26:46","2026-07-06 15:26:46","For rectification of bags and weight variation in PV.Kindly do the needful",assignment_history,d1956f3a-f83d-4f2d-b831-fa03b79bdfc5,assigned_to
211224,assignment_history:d1956f3a-f83d-4f2d-b831-fa03b79bdfc5,TKT-1-202607-00883,level_id,LEVEL_UPDATE,"Level Updated",,L3,,L3,arti.1.t,"2026-07-06 15:26:46","2026-07-06 15:26:46","For rectification of bags and weight variation in PV.Kindly do the needful",assignment_history,d1956f3a-f83d-4f2d-b831-fa03b79bdfc5,level_id
39838,status_history:4de7688b-e5b2-4409-b603-5cbf1b7b7138,TKT-1-202607-00886,status_id,STATUS_UPDATE,"Status Updated",3,2,"On Hold (Pending with Requester)","Assigned (In Progress)",197020,"2026-07-10 13:30:26","2026-07-10 08:00:26","ISI PV not Completed in Anna Darpan yet. variation in weight remains.",status_history,4de7688b-e5b2-4409-b603-5cbf1b7b7138,status_id
41646,status_history:5188fe14-cd5b-474b-9180-16f18047c8a2,TKT-1-202607-00886,status_id,STATUS_UPDATE,"Status Updated",2,3,"Assigned (In Progress)","On Hold (Pending with Requester)",satish.d,"2026-07-07 19:01:11","2026-07-07 13:31:11","Please check provided comments",status_history,5188fe14-cd5b-474b-9180-16f18047c8a2,status_id
41713,status_history:51acf964-e3f1-41f6-b26a-c106d3cf6f7f,TKT-1-202607-00886,status_id,STATUS_UPDATE,"Status Updated",3,2,"On Hold (Pending with Requester)","Assigned (In Progress)",197020,"2026-07-10 10:50:45","2026-07-10 05:20:45","ISI PV stacks are yet not been killed as PV is still pending to be COMPLETED in ANNA DARPAN.",status_history,51acf964-e3f1-41f6-b26a-c106d3cf6f7f,status_id
58497,status_history:72aec0ca-24a7-4cdc-a973-3e475d18800c,TKT-1-202607-00886,status_id,STATUS_UPDATE,"Status Updated",NULL,1,NULL,"Open (New)",197020,"2026-07-04 19:03:53","2026-07-04 13:33:53",New,status_history,72aec0ca-24a7-4cdc-a973-3e475d18800c,status_id
88315,status_history:ad4b602c-d65b-406f-b420-a3b4c79bf92c,TKT-1-202607-00886,status_id,STATUS_UPDATE,"Status Updated",7,8,Resolved,Closed,197020,"2026-07-13 17:43:24","2026-07-13 12:13:24","Took a long time to resolve but any how treat ticket as closed.",status_history,ad4b602c-d65b-406f-b420-a3b4c79bf92c,status_id
90774,status_history:b22606f6-f0a0-40b2-aa7d-496175313bdb,TKT-1-202607-00886,status_id,STATUS_UPDATE,"Status Updated",1,2,"Open (New)","Assigned (In Progress)",vikram6singh,"2026-07-06 09:34:22","2026-07-06 04:04:22","Please check.",status_history,b22606f6-f0a0-40b2-aa7d-496175313bdb,status_id
95623,status_history:bba65ee1-317a-4a19-b8b4-c16c73cfd939,TKT-1-202607-00886,status_id,STATUS_UPDATE,"Status Updated",2,7,"Assigned (In Progress)",Resolved,inzemamul.h,"2026-07-13 10:27:11","2026-07-13 04:57:11","The issue has been resolved, and the user has also confirmed the same in the remarks. I am closing the ticket.For further assistance, please contact our support team at : 1800-410-6688",status_history,bba65ee1-317a-4a19-b8b4-c16c73cfd939,status_id
122733,status_history:f0672f32-f041-412b-9310-d3d9c20ebf0f,TKT-1-202607-00886,status_id,STATUS_UPDATE,"Status Updated",2,3,"Assigned (In Progress)","On Hold (Pending with Requester)",satish.d,"2026-07-10 12:51:34","2026-07-10 07:21:34","Sir follow the proper steps first complete the pv  after that try to kill the stacks",status_history,f0672f32-f041-412b-9310-d3d9c20ebf0f,status_id
140204,division_history:98ac46e5-8dda-4545-a790-194e153d79ec,TKT-1-202607-00886,division,DIVISION_UPDATE,"Division Updated",NULL,DIV-005,NULL,"Stocks/PV Division",197020,"2026-07-04 19:03:53","2026-07-04 19:03:53",New,division_history,98ac46e5-8dda-4545-a790-194e153d79ec,division
211232,assignment_history:e1fc0109-c07b-48d0-b7b9-750ff4901470,TKT-1-202607-00886,assigned_to,ASSIGNED_TO_UPDATE,"Assigned To Updated",NULL,arti.1.t,NULL,arti.1.t,vikram6singh,"2026-07-06 09:34:22","2026-07-06 09:34:22","Please check.",assignment_history,e1fc0109-c07b-48d0-b7b9-750ff4901470,assigned_to
211233,assignment_history:bd27260f-b360-4add-a90c-a92ce056569f,TKT-1-202607-00886,assigned_to,ASSIGNED_TO_UPDATE,"Assigned To Updated",arti.1.t,inish.d,arti.1.t,inish.d,arti.1.t,"2026-07-06 11:13:08","2026-07-06 11:13:08","ISI PV stack killing.Kindly do the needful",assignment_history,bd27260f-b360-4add-a90c-a92ce056569f,assigned_to
211234,assignment_history:bd27260f-b360-4add-a90c-a92ce056569f,TKT-1-202607-00886,level_id,LEVEL_UPDATE,"Level Updated",,L3,,L3,arti.1.t,"2026-07-06 11:13:08","2026-07-06 11:13:08","ISI PV stack killing.Kindly do the needful",assignment_history,bd27260f-b360-4add-a90c-a92ce056569f,level_id
211235,assignment_history:1a496ef8-3894-48a3-ae2f-fe85d7d189aa,TKT-1-202607-00886,assigned_to,ASSIGNED_TO_UPDATE,"Assigned To Updated",inish.d,mukeshkumar,inish.d,mukeshkumar,satish.d,"2026-07-11 10:17:32","2026-07-11 10:17:32","please check",assignment_history,1a496ef8-3894-48a3-ae2f-fe85d7d189aa,assigned_to
211236,assignment_history:0c34b2b3-7a5a-4e82-aa18-8f5e5cf42880,TKT-1-202607-00886,assigned_to,ASSIGNED_TO_UPDATE,"Assigned To Updated",mukeshkumar,vikram6singh,mukeshkumar,vikram6singh,satish.d,"2026-07-11 10:18:42","2026-07-11 10:18:42","Please contact user and get details of issue he is facing",assignment_history,0c34b2b3-7a5a-4e82-aa18-8f5e5cf42880,assigned_to
211237,assignment_history:f6289046-88e1-4b1c-8e45-b171d079ea11,TKT-1-202607-00886,assigned_to,ASSIGNED_TO_UPDATE,"Assigned To Updated",vikram6singh,arti.1.t,vikram6singh,arti.1.t,vikram6singh,"2026-07-11 10:35:14","2026-07-11 10:35:14","Please contact user and get details of issue he is facing",assignment_history,f6289046-88e1-4b1c-8e45-b171d079ea11,assigned_to
211238,assignment_history:27500909-5db6-42b7-a814-7297a0a1f564,TKT-1-202607-00886,assigned_to,ASSIGNED_TO_UPDATE,"Assigned To Updated",arti.1.t,inzemamul.h,arti.1.t,inzemamul.h,vikram6singh,"2026-07-13 09:12:36","2026-07-13 09:12:36","Please check.",assignment_history,27500909-5db6-42b7-a814-7297a0a1f564,assigned_to
71408,status_history:8c02e9ef-2e7f-4932-9e2f-896f64feac9f,TKT-1-202607-00888,status_id,STATUS_UPDATE,"Status Updated",2,3,"Assigned (In Progress)","On Hold (Pending with Requester)",satish.d,"2026-07-06 19:31:18","2026-07-06 14:01:18","please check provided comments",status_history,8c02e9ef-2e7f-4932-9e2f-896f64feac9f,status_id
100891,status_history:c5d520d4-b8fe-4d2a-837f-49e80ab853b3,TKT-1-202607-00888,status_id,STATUS_UPDATE,"Status Updated",2,3,"Assigned (In Progress)","On Hold (Pending with Requester)",pooja.11,"2026-07-09 17:44:14","2026-07-09 12:14:14","As discussed over the call, kindly elaborate your issue in the comment section. For Further assistance, please contact our Support team at: 1800 410 6688.",status_history,c5d520d4-b8fe-4d2a-837f-49e80ab853b3,status_id
104722,status_history:cd197bfa-8cfc-4437-9df9-9dabe6c4aa6a,TKT-1-202607-00888,status_id,STATUS_UPDATE,"Status Updated",3,2,"On Hold (Pending with Requester)","Assigned (In Progress)",293462,"2026-07-07 15:49:26","2026-07-07 10:19:26","Kindly call me at 7979773363 so that I can explain the issue in detail.",status_history,cd197bfa-8cfc-4437-9df9-9dabe6c4aa6a,status_id
114874,status_history:e1014802-3cbe-4a7b-88ec-d0dbc8a553dc,TKT-1-202607-00888,status_id,STATUS_UPDATE,"Status Updated",2,7,"Assigned (In Progress)",Resolved,satish.d,"2026-07-13 10:15:12","2026-07-13 04:45:12","we hope issue has been resolved we are closing the ticket please reopen if any issue still persists",status_history,e1014802-3cbe-4a7b-88ec-d0dbc8a553dc,status_id
115587,status_history:e261a44c-00e2-4809-afaf-994b0b1b8e11,TKT-1-202607-00888,status_id,STATUS_UPDATE,"Status Updated",NULL,1,NULL,"Open (New)",293462,"2026-07-04 19:13:40","2026-07-04 13:43:40",New,status_history,e261a44c-00e2-4809-afaf-994b0b1b8e11,status_id
118733,status_history:e88bcbab-ccfc-4c7a-bdeb-3018d5a3bb15,TKT-1-202607-00888,status_id,STATUS_UPDATE,"Status Updated",1,2,"Open (New)","Assigned (In Progress)",vikram6singh,"2026-07-06 09:34:40","2026-07-06 04:04:40","Please check.",status_history,e88bcbab-ccfc-4c7a-bdeb-3018d5a3bb15,status_id
125256,status_history:f55426f7-d83b-4b8e-a419-339e7b6f7df0,TKT-1-202607-00888,status_id,STATUS_UPDATE,"Status Updated",3,2,"On Hold (Pending with Requester)","Assigned (In Progress)",293462,"2026-07-10 11:47:22","2026-07-10 06:17:22","Please Check the ticket and clarify that DSI should be generated in ISI PV or not .",status_history,f55426f7-d83b-4b8e-a419-339e7b6f7df0,status_id
142115,division_history:b66580d9-4343-4075-889a-240b54153687,TKT-1-202607-00888,division,DIVISION_UPDATE,"Division Updated",NULL,DIV-005,NULL,"Stocks/PV Division",293462,"2026-07-04 19:13:40","2026-07-04 19:13:40",New,division_history,b66580d9-4343-4075-889a-240b54153687,division
211242,assignment_history:fe50e9fd-6d3e-4937-b61f-8c693ef842a6,TKT-1-202607-00888,assigned_to,ASSIGNED_TO_UPDATE,"Assigned To Updated",NULL,pooja.11,NULL,pooja.11,vikram6singh,"2026-07-06 09:34:40","2026-07-06 09:34:40","Please check.",assignment_history,fe50e9fd-6d3e-4937-b61f-8c693ef842a6,assigned_to
211243,assignment_history:7e0d8b1b-9790-434e-8b6b-cacd53098b1f,TKT-1-202607-00888,assigned_to,ASSIGNED_TO_UPDATE,"Assigned To Updated",pooja.11,satish.d,pooja.11,satish.d,pooja.11,"2026-07-06 09:55:14","2026-07-06 09:55:14","Kindly do the needful.",assignment_history,7e0d8b1b-9790-434e-8b6b-cacd53098b1f,assigned_to
211244,assignment_history:7e0d8b1b-9790-434e-8b6b-cacd53098b1f,TKT-1-202607-00888,level_id,LEVEL_UPDATE,"Level Updated",,L3,,L3,pooja.11,"2026-07-06 09:55:14","2026-07-06 09:55:14","Kindly do the needful.",assignment_history,7e0d8b1b-9790-434e-8b6b-cacd53098b1f,level_id
211245,assignment_history:7455d617-af59-490a-bdb7-2a018d9938c2,TKT-1-202607-00888,assigned_to,ASSIGNED_TO_UPDATE,"Assigned To Updated",satish.d,vikram6singh,satish.d,vikram6singh,satish.d,"2026-07-08 10:30:45","2026-07-08 10:30:45","Please contact with user and get details",assignment_history,7455d617-af59-490a-bdb7-2a018d9938c2,assigned_to
211246,assignment_history:6d364df4-4698-40fb-9da0-59d4bc68ed17,TKT-1-202607-00888,assigned_to,ASSIGNED_TO_UPDATE,"Assigned To Updated",vikram6singh,pooja.11,vikram6singh,pooja.11,vikram6singh,"2026-07-09 13:13:14","2026-07-09 13:13:14","Please contact with user and get details",assignment_history,6d364df4-4698-40fb-9da0-59d4bc68ed17,assigned_to
211247,assignment_history:51172e72-b096-440a-a993-e09bccdcfb3e,TKT-1-202607-00888,assigned_to,ASSIGNED_TO_UPDATE,"Assigned To Updated",pooja.11,satish.d,pooja.11,satish.d,pooja.11,"2026-07-10 11:57:33","2026-07-10 11:57:33","Kindly do the needful.",assignment_history,51172e72-b096-440a-a993-e09bccdcfb3e,assigned_to
211248,assignment_history:51172e72-b096-440a-a993-e09bccdcfb3e,TKT-1-202607-00888,level_id,LEVEL_UPDATE,"Level Updated",,L3,,L3,pooja.11,"2026-07-10 11:57:33","2026-07-10 11:57:33","Kindly do the needful.",assignment_history,51172e72-b096-440a-a993-e09bccdcfb3e,level_id
1976,status_history:03afadce-b324-425a-a886-a0e85dfb1971,TKT-1-202607-00893,status_id,STATUS_UPDATE,"Status Updated",NULL,1,NULL,"Open (New)",299081,"2026-07-04 20:11:17","2026-07-04 14:41:17",New,status_history,03afadce-b324-425a-a886-a0e85dfb1971,status_id
8491,status_history:1090732f-bbba-4264-bc79-2f06c24ade81,TKT-1-202607-00893,status_id,STATUS_UPDATE,"Status Updated",1,2,"Open (New)","Assigned (In Progress)",vikram6singh,"2026-07-06 09:35:17","2026-07-06 04:05:17","Please check.",status_history,1090732f-bbba-4264-bc79-2f06c24ade81,status_id
12291,status_history:17e2b338-4554-41ce-bfcc-cc8ba1859938,TKT-1-202607-00893,status_id,STATUS_UPDATE,"Status Updated",2,7,"Assigned (In Progress)",Resolved,satish.d,"2026-07-07 12:09:14","2026-07-07 06:39:14","Designation has been updated based on attached HRMS screenshot. Please check",status_history,17e2b338-4554-41ce-bfcc-cc8ba1859938,status_id
86199,status_history:a909efcc-64af-4ac1-9a61-df2258846188,TKT-1-202607-00893,status_id,STATUS_UPDATE,"Status Updated",7,8,Resolved,Closed,299081,"2026-07-07 12:37:33","2026-07-07 07:07:33","request solved",status_history,a909efcc-64af-4ac1-9a61-df2258846188,status_id
134912,division_history:43383846-baa4-4c96-9a2a-b79c1c3276cf,TKT-1-202607-00893,division,DIVISION_UPDATE,"Division Updated",NULL,DIV-008,NULL,"IT Division",299081,"2026-07-04 20:11:17","2026-07-04 20:11:17",New,division_history,43383846-baa4-4c96-9a2a-b79c1c3276cf,division
211261,assignment_history:c6e3118e-7fe3-4ac4-80fb-2c89e15928fd,TKT-1-202607-00893,assigned_to,ASSIGNED_TO_UPDATE,"Assigned To Updated",NULL,richa.k,NULL,richa.k,vikram6singh,"2026-07-06 09:35:17","2026-07-06 09:35:17","Please check.",assignment_history,c6e3118e-7fe3-4ac4-80fb-2c89e15928fd,assigned_to
211262,assignment_history:510d9193-9509-4d30-b4de-5783cfb30ae7,TKT-1-202607-00893,assigned_to,ASSIGNED_TO_UPDATE,"Assigned To Updated",richa.k,inish.d,richa.k,inish.d,richa.k,"2026-07-06 10:36:12","2026-07-06 10:36:12","Please check",assignment_history,510d9193-9509-4d30-b4de-5783cfb30ae7,assigned_to
211263,assignment_history:510d9193-9509-4d30-b4de-5783cfb30ae7,TKT-1-202607-00893,level_id,LEVEL_UPDATE,"Level Updated",,L3,,L3,richa.k,"2026-07-06 10:36:12","2026-07-06 10:36:12","Please check",assignment_history,510d9193-9509-4d30-b4de-5783cfb30ae7,level_id
211264,assignment_history:8b5d0e45-d93e-4d27-b119-3993953ff30e,TKT-1-202607-00893,assigned_to,ASSIGNED_TO_UPDATE,"Assigned To Updated",inish.d,satish.d,inish.d,satish.d,satish.d,"2026-07-07 12:08:32","2026-07-07 12:08:32","please check",assignment_history,8b5d0e45-d93e-4d27-b119-3993953ff30e,assigned_to
211265,assignment_history:8b5d0e45-d93e-4d27-b119-3993953ff30e,TKT-1-202607-00893,level_id,LEVEL_UPDATE,"Level Updated",L3,L3,L3,L3,satish.d,"2026-07-07 12:08:32","2026-07-07 12:08:32","please check",assignment_history,8b5d0e45-d93e-4d27-b119-3993953ff30e,level_id
16913,status_history:20ed1f02-187f-40cb-a68e-e6a2e0dff4f3,TKT-1-202607-00961,status_id,STATUS_UPDATE,"Status Updated",3,2,"On Hold (Pending with Requester)","Assigned (In Progress)",kshitiz.s,"2026-07-27 16:25:54","2026-07-27 10:55:54","Please check.",status_history,20ed1f02-187f-40cb-a68e-e6a2e0dff4f3,status_id
32796,status_history:403806a5-12d5-458e-9d6a-03e801ff9777,TKT-1-202607-00961,status_id,STATUS_UPDATE,"Status Updated",NULL,1,NULL,"Open (New)",259436,"2026-07-06 13:00:22","2026-07-06 07:30:22",New,status_history,403806a5-12d5-458e-9d6a-03e801ff9777,status_id
35580,status_history:45b52c70-2274-43fb-a6d7-2ec04c39ebb8,TKT-1-202607-00961,status_id,STATUS_UPDATE,"Status Updated",2,3,"Assigned (In Progress)","On Hold (Pending with Requester)",anshu.r,"2026-07-06 14:29:35","2026-07-06 08:59:35","kindly share the supportive documents for our further investigation. For further assistance, please contact our support team at : 📞 1800-410-6688.",status_history,45b52c70-2274-43fb-a6d7-2ec04c39ebb8,status_id
45180,status_history:58997e91-745c-4b9b-9583-6871c430d86d,TKT-1-202607-00961,status_id,STATUS_UPDATE,"Status Updated",3,2,"On Hold (Pending with Requester)","Assigned (In Progress)",259436,"2026-07-20 16:00:44","2026-07-20 10:30:44","screenshots will attached pls check sir",status_history,58997e91-745c-4b9b-9583-6871c430d86d,status_id
51670,status_history:655bb955-a941-41cf-8f30-fb6d42a665f8,TKT-1-202607-00961,status_id,STATUS_UPDATE,"Status Updated",2,3,"Assigned (In Progress)","On Hold (Pending with Requester)",umesh.k,"2026-07-24 15:19:27","2026-07-24 09:49:27","Dear sir/madam, could you please recheck the latest comment added from our end. Hope this will resolve your issue, Thank you",status_history,655bb955-a941-41cf-8f30-fb6d42a665f8,status_id
59407,status_history:74734fc1-f545-4803-ad87-7737ee012eed,TKT-1-202607-00961,status_id,STATUS_UPDATE,"Status Updated",2,7,"Assigned (In Progress)",Resolved,kshitiz.s,"2026-07-27 16:26:40","2026-07-27 10:56:40","Please refer to the comment section.",status_history,74734fc1-f545-4803-ad87-7737ee012eed,status_id
64527,status_history:7e6129f7-3c0d-41d8-88f3-11e8d533d275,TKT-1-202607-00961,status_id,STATUS_UPDATE,"Status Updated",3,2,"On Hold (Pending with Requester)","Assigned (In Progress)",259436,"2026-07-22 13:02:49","2026-07-22 07:32:49","stock position is misbalance sir , day to day postion which is closing balance its became to openig balance but there is difference showing on monthly io statements pls check sir",status_history,7e6129f7-3c0d-41d8-88f3-11e8d533d275,status_id
95471,status_history:bb6c58b2-c018-41c9-853f-0a6ef174ec1d,TKT-1-202607-00961,status_id,STATUS_UPDATE,"Status Updated",1,2,"Open (New)","Assigned (In Progress)",vikram6singh,"2026-07-06 13:09:12","2026-07-06 07:39:12","Please check",status_history,bb6c58b2-c018-41c9-853f-0a6ef174ec1d,status_id
98595,status_history:c17997e1-cee5-44fe-9bea-2d21ae7012e4,TKT-1-202607-00961,status_id,STATUS_UPDATE,"Status Updated",2,3,"Assigned (In Progress)","On Hold (Pending with Requester)",umesh.k,"2026-07-21 14:31:43","2026-07-21 09:01:43","Dear sir/madam, please check the comments added. Thank you",status_history,c17997e1-cee5-44fe-9bea-2d21ae7012e4,status_id
140287,division_history:9a118a4e-56d3-46c2-86f0-3172c5714032,TKT-1-202607-00961,division,DIVISION_UPDATE,"Division Updated",NULL,DIV-003,NULL,"Movement Division",259436,"2026-07-06 13:00:22","2026-07-06 13:00:22",New,division_history,9a118a4e-56d3-46c2-86f0-3172c5714032,division
211453,assignment_history:d0373c8c-3703-4ded-80e9-978c46d209dc,TKT-1-202607-00961,assigned_to,ASSIGNED_TO_UPDATE,"Assigned To Updated",NULL,anshu.r,NULL,anshu.r,vikram6singh,"2026-07-06 13:09:12","2026-07-06 13:09:12","Please check",assignment_history,d0373c8c-3703-4ded-80e9-978c46d209dc,assigned_to
211454,assignment_history:2b377eef-4a61-42e9-837c-8bd420a00998,TKT-1-202607-00961,assigned_to,ASSIGNED_TO_UPDATE,"Assigned To Updated",anshu.r,umesh.k,anshu.r,umesh.k,anshu.r,"2026-07-21 12:39:12","2026-07-21 12:39:12","Kindly do the needful",assignment_history,2b377eef-4a61-42e9-837c-8bd420a00998,assigned_to
211455,assignment_history:2b377eef-4a61-42e9-837c-8bd420a00998,TKT-1-202607-00961,level_id,LEVEL_UPDATE,"Level Updated",,L2,,L2,anshu.r,"2026-07-21 12:39:12","2026-07-21 12:39:12","Kindly do the needful",assignment_history,2b377eef-4a61-42e9-837c-8bd420a00998,level_id
211456,assignment_history:f89a746e-8198-404d-b37e-d14bb0fc5aad,TKT-1-202607-00961,assigned_to,ASSIGNED_TO_UPDATE,"Assigned To Updated",umesh.k,kshitiz.s,umesh.k,kshitiz.s,kshitiz.s,"2026-07-27 16:26:04","2026-07-27 16:26:04","Please check.",assignment_history,f89a746e-8198-404d-b37e-d14bb0fc5aad,assigned_to
264756,5d26de8a-c3df-4782-9d97-19300c230b26,TKT-1-202607-00961,status_id,STATUS_UPDATE,"Status Updated",7,8,Resolved,Closed,259436,"2026-09-08 17:01:52","2026-09-08 11:31:52",closed,NULL,NULL,NULL
4454,status_history:0888db88-7321-4856-a656-bfcc411db6be,TKT-1-202607-00963,status_id,STATUS_UPDATE,"Status Updated",NULL,1,NULL,"Open (New)",275518,"2026-07-06 13:02:27","2026-07-06 07:32:27",New,status_history,0888db88-7321-4856-a656-bfcc411db6be,status_id
61732,status_history:78e9db41-f599-4779-849b-cf28392e63ae,TKT-1-202607-00963,status_id,STATUS_UPDATE,"Status Updated",1,2,"Open (New)","Assigned (In Progress)",vikram6singh,"2026-07-06 13:12:12","2026-07-06 07:42:12","Please check",status_history,78e9db41-f599-4779-849b-cf28392e63ae,status_id
130172,status_history:ff0ad3b0-aa21-4f15-8ab5-c9a1cdaccda5,TKT-1-202607-00963,status_id,STATUS_UPDATE,"Status Updated",2,7,"Assigned (In Progress)",Resolved,inzemamul.h,"2026-07-10 11:37:32","2026-07-10 06:07:32","Kindly refer to the comments below.",status_history,ff0ad3b0-aa21-4f15-8ab5-c9a1cdaccda5,status_id
136458,division_history:5c73899e-753b-4fa2-9a60-3abfe36f2988,TKT-1-202607-00963,division,DIVISION_UPDATE,"Division Updated",NULL,DIV-003,NULL,"Movement Division",275518,"2026-07-06 13:02:27","2026-07-06 13:02:27",New,division_history,5c73899e-753b-4fa2-9a60-3abfe36f2988,division
211460,assignment_history:984a0d12-6473-42e9-8c80-d22124566160,TKT-1-202607-00963,assigned_to,ASSIGNED_TO_UPDATE,"Assigned To Updated",NULL,inzemamul.h,NULL,inzemamul.h,vikram6singh,"2026-07-06 13:12:12","2026-07-06 13:12:12","Please check",assignment_history,984a0d12-6473-42e9-8c80-d22124566160,assigned_to
3357,status_history:066a0e87-82fb-4869-af2f-50de5c39c104,TKT-1-202607-01031,status_id,STATUS_UPDATE,"Status Updated",NULL,1,NULL,"Open (New)",160280,"2026-07-06 17:24:21","2026-07-06 11:54:21",New,status_history,066a0e87-82fb-4869-af2f-50de5c39c104,status_id
18618,status_history:244de19b-afb6-436d-8170-4a8533d15e4c,TKT-1-202607-01031,status_id,STATUS_UPDATE,"Status Updated",2,3,"Assigned (In Progress)","On Hold (Pending with Requester)",umesh.k,"2026-07-17 15:48:54","2026-07-17 10:18:54","Dear sir, kindly provide login details, so that we can proceed further.",status_history,244de19b-afb6-436d-8170-4a8533d15e4c,status_id
20095,status_history:2734fbb3-b9bd-4c51-b599-d953a3580eb4,TKT-1-202607-01031,status_id,STATUS_UPDATE,"Status Updated",1,2,"Open (New)","Assigned (In Progress)",vikram6singh,"2026-07-06 17:26:59","2026-07-06 11:56:59","Please check.",status_history,2734fbb3-b9bd-4c51-b599-d953a3580eb4,status_id
23682,status_history:2e390a86-d051-499a-9219-b086bdc33111,TKT-1-202607-01031,status_id,STATUS_UPDATE,"Status Updated",3,2,"On Hold (Pending with Requester)","Assigned (In Progress)",160280,"2026-07-15 16:13:06","2026-07-15 10:43:06","pdf attached",status_history,2e390a86-d051-499a-9219-b086bdc33111,status_id
37429,status_history:4971fa87-46d3-4932-97f2-3367bf155380,TKT-1-202607-01031,status_id,STATUS_UPDATE,"Status Updated",3,2,"On Hold (Pending with Requester)","Assigned (In Progress)",160280,"2026-07-10 11:51:58","2026-07-10 06:21:58","Please contact me on 9993360826 so that so that further information can be provided",status_history,4971fa87-46d3-4932-97f2-3367bf155380,status_id
52751,status_history:677bcf78-d845-4a0b-9fbf-f2d59f10dff5,TKT-1-202607-01031,status_id,STATUS_UPDATE,"Status Updated",2,3,"Assigned (In Progress)","On Hold (Pending with Requester)",pooja.11,"2026-07-06 17:28:46","2026-07-06 11:58:46","You are kindly requested to please share the relevant screenshots and supporting documents, so that we may review the matter and determine the further course of action. For any assistance, please contact our support team at: 1800-410-6688.",status_history,677bcf78-d845-4a0b-9fbf-f2d59f10dff5,status_id
62722,status_history:7ae653db-9295-4c6f-9f96-5b693089124c,TKT-1-202607-01031,status_id,STATUS_UPDATE,"Status Updated",3,2,"On Hold (Pending with Requester)","Assigned (In Progress)",160280,"2026-07-17 11:25:12","2026-07-17 05:55:12","kindly check the Quantity of Wheat WHEAT RMS 2026-27 URS in both Report",status_history,7ae653db-9295-4c6f-9f96-5b693089124c,status_id
63948,status_history:7d3503a8-5119-4132-90eb-98ffb933cee2,TKT-1-202607-01031,status_id,STATUS_UPDATE,"Status Updated",2,3,"Assigned (In Progress)","On Hold (Pending with Requester)",saroj.m,"2026-07-11 17:36:42","2026-07-11 12:06:42","Dear Sir , As per telephonic discussion on this number (9993360826) Please attached the Screenshot for the further investigation. For any assistance, please contact our support team at: 1800-410-6688.",status_history,7d3503a8-5119-4132-90eb-98ffb933cee2,status_id
80004,status_history:9cc349d8-f273-4d4e-924f-7adb41330bf2,TKT-1-202607-01031,status_id,STATUS_UPDATE,"Status Updated",2,3,"Assigned (In Progress)","On Hold (Pending with Requester)",anuj.s,"2026-07-16 12:15:03","2026-07-16 06:45:03","As discussed on the call at 9993360826, kindly provide a detailed description of the issue in the comment box as error faced. Also, please share the correct supporting document for further clarification and investigation.",status_history,9cc349d8-f273-4d4e-924f-7adb41330bf2,status_id
87235,status_history:ab282ee9-ddbd-416d-b696-324c37d71a67,TKT-1-202607-01031,status_id,STATUS_UPDATE,"Status Updated",3,2,"On Hold (Pending with Requester)","Assigned (In Progress)",160280,"2026-07-20 15:10:07","2026-07-20 09:40:07","ID -160280 PASSWORD- Depot@123",status_history,ab282ee9-ddbd-416d-b696-324c37d71a67,status_id
142194,division_history:b7acdf2b-cb02-42c4-b988-f169a7a80ebb,TKT-1-202607-01031,division,DIVISION_UPDATE,"Division Updated",NULL,DIV-002,NULL,"Storage Division",160280,"2026-07-06 17:24:21","2026-07-06 17:24:21",New,division_history,b7acdf2b-cb02-42c4-b988-f169a7a80ebb,division
211695,assignment_history:77df6e63-0455-42c4-aa04-fa7abaf6bff1,TKT-1-202607-01031,assigned_to,ASSIGNED_TO_UPDATE,"Assigned To Updated",NULL,pooja.11,NULL,pooja.11,vikram6singh,"2026-07-06 17:26:59","2026-07-06 17:26:59","Please check.",assignment_history,77df6e63-0455-42c4-aa04-fa7abaf6bff1,assigned_to
211696,assignment_history:f9f6be74-aebf-4c31-a52a-00380a8007cd,TKT-1-202607-01031,assigned_to,ASSIGNED_TO_UPDATE,"Assigned To Updated",pooja.11,saroj.m,pooja.11,saroj.m,vikram6singh,"2026-07-11 09:15:59","2026-07-11 09:15:59","Please check.",assignment_history,f9f6be74-aebf-4c31-a52a-00380a8007cd,assigned_to
211697,assignment_history:29d9a80a-73d4-4e3a-8ebf-6611bfccf641,TKT-1-202607-01031,assigned_to,ASSIGNED_TO_UPDATE,"Assigned To Updated",saroj.m,anuj.s,saroj.m,anuj.s,vikram6singh,"2026-07-16 08:45:40","2026-07-16 08:45:40","Please check.",assignment_history,29d9a80a-73d4-4e3a-8ebf-6611bfccf641,assigned_to
211698,assignment_history:40d2b7b9-6a16-4379-92cb-043f587fb5ea,TKT-1-202607-01031,assigned_to,ASSIGNED_TO_UPDATE,"Assigned To Updated",anuj.s,inish.d,anuj.s,inish.d,anuj.s,"2026-07-17 14:27:50","2026-07-17 14:27:50","Please look into the issue.",assignment_history,40d2b7b9-6a16-4379-92cb-043f587fb5ea,assigned_to
211699,assignment_history:40d2b7b9-6a16-4379-92cb-043f587fb5ea,TKT-1-202607-01031,level_id,LEVEL_UPDATE,"Level Updated",,L3,,L3,anuj.s,"2026-07-17 14:27:50","2026-07-17 14:27:50","Please look into the issue.",assignment_history,40d2b7b9-6a16-4379-92cb-043f587fb5ea,level_id
225230,082a50e6-064b-4ae9-bc68-30e167fccfcd,TKT-1-202607-01031,status_id,STATUS_UPDATE,"Status Updated",2,7,"Assigned (In Progress)",Resolved,umesh.k,"2026-08-05 14:39:01","2026-08-05 09:09:01","kindly refer comment section for more information.",NULL,NULL,NULL
36931,status_history:4864e9d0-4bec-449f-abf5-0d7e4a3d339e,TKT-1-202607-01065,status_id,STATUS_UPDATE,"Status Updated",1,2,"Open (New)","Assigned (In Progress)",vikram6singh,"2026-07-07 09:00:39","2026-07-07 03:30:39","Please check.",status_history,4864e9d0-4bec-449f-abf5-0d7e4a3d339e,status_id
45780,status_history:59c71e63-72e1-4526-ac49-77c9858681e1,TKT-1-202607-01065,status_id,STATUS_UPDATE,"Status Updated",NULL,1,NULL,"Open (New)",293858,"2026-07-06 23:16:02","2026-07-06 17:46:02",New,status_history,59c71e63-72e1-4526-ac49-77c9858681e1,status_id
54851,status_history:6b9c4c2f-cc54-416e-abab-3d69ae83c348,TKT-1-202607-01065,status_id,STATUS_UPDATE,"Status Updated",2,7,"Assigned (In Progress)",Resolved,satish.d,"2026-07-08 12:45:24","2026-07-08 07:15:24","we hope issue has been resolved we are closing the ticket please reopen if any issue still persists",status_history,6b9c4c2f-cc54-416e-abab-3d69ae83c348,status_id
143322,division_history:c9e67f34-8653-4219-88af-451b1f73433c,TKT-1-202607-01065,division,DIVISION_UPDATE,"Division Updated",NULL,DIV-005,NULL,"Stocks/PV Division",293858,"2026-07-06 23:16:02","2026-07-06 23:16:02",New,division_history,c9e67f34-8653-4219-88af-451b1f73433c,division
211817,assignment_history:519e861a-eb47-4e72-8cd4-8bedba9a6057,TKT-1-202607-01065,assigned_to,ASSIGNED_TO_UPDATE,"Assigned To Updated",NULL,arti.1.t,NULL,arti.1.t,vikram6singh,"2026-07-07 09:00:39","2026-07-07 09:00:39","Please check.",assignment_history,519e861a-eb47-4e72-8cd4-8bedba9a6057,assigned_to
211818,assignment_history:bd2b379d-11e2-4b92-9a07-ad06f6692d83,TKT-1-202607-01065,assigned_to,ASSIGNED_TO_UPDATE,"Assigned To Updated",arti.1.t,inish.d,arti.1.t,inish.d,arti.1.t,"2026-07-07 13:19:34","2026-07-07 13:19:34","Preventing stacks killing of selected stacks during ISI PV as on 30.06.2026 reg.Kindly do the needful",assignment_history,bd2b379d-11e2-4b92-9a07-ad06f6692d83,assigned_to
211819,assignment_history:bd2b379d-11e2-4b92-9a07-ad06f6692d83,TKT-1-202607-01065,level_id,LEVEL_UPDATE,"Level Updated",,L3,,L3,arti.1.t,"2026-07-07 13:19:34","2026-07-07 13:19:34","Preventing stacks killing of selected stacks during ISI PV as on 30.06.2026 reg.Kindly do the needful",assignment_history,bd2b379d-11e2-4b92-9a07-ad06f6692d83,level_id
43028,status_history:544404e3-e0c4-45fb-964b-431080203822,TKT-1-202607-01168,status_id,STATUS_UPDATE,"Status Updated",1,2,"Open (New)","Assigned (In Progress)",vikram6singh,"2026-07-08 09:00:46","2026-07-08 03:30:46","Please check.",status_history,544404e3-e0c4-45fb-964b-431080203822,status_id
64018,status_history:7d63ca54-5c6d-45cd-b251-29bca630b987,TKT-1-202607-01168,status_id,STATUS_UPDATE,"Status Updated",3,2,"On Hold (Pending with Requester)","Assigned (In Progress)",172044,"2026-07-10 15:21:31","2026-07-10 09:51:31","please check comment",status_history,7d63ca54-5c6d-45cd-b251-29bca630b987,status_id
71586,status_history:8c55797c-ec78-41e6-8e89-be4e1b0c43a8,TKT-1-202607-01168,status_id,STATUS_UPDATE,"Status Updated",NULL,1,NULL,"Open (New)",172044,"2026-07-07 18:37:43","2026-07-07 13:07:43",New,status_history,8c55797c-ec78-41e6-8e89-be4e1b0c43a8,status_id
76857,status_history:96b0b72f-bd89-4aec-98b2-3c7be012ff3b,TKT-1-202607-01168,status_id,STATUS_UPDATE,"Status Updated",2,3,"Assigned (In Progress)","On Hold (Pending with Requester)",pooja.11,"2026-07-08 15:05:56","2026-07-08 09:35:56","I attempted to contact you regarding the issue; however, I was unable to talk to you. Kindly share a convenient time for discussion so that we can assist you further. Alternatively, you may cont Helpdesk Team at1800-410-6688 for immediate assistance.",status_history,96b0b72f-bd89-4aec-98b2-3c7be012ff3b,status_id
97753,status_history:bfe436ab-d890-4b87-a972-40b15ef8fa25,TKT-1-202607-01168,status_id,STATUS_UPDATE,"Status Updated",2,7,"Assigned (In Progress)",Resolved,satish.d,"2026-07-17 12:15:46","2026-07-17 06:45:46","The root cause of the issue has been fixed, from next inspection it will reflect in the report.",status_history,bfe436ab-d890-4b87-a972-40b15ef8fa25,status_id
133908,division_history:33b20e75-13cf-4f1a-a3a8-92ff94557c24,TKT-1-202607-01168,division,DIVISION_UPDATE,"Division Updated",NULL,DIV-004,NULL,"Quality Division",172044,"2026-07-07 18:37:43","2026-07-07 18:37:43",New,division_history,33b20e75-13cf-4f1a-a3a8-92ff94557c24,division
212159,assignment_history:f7bc29e4-ef37-450e-8b4f-1b124f10dfed,TKT-1-202607-01168,assigned_to,ASSIGNED_TO_UPDATE,"Assigned To Updated",NULL,pooja.11,NULL,pooja.11,vikram6singh,"2026-07-08 09:00:46","2026-07-08 09:00:46","Please check.",assignment_history,f7bc29e4-ef37-450e-8b4f-1b124f10dfed,assigned_to
212160,assignment_history:c1b3d7aa-4b4d-4ea5-8ce3-62783c5e1635,TKT-1-202607-01168,assigned_to,ASSIGNED_TO_UPDATE,"Assigned To Updated",pooja.11,anshu.r,pooja.11,anshu.r,vikram6singh,"2026-07-11 09:15:45","2026-07-11 09:15:45","Please check.",assignment_history,c1b3d7aa-4b4d-4ea5-8ce3-62783c5e1635,assigned_to
212161,assignment_history:6ff5f09c-e52b-4574-916c-d8d0bec1750e,TKT-1-202607-01168,assigned_to,ASSIGNED_TO_UPDATE,"Assigned To Updated",anshu.r,inish.d,anshu.r,inish.d,anshu.r,"2026-07-16 10:15:53","2026-07-16 10:15:53","Please look into this issue.",assignment_history,6ff5f09c-e52b-4574-916c-d8d0bec1750e,assigned_to
212162,assignment_history:6ff5f09c-e52b-4574-916c-d8d0bec1750e,TKT-1-202607-01168,level_id,LEVEL_UPDATE,"Level Updated",,L3,,L3,anshu.r,"2026-07-16 10:15:53","2026-07-16 10:15:53","Please look into this issue.",assignment_history,6ff5f09c-e52b-4574-916c-d8d0bec1750e,level_id
11797,status_history:16e24aba-cd59-4cea-babf-59ededfa169c,TKT-1-202607-01173,status_id,STATUS_UPDATE,"Status Updated",2,3,"Assigned (In Progress)","On Hold (Pending with Requester)",umesh.k,"2026-07-14 18:37:47","2026-07-14 13:07:47","Dear sir, could you please specify a single stack where the MCI and mCR values are showing wrong.",status_history,16e24aba-cd59-4cea-babf-59ededfa169c,status_id
39091,status_history:4c7fa2c9-95a1-476e-80cb-ac5b5e05fba6,TKT-1-202607-01173,status_id,STATUS_UPDATE,"Status Updated",3,2,"On Hold (Pending with Requester)","Assigned (In Progress)",314325,"2026-07-13 14:24:01","2026-07-13 08:54:01","Kindly update to this office, when the said issue get resolved.",status_history,4c7fa2c9-95a1-476e-80cb-ac5b5e05fba6,status_id
42509,status_history:5330b652-df50-4555-a4c5-bca464e5446d,TKT-1-202607-01173,status_id,STATUS_UPDATE,"Status Updated",3,2,"On Hold (Pending with Requester)","Assigned (In Progress)",314325,"2026-07-14 16:53:29","2026-07-14 11:23:29","please find the anna darpan 29.10 in attach below and login id is 276622 ,  pass: Solan@123",status_history,5330b652-df50-4555-a4c5-bca464e5446d,status_id
53920,status_history:69c5c34e-1a79-4649-bcb0-39c020b610a6,TKT-1-202607-01173,status_id,STATUS_UPDATE,"Status Updated",2,3,"Assigned (In Progress)","On Hold (Pending with Requester)",arti.1.t,"2026-07-10 11:07:28","2026-07-10 05:37:28","Kindly refer to the comment box. For any further assistance, please contact our support team at:📞1800-410-6688",status_history,69c5c34e-1a79-4649-bcb0-39c020b610a6,status_id
59969,status_history:758b352a-78b1-4053-8452-9bba9206ab93,TKT-1-202607-01173,status_id,STATUS_UPDATE,"Status Updated",NULL,1,NULL,"Open (New)",314325,"2026-07-08 10:58:15","2026-07-08 05:28:15",New,status_history,758b352a-78b1-4053-8452-9bba9206ab93,status_id
68561,status_history:8656c2ca-258e-41b5-96fd-49c354da93aa,TKT-1-202607-01173,status_id,STATUS_UPDATE,"Status Updated",3,2,"On Hold (Pending with Requester)","Assigned (In Progress)",shivaniyadav091298,"2026-07-15 14:28:06","2026-07-15 08:58:06","Please check",status_history,8656c2ca-258e-41b5-96fd-49c354da93aa,status_id
114011,status_history:df60c04c-6b99-49be-be47-59b7a504d4f6,TKT-1-202607-01173,status_id,STATUS_UPDATE,"Status Updated",1,2,"Open (New)","Assigned (In Progress)",vikram6singh,"2026-07-08 11:02:16","2026-07-08 05:32:16","Please check.",status_history,df60c04c-6b99-49be-be47-59b7a504d4f6,status_id
115874,status_history:e2e3c48b-4c90-464a-b29d-cd53a3de0263,TKT-1-202607-01173,status_id,STATUS_UPDATE,"Status Updated",2,7,"Assigned (In Progress)",Resolved,shivaniyadav091298,"2026-07-15 14:29:48","2026-07-15 08:59:48","Please check the comment section.",status_history,e2e3c48b-4c90-464a-b29d-cd53a3de0263,status_id
130263,status_history:ff37fac0-ecf0-41a1-8dd0-de1892605313,TKT-1-202607-01173,status_id,STATUS_UPDATE,"Status Updated",2,3,"Assigned (In Progress)","On Hold (Pending with Requester)",umesh.k,"2026-07-14 11:20:49","2026-07-14 05:50:49","kindly attach 29.10 report from Anna Darpan portal, as well as provide login details, so that we can check the issue.",status_history,ff37fac0-ecf0-41a1-8dd0-de1892605313,status_id
138157,division_history:780efccc-218d-4c1f-ae60-227e0f0b6304,TKT-1-202607-01173,division,DIVISION_UPDATE,"Division Updated",NULL,DIV-002,NULL,"Storage Division",314325,"2026-07-08 10:58:15","2026-07-08 10:58:15",New,division_history,780efccc-218d-4c1f-ae60-227e0f0b6304,division
212177,assignment_history:8668a4c9-3e99-499d-b699-3f774478b6b8,TKT-1-202607-01173,assigned_to,ASSIGNED_TO_UPDATE,"Assigned To Updated",NULL,arti.1.t,NULL,arti.1.t,vikram6singh,"2026-07-08 11:02:16","2026-07-08 11:02:16","Please check.",assignment_history,8668a4c9-3e99-499d-b699-3f774478b6b8,assigned_to
212178,assignment_history:8743ac0f-c2b6-4942-89a4-f4794b1f790e,TKT-1-202607-01173,assigned_to,ASSIGNED_TO_UPDATE,"Assigned To Updated",arti.1.t,mukeshkumar,arti.1.t,mukeshkumar,arti.1.t,"2026-07-08 11:06:19","2026-07-08 11:06:19","mismatch of 29.10 statements of ANNA DARPAN from the 29.10 statements by ICAR FORMULA (provided to us by FCI) for the month of MAY 2026 AND JUNE 2026.Kindly do the needful",assignment_history,8743ac0f-c2b6-4942-89a4-f4794b1f790e,assigned_to
212179,assignment_history:e65817ab-2610-4bb0-8c73-dbd79e75b634,TKT-1-202607-01173,assigned_to,ASSIGNED_TO_UPDATE,"Assigned To Updated",mukeshkumar,arti.1.t,mukeshkumar,arti.1.t,arti.1.t,"2026-07-09 18:02:15","2026-07-09 18:02:15","pls check",assignment_history,e65817ab-2610-4bb0-8c73-dbd79e75b634,assigned_to
212180,assignment_history:db983509-c4fe-42ef-b4d1-15b3476046a2,TKT-1-202607-01173,assigned_to,ASSIGNED_TO_UPDATE,"Assigned To Updated",arti.1.t,inzemamul.h,arti.1.t,inzemamul.h,vikram6singh,"2026-07-14 10:01:53","2026-07-14 10:01:53","Please check.",assignment_history,db983509-c4fe-42ef-b4d1-15b3476046a2,assigned_to
212181,assignment_history:c9e299c2-e3ac-4ce4-93b9-2ef3b0cc683d,TKT-1-202607-01173,assigned_to,ASSIGNED_TO_UPDATE,"Assigned To Updated",inzemamul.h,umesh.k,inzemamul.h,umesh.k,inzemamul.h,"2026-07-14 10:17:25","2026-07-14 10:17:25","As per user request Kindly update when the said issue get resolved.",assignment_history,c9e299c2-e3ac-4ce4-93b9-2ef3b0cc683d,assigned_to
212182,assignment_history:c9e299c2-e3ac-4ce4-93b9-2ef3b0cc683d,TKT-1-202607-01173,level_id,LEVEL_UPDATE,"Level Updated",,L2,,L2,inzemamul.h,"2026-07-14 10:17:25","2026-07-14 10:17:25","As per user request Kindly update when the said issue get resolved.",assignment_history,c9e299c2-e3ac-4ce4-93b9-2ef3b0cc683d,level_id
212183,assignment_history:2b39f94a-01da-470e-9b07-173872a84455,TKT-1-202607-01173,assigned_to,ASSIGNED_TO_UPDATE,"Assigned To Updated",umesh.k,shivaniyadav091298,umesh.k,shivaniyadav091298,shivaniyadav091298,"2026-07-15 14:28:23","2026-07-15 14:28:23","Please check",assignment_history,2b39f94a-01da-470e-9b07-173872a84455,assigned_to
212184,assignment_history:2b39f94a-01da-470e-9b07-173872a84455,TKT-1-202607-01173,level_id,LEVEL_UPDATE,"Level Updated",L2,L1,L2,L1,shivaniyadav091298,"2026-07-15 14:28:23","2026-07-15 14:28:23","Please check",assignment_history,2b39f94a-01da-470e-9b07-173872a84455,level_id
5952,status_history:0b82bcf4-ef2f-42d3-8858-94820a87baa5,TKT-1-202607-01193,status_id,STATUS_UPDATE,"Status Updated",NULL,1,NULL,"Open (New)",147321,"2026-07-08 12:14:29","2026-07-08 06:44:29",New,status_history,0b82bcf4-ef2f-42d3-8858-94820a87baa5,status_id
13388,status_history:19f73119-456e-4907-9593-fddb51bfa7b9,TKT-1-202607-01193,status_id,STATUS_UPDATE,"Status Updated",1,2,"Open (New)","Assigned (In Progress)",vikram6singh,"2026-07-08 12:32:31","2026-07-08 07:02:31","Please check.",status_history,19f73119-456e-4907-9593-fddb51bfa7b9,status_id
34669,status_history:43e1c7ef-bc0e-4491-9775-b9b3031dbc03,TKT-1-202607-01193,status_id,STATUS_UPDATE,"Status Updated",2,7,"Assigned (In Progress)",Resolved,umesh.k,"2026-07-14 04:20:03","2026-07-14 04:20:03","Issue has been resolved.",status_history,43e1c7ef-bc0e-4491-9775-b9b3031dbc03,status_id
59184,status_history:7408837e-daeb-42a8-a74f-48c620f8af4e,TKT-1-202607-01193,status_id,STATUS_UPDATE,"Status Updated",3,2,"On Hold (Pending with Requester)","Assigned (In Progress)",147321,"2026-07-10 10:57:44","2026-07-10 05:27:44","Please check the comments and attachment",status_history,7408837e-daeb-42a8-a74f-48c620f8af4e,status_id
61465,status_history:786297c3-c50a-4b59-b47e-aeedaaba7e41,TKT-1-202607-01193,status_id,STATUS_UPDATE,"Status Updated",2,3,"Assigned (In Progress)","On Hold (Pending with Requester)",umesh.k,"2026-07-08 16:47:41","2026-07-08 11:17:41","Could you please share the original quantities? As per the report, we are displaying the value that was captured in the AnnaDarpan portal. Please confirm and share the details.",status_history,786297c3-c50a-4b59-b47e-aeedaaba7e41,status_id
143823,division_history:d1bc4eea-962d-47b5-a1d9-00f320e3f484,TKT-1-202607-01193,division,DIVISION_UPDATE,"Division Updated",NULL,DIV-005,NULL,"Stocks/PV Division",147321,"2026-07-08 12:14:29","2026-07-08 12:14:29",New,division_history,d1bc4eea-962d-47b5-a1d9-00f320e3f484,division
212244,assignment_history:948e6ba0-99fd-45d0-b575-32e9fdd5e7b5,TKT-1-202607-01193,assigned_to,ASSIGNED_TO_UPDATE,"Assigned To Updated",NULL,inzemamul.h,NULL,inzemamul.h,vikram6singh,"2026-07-08 12:32:31","2026-07-08 12:32:31","Please check.",assignment_history,948e6ba0-99fd-45d0-b575-32e9fdd5e7b5,assigned_to
212245,assignment_history:d1c2d7a1-af43-4fe6-9cf4-38a574f29e64,TKT-1-202607-01193,assigned_to,ASSIGNED_TO_UPDATE,"Assigned To Updated",inzemamul.h,inish.d,inzemamul.h,inish.d,inzemamul.h,"2026-07-08 15:03:36","2026-07-08 15:03:36","Kindly do the needful.",assignment_history,d1c2d7a1-af43-4fe6-9cf4-38a574f29e64,assigned_to
212246,assignment_history:d1c2d7a1-af43-4fe6-9cf4-38a574f29e64,TKT-1-202607-01193,level_id,LEVEL_UPDATE,"Level Updated",,L3,,L3,inzemamul.h,"2026-07-08 15:03:36","2026-07-08 15:03:36","Kindly do the needful.",assignment_history,d1c2d7a1-af43-4fe6-9cf4-38a574f29e64,level_id
3230,status_history:0626eeb0-7c48-4589-8a11-cd96a34c6c8f,TKT-1-202607-01221,status_id,STATUS_UPDATE,"Status Updated",2,3,"Assigned (In Progress)","On Hold (Pending with Requester)",anshu.r,"2026-07-08 15:21:04","2026-07-08 09:51:04","kindly share the supportive documents for our further investigation. For further assistance, please contact our support team at : 📞 1800-410-6688.",status_history,0626eeb0-7c48-4589-8a11-cd96a34c6c8f,status_id
23402,status_history:2dad2f05-c964-4f17-ad50-c278fd3946f7,TKT-1-202607-01221,status_id,STATUS_UPDATE,"Status Updated",2,3,"Assigned (In Progress)","On Hold (Pending with Requester)",inish.d,"2026-07-13 10:15:44","2026-07-13 04:45:44","Sir/Madam,  Please provide the login credentials so that we can proceed further.",status_history,2dad2f05-c964-4f17-ad50-c278fd3946f7,status_id
26207,status_history:334905bf-cc77-4aa9-b0e2-d8f9b2879767,TKT-1-202607-01221,status_id,STATUS_UPDATE,"Status Updated",2,7,"Assigned (In Progress)",Resolved,shivaniyadav091298,"2026-07-15 16:20:17","2026-07-15 10:50:17","Tried to contact the user but number not available, kindly update the correct contact details and if issue persists then ticket can be reopened and marking this as resolved,For any further assistance, please contact our support team at: 1800-410-6688",status_history,334905bf-cc77-4aa9-b0e2-d8f9b2879767,status_id
27556,status_history:35eae5ae-e63c-4bb2-a7a0-05b21f76757b,TKT-1-202607-01221,status_id,STATUS_UPDATE,"Status Updated",3,2,"On Hold (Pending with Requester)","Assigned (In Progress)",nh22007_06,"2026-07-09 11:39:17","2026-07-09 06:09:17","PHOTO ADDED",status_history,35eae5ae-e63c-4bb2-a7a0-05b21f76757b,status_id
28449,status_history:37b2fe06-bfde-4e2f-9f6a-822d042568c4,TKT-1-202607-01221,status_id,STATUS_UPDATE,"Status Updated",NULL,1,NULL,"Open (New)",nh22007_06,"2026-07-08 14:13:54","2026-07-08 08:43:54",New,status_history,37b2fe06-bfde-4e2f-9f6a-822d042568c4,status_id
71791,status_history:8cc03665-c351-4d43-a262-e66033310fd7,TKT-1-202607-01221,status_id,STATUS_UPDATE,"Status Updated",1,2,"Open (New)","Assigned (In Progress)",vikram6singh,"2026-07-08 14:26:09","2026-07-08 08:56:09","Please check.",status_history,8cc03665-c351-4d43-a262-e66033310fd7,status_id
120016,status_history:eb165ff6-7990-44f4-9056-8af55d60f960,TKT-1-202607-01221,status_id,STATUS_UPDATE,"Status Updated",3,2,"On Hold (Pending with Requester)","Assigned (In Progress)",shivaniyadav091298,"2026-07-15 16:12:47","2026-07-15 10:42:47","Please check",status_history,eb165ff6-7990-44f4-9056-8af55d60f960,status_id
143664,division_history:cf56a330-1d5d-431b-b2ac-4deaedf672a3,TKT-1-202607-01221,division,DIVISION_UPDATE,"Division Updated",NULL,DIV-002,NULL,"Storage Division",nh22007_06,"2026-07-08 14:13:54","2026-07-08 14:13:54",New,division_history,cf56a330-1d5d-431b-b2ac-4deaedf672a3,division
212346,assignment_history:3b8f0c35-c036-43b6-bb60-79f8bee641ce,TKT-1-202607-01221,assigned_to,ASSIGNED_TO_UPDATE,"Assigned To Updated",NULL,anshu.r,NULL,anshu.r,vikram6singh,"2026-07-08 14:26:09","2026-07-08 14:26:09","Please check.",assignment_history,3b8f0c35-c036-43b6-bb60-79f8bee641ce,assigned_to
212347,assignment_history:914079fd-5254-47f6-8d84-ef775a229825,TKT-1-202607-01221,assigned_to,ASSIGNED_TO_UPDATE,"Assigned To Updated",anshu.r,umesh.k,anshu.r,umesh.k,anshu.r,"2026-07-10 11:38:24","2026-07-10 11:38:24","KIndly do the needful",assignment_history,914079fd-5254-47f6-8d84-ef775a229825,assigned_to
212348,assignment_history:914079fd-5254-47f6-8d84-ef775a229825,TKT-1-202607-01221,level_id,LEVEL_UPDATE,"Level Updated",,L2,,L2,anshu.r,"2026-07-10 11:38:24","2026-07-10 11:38:24","KIndly do the needful",assignment_history,914079fd-5254-47f6-8d84-ef775a229825,level_id
212349,assignment_history:49e5aad3-448d-4c46-a9d4-b87c4a1954a6,TKT-1-202607-01221,assigned_to,ASSIGNED_TO_UPDATE,"Assigned To Updated",umesh.k,shivaniyadav091298,umesh.k,shivaniyadav091298,shivaniyadav091298,"2026-07-15 16:13:06","2026-07-15 16:13:06","Please check",assignment_history,49e5aad3-448d-4c46-a9d4-b87c4a1954a6,assigned_to
212350,assignment_history:49e5aad3-448d-4c46-a9d4-b87c4a1954a6,TKT-1-202607-01221,level_id,LEVEL_UPDATE,"Level Updated",L2,L1,L2,L1,shivaniyadav091298,"2026-07-15 16:13:06","2026-07-15 16:13:06","Please check",assignment_history,49e5aad3-448d-4c46-a9d4-b87c4a1954a6,level_id
4365,status_history:085bfd90-6032-441e-a276-f6ed76457c59,TKT-1-202607-01235,status_id,STATUS_UPDATE,"Status Updated",2,3,"Assigned (In Progress)","On Hold (Pending with Requester)",anshu.r,"2026-07-13 16:28:45","2026-07-13 10:58:45","AS discuss on call kindly share the screenshot for further investigation",status_history,085bfd90-6032-441e-a276-f6ed76457c59,status_id
28094,status_history:3703a7ca-80b8-4a4d-8be5-1d978803c798,TKT-1-202607-01235,status_id,STATUS_UPDATE,"Status Updated",3,2,"On Hold (Pending with Requester)","Assigned (In Progress)",188395,"2026-07-09 12:17:23","2026-07-09 06:47:23","please check",status_history,3703a7ca-80b8-4a4d-8be5-1d978803c798,status_id
31335,status_history:3d621557-2bda-42bd-8d43-3ea6a393bc99,TKT-1-202607-01235,status_id,STATUS_UPDATE,"Status Updated",1,2,"Open (New)","Assigned (In Progress)",vikram6singh,"2026-07-08 15:40:36","2026-07-08 10:10:36","Please check.",status_history,3d621557-2bda-42bd-8d43-3ea6a393bc99,status_id
40649,status_history:4f7a2d50-2173-4901-bbe9-1026967c30a7,TKT-1-202607-01235,status_id,STATUS_UPDATE,"Status Updated",3,2,"On Hold (Pending with Requester)","Assigned (In Progress)",188395,"2026-07-14 15:11:04","2026-07-14 09:41:04","please check",status_history,4f7a2d50-2173-4901-bbe9-1026967c30a7,status_id
42032,status_history:524d9364-0d8e-433e-b57e-e2151a03cbc8,TKT-1-202607-01235,status_id,STATUS_UPDATE,"Status Updated",2,3,"Assigned (In Progress)","On Hold (Pending with Requester)",umesh.k,"2026-07-22 12:40:00","2026-07-22 07:10:00","kindly refer comment section.",status_history,524d9364-0d8e-433e-b57e-e2151a03cbc8,status_id
42528,status_history:533d19d0-2399-4c55-a230-f4ad9df3f3f8,TKT-1-202607-01235,status_id,STATUS_UPDATE,"Status Updated",2,3,"Assigned (In Progress)","On Hold (Pending with Requester)",arti.1.t,"2026-07-08 17:51:55","2026-07-08 12:21:55","Kindly share your User ID  and password for further troubleshooting. For any assistance, please feel free to contact us at 1800-410-6688.",status_history,533d19d0-2399-4c55-a230-f4ad9df3f3f8,status_id
66835,status_history:82f74f36-3434-4707-9fe7-43798c7bcd32,TKT-1-202607-01235,status_id,STATUS_UPDATE,"Status Updated",NULL,1,NULL,"Open (New)",188395,"2026-07-08 15:21:32","2026-07-08 09:51:32",New,status_history,82f74f36-3434-4707-9fe7-43798c7bcd32,status_id
80566,status_history:9dc9c4c7-633f-444f-b24c-65f4c49537b4,TKT-1-202607-01235,status_id,STATUS_UPDATE,"Status Updated",2,3,"Assigned (In Progress)","On Hold (Pending with Requester)",anshu.r,"2026-07-25 17:36:34","2026-07-25 12:06:34","Please send an email to HQ through your Regional and Divisional office.For further assistance, please contact our support team at : 1800-410-6688",status_history,9dc9c4c7-633f-444f-b24c-65f4c49537b4,status_id
82588,status_history:a1e0d5b2-db7a-46d2-b4f7-b32f1fb6c663,TKT-1-202607-01235,status_id,STATUS_UPDATE,"Status Updated",3,2,"On Hold (Pending with Requester)","Assigned (In Progress)",188395,"2026-07-22 21:50:29","2026-07-22 16:20:29","kindly go through the remarks",status_history,a1e0d5b2-db7a-46d2-b4f7-b32f1fb6c663,status_id
128180,status_history:faf7216a-300f-4a19-a30f-d32d60b06c86,TKT-1-202607-01235,status_id,STATUS_UPDATE,"Status Updated",3,2,"On Hold (Pending with Requester)","Assigned (In Progress)",188395,"2026-07-27 15:19:14","2026-07-27 09:49:14","kindly go through remarks and attached documents.",status_history,faf7216a-300f-4a19-a30f-d32d60b06c86,status_id
135854,division_history:52dd6efe-2915-42b1-811d-a053725350e2,TKT-1-202607-01235,division,DIVISION_UPDATE,"Division Updated",NULL,DIV-002,NULL,"Storage Division",188395,"2026-07-08 15:21:32","2026-07-08 15:21:32",New,division_history,52dd6efe-2915-42b1-811d-a053725350e2,division
212389,assignment_history:3ed7443b-d58e-4042-9f48-e0521f611f06,TKT-1-202607-01235,assigned_to,ASSIGNED_TO_UPDATE,"Assigned To Updated",NULL,arti.1.t,NULL,arti.1.t,vikram6singh,"2026-07-08 15:40:36","2026-07-08 15:40:36","Please check.",assignment_history,3ed7443b-d58e-4042-9f48-e0521f611f06,assigned_to
212390,assignment_history:3ee2bdf7-9b95-4294-94a2-c33f6e01f70f,TKT-1-202607-01235,assigned_to,ASSIGNED_TO_UPDATE,"Assigned To Updated",arti.1.t,anshu.r,arti.1.t,anshu.r,vikram6singh,"2026-07-13 09:12:00","2026-07-13 09:12:00","Please check.",assignment_history,3ee2bdf7-9b95-4294-94a2-c33f6e01f70f,assigned_to
212391,assignment_history:20cb5cf4-99df-42a6-8af0-ba74e807ba3b,TKT-1-202607-01235,assigned_to,ASSIGNED_TO_UPDATE,"Assigned To Updated",anshu.r,umesh.k,anshu.r,umesh.k,anshu.r,"2026-07-15 16:53:01","2026-07-15 16:53:01","Kindly do the needful",assignment_history,20cb5cf4-99df-42a6-8af0-ba74e807ba3b,assigned_to
212392,assignment_history:20cb5cf4-99df-42a6-8af0-ba74e807ba3b,TKT-1-202607-01235,level_id,LEVEL_UPDATE,"Level Updated",,L2,,L2,anshu.r,"2026-07-15 16:53:01","2026-07-15 16:53:01","Kindly do the needful",assignment_history,20cb5cf4-99df-42a6-8af0-ba74e807ba3b,level_id
212393,assignment_history:1020264d-08ab-4d84-899b-80300ad9807d,TKT-1-202607-01235,assigned_to,ASSIGNED_TO_UPDATE,"Assigned To Updated",umesh.k,vikram6singh,umesh.k,vikram6singh,umesh.k,"2026-07-23 12:05:06","2026-07-23 12:05:06","kindly help the user in sending an official mail from FCI to coforge,related to 29.10 report formula.",assignment_history,1020264d-08ab-4d84-899b-80300ad9807d,assigned_to
212394,assignment_history:fa91432b-5421-450f-ab4e-13ba08dea354,TKT-1-202607-01235,assigned_to,ASSIGNED_TO_UPDATE,"Assigned To Updated",vikram6singh,anshu.r,vikram6singh,anshu.r,vikram6singh,"2026-07-23 12:18:22","2026-07-23 12:18:22","Please connect with the user and help him as per the comments/remarks.",assignment_history,fa91432b-5421-450f-ab4e-13ba08dea354,assigned_to
212395,assignment_history:4689843e-098c-4469-87e0-ecd820319c06,TKT-1-202607-01235,assigned_to,ASSIGNED_TO_UPDATE,"Assigned To Updated",anshu.r,umesh.k,anshu.r,umesh.k,anshu.r,"2026-07-23 17:26:08","2026-07-23 17:26:08","Please look into this issue.",assignment_history,4689843e-098c-4469-87e0-ecd820319c06,assigned_to
212396,assignment_history:4689843e-098c-4469-87e0-ecd820319c06,TKT-1-202607-01235,level_id,LEVEL_UPDATE,"Level Updated",,L2,,L2,anshu.r,"2026-07-23 17:26:08","2026-07-23 17:26:08","Please look into this issue.",assignment_history,4689843e-098c-4469-87e0-ecd820319c06,level_id
212397,assignment_history:a3b289e9-34d2-43bd-a42f-7fb606f2fa88,TKT-1-202607-01235,assigned_to,ASSIGNED_TO_UPDATE,"Assigned To Updated",umesh.k,mukeshkumar,umesh.k,mukeshkumar,umesh.k,"2026-07-24 16:04:27","2026-07-24 16:04:27","kindly help the user in sending an official mail from FCI to coforge,related to 29.10 report formula.",assignment_history,a3b289e9-34d2-43bd-a42f-7fb606f2fa88,assigned_to
212398,assignment_history:2684d8d8-d6db-4205-aa1d-a47a19c09b85,TKT-1-202607-01235,assigned_to,ASSIGNED_TO_UPDATE,"Assigned To Updated",mukeshkumar,anshu.r,mukeshkumar,anshu.r,mukeshkumar,"2026-07-24 19:21:41","2026-07-24 19:21:41","Please coordinate with user and share the official helpdesk email.",assignment_history,2684d8d8-d6db-4205-aa1d-a47a19c09b85,assigned_to
220635,22b410a4-d4be-429f-aab2-121c7e1d57ba,TKT-1-202607-01235,assigned_to,ASSIGNED_TO_UPDATE,"Assigned To Updated",anshu.r,umesh.k,anshu.r,umesh.k,anshu.r,"2026-08-01 11:53:10","2026-08-01 06:23:10","Kindly do the needful",NULL,NULL,NULL
220636,22b410a4-d4be-429f-aab2-121c7e1d57ba,TKT-1-202607-01235,assigned_to_level,ASSIGNED_TO_LEVEL_UPDATE,"Assigned To Level Updated",NULL,NULL,,L2,anshu.r,"2026-08-01 11:53:10","2026-08-01 06:23:10","Kindly do the needful",NULL,NULL,NULL
221593,1f5b1d3b-519c-4c04-bfe0-e643848e4b48,TKT-1-202607-01235,status_id,STATUS_UPDATE,"Status Updated",2,7,"Assigned (In Progress)",Resolved,umesh.k,"2026-08-03 12:11:22","2026-08-03 06:41:22","This issue is already being tracked under master ticket TKT-1-202604-02629. so we are Closing this ticket.",NULL,NULL,NULL
38556,status_history:4b8a354f-5578-4bfb-827b-4cae2942f6e5,TKT-1-202607-01289,status_id,STATUS_UPDATE,"Status Updated",NULL,1,NULL,"Open (New)",109872,"2026-07-09 10:26:26","2026-07-09 04:56:26",New,status_history,4b8a354f-5578-4bfb-827b-4cae2942f6e5,status_id
42169,status_history:528c15c3-f460-4d5a-97cb-76a905bb315e,TKT-1-202607-01289,status_id,STATUS_UPDATE,"Status Updated",3,2,"On Hold (Pending with Requester)","Assigned (In Progress)",109872,"2026-07-14 11:15:26","2026-07-14 05:45:26","PV Officer User Id-109896, Password-Darpan@1234. Manager Depot User ID-311399,Password-Depot@1234",status_history,528c15c3-f460-4d5a-97cb-76a905bb315e,status_id
46229,status_history:5aae8163-720d-4be8-80b0-1098ab03d60a,TKT-1-202607-01289,status_id,STATUS_UPDATE,"Status Updated",7,8,Resolved,Closed,109872,"2026-07-17 13:42:50","2026-07-17 08:12:50",Close,status_history,5aae8163-720d-4be8-80b0-1098ab03d60a,status_id
48667,status_history:5f7d39c8-63e0-4562-9a71-ec7cf5e68070,TKT-1-202607-01289,status_id,STATUS_UPDATE,"Status Updated",2,3,"Assigned (In Progress)","On Hold (Pending with Requester)",sanjeet.k,"2026-07-11 17:56:16","2026-07-11 12:26:16","kindly share the respective user credential for the further assistance",status_history,5f7d39c8-63e0-4562-9a71-ec7cf5e68070,status_id
69829,status_history:88d30d74-7c32-4644-ab75-c86162765c7a,TKT-1-202607-01289,status_id,STATUS_UPDATE,"Status Updated",2,7,"Assigned (In Progress)",Resolved,satish.d,"2026-07-14 18:27:28","2026-07-14 12:57:28","we hope issue has been resolved we are closing the ticket if any issue persists please reopen",status_history,88d30d74-7c32-4644-ab75-c86162765c7a,status_id
107447,status_history:d27e492d-9801-43de-95db-61b5c13e480d,TKT-1-202607-01289,status_id,STATUS_UPDATE,"Status Updated",1,2,"Open (New)","Assigned (In Progress)",vikram6singh,"2026-07-09 10:41:18","2026-07-09 05:11:18","Please check.",status_history,d27e492d-9801-43de-95db-61b5c13e480d,status_id
135469,division_history:4c8ba2b5-1be5-47f5-8a6f-344715ec1e13,TKT-1-202607-01289,division,DIVISION_UPDATE,"Division Updated",NULL,DIV-005,NULL,"Stocks/PV Division",109872,"2026-07-09 10:26:26","2026-07-09 10:26:26",New,division_history,4c8ba2b5-1be5-47f5-8a6f-344715ec1e13,division
212532,assignment_history:b6a3a9a7-a112-4c2a-a26a-89d63c423fd4,TKT-1-202607-01289,assigned_to,ASSIGNED_TO_UPDATE,"Assigned To Updated",NULL,sanjeet.k,NULL,sanjeet.k,vikram6singh,"2026-07-09 10:41:18","2026-07-09 10:41:18","Please check.",assignment_history,b6a3a9a7-a112-4c2a-a26a-89d63c423fd4,assigned_to
212533,assignment_history:0d3cd62f-8031-4d48-8720-0499cae11875,TKT-1-202607-01289,assigned_to,ASSIGNED_TO_UPDATE,"Assigned To Updated",sanjeet.k,satish.d,sanjeet.k,satish.d,sanjeet.k,"2026-07-14 17:08:42","2026-07-14 17:08:42","kindly check and do the needful",assignment_history,0d3cd62f-8031-4d48-8720-0499cae11875,assigned_to
212534,assignment_history:0d3cd62f-8031-4d48-8720-0499cae11875,TKT-1-202607-01289,level_id,LEVEL_UPDATE,"Level Updated",,L3,,L3,sanjeet.k,"2026-07-14 17:08:42","2026-07-14 17:08:42","kindly check and do the needful",assignment_history,0d3cd62f-8031-4d48-8720-0499cae11875,level_id
1774,status_history:034486de-a056-4052-a63b-05949c26e51d,TKT-1-202607-01293,status_id,STATUS_UPDATE,"Status Updated",10,2,Reopened,"Assigned (In Progress)",vikram6singh,"2026-07-13 11:31:10","2026-07-13 06:01:10","Please check.",status_history,034486de-a056-4052-a63b-05949c26e51d,status_id
2512,status_history:04baaa52-09d0-4f9a-9883-292e81246520,TKT-1-202607-01293,status_id,STATUS_UPDATE,"Status Updated",7,10,Resolved,Reopened,294594,"2026-07-16 11:35:35","2026-07-16 06:05:35","The difference still noticed and no remarks has given for further proceedings.",status_history,04baaa52-09d0-4f9a-9883-292e81246520,status_id
6588,status_history:0cc4bf4a-4d9d-4b9b-892a-1210152272e7,TKT-1-202607-01293,status_id,STATUS_UPDATE,"Status Updated",2,3,"Assigned (In Progress)","On Hold (Pending with Requester)",anuj.s,"2026-07-09 12:45:48","2026-07-09 07:15:48","You are kindly requested to please share the relevant screenshots and supporting documents, so that we may review the matter and determine the further course of action.",status_history,0cc4bf4a-4d9d-4b9b-892a-1210152272e7,status_id
7554,status_history:0ea83c8b-7f1e-4650-ad80-684fc96eefbe,TKT-1-202607-01293,status_id,STATUS_UPDATE,"Status Updated",3,2,"On Hold (Pending with Requester)","Assigned (In Progress)",294594,"2026-07-14 15:25:18","2026-07-14 09:55:18","Present closing balance is : 329.954901 , But actual closing balance is : 329.954902 .",status_history,0ea83c8b-7f1e-4650-ad80-684fc96eefbe,status_id
14881,status_history:1cec74b1-cf19-49a3-8e55-e5d054509dfe,TKT-1-202607-01293,status_id,STATUS_UPDATE,"Status Updated",3,2,"On Hold (Pending with Requester)","Assigned (In Progress)",294594,"2026-07-10 11:31:46","2026-07-10 06:01:46","i shared supporting documents.",status_history,1cec74b1-cf19-49a3-8e55-e5d054509dfe,status_id
15270,status_history:1db159c5-f96a-40cf-bef0-13e9b7522328,TKT-1-202607-01293,status_id,STATUS_UPDATE,"Status Updated",NULL,1,NULL,"Open (New)",294594,"2026-07-09 11:02:44","2026-07-09 05:32:44",New,status_history,1db159c5-f96a-40cf-bef0-13e9b7522328,status_id
16278,status_history:1fae3c60-77b3-471b-9052-17ce652b86ae,TKT-1-202607-01293,status_id,STATUS_UPDATE,"Status Updated",2,3,"Assigned (In Progress)","On Hold (Pending with Requester)",umesh.k,"2026-07-13 12:24:10","2026-07-13 06:54:10","Dear sir, kindly could you please let us know the correct closing balance figure. so that we can check the issue.",status_history,1fae3c60-77b3-471b-9052-17ce652b86ae,status_id
21101,status_history:29237bbf-1f0b-4b35-80b6-f3588ac463fc,TKT-1-202607-01293,status_id,STATUS_UPDATE,"Status Updated",3,2,"On Hold (Pending with Requester)","Assigned (In Progress)",294594,"2026-07-17 11:20:45","2026-07-17 05:50:45","It is bring to your notice that AT FSD Mysore there is a problem in closing balance of Wheat, 2024-25, LL-50/ D&SD-6/S&B-15, but the issue has not been resolved yet. So, Please resolve the issue as early as possible.",status_history,29237bbf-1f0b-4b35-80b6-f3588ac463fc,status_id
27858,status_history:36881d9f-8ff1-48d2-8779-51e5c7774497,TKT-1-202607-01293,status_id,STATUS_UPDATE,"Status Updated",2,3,"Assigned (In Progress)","On Hold (Pending with Requester)",umesh.k,"2026-07-17 12:29:43","2026-07-17 06:59:43","Dear sir, kindly perform other transaction to match the stock position.",status_history,36881d9f-8ff1-48d2-8779-51e5c7774497,status_id
28815,status_history:387de055-5056-4a78-b708-443b3eea977c,TKT-1-202607-01293,status_id,STATUS_UPDATE,"Status Updated",3,2,"On Hold (Pending with Requester)","Assigned (In Progress)",294594,"2026-07-17 12:59:06","2026-07-17 07:29:06","It is bring to your notice that AT FSD Mysore there is a problem in closing balance of Wheat, 2024-25, LL-50/ D&SD-6/S&B-15.  Other transactions  denied by our DO . Hence please resolve the issue from your end .",status_history,387de055-5056-4a78-b708-443b3eea977c,status_id
29421,status_history:39aa300a-1ef5-4bda-8d7b-c191671251ca,TKT-1-202607-01293,status_id,STATUS_UPDATE,"Status Updated",3,2,"On Hold (Pending with Requester)","Assigned (In Progress)",294594,"2026-07-15 15:15:32","2026-07-15 09:45:32","As per Helpdesk comment reference , We performed OT for the issue , Because of that the issue has been resolved .",status_history,39aa300a-1ef5-4bda-8d7b-c191671251ca,status_id
35215,status_history:44f26e2a-fee9-4e11-b069-e26a3aebcd32,TKT-1-202607-01293,status_id,STATUS_UPDATE,"Status Updated",2,3,"Assigned (In Progress)","On Hold (Pending with Requester)",umesh.k,"2026-07-20 06:37:04","2026-07-20 06:37:04","Dear sir, kindly provide login details, so that we can check the issue, as well as kindly mention whats the correct closing balance for the particular commodity and specification.",status_history,44f26e2a-fee9-4e11-b069-e26a3aebcd32,status_id
53736,status_history:6968e6a3-56be-4940-8a93-e810f6efa39d,TKT-1-202607-01293,status_id,STATUS_UPDATE,"Status Updated",10,2,Reopened,"Assigned (In Progress)",vikram6singh,"2026-07-16 12:47:20","2026-07-16 07:17:20","Please check.",status_history,6968e6a3-56be-4940-8a93-e810f6efa39d,status_id
58338,status_history:72661270-1341-4c12-afef-895388532e67,TKT-1-202607-01293,status_id,STATUS_UPDATE,"Status Updated",2,3,"Assigned (In Progress)","On Hold (Pending with Requester)",umesh.k,"2026-07-16 16:24:20","2026-07-16 10:54:20","You mentioned that you performed another transaction and that the issue has been resolved. Could you please let us know the exact issue you are currently facing, if any? This will help us understand and assist you more effectively.",status_history,72661270-1341-4c12-afef-895388532e67,status_id
69008,status_history:873a345d-9aaf-4b5b-a1ee-00d265c67905,TKT-1-202607-01293,status_id,STATUS_UPDATE,"Status Updated",3,2,"On Hold (Pending with Requester)","Assigned (In Progress)",294594,"2026-07-20 13:56:51","2026-07-20 08:26:51","Login ID-294594, the correct closing balance for wheat Urs 24-25 crop year is 329.954902 MTs.",status_history,873a345d-9aaf-4b5b-a1ee-00d265c67905,status_id
86212,status_history:a911772c-45a1-4a33-8311-c16166cf0fa8,TKT-1-202607-01293,status_id,STATUS_UPDATE,"Status Updated",7,10,Resolved,Reopened,294594,"2026-07-13 11:11:57","2026-07-13 05:41:57","The issue was not yet solved. Kindly please check on it.",status_history,a911772c-45a1-4a33-8311-c16166cf0fa8,status_id
88882,status_history:ae75db2e-267b-4eb9-8a2f-da79ee47ddf8,TKT-1-202607-01293,status_id,STATUS_UPDATE,"Status Updated",2,3,"Assigned (In Progress)","On Hold (Pending with Requester)",umesh.k,"2026-07-14 18:11:24","2026-07-14 12:41:24","Please perform other transaction operation to match the stock position.",status_history,ae75db2e-267b-4eb9-8a2f-da79ee47ddf8,status_id
101851,status_history:c7bac594-a903-4f98-a980-a20d1735af84,TKT-1-202607-01293,status_id,STATUS_UPDATE,"Status Updated",2,7,"Assigned (In Progress)",Resolved,umesh.k,"2026-07-16 10:01:00","2026-07-16 04:31:00","as per the requestor's remarks, we are proceeding to close the ticket.",status_history,c7bac594-a903-4f98-a980-a20d1735af84,status_id
107247,status_history:d221b4d8-5577-4d5d-9069-c75bfbec1254,TKT-1-202607-01293,status_id,STATUS_UPDATE,"Status Updated",1,2,"Open (New)","Assigned (In Progress)",vikram6singh,"2026-07-09 11:04:03","2026-07-09 05:34:03","Please check.",status_history,d221b4d8-5577-4d5d-9069-c75bfbec1254,status_id
109551,status_history:d69cf724-bb42-4b17-9290-3c3d997979a2,TKT-1-202607-01293,status_id,STATUS_UPDATE,"Status Updated",2,7,"Assigned (In Progress)",Resolved,umesh.k,"2026-07-10 12:37:28","2026-07-10 07:07:28","issue has been resolved. kindly check.",status_history,d69cf724-bb42-4b17-9290-3c3d997979a2,status_id
142600,division_history:be634e18-d63c-4f91-a5c7-84131df066ae,TKT-1-202607-01293,division,DIVISION_UPDATE,"Division Updated",NULL,DIV-005,NULL,"Stocks/PV Division",294594,"2026-07-09 11:02:44","2026-07-09 11:02:44",New,division_history,be634e18-d63c-4f91-a5c7-84131df066ae,division
212549,assignment_history:0d49cbf7-8e59-4002-a64b-3fd2bfd59183,TKT-1-202607-01293,assigned_to,ASSIGNED_TO_UPDATE,"Assigned To Updated",NULL,anuj.s,NULL,anuj.s,vikram6singh,"2026-07-09 11:04:03","2026-07-09 11:04:03","Please check.",assignment_history,0d49cbf7-8e59-4002-a64b-3fd2bfd59183,assigned_to
212550,assignment_history:bf274081-45bb-481d-9313-e6244c9d789e,TKT-1-202607-01293,assigned_to,ASSIGNED_TO_UPDATE,"Assigned To Updated",anuj.s,inish.d,anuj.s,inish.d,anuj.s,"2026-07-10 12:06:58","2026-07-10 12:06:58","Please look into the issue.",assignment_history,bf274081-45bb-481d-9313-e6244c9d789e,assigned_to
212551,assignment_history:bf274081-45bb-481d-9313-e6244c9d789e,TKT-1-202607-01293,level_id,LEVEL_UPDATE,"Level Updated",,L3,,L3,anuj.s,"2026-07-10 12:06:58","2026-07-10 12:06:58","Please look into the issue.",assignment_history,bf274081-45bb-481d-9313-e6244c9d789e,level_id
212552,assignment_history:68f6c572-fbaf-4f4f-9ea4-ade4cbdf71ea,TKT-1-202607-01293,assigned_to,ASSIGNED_TO_UPDATE,"Assigned To Updated",inish.d,NONE,inish.d,NONE,294594,"2026-07-13 11:11:57","2026-07-13 11:11:57","The issue was not yet solved. Kindly please check on it.",assignment_history,68f6c572-fbaf-4f4f-9ea4-ade4cbdf71ea,assigned_to
212553,assignment_history:c81d41e0-68e3-48cb-b964-e1a79b8062b5,TKT-1-202607-01293,assigned_to,ASSIGNED_TO_UPDATE,"Assigned To Updated",NONE,anuj.s,NONE,anuj.s,vikram6singh,"2026-07-13 11:31:10","2026-07-13 11:31:10","Please check.",assignment_history,c81d41e0-68e3-48cb-b964-e1a79b8062b5,assigned_to
212554,assignment_history:8b21380e-c1d7-40c9-b524-4a512695f104,TKT-1-202607-01293,assigned_to,ASSIGNED_TO_UPDATE,"Assigned To Updated",anuj.s,umesh.k,anuj.s,umesh.k,anuj.s,"2026-07-13 11:48:15","2026-07-13 11:48:15","Please look into the issue.",assignment_history,8b21380e-c1d7-40c9-b524-4a512695f104,assigned_to
212555,assignment_history:8b21380e-c1d7-40c9-b524-4a512695f104,TKT-1-202607-01293,level_id,LEVEL_UPDATE,"Level Updated",,L2,,L2,anuj.s,"2026-07-13 11:48:15","2026-07-13 11:48:15","Please look into the issue.",assignment_history,8b21380e-c1d7-40c9-b524-4a512695f104,level_id
212556,assignment_history:ed07b5e5-2f1a-457d-a7c2-4631dd23b31b,TKT-1-202607-01293,assigned_to,ASSIGNED_TO_UPDATE,"Assigned To Updated",umesh.k,NONE,umesh.k,NONE,294594,"2026-07-16 11:35:35","2026-07-16 11:35:35","The difference still noticed and no remarks has given for further proceedings.",assignment_history,ed07b5e5-2f1a-457d-a7c2-4631dd23b31b,assigned_to
212557,assignment_history:ab967ad9-2524-4fc7-b477-9e011305ccc5,TKT-1-202607-01293,assigned_to,ASSIGNED_TO_UPDATE,"Assigned To Updated",NONE,anuj.s,NONE,anuj.s,vikram6singh,"2026-07-16 12:47:20","2026-07-16 12:47:20","Please check.",assignment_history,ab967ad9-2524-4fc7-b477-9e011305ccc5,assigned_to
212558,assignment_history:28b53ba6-52e8-46bb-9846-2d559f99836f,TKT-1-202607-01293,assigned_to,ASSIGNED_TO_UPDATE,"Assigned To Updated",anuj.s,inish.d,anuj.s,inish.d,anuj.s,"2026-07-16 14:26:37","2026-07-16 14:26:37","Please look into the issue.",assignment_history,28b53ba6-52e8-46bb-9846-2d559f99836f,assigned_to
212559,assignment_history:28b53ba6-52e8-46bb-9846-2d559f99836f,TKT-1-202607-01293,level_id,LEVEL_UPDATE,"Level Updated",,L3,,L3,anuj.s,"2026-07-16 14:26:37","2026-07-16 14:26:37","Please look into the issue.",assignment_history,28b53ba6-52e8-46bb-9846-2d559f99836f,level_id
225249,7aa21428-3b2f-49e9-b011-7b6fc954eb49,TKT-1-202607-01293,status_id,STATUS_UPDATE,"Status Updated",2,7,"Assigned (In Progress)",Resolved,umesh.k,"2026-08-05 14:46:17","2026-08-05 09:16:17","kindly refer comment section for more information.",NULL,NULL,NULL
4212,status_history:08149bbe-fbb0-4397-9103-8876aa9aedb7,TKT-1-202607-01423,status_id,STATUS_UPDATE,"Status Updated",2,7,"Assigned (In Progress)",Resolved,shivaniyadav091298,"2026-07-15 17:50:51","2026-07-15 12:20:51","Tried to contact the user but number not available, kindly update the correct contact details and if issue persists then ticket can be reopened and marking this as resolved,For any further assistance, please contact our support team at: 1800-410-6688",status_history,08149bbe-fbb0-4397-9103-8876aa9aedb7,status_id
4338,status_history:085342da-fb09-4066-8442-497e21a4b13c,TKT-1-202607-01423,status_id,STATUS_UPDATE,"Status Updated",3,2,"On Hold (Pending with Requester)","Assigned (In Progress)",se16003_01,"2026-07-17 18:01:00","2026-07-17 12:31:00",.,status_history,085342da-fb09-4066-8442-497e21a4b13c,status_id
8706,status_history:10eec067-fe50-4ceb-9e97-ced2b7d65948,TKT-1-202607-01423,status_id,STATUS_UPDATE,"Status Updated",2,3,"Assigned (In Progress)","On Hold (Pending with Requester)",shivaniyadav091298,"2026-07-09 14:50:04","2026-07-09 09:20:04","Please check the comment section.",status_history,10eec067-fe50-4ceb-9e97-ced2b7d65948,status_id
32721,status_history:4016866e-327b-4b27-a98b-0a8de4fadc89,TKT-1-202607-01423,status_id,STATUS_UPDATE,"Status Updated",3,2,"On Hold (Pending with Requester)","Assigned (In Progress)",se16003_01,"2026-07-22 17:24:14","2026-07-22 11:54:14",.,status_history,4016866e-327b-4b27-a98b-0a8de4fadc89,status_id
47251,status_history:5cae9797-f768-4ed8-a33f-9f5c17115762,TKT-1-202607-01423,status_id,STATUS_UPDATE,"Status Updated",2,3,"Assigned (In Progress)","On Hold (Pending with Requester)",umesh.k,"2026-07-17 17:13:37","2026-07-17 11:43:37","Dear sir, kindly check each stack and in which stack the stock is not matching with physical stock figure, you can perform other transaction for that particular stack.",status_history,5cae9797-f768-4ed8-a33f-9f5c17115762,status_id
58101,status_history:71f01359-b296-4e32-9ec2-27280a7ddf09,TKT-1-202607-01423,status_id,STATUS_UPDATE,"Status Updated",7,10,Resolved,Reopened,se16003_01,"2026-07-16 15:10:23","2026-07-16 09:40:23",.,status_history,71f01359-b296-4e32-9ec2-27280a7ddf09,status_id
58835,status_history:735f9ec5-2ac4-490f-8fee-ee77b9e93683,TKT-1-202607-01423,status_id,STATUS_UPDATE,"Status Updated",7,10,Resolved,Reopened,se16003_01,"2026-07-17 11:05:53","2026-07-17 05:35:53","Kindly advise us how to use other transaction to correct the gram difference. Many stack has one or more gram less/more comparing to physical balance. convey the way for each category (Stack has more than physical balance/less than physical balance)",status_history,735f9ec5-2ac4-490f-8fee-ee77b9e93683,status_id
61776,status_history:7909f486-be69-4e17-bea2-36dfdd07ce83,TKT-1-202607-01423,status_id,STATUS_UPDATE,"Status Updated",2,3,"Assigned (In Progress)","On Hold (Pending with Requester)",umesh.k,"2026-07-20 12:21:37","2026-07-20 06:51:37","Dear sir, kindly could you please let us know that which report shows correct stock position, as well as provide login details.",status_history,7909f486-be69-4e17-bea2-36dfdd07ce83,status_id
75429,status_history:93e1beff-43a8-4783-ba21-fc2428191857,TKT-1-202607-01423,status_id,STATUS_UPDATE,"Status Updated",2,7,"Assigned (In Progress)",Resolved,umesh.k,"2026-07-16 16:32:43","2026-07-16 11:02:43","kindly refer comment section for more details.",status_history,93e1beff-43a8-4783-ba21-fc2428191857,status_id
78128,status_history:991d6399-990d-424f-82f8-93ac5403992d,TKT-1-202607-01423,status_id,STATUS_UPDATE,"Status Updated",1,2,"Open (New)","Assigned (In Progress)",vikram6singh,"2026-07-09 13:27:01","2026-07-09 07:57:01","Please check.",status_history,991d6399-990d-424f-82f8-93ac5403992d,status_id
80160,status_history:9d08b67d-c78e-4f15-b5fe-46b25ab44621,TKT-1-202607-01423,status_id,STATUS_UPDATE,"Status Updated",NULL,1,NULL,"Open (New)",se16003_01,"2026-07-09 13:17:09","2026-07-09 07:47:09",New,status_history,9d08b67d-c78e-4f15-b5fe-46b25ab44621,status_id
85348,status_history:a757711a-de7c-4bdd-88b4-545b3ac1b9ed,TKT-1-202607-01423,status_id,STATUS_UPDATE,"Status Updated",10,2,Reopened,"Assigned (In Progress)",vikram6singh,"2026-07-17 11:09:51","2026-07-17 05:39:51","Please check.",status_history,a757711a-de7c-4bdd-88b4-545b3ac1b9ed,status_id
99793,status_history:c3c2c619-d43b-4f0d-801b-12b2900d2670,TKT-1-202607-01423,status_id,STATUS_UPDATE,"Status Updated",3,2,"On Hold (Pending with Requester)","Assigned (In Progress)",shivaniyadav091298,"2026-07-15 17:48:53","2026-07-15 12:18:53","Please check",status_history,c3c2c619-d43b-4f0d-801b-12b2900d2670,status_id
122117,status_history:ef337a1e-c268-44b5-a513-c4b8f7eb9e5a,TKT-1-202607-01423,status_id,STATUS_UPDATE,"Status Updated",10,2,Reopened,"Assigned (In Progress)",vikram6singh,"2026-07-16 15:45:35","2026-07-16 10:15:35","Please check.",status_history,ef337a1e-c268-44b5-a513-c4b8f7eb9e5a,status_id
133720,division_history:3091044b-3f20-47e0-a5dd-3eaf199c5a8c,TKT-1-202607-01423,division,DIVISION_UPDATE,"Division Updated",NULL,DIV-005,NULL,"Stocks/PV Division",se16003_01,"2026-07-09 13:17:09","2026-07-09 13:17:09",New,division_history,3091044b-3f20-47e0-a5dd-3eaf199c5a8c,division
212818,assignment_history:e95717e1-1960-4879-b707-cd7531a7ed7f,TKT-1-202607-01423,assigned_to,ASSIGNED_TO_UPDATE,"Assigned To Updated",NULL,shivaniyadav091298,NULL,shivaniyadav091298,vikram6singh,"2026-07-09 13:27:01","2026-07-09 13:27:01","Please check.",assignment_history,e95717e1-1960-4879-b707-cd7531a7ed7f,assigned_to
212819,assignment_history:e95717e1-1960-4879-b707-cd7531a7ed7f,TKT-1-202607-01423,level_id,LEVEL_UPDATE,"Level Updated",NULL,L1,NULL,L1,vikram6singh,"2026-07-09 13:27:01","2026-07-09 13:27:01","Please check.",assignment_history,e95717e1-1960-4879-b707-cd7531a7ed7f,level_id
212820,assignment_history:2451a607-aa44-4338-ac7a-f67979d27c5a,TKT-1-202607-01423,assigned_to,ASSIGNED_TO_UPDATE,"Assigned To Updated",shivaniyadav091298,NONE,shivaniyadav091298,NONE,se16003_01,"2026-07-16 15:10:23","2026-07-16 15:10:23",.,assignment_history,2451a607-aa44-4338-ac7a-f67979d27c5a,assigned_to
212821,assignment_history:9619eee5-5b0d-4c14-a37a-c0a244ae4ae1,TKT-1-202607-01423,assigned_to,ASSIGNED_TO_UPDATE,"Assigned To Updated",NONE,shivaniyadav091298,NONE,shivaniyadav091298,vikram6singh,"2026-07-16 15:45:35","2026-07-16 15:45:35","Please check.",assignment_history,9619eee5-5b0d-4c14-a37a-c0a244ae4ae1,assigned_to
212822,assignment_history:9619eee5-5b0d-4c14-a37a-c0a244ae4ae1,TKT-1-202607-01423,level_id,LEVEL_UPDATE,"Level Updated",NULL,L1,NULL,L1,vikram6singh,"2026-07-16 15:45:35","2026-07-16 15:45:35","Please check.",assignment_history,9619eee5-5b0d-4c14-a37a-c0a244ae4ae1,level_id
212823,assignment_history:a8aa8861-7780-4856-978e-5687e4747641,TKT-1-202607-01423,assigned_to,ASSIGNED_TO_UPDATE,"Assigned To Updated",shivaniyadav091298,inish.d,shivaniyadav091298,inish.d,shivaniyadav091298,"2026-07-16 16:10:26","2026-07-16 16:10:26","Please do the needful.",assignment_history,a8aa8861-7780-4856-978e-5687e4747641,assigned_to
212824,assignment_history:a8aa8861-7780-4856-978e-5687e4747641,TKT-1-202607-01423,level_id,LEVEL_UPDATE,"Level Updated",L1,L3,L1,L3,shivaniyadav091298,"2026-07-16 16:10:26","2026-07-16 16:10:26","Please do the needful.",assignment_history,a8aa8861-7780-4856-978e-5687e4747641,level_id
212825,assignment_history:590fff02-9c7d-4bb3-b7b5-5edbc7f4576f,TKT-1-202607-01423,assigned_to,ASSIGNED_TO_UPDATE,"Assigned To Updated",inish.d,NONE,inish.d,NONE,se16003_01,"2026-07-17 11:05:53","2026-07-17 11:05:53","Kindly advise us how to use other transaction to correct the gram difference. Many stack has one or more gram less/more comparing to physical balance. convey the way for each category (Stack has more than physical balance/less than physical balance)",assignment_history,590fff02-9c7d-4bb3-b7b5-5edbc7f4576f,assigned_to
212826,assignment_history:de18c8b1-fd7f-4403-aae4-111559156105,TKT-1-202607-01423,assigned_to,ASSIGNED_TO_UPDATE,"Assigned To Updated",NONE,shivaniyadav091298,NONE,shivaniyadav091298,vikram6singh,"2026-07-17 11:09:51","2026-07-17 11:09:51","Please check.",assignment_history,de18c8b1-fd7f-4403-aae4-111559156105,assigned_to
212827,assignment_history:de18c8b1-fd7f-4403-aae4-111559156105,TKT-1-202607-01423,level_id,LEVEL_UPDATE,"Level Updated",NULL,L1,NULL,L1,vikram6singh,"2026-07-17 11:09:51","2026-07-17 11:09:51","Please check.",assignment_history,de18c8b1-fd7f-4403-aae4-111559156105,level_id
212828,assignment_history:cd6ecca3-978d-4c8b-8774-9415e0baa701,TKT-1-202607-01423,assigned_to,ASSIGNED_TO_UPDATE,"Assigned To Updated",shivaniyadav091298,anuj.s,shivaniyadav091298,anuj.s,vikram6singh,"2026-07-17 17:03:27","2026-07-17 17:03:27","Please check.",assignment_history,cd6ecca3-978d-4c8b-8774-9415e0baa701,assigned_to
212829,assignment_history:aea622c7-d593-4329-bd93-a0765d556af3,TKT-1-202607-01423,assigned_to,ASSIGNED_TO_UPDATE,"Assigned To Updated",anuj.s,inish.d,anuj.s,inish.d,anuj.s,"2026-07-17 17:07:12","2026-07-17 17:07:12","Please look into the issue.",assignment_history,aea622c7-d593-4329-bd93-a0765d556af3,assigned_to
212830,assignment_history:aea622c7-d593-4329-bd93-a0765d556af3,TKT-1-202607-01423,level_id,LEVEL_UPDATE,"Level Updated",,L3,,L3,anuj.s,"2026-07-17 17:07:12","2026-07-17 17:07:12","Please look into the issue.",assignment_history,aea622c7-d593-4329-bd93-a0765d556af3,level_id
225251,94c9b7c7-6d5c-4d1e-abd4-7175aa08fcd4,TKT-1-202607-01423,status_id,STATUS_UPDATE,"Status Updated",2,7,"Assigned (In Progress)",Resolved,umesh.k,"2026-08-05 14:47:04","2026-08-05 09:17:04","kindly refer comment section for more information.",NULL,NULL,NULL
268499,5ab8ccae-9743-4ba7-bb64-d1f29a4b323b,TKT-1-202607-01423,status_id,STATUS_UPDATE,"Status Updated",7,8,Resolved,Closed,se16003_01,"2026-09-11 16:00:56","2026-09-11 10:30:56",.,NULL,NULL,NULL
10085,status_history:138f00d8-7009-424a-821c-ef74b5e92fd0,TKT-1-202607-01447,status_id,STATUS_UPDATE,"Status Updated",2,7,"Assigned (In Progress)",Resolved,satish.d,"2026-07-13 16:41:15","2026-07-13 11:11:15","For rice, the category should be greater than A & less than or equal to C, and for other commodities, it should be greater than A & less than C. This is how the upgraded quantity is calculated",status_history,138f00d8-7009-424a-821c-ef74b5e92fd0,status_id
116671,status_history:e4751e66-3de4-4aba-8462-49896296f7f2,TKT-1-202607-01447,status_id,STATUS_UPDATE,"Status Updated",NULL,1,NULL,"Open (New)",265776,"2026-07-09 15:34:03","2026-07-09 10:04:03",New,status_history,e4751e66-3de4-4aba-8462-49896296f7f2,status_id
123115,status_history:f129d0b0-1136-41d3-bb24-960f7326cfbd,TKT-1-202607-01447,status_id,STATUS_UPDATE,"Status Updated",1,2,"Open (New)","Assigned (In Progress)",vikram6singh,"2026-07-09 15:38:32","2026-07-09 10:08:32","Please check.",status_history,f129d0b0-1136-41d3-bb24-960f7326cfbd,status_id
132981,division_history:2490a808-19c8-4de8-82b4-b545e5daa48a,TKT-1-202607-01447,division,DIVISION_UPDATE,"Division Updated",NULL,DIV-004,NULL,"Quality Division",265776,"2026-07-09 15:34:03","2026-07-09 15:34:03",New,division_history,2490a808-19c8-4de8-82b4-b545e5daa48a,division
212925,assignment_history:dcac863b-10a8-497b-abd4-7519f5c114e4,TKT-1-202607-01447,assigned_to,ASSIGNED_TO_UPDATE,"Assigned To Updated",NULL,saroj.m,NULL,saroj.m,vikram6singh,"2026-07-09 15:38:32","2026-07-09 15:38:32","Please check.",assignment_history,dcac863b-10a8-497b-abd4-7519f5c114e4,assigned_to
212926,assignment_history:35469f71-d528-4ee9-a105-c00adf732ba1,TKT-1-202607-01447,assigned_to,ASSIGNED_TO_UPDATE,"Assigned To Updated",saroj.m,inish.d,saroj.m,inish.d,saroj.m,"2026-07-09 16:01:26","2026-07-09 16:01:26","Please look into this issue.",assignment_history,35469f71-d528-4ee9-a105-c00adf732ba1,assigned_to
212927,assignment_history:35469f71-d528-4ee9-a105-c00adf732ba1,TKT-1-202607-01447,level_id,LEVEL_UPDATE,"Level Updated",,L3,,L3,saroj.m,"2026-07-09 16:01:26","2026-07-09 16:01:26","Please look into this issue.",assignment_history,35469f71-d528-4ee9-a105-c00adf732ba1,level_id
8317,status_history:103d5dba-bb59-43e8-aef6-f8adbb08e545,TKT-1-202607-01584,status_id,STATUS_UPDATE,"Status Updated",2,3,"Assigned (In Progress)","On Hold (Pending with Requester)",umesh.k,"2026-07-15 11:35:59","2026-07-15 06:05:59","Kindly check our comments.",status_history,103d5dba-bb59-43e8-aef6-f8adbb08e545,status_id
27244,status_history:355bd452-5fb6-4cac-b0d1-ed78e3c6d548,TKT-1-202607-01584,status_id,STATUS_UPDATE,"Status Updated",3,2,"On Hold (Pending with Requester)","Assigned (In Progress)",265776,"2026-07-13 10:39:52","2026-07-13 05:09:52","sir please see the attachment equipment name is glass stirrer 20 numbers . now i have to add details for 20 items (RECORD 1, RECORD 2, RECORD 3). but add option is not working",status_history,355bd452-5fb6-4cac-b0d1-ed78e3c6d548,status_id
37748,status_history:4a07368f-dfc2-43b4-8dc3-5e3a76a11310,TKT-1-202607-01584,status_id,STATUS_UPDATE,"Status Updated",3,2,"On Hold (Pending with Requester)","Assigned (In Progress)",265776,"2026-07-15 12:17:15","2026-07-15 06:47:15","sir i will take up the matter with FCI HQ. thank you",status_history,4a07368f-dfc2-43b4-8dc3-5e3a76a11310,status_id
38127,status_history:4abdabf8-180d-4eef-a66c-14e07e3c7229,TKT-1-202607-01584,status_id,STATUS_UPDATE,"Status Updated",3,2,"On Hold (Pending with Requester)","Assigned (In Progress)",265776,"2026-07-13 14:50:08","2026-07-13 09:20:08","SIR 265776 AnnaDarpan@316. asset procurement. click select date range 10.7.2026 to 13.7.2026. click + for pending entry. i am unable to add more quantity",status_history,4abdabf8-180d-4eef-a66c-14e07e3c7229,status_id
49713,status_history:61852ea3-1305-47fa-9f34-b29fc57a474d,TKT-1-202607-01584,status_id,STATUS_UPDATE,"Status Updated",2,7,"Assigned (In Progress)",Resolved,satish.d,"2026-07-15 12:50:05","2026-07-15 07:20:05","Closing this ticket, as the user is directly checking with HQ",status_history,61852ea3-1305-47fa-9f34-b29fc57a474d,status_id
52380,status_history:66c3d9ce-cee9-4257-93f8-c360e17b228f,TKT-1-202607-01584,status_id,STATUS_UPDATE,"Status Updated",2,3,"Assigned (In Progress)","On Hold (Pending with Requester)",satish.d,"2026-07-14 11:13:24","2026-07-14 05:43:24","Kindly check the comment section",status_history,66c3d9ce-cee9-4257-93f8-c360e17b228f,status_id
59532,status_history:74b4b556-25f1-42aa-b538-b0fe381a4fbd,TKT-1-202607-01584,status_id,STATUS_UPDATE,"Status Updated",2,3,"Assigned (In Progress)","On Hold (Pending with Requester)",anshu.r,"2026-07-13 10:30:55","2026-07-13 05:00:55","Dear Sir/Ma'am , I have tried to contact on this number (9940489600) but response awaited . Kindly provide the asset details which type of asset you wants to add. For further assistance, please contact our support team at : 1800-410-6688",status_history,74b4b556-25f1-42aa-b538-b0fe381a4fbd,status_id
96969,status_history:be5d477d-ecaf-4aba-afa6-fa7ce6c5c034,TKT-1-202607-01584,status_id,STATUS_UPDATE,"Status Updated",3,2,"On Hold (Pending with Requester)","Assigned (In Progress)",265776,"2026-07-15 11:19:29","2026-07-15 05:49:29","sir all items are to be entered in asset management.  because in APV(conducted every year in march end)  every item is listed . so please kindly do the needful.",status_history,be5d477d-ecaf-4aba-afa6-fa7ce6c5c034,status_id
103226,status_history:ca4dcf5a-c1f5-4829-a521-05c85dd6fffa,TKT-1-202607-01584,status_id,STATUS_UPDATE,"Status Updated",NULL,1,NULL,"Open (New)",265776,"2026-07-10 16:23:23","2026-07-10 10:53:23",New,status_history,ca4dcf5a-c1f5-4829-a521-05c85dd6fffa,status_id
108237,status_history:d40d3da7-2734-42ab-9b38-a9667cd486e5,TKT-1-202607-01584,status_id,STATUS_UPDATE,"Status Updated",2,3,"Assigned (In Progress)","On Hold (Pending with Requester)",anshu.r,"2026-07-13 11:57:23","2026-07-13 06:27:23","Dear Sir/Ma'am , Kindly share the User ID & Password and Correct Contact details fort the further investigation . For further assistance, please contact our support team at : 1800-410-6688",status_history,d40d3da7-2734-42ab-9b38-a9667cd486e5,status_id
109296,status_history:d61705d0-f8b8-4bb8-b2cb-9388d0496563,TKT-1-202607-01584,status_id,STATUS_UPDATE,"Status Updated",1,2,"Open (New)","Assigned (In Progress)",vikram6singh,"2026-07-10 16:29:11","2026-07-10 10:59:11","Please check.",status_history,d61705d0-f8b8-4bb8-b2cb-9388d0496563,status_id
134476,division_history:3cb60963-ed41-4716-bbce-4994b83286fb,TKT-1-202607-01584,division,DIVISION_UPDATE,"Division Updated",NULL,DIV-004,NULL,"Quality Division",265776,"2026-07-10 16:23:23","2026-07-10 16:23:23",New,division_history,3cb60963-ed41-4716-bbce-4994b83286fb,division
213349,assignment_history:9abd679b-f692-4781-b1cc-4a7c2dc10409,TKT-1-202607-01584,assigned_to,ASSIGNED_TO_UPDATE,"Assigned To Updated",NULL,anshu.r,NULL,anshu.r,vikram6singh,"2026-07-10 16:29:11","2026-07-10 16:29:11","Please check.",assignment_history,9abd679b-f692-4781-b1cc-4a7c2dc10409,assigned_to
213350,assignment_history:1f858d6f-3e6d-4ce9-b5c7-bc871f6dece2,TKT-1-202607-01584,assigned_to,ASSIGNED_TO_UPDATE,"Assigned To Updated",anshu.r,inish.d,anshu.r,inish.d,anshu.r,"2026-07-14 04:15:48","2026-07-14 04:15:48","Please look in to this issue.",assignment_history,1f858d6f-3e6d-4ce9-b5c7-bc871f6dece2,assigned_to
213351,assignment_history:1f858d6f-3e6d-4ce9-b5c7-bc871f6dece2,TKT-1-202607-01584,level_id,LEVEL_UPDATE,"Level Updated",,L3,,L3,anshu.r,"2026-07-14 04:15:48","2026-07-14 04:15:48","Please look in to this issue.",assignment_history,1f858d6f-3e6d-4ce9-b5c7-bc871f6dece2,level_id
662,status_history:0144d8db-a848-457b-adfc-5a4e0f9a0f41,TKT-1-202607-01628,status_id,STATUS_UPDATE,"Status Updated",NULL,1,NULL,"Open (New)",307225,"2026-07-11 10:30:13","2026-07-11 05:00:13",New,status_history,0144d8db-a848-457b-adfc-5a4e0f9a0f41,status_id
3980,status_history:079abecd-95ca-46ee-b4d3-d9c00a47245e,TKT-1-202607-01628,status_id,STATUS_UPDATE,"Status Updated",7,10,Resolved,Reopened,307225,"2026-07-14 14:17:15","2026-07-14 08:47:15","now we can see that after showing transaction the weight shown in each stack i.e. 1TS10 and 1TS11 is incorrect which is added with bags weight not showing the net weight of grains. kindly resolve this issue at asap...",status_history,079abecd-95ca-46ee-b4d3-d9c00a47245e,status_id
5287,status_history:0a3969f8-3180-472a-a4d6-87c74599d22f,TKT-1-202607-01628,status_id,STATUS_UPDATE,"Status Updated",3,2,"On Hold (Pending with Requester)","Assigned (In Progress)",307225,"2026-07-15 13:01:11","2026-07-15 07:31:11","This issue has resolved now and can close the ticket.",status_history,0a3969f8-3180-472a-a4d6-87c74599d22f,status_id
11844,status_history:16f908c1-4d91-48ac-83f4-3695ee8033e1,TKT-1-202607-01628,status_id,STATUS_UPDATE,"Status Updated",10,2,Reopened,"Assigned (In Progress)",vikram6singh,"2026-07-14 14:19:49","2026-07-14 08:49:49","Please check.",status_history,16f908c1-4d91-48ac-83f4-3695ee8033e1,status_id
34295,status_history:432f3987-cc8b-40d7-b2db-9bb7c152e4ce,TKT-1-202607-01628,status_id,STATUS_UPDATE,"Status Updated",2,3,"Assigned (In Progress)","On Hold (Pending with Requester)",satish.d,"2026-07-14 17:46:52","2026-07-14 12:16:52","Please check provided comments",status_history,432f3987-cc8b-40d7-b2db-9bb7c152e4ce,status_id
57719,status_history:713b7abc-75b4-4856-b7db-137bad8a8835,TKT-1-202607-01628,status_id,STATUS_UPDATE,"Status Updated",1,2,"Open (New)","Assigned (In Progress)",vikram6singh,"2026-07-11 10:30:52","2026-07-11 05:00:52","Please check.",status_history,713b7abc-75b4-4856-b7db-137bad8a8835,status_id
89529,status_history:afcd6e55-7100-4d39-ba01-4fdf49ecff8b,TKT-1-202607-01628,status_id,STATUS_UPDATE,"Status Updated",2,7,"Assigned (In Progress)",Resolved,satish.d,"2026-07-14 11:24:47","2026-07-14 05:54:47","we hope issue has been resolved we are closing the ticket please reopen if any issue still persists",status_history,afcd6e55-7100-4d39-ba01-4fdf49ecff8b,status_id
120039,status_history:eb226fdc-c977-4d6b-aab5-d298d3b782b3,TKT-1-202607-01628,status_id,STATUS_UPDATE,"Status Updated",2,7,"Assigned (In Progress)",Resolved,satish.d,"2026-07-15 14:24:50","2026-07-15 08:54:50","Based on user comments issue has been resolved we are closing the ticket",status_history,eb226fdc-c977-4d6b-aab5-d298d3b782b3,status_id
144538,division_history:dc8d9cf6-1652-424f-9653-a3c286de41be,TKT-1-202607-01628,division,DIVISION_UPDATE,"Division Updated",NULL,DIV-005,NULL,"Stocks/PV Division",307225,"2026-07-11 10:30:13","2026-07-11 10:30:13",New,division_history,dc8d9cf6-1652-424f-9653-a3c286de41be,division
213488,assignment_history:ef0199bf-80d5-4a74-913c-65a46fb551b6,TKT-1-202607-01628,assigned_to,ASSIGNED_TO_UPDATE,"Assigned To Updated",NULL,inzemamul.h,NULL,inzemamul.h,vikram6singh,"2026-07-11 10:30:52","2026-07-11 10:30:52","Please check.",assignment_history,ef0199bf-80d5-4a74-913c-65a46fb551b6,assigned_to
213489,assignment_history:4b8c6388-c30a-4785-9986-68ffe788011c,TKT-1-202607-01628,assigned_to,ASSIGNED_TO_UPDATE,"Assigned To Updated",inzemamul.h,satish.d,inzemamul.h,satish.d,inzemamul.h,"2026-07-11 10:48:50","2026-07-11 10:48:50","Kindly do the needful.",assignment_history,4b8c6388-c30a-4785-9986-68ffe788011c,assigned_to
213490,assignment_history:4b8c6388-c30a-4785-9986-68ffe788011c,TKT-1-202607-01628,level_id,LEVEL_UPDATE,"Level Updated",,L3,,L3,inzemamul.h,"2026-07-11 10:48:50","2026-07-11 10:48:50","Kindly do the needful.",assignment_history,4b8c6388-c30a-4785-9986-68ffe788011c,level_id
213491,assignment_history:8bf4d95a-8b00-4101-a908-d1515a7c428e,TKT-1-202607-01628,assigned_to,ASSIGNED_TO_UPDATE,"Assigned To Updated",satish.d,NONE,satish.d,NONE,307225,"2026-07-14 14:17:15","2026-07-14 14:17:15","now we can see that after showing transaction the weight shown in each stack i.e. 1TS10 and 1TS11 is incorrect which is added with bags weight not showing the net weight of grains. kindly resolve this issue at asap...",assignment_history,8bf4d95a-8b00-4101-a908-d1515a7c428e,assigned_to
213492,assignment_history:6f24dff7-c8ad-4af3-bede-a4d9800a9f64,TKT-1-202607-01628,assigned_to,ASSIGNED_TO_UPDATE,"Assigned To Updated",NONE,inzemamul.h,NONE,inzemamul.h,vikram6singh,"2026-07-14 14:19:49","2026-07-14 14:19:49","Please check.",assignment_history,6f24dff7-c8ad-4af3-bede-a4d9800a9f64,assigned_to
213493,assignment_history:84e39174-4055-4637-ad91-fa02495bf6db,TKT-1-202607-01628,assigned_to,ASSIGNED_TO_UPDATE,"Assigned To Updated",inzemamul.h,satish.d,inzemamul.h,satish.d,inzemamul.h,"2026-07-14 14:34:55","2026-07-14 14:34:55","Kindly do the needful.",assignment_history,84e39174-4055-4637-ad91-fa02495bf6db,assigned_to
213494,assignment_history:84e39174-4055-4637-ad91-fa02495bf6db,TKT-1-202607-01628,level_id,LEVEL_UPDATE,"Level Updated",,L3,,L3,inzemamul.h,"2026-07-14 14:34:55","2026-07-14 14:34:55","Kindly do the needful.",assignment_history,84e39174-4055-4637-ad91-fa02495bf6db,level_id
36825,status_history:482a090c-9c30-4758-9d2b-82416e7419cd,TKT-1-202607-01637,status_id,STATUS_UPDATE,"Status Updated",1,2,"Open (New)","Assigned (In Progress)",vikram6singh,"2026-07-11 12:55:36","2026-07-11 07:25:36","Please check",status_history,482a090c-9c30-4758-9d2b-82416e7419cd,status_id
39243,status_history:4ccb864e-5f7a-4e01-aa30-d287c519fea2,TKT-1-202607-01637,status_id,STATUS_UPDATE,"Status Updated",2,7,"Assigned (In Progress)",Resolved,pooja.11,"2026-07-13 12:01:46","2026-07-13 06:31:46","As per telephonic conversion with the user, the user confirmed the resolution of the issue. Hence closing the ticket. For Further assistance, please contact our Support team at: 1800 410 6688.",status_history,4ccb864e-5f7a-4e01-aa30-d287c519fea2,status_id
59854,status_history:7553b645-0f14-4eb4-be73-31841a8282ee,TKT-1-202607-01637,status_id,STATUS_UPDATE,"Status Updated",NULL,1,NULL,"Open (New)",149109,"2026-07-11 12:51:40","2026-07-11 07:21:40",New,status_history,7553b645-0f14-4eb4-be73-31841a8282ee,status_id
134839,division_history:4243e65b-2c78-4e10-98d8-9c2f220ad46c,TKT-1-202607-01637,division,DIVISION_UPDATE,"Division Updated",NULL,DIV-005,NULL,"Stocks/PV Division",149109,"2026-07-11 12:51:40","2026-07-11 12:51:40",New,division_history,4243e65b-2c78-4e10-98d8-9c2f220ad46c,division
213517,assignment_history:5a8ed763-440b-477d-becf-2a20f560101b,TKT-1-202607-01637,assigned_to,ASSIGNED_TO_UPDATE,"Assigned To Updated",NULL,arti.1.t,NULL,arti.1.t,vikram6singh,"2026-07-11 12:55:36","2026-07-11 12:55:36","Please check",assignment_history,5a8ed763-440b-477d-becf-2a20f560101b,assigned_to
213518,assignment_history:15bb9c1d-2276-4fc2-a4db-0e6f5260445f,TKT-1-202607-01637,assigned_to,ASSIGNED_TO_UPDATE,"Assigned To Updated",arti.1.t,pooja.11,arti.1.t,pooja.11,vikram6singh,"2026-07-13 09:09:50","2026-07-13 09:09:50","Please check.",assignment_history,15bb9c1d-2276-4fc2-a4db-0e6f5260445f,assigned_to
213519,assignment_history:4ba06179-01c1-4c38-9d79-afca37e6b561,TKT-1-202607-01637,assigned_to,ASSIGNED_TO_UPDATE,"Assigned To Updated",pooja.11,satish.d,pooja.11,satish.d,pooja.11,"2026-07-13 11:05:27","2026-07-13 11:05:27","Kindly do the needful.",assignment_history,4ba06179-01c1-4c38-9d79-afca37e6b561,assigned_to
213520,assignment_history:4ba06179-01c1-4c38-9d79-afca37e6b561,TKT-1-202607-01637,level_id,LEVEL_UPDATE,"Level Updated",,L3,,L3,pooja.11,"2026-07-13 11:05:27","2026-07-13 11:05:27","Kindly do the needful.",assignment_history,4ba06179-01c1-4c38-9d79-afca37e6b561,level_id
213521,assignment_history:a6518c1f-caea-42dc-ab31-b3d0f4043429,TKT-1-202607-01637,assigned_to,ASSIGNED_TO_UPDATE,"Assigned To Updated",satish.d,vikram6singh,satish.d,vikram6singh,satish.d,"2026-07-13 11:23:06","2026-07-13 11:23:06","please get details of issue what user is facing",assignment_history,a6518c1f-caea-42dc-ab31-b3d0f4043429,assigned_to
213522,assignment_history:a0e25998-8fcc-49de-91ce-6810a9388290,TKT-1-202607-01637,assigned_to,ASSIGNED_TO_UPDATE,"Assigned To Updated",vikram6singh,pooja.11,vikram6singh,pooja.11,vikram6singh,"2026-07-13 11:44:02","2026-07-13 11:44:02","Please connect with the user and get details of issue what user is facing",assignment_history,a0e25998-8fcc-49de-91ce-6810a9388290,assigned_to
3083,status_history:05d86edb-6a27-4e12-8931-9782b49cb2ba,TKT-1-202607-01638,status_id,STATUS_UPDATE,"Status Updated",2,3,"Assigned (In Progress)","On Hold (Pending with Requester)",satish.d,"2026-07-15 10:46:38","2026-07-15 05:16:38","pls check",status_history,05d86edb-6a27-4e12-8931-9782b49cb2ba,status_id
3738,status_history:071f5c0e-78f3-4ad3-afd7-665966dfb711,TKT-1-202607-01638,status_id,STATUS_UPDATE,"Status Updated",2,3,"Assigned (In Progress)","On Hold (Pending with Requester)",satish.d,"2026-07-23 10:20:28","2026-07-23 04:50:28","please check provided comments",status_history,071f5c0e-78f3-4ad3-afd7-665966dfb711,status_id
9644,status_history:12b7d3bb-b690-40df-8ce6-905069f39ec0,TKT-1-202607-01638,status_id,STATUS_UPDATE,"Status Updated",7,10,Resolved,Reopened,ng17280_02,"2026-07-13 13:19:06","2026-07-13 07:49:06","PWS Preeti Entrerprises, NG17280, ISI PV team ID 113755(Ramesh Jatav), Stacks were not shifted to new stack.",status_history,12b7d3bb-b690-40df-8ce6-905069f39ec0,status_id
33672,status_history:41f10f8b-d43e-461a-933c-9cf422f5b965,TKT-1-202607-01638,status_id,STATUS_UPDATE,"Status Updated",10,2,Reopened,"Assigned (In Progress)",vikram6singh,"2026-07-13 13:37:23","2026-07-13 08:07:23","Please check.",status_history,41f10f8b-d43e-461a-933c-9cf422f5b965,status_id
38737,status_history:4bde5546-8bf3-45ff-885e-22c2978fcf48,TKT-1-202607-01638,status_id,STATUS_UPDATE,"Status Updated",3,2,"On Hold (Pending with Requester)","Assigned (In Progress)",ng17280_02,"2026-07-22 16:58:28","2026-07-22 11:28:28","kindly refer page no 21 where rice stacks weight is shown after 100% weighment , 1A37 as been shifted to 1A36A, 1A46 has been to 1A21A, and 1A47 to 1A22A.",status_history,4bde5546-8bf3-45ff-885e-22c2978fcf48,status_id
40270,status_history:4ec25ea9-b827-4d84-972c-02d8bf3fef20,TKT-1-202607-01638,status_id,STATUS_UPDATE,"Status Updated",2,3,"Assigned (In Progress)","On Hold (Pending with Requester)",satish.d,"2026-07-24 15:16:24","2026-07-24 09:46:24","Please check provided comments",status_history,4ec25ea9-b827-4d84-972c-02d8bf3fef20,status_id
41794,status_history:51d4e173-4ddb-43ba-b9d1-004c86dbb434,TKT-1-202607-01638,status_id,STATUS_UPDATE,"Status Updated",NULL,1,NULL,"Open (New)",ng17280_02,"2026-07-11 12:56:41","2026-07-11 07:26:41",New,status_history,51d4e173-4ddb-43ba-b9d1-004c86dbb434,status_id
46391,status_history:5b029974-618c-46de-81ca-292c89f385d2,TKT-1-202607-01638,status_id,STATUS_UPDATE,"Status Updated",3,2,"On Hold (Pending with Requester)","Assigned (In Progress)",ng17280_02,"2026-07-24 13:34:13","2026-07-24 08:04:13","REFER TO PAGE_21.PDF ATTACHED FOR REFERENCE OF NEW WEIGHT OF STACKS. 1A37 has been shifted to 1A36A, 1A46 has been to 1A21A, and 1A47 to 1A22A. kindly make the new weight as in the attached pdf.",status_history,5b029974-618c-46de-81ca-292c89f385d2,status_id
58287,status_history:7248c737-0f05-4c7d-9058-1bb738b26372,TKT-1-202607-01638,status_id,STATUS_UPDATE,"Status Updated",2,3,"Assigned (In Progress)","On Hold (Pending with Requester)",satish.d,"2026-07-17 11:12:38","2026-07-17 05:42:38","Please check",status_history,7248c737-0f05-4c7d-9058-1bb738b26372,status_id
60599,status_history:76baf2eb-cc26-44a7-869a-9e07d914f8b4,TKT-1-202607-01638,status_id,STATUS_UPDATE,"Status Updated",1,2,"Open (New)","Assigned (In Progress)",vikram6singh,"2026-07-11 12:58:08","2026-07-11 07:28:08","Please check",status_history,76baf2eb-cc26-44a7-869a-9e07d914f8b4,status_id
73718,status_history:90672a88-e41f-489d-ad8e-fe6d9bf527a2,TKT-1-202607-01638,status_id,STATUS_UPDATE,"Status Updated",2,3,"Assigned (In Progress)","On Hold (Pending with Requester)",satish.d,"2026-07-21 15:51:57","2026-07-21 10:21:57","Please check",status_history,90672a88-e41f-489d-ad8e-fe6d9bf527a2,status_id
92464,status_history:b57fdaca-e352-4956-8d4a-da1f3c2bca58,TKT-1-202607-01638,status_id,STATUS_UPDATE,"Status Updated",2,7,"Assigned (In Progress)",Resolved,satish.d,"2026-07-13 12:40:59","2026-07-13 07:10:59","we hope issue has been resolved we are closing the ticket please reopen if any issue still persists",status_history,b57fdaca-e352-4956-8d4a-da1f3c2bca58,status_id
125789,status_history:f6746d8a-92fb-4018-b9d3-eb670e19d8cc,TKT-1-202607-01638,status_id,STATUS_UPDATE,"Status Updated",3,2,"On Hold (Pending with Requester)","Assigned (In Progress)",ng17280_02,"2026-07-16 12:01:02","2026-07-16 06:31:02","After the ISI rice was stacked in the shed, the weight was found to be different. Therefore, please record the correct weight. Please Call Me 9950541466",status_history,f6746d8a-92fb-4018-b9d3-eb670e19d8cc,status_id
126836,status_history:f87ae60e-e19e-4275-8144-86203e4a8efc,TKT-1-202607-01638,status_id,STATUS_UPDATE,"Status Updated",3,2,"On Hold (Pending with Requester)","Assigned (In Progress)",ng17280_02,"2026-07-20 06:22:12","2026-07-20 06:22:12","weight difference still persdist in shifted rice stacks. kindly contact 9950541466",status_history,f87ae60e-e19e-4275-8144-86203e4a8efc,status_id
143420,division_history:cb7a3ae2-9cfe-4710-9b44-3558199ee070,TKT-1-202607-01638,division,DIVISION_UPDATE,"Division Updated",NULL,DIV-005,NULL,"Stocks/PV Division",ng17280_02,"2026-07-11 12:56:41","2026-07-11 12:56:41",New,division_history,cb7a3ae2-9cfe-4710-9b44-3558199ee070,division
213523,assignment_history:8e380351-e833-4838-b3dc-78a83532538e,TKT-1-202607-01638,assigned_to,ASSIGNED_TO_UPDATE,"Assigned To Updated",NULL,anshu.r,NULL,anshu.r,vikram6singh,"2026-07-11 12:58:08","2026-07-11 12:58:08","Please check",assignment_history,8e380351-e833-4838-b3dc-78a83532538e,assigned_to
213524,assignment_history:cf10e09c-6474-4343-bdff-53b58f758a19,TKT-1-202607-01638,assigned_to,ASSIGNED_TO_UPDATE,"Assigned To Updated",anshu.r,satish.d,anshu.r,satish.d,anshu.r,"2026-07-11 13:10:10","2026-07-11 13:10:10","Kindly do the needful",assignment_history,cf10e09c-6474-4343-bdff-53b58f758a19,assigned_to
213525,assignment_history:cf10e09c-6474-4343-bdff-53b58f758a19,TKT-1-202607-01638,level_id,LEVEL_UPDATE,"Level Updated",,L3,,L3,anshu.r,"2026-07-11 13:10:10","2026-07-11 13:10:10","Kindly do the needful",assignment_history,cf10e09c-6474-4343-bdff-53b58f758a19,level_id
213526,assignment_history:de510b83-fa57-4366-89c7-55d473120c42,TKT-1-202607-01638,assigned_to,ASSIGNED_TO_UPDATE,"Assigned To Updated",satish.d,NONE,satish.d,NONE,ng17280_02,"2026-07-13 13:19:06","2026-07-13 13:19:06","PWS Preeti Entrerprises, NG17280, ISI PV team ID 113755(Ramesh Jatav), Stacks were not shifted to new stack.",assignment_history,de510b83-fa57-4366-89c7-55d473120c42,assigned_to
213527,assignment_history:e45ed551-2ea5-4b7f-b607-dc25a1ef4ad9,TKT-1-202607-01638,assigned_to,ASSIGNED_TO_UPDATE,"Assigned To Updated",NONE,anshu.r,NONE,anshu.r,vikram6singh,"2026-07-13 13:37:23","2026-07-13 13:37:23","Please check.",assignment_history,e45ed551-2ea5-4b7f-b607-dc25a1ef4ad9,assigned_to
213528,assignment_history:80697ca8-f09f-4996-9c27-29adfa45ae7a,TKT-1-202607-01638,assigned_to,ASSIGNED_TO_UPDATE,"Assigned To Updated",anshu.r,satish.d,anshu.r,satish.d,anshu.r,"2026-07-13 14:00:02","2026-07-13 14:00:02","Please check your end",assignment_history,80697ca8-f09f-4996-9c27-29adfa45ae7a,assigned_to
213529,assignment_history:80697ca8-f09f-4996-9c27-29adfa45ae7a,TKT-1-202607-01638,level_id,LEVEL_UPDATE,"Level Updated",,L3,,L3,anshu.r,"2026-07-13 14:00:02","2026-07-13 14:00:02","Please check your end",assignment_history,80697ca8-f09f-4996-9c27-29adfa45ae7a,level_id
213530,assignment_history:a56fffed-037a-4a42-8f9c-4d73339e03d5,TKT-1-202607-01638,assigned_to,ASSIGNED_TO_UPDATE,"Assigned To Updated",satish.d,vikram6singh,satish.d,vikram6singh,satish.d,"2026-07-20 12:21:38","2026-07-20 12:21:38","We have verified and resolved the issue. Please contact the user and ask where they are still experiencing the discrepancy. Request them to share more details along with screenshots so we can investigate further.",assignment_history,a56fffed-037a-4a42-8f9c-4d73339e03d5,assigned_to
213531,assignment_history:5fb12ea8-88e2-466a-b80e-9353dad30819,TKT-1-202607-01638,assigned_to,ASSIGNED_TO_UPDATE,"Assigned To Updated",vikram6singh,anshu.r,vikram6singh,anshu.r,vikram6singh,"2026-07-20 14:56:13","2026-07-20 14:56:13","Please connect with the user and convey him as per the comments/remarks and get the details accordingly.",assignment_history,5fb12ea8-88e2-466a-b80e-9353dad30819,assigned_to
213532,assignment_history:f983afa5-bb1a-4543-9473-935e6941e154,TKT-1-202607-01638,assigned_to,ASSIGNED_TO_UPDATE,"Assigned To Updated",anshu.r,satish.d,anshu.r,satish.d,anshu.r,"2026-07-21 13:00:03","2026-07-21 13:00:03","Kindly do the needful",assignment_history,f983afa5-bb1a-4543-9473-935e6941e154,assigned_to
213533,assignment_history:f983afa5-bb1a-4543-9473-935e6941e154,TKT-1-202607-01638,level_id,LEVEL_UPDATE,"Level Updated",,L3,,L3,anshu.r,"2026-07-21 13:00:03","2026-07-21 13:00:03","Kindly do the needful",assignment_history,f983afa5-bb1a-4543-9473-935e6941e154,level_id
217633,6bde2dc8-136a-498e-b258-16f004c15ce6,TKT-1-202607-01638,status_id,STATUS_UPDATE,"Status Updated",3,2,"On Hold (Pending with Requester)","Assigned (In Progress)",ng17280_02,"2026-07-29 16:20:29","2026-07-29 10:50:29",resolved,NULL,NULL,NULL
217678,e891aaec-28c2-431e-b803-aa61e60f4860,TKT-1-202607-01638,assigned_to,ASSIGNED_TO_UPDATE,"Assigned To Updated",satish.d,shivaniyadav091298,satish.d,shivaniyadav091298,shivaniyadav091298,"2026-07-29 16:32:57","2026-07-29 11:02:57","Please check",NULL,NULL,NULL
217679,e891aaec-28c2-431e-b803-aa61e60f4860,TKT-1-202607-01638,assigned_to_level,ASSIGNED_TO_LEVEL_UPDATE,"Assigned To Level Updated",NULL,NULL,L3,L1,shivaniyadav091298,"2026-07-29 16:32:57","2026-07-29 11:02:57","Please check",NULL,NULL,NULL
217712,ee1e72dd-cf03-4cea-be9b-6388b60a9816,TKT-1-202607-01638,status_id,STATUS_UPDATE,"Status Updated",2,7,"Assigned (In Progress)",Resolved,shivaniyadav091298,"2026-07-29 16:48:06","2026-07-29 11:18:06","As per the user's remarks on this ticket, "The issue has been resolved now", this ticket is being marked as resolved. For further assistance, please contact our support team at 1800-410-6688.",NULL,NULL,NULL
11824,status_history:16edf891-cc73-43e5-b81f-f2615d62a55b,TKT-1-202607-01640,status_id,STATUS_UPDATE,"Status Updated",3,2,"On Hold (Pending with Requester)","Assigned (In Progress)",193484,"2026-07-18 13:28:51","2026-07-18 07:58:51","kindl;y refer to attacment plz",status_history,16edf891-cc73-43e5-b81f-f2615d62a55b,status_id
31745,status_history:3e2c0ef8-941e-4c02-b84d-9d2189ab1f2f,TKT-1-202607-01640,status_id,STATUS_UPDATE,"Status Updated",1,2,"Open (New)","Assigned (In Progress)",vikram6singh,"2026-07-11 13:32:57","2026-07-11 08:02:57","Please check",status_history,3e2c0ef8-941e-4c02-b84d-9d2189ab1f2f,status_id
40255,status_history:4ebbbb2b-89f3-4e44-ba19-cffdf937c3b7,TKT-1-202607-01640,status_id,STATUS_UPDATE,"Status Updated",2,3,"Assigned (In Progress)","On Hold (Pending with Requester)",richa.k,"2026-07-15 14:39:16","2026-07-15 09:09:16","please refer the comment section, For Further assistance, please contact our Support team. PH: 1800 410 6688.",status_history,4ebbbb2b-89f3-4e44-ba19-cffdf937c3b7,status_id
47442,status_history:5d0f3885-00f8-4c9e-a014-e0c18085deeb,TKT-1-202607-01640,status_id,STATUS_UPDATE,"Status Updated",NULL,1,NULL,"Open (New)",193484,"2026-07-11 13:31:23","2026-07-11 08:01:23",New,status_history,5d0f3885-00f8-4c9e-a014-e0c18085deeb,status_id
65391,status_history:801cb152-7802-4810-b87d-20fffa44116f,TKT-1-202607-01640,status_id,STATUS_UPDATE,"Status Updated",2,3,"Assigned (In Progress)","On Hold (Pending with Requester)",umesh.k,"2026-07-20 12:19:39","2026-07-20 06:49:39","Dear sir, kindly let us know how many bags have been procured in total on that particular day 10th july. as well as kindly provide login details.",status_history,801cb152-7802-4810-b87d-20fffa44116f,status_id
88392,status_history:ad78f942-a66a-43c4-843f-83d522527d14,TKT-1-202607-01640,status_id,STATUS_UPDATE,"Status Updated",3,2,"On Hold (Pending with Requester)","Assigned (In Progress)",193484,"2026-07-15 12:52:41","2026-07-15 07:22:41","unable to attment of documents",status_history,ad78f942-a66a-43c4-843f-83d522527d14,status_id
91017,status_history:b2af46e8-8398-465c-b129-c45990a33e77,TKT-1-202607-01640,status_id,STATUS_UPDATE,"Status Updated",2,3,"Assigned (In Progress)","On Hold (Pending with Requester)",umesh.k,"2026-07-13 10:33:13","2026-07-13 05:03:13","Dear sir, kindly attach supporting documents, so that we can proceed further.",status_history,b2af46e8-8398-465c-b129-c45990a33e77,status_id
99253,status_history:c2b4c4c4-f142-48e6-963e-c3845f2e490a,TKT-1-202607-01640,status_id,STATUS_UPDATE,"Status Updated",3,2,"On Hold (Pending with Requester)","Assigned (In Progress)",193484,"2026-07-21 10:15:33","2026-07-21 04:45:33","my lodin id is -193484 and passward is -Inder@2026",status_history,c2b4c4c4-f142-48e6-963e-c3845f2e490a,status_id
123854,status_history:f2949816-7218-4937-b506-023c047a3050,TKT-1-202607-01640,status_id,STATUS_UPDATE,"Status Updated",2,7,"Assigned (In Progress)",Resolved,umesh.k,"2026-07-28 09:55:35","2026-07-28 04:25:35","Issue has been resolved.",status_history,f2949816-7218-4937-b506-023c047a3050,status_id
142956,division_history:c4517608-7ead-4072-bbd8-59a479b9aaca,TKT-1-202607-01640,division,DIVISION_UPDATE,"Division Updated",NULL,DIV-004,NULL,"Quality Division",193484,"2026-07-11 13:31:23","2026-07-11 13:31:23",New,division_history,c4517608-7ead-4072-bbd8-59a479b9aaca,division
213536,assignment_history:400b1329-838f-474e-a025-7d0310663c72,TKT-1-202607-01640,assigned_to,ASSIGNED_TO_UPDATE,"Assigned To Updated",NULL,richa.k,NULL,richa.k,vikram6singh,"2026-07-11 13:32:57","2026-07-11 13:32:57","Please check",assignment_history,400b1329-838f-474e-a025-7d0310663c72,assigned_to
213537,assignment_history:d54db872-c3ae-46a3-9f01-039ae6e49240,TKT-1-202607-01640,assigned_to,ASSIGNED_TO_UPDATE,"Assigned To Updated",richa.k,satish.d,richa.k,satish.d,richa.k,"2026-07-11 14:48:54","2026-07-11 14:48:54","Please check",assignment_history,d54db872-c3ae-46a3-9f01-039ae6e49240,assigned_to
213538,assignment_history:d54db872-c3ae-46a3-9f01-039ae6e49240,TKT-1-202607-01640,level_id,LEVEL_UPDATE,"Level Updated",,L3,,L3,richa.k,"2026-07-11 14:48:54","2026-07-11 14:48:54","Please check",assignment_history,d54db872-c3ae-46a3-9f01-039ae6e49240,level_id
213539,assignment_history:035d60d5-ef6d-42f0-89eb-bc22bf632679,TKT-1-202607-01640,assigned_to,ASSIGNED_TO_UPDATE,"Assigned To Updated",satish.d,vikram6singh,satish.d,vikram6singh,umesh.k,"2026-07-15 14:26:14","2026-07-15 14:26:14","kindly check, user cant able to upload the file.",assignment_history,035d60d5-ef6d-42f0-89eb-bc22bf632679,assigned_to
213540,assignment_history:593f5881-68ca-46b1-b4bd-b09c1ff6f389,TKT-1-202607-01640,assigned_to,ASSIGNED_TO_UPDATE,"Assigned To Updated",vikram6singh,richa.k,vikram6singh,richa.k,vikram6singh,"2026-07-15 14:34:19","2026-07-15 14:34:19","Please connect with the user and check with him as per the comments/remarks.",assignment_history,593f5881-68ca-46b1-b4bd-b09c1ff6f389,assigned_to
213541,assignment_history:6cd8dd4e-e6da-4be6-9368-79d45c89d297,TKT-1-202607-01640,assigned_to,ASSIGNED_TO_UPDATE,"Assigned To Updated",richa.k,umesh.k,richa.k,umesh.k,richa.k,"2026-07-18 13:33:04","2026-07-18 13:33:04","Please uploaded the attachment please check.",assignment_history,6cd8dd4e-e6da-4be6-9368-79d45c89d297,assigned_to
213542,assignment_history:6cd8dd4e-e6da-4be6-9368-79d45c89d297,TKT-1-202607-01640,level_id,LEVEL_UPDATE,"Level Updated",,L2,,L2,richa.k,"2026-07-18 13:33:04","2026-07-18 13:33:04","Please uploaded the attachment please check.",assignment_history,6cd8dd4e-e6da-4be6-9368-79d45c89d297,level_id
231954,4484f721-7c01-4b7f-ba88-ff22a0c47983,TKT-1-202607-01640,status_id,STATUS_UPDATE,"Status Updated",7,8,Resolved,Closed,193484,"2026-08-11 14:27:34","2026-08-11 08:57:34",thanks,NULL,NULL,NULL
1554,status_history:02cc766d-72bc-4904-9a94-9ee9e7dd9504,TKT-1-202607-01643,status_id,STATUS_UPDATE,"Status Updated",2,7,"Assigned (In Progress)",Resolved,satish.d,"2026-07-14 10:30:47","2026-07-14 05:00:47","we hope issue has been resolved we are closing the ticket please reopen if any issue still persists",status_history,02cc766d-72bc-4904-9a94-9ee9e7dd9504,status_id
14320,status_history:1bd675f4-7cd4-4d48-bc93-3582bcc67073,TKT-1-202607-01643,status_id,STATUS_UPDATE,"Status Updated",1,2,"Open (New)","Assigned (In Progress)",vikram6singh,"2026-07-11 14:20:08","2026-07-11 08:50:08","Please check.",status_history,1bd675f4-7cd4-4d48-bc93-3582bcc67073,status_id
24003,status_history:2ed859b6-b3dc-41af-8e23-13964984d4ca,TKT-1-202607-01643,status_id,STATUS_UPDATE,"Status Updated",2,7,"Assigned (In Progress)",Resolved,shivaniyadav091298,"2026-07-16 15:22:55","2026-07-16 09:52:55","As per the user’s confirmation, the issue has been resolved.Therefore, this ticket is being marked as resolved.",status_history,2ed859b6-b3dc-41af-8e23-13964984d4ca,status_id
47331,status_history:5cd9e621-fd00-4783-9790-85d1e71583e1,TKT-1-202607-01643,status_id,STATUS_UPDATE,"Status Updated",2,3,"Assigned (In Progress)","On Hold (Pending with Requester)",satish.d,"2026-07-15 11:10:51","2026-07-15 05:40:51","pls check",status_history,5cd9e621-fd00-4783-9790-85d1e71583e1,status_id
55267,status_history:6c797810-0991-4887-892c-7d40271384b4,TKT-1-202607-01643,status_id,STATUS_UPDATE,"Status Updated",NULL,1,NULL,"Open (New)",109538,"2026-07-11 14:16:55","2026-07-11 08:46:55",New,status_history,6c797810-0991-4887-892c-7d40271384b4,status_id
58590,status_history:72e15eb4-7755-4f41-a6cf-f880c48716a3,TKT-1-202607-01643,status_id,STATUS_UPDATE,"Status Updated",3,2,"On Hold (Pending with Requester)","Assigned (In Progress)",109538,"2026-07-16 14:57:52","2026-07-16 09:27:52","This issue has been resolved.kindly close this ticket",status_history,72e15eb4-7755-4f41-a6cf-f880c48716a3,status_id
84374,status_history:a57788c0-3cb9-40ec-ae2a-793bf19be0e7,TKT-1-202607-01643,status_id,STATUS_UPDATE,"Status Updated",10,2,Reopened,"Assigned (In Progress)",vikram6singh,"2026-07-14 14:19:39","2026-07-14 08:49:39","Please check.",status_history,a57788c0-3cb9-40ec-ae2a-793bf19be0e7,status_id
118191,status_history:e78a7a45-2f69-4406-be2b-44bb4167373e,TKT-1-202607-01643,status_id,STATUS_UPDATE,"Status Updated",7,10,Resolved,Reopened,109538,"2026-07-14 14:18:34","2026-07-14 08:48:34","After ISI PV completion at RSD Khanna, stock is reflecting in both primary and secondary stacks (Wheat: 1P1, 1P2, 1P3; Rice: 5M02, 5M03, 5M05), causing double entry in Anna Darpan. Kindly get the issue rectified urgently.",status_history,e78a7a45-2f69-4406-be2b-44bb4167373e,status_id
136915,division_history:63d09f86-e547-432c-bb6b-a5f8c1cce425,TKT-1-202607-01643,division,DIVISION_UPDATE,"Division Updated",NULL,DIV-005,NULL,"Stocks/PV Division",109538,"2026-07-11 14:16:55","2026-07-11 14:16:55",New,division_history,63d09f86-e547-432c-bb6b-a5f8c1cce425,division
213548,assignment_history:0a3fa2dc-0b7d-48c8-8ffb-37e0357db02b,TKT-1-202607-01643,assigned_to,ASSIGNED_TO_UPDATE,"Assigned To Updated",NULL,sanjeet.k,NULL,sanjeet.k,vikram6singh,"2026-07-11 14:20:08","2026-07-11 14:20:08","Please check.",assignment_history,0a3fa2dc-0b7d-48c8-8ffb-37e0357db02b,assigned_to
213549,assignment_history:3ed948ae-f4ed-4cff-a2ff-a3433f6f04f9,TKT-1-202607-01643,assigned_to,ASSIGNED_TO_UPDATE,"Assigned To Updated",sanjeet.k,satish.d,sanjeet.k,satish.d,sanjeet.k,"2026-07-11 14:41:31","2026-07-11 14:41:31","Bags and weight is not shownig for ISI PV selected stacks. kindly check and do the needful",assignment_history,3ed948ae-f4ed-4cff-a2ff-a3433f6f04f9,assigned_to
213550,assignment_history:3ed948ae-f4ed-4cff-a2ff-a3433f6f04f9,TKT-1-202607-01643,level_id,LEVEL_UPDATE,"Level Updated",,L3,,L3,sanjeet.k,"2026-07-11 14:41:31","2026-07-11 14:41:31","Bags and weight is not shownig for ISI PV selected stacks. kindly check and do the needful",assignment_history,3ed948ae-f4ed-4cff-a2ff-a3433f6f04f9,level_id
213551,assignment_history:e9cfee2a-72fb-4e2b-a39d-9e898dca3f8e,TKT-1-202607-01643,assigned_to,ASSIGNED_TO_UPDATE,"Assigned To Updated",satish.d,NONE,satish.d,NONE,109538,"2026-07-14 14:18:34","2026-07-14 14:18:34","After ISI PV completion at RSD Khanna, stock is reflecting in both primary and secondary stacks (Wheat: 1P1, 1P2, 1P3; Rice: 5M02, 5M03, 5M05), causing double entry in Anna Darpan. Kindly get the issue rectified urgently.",assignment_history,e9cfee2a-72fb-4e2b-a39d-9e898dca3f8e,assigned_to
213552,assignment_history:fa02b191-5668-4703-b5cf-accc5bb8995c,TKT-1-202607-01643,assigned_to,ASSIGNED_TO_UPDATE,"Assigned To Updated",NONE,sanjeet.k,NONE,sanjeet.k,vikram6singh,"2026-07-14 14:19:39","2026-07-14 14:19:39","Please check.",assignment_history,fa02b191-5668-4703-b5cf-accc5bb8995c,assigned_to
213553,assignment_history:d715107d-2978-4f4e-9f97-4e1308d5fdfe,TKT-1-202607-01643,assigned_to,ASSIGNED_TO_UPDATE,"Assigned To Updated",sanjeet.k,satish.d,sanjeet.k,satish.d,sanjeet.k,"2026-07-14 15:25:54","2026-07-14 15:25:54","kindly check as the issue is not yet resolved.",assignment_history,d715107d-2978-4f4e-9f97-4e1308d5fdfe,assigned_to
213554,assignment_history:d715107d-2978-4f4e-9f97-4e1308d5fdfe,TKT-1-202607-01643,level_id,LEVEL_UPDATE,"Level Updated",,L3,,L3,sanjeet.k,"2026-07-14 15:25:54","2026-07-14 15:25:54","kindly check as the issue is not yet resolved.",assignment_history,d715107d-2978-4f4e-9f97-4e1308d5fdfe,level_id
213555,assignment_history:43de1866-30e0-4c4c-99f9-6a57515def75,TKT-1-202607-01643,assigned_to,ASSIGNED_TO_UPDATE,"Assigned To Updated",satish.d,shivaniyadav091298,satish.d,shivaniyadav091298,shivaniyadav091298,"2026-07-16 15:22:31","2026-07-16 15:22:31","Please check",assignment_history,43de1866-30e0-4c4c-99f9-6a57515def75,assigned_to
213556,assignment_history:43de1866-30e0-4c4c-99f9-6a57515def75,TKT-1-202607-01643,level_id,LEVEL_UPDATE,"Level Updated",L3,L1,L3,L1,shivaniyadav091298,"2026-07-16 15:22:31","2026-07-16 15:22:31","Please check",assignment_history,43de1866-30e0-4c4c-99f9-6a57515def75,level_id
1372,status_history:0272acef-7b22-4c91-b0ef-0d18b33e43ed,TKT-1-202607-01650,status_id,STATUS_UPDATE,"Status Updated",1,2,"Open (New)","Assigned (In Progress)",vikram6singh,"2026-07-11 16:54:24","2026-07-11 11:24:24","Please check",status_history,0272acef-7b22-4c91-b0ef-0d18b33e43ed,status_id
21805,status_history:2a781f2d-5b38-4ea6-9429-2fa1a2b0b2ef,TKT-1-202607-01650,status_id,STATUS_UPDATE,"Status Updated",NULL,1,NULL,"Open (New)",149993,"2026-07-11 16:51:11","2026-07-11 11:21:11",New,status_history,2a781f2d-5b38-4ea6-9429-2fa1a2b0b2ef,status_id
79299,status_history:9b6c03d1-0b4f-4e78-a5b2-e5f2ccec6675,TKT-1-202607-01650,status_id,STATUS_UPDATE,"Status Updated",2,7,"Assigned (In Progress)",Resolved,saroj.m,"2026-07-13 17:56:04","2026-07-13 12:26:04","Kindly refer the comment box.",status_history,9b6c03d1-0b4f-4e78-a5b2-e5f2ccec6675,status_id
145458,division_history:eb8b2854-5c8c-429b-8ca4-41f615a178bf,TKT-1-202607-01650,division,DIVISION_UPDATE,"Division Updated",NULL,DIV-004,NULL,"Quality Division",149993,"2026-07-11 16:51:11","2026-07-11 16:51:11",New,division_history,eb8b2854-5c8c-429b-8ca4-41f615a178bf,division
213574,assignment_history:b5cf0cff-05ac-4311-b2e1-066715673c14,TKT-1-202607-01650,assigned_to,ASSIGNED_TO_UPDATE,"Assigned To Updated",NULL,saroj.m,NULL,saroj.m,vikram6singh,"2026-07-11 16:54:24","2026-07-11 16:54:24","Please check",assignment_history,b5cf0cff-05ac-4311-b2e1-066715673c14,assigned_to
34630,status_history:43d03a49-5bb9-4c5f-b597-31e9859b6bb6,TKT-1-202607-01658,status_id,STATUS_UPDATE,"Status Updated",2,3,"Assigned (In Progress)","On Hold (Pending with Requester)",inish.d,"2026-07-14 17:53:54","2026-07-14 12:23:54","try to correct via OT.",status_history,43d03a49-5bb9-4c5f-b597-31e9859b6bb6,status_id
38754,status_history:4be94db5-0207-4b11-ad6d-dc166cde41d7,TKT-1-202607-01658,status_id,STATUS_UPDATE,"Status Updated",2,3,"Assigned (In Progress)","On Hold (Pending with Requester)",inish.d,"2026-07-22 17:51:35","2026-07-22 12:21:35","Since the data is scattered across different tables, it is difficult for us to correct it through the backend., please get approval from Division staff for OT.",status_history,4be94db5-0207-4b11-ad6d-dc166cde41d7,status_id
43767,status_history:55ab48d7-2b80-443e-938e-6ad0aa552801,TKT-1-202607-01658,status_id,STATUS_UPDATE,"Status Updated",3,2,"On Hold (Pending with Requester)","Assigned (In Progress)",278860,"2026-07-23 11:28:14","2026-07-23 05:58:14","please try to do it from back end otherwise please try to contact 9963399344 for better understanding",status_history,55ab48d7-2b80-443e-938e-6ad0aa552801,status_id
80359,status_history:9d66992b-d64c-490f-a680-70044ab767b0,TKT-1-202607-01658,status_id,STATUS_UPDATE,"Status Updated",1,2,"Open (New)","Assigned (In Progress)",vikram6singh,"2026-07-13 08:57:16","2026-07-13 03:27:16","Please check.",status_history,9d66992b-d64c-490f-a680-70044ab767b0,status_id
90188,status_history:b10d9e24-c2e8-4543-aa8e-96691a15fea0,TKT-1-202607-01658,status_id,STATUS_UPDATE,"Status Updated",2,3,"Assigned (In Progress)","On Hold (Pending with Requester)",inish.d,"2026-07-14 04:29:23","2026-07-14 04:29:23","data edit can not be be possible via backend.",status_history,b10d9e24-c2e8-4543-aa8e-96691a15fea0,status_id
90662,status_history:b1ed6aa6-7c04-4260-b43a-3b0f7c9fac02,TKT-1-202607-01658,status_id,STATUS_UPDATE,"Status Updated",3,2,"On Hold (Pending with Requester)","Assigned (In Progress)",278860,"2026-07-15 12:28:19","2026-07-15 06:58:19","si rwe canot proceed with OT as dm approval is denied so please try to rectify",status_history,b1ed6aa6-7c04-4260-b43a-3b0f7c9fac02,status_id
112536,status_history:dc6ab52b-3fc7-4b5b-a4f0-4ee051b1f8f0,TKT-1-202607-01658,status_id,STATUS_UPDATE,"Status Updated",NULL,1,NULL,"Open (New)",278860,"2026-07-11 19:42:53","2026-07-11 14:12:53",New,status_history,dc6ab52b-3fc7-4b5b-a4f0-4ee051b1f8f0,status_id
121434,status_history:edd856a5-8c2f-41f2-b2a5-d83b6e794626,TKT-1-202607-01658,status_id,STATUS_UPDATE,"Status Updated",2,7,"Assigned (In Progress)",Resolved,satish.d,"2026-07-23 14:20:45","2026-07-23 08:50:45","Please send a mail  via HQ.",status_history,edd856a5-8c2f-41f2-b2a5-d83b6e794626,status_id
129048,status_history:fcc1c736-074e-4895-bb6b-aca680902241,TKT-1-202607-01658,status_id,STATUS_UPDATE,"Status Updated",3,2,"On Hold (Pending with Requester)","Assigned (In Progress)",278860,"2026-07-14 13:04:51","2026-07-14 07:34:51","so what is the next procedure to get out of this issue",status_history,fcc1c736-074e-4895-bb6b-aca680902241,status_id
132003,division_history:15059188-a79b-4112-896a-11793c4aac13,TKT-1-202607-01658,division,DIVISION_UPDATE,"Division Updated",NULL,DIV-002,NULL,"Storage Division",278860,"2026-07-11 19:42:53","2026-07-11 19:42:53",New,division_history,15059188-a79b-4112-896a-11793c4aac13,division
145190,division_history:e7242b6c-d7f6-4b7d-a170-04644f6dfa9f,TKT-1-202607-01658,division,DIVISION_UPDATE,"Division Updated",DIV-002,DIV-004,"Storage Division","Quality Division",inish.d,"2026-07-23 11:54:17","2026-07-23 11:54:17",NULL,division_history,e7242b6c-d7f6-4b7d-a170-04644f6dfa9f,division
213599,assignment_history:88e1f84b-120f-4778-ad89-b19626ba6bb3,TKT-1-202607-01658,assigned_to,ASSIGNED_TO_UPDATE,"Assigned To Updated",NULL,saroj.m,NULL,saroj.m,vikram6singh,"2026-07-13 08:57:16","2026-07-13 08:57:16","Please check.",assignment_history,88e1f84b-120f-4778-ad89-b19626ba6bb3,assigned_to
213600,assignment_history:f61d7429-dc67-4bee-99d5-6274ac5b6dad,TKT-1-202607-01658,assigned_to,ASSIGNED_TO_UPDATE,"Assigned To Updated",saroj.m,inish.d,saroj.m,inish.d,saroj.m,"2026-07-13 17:45:44","2026-07-13 17:45:44","Please look into this issue.",assignment_history,f61d7429-dc67-4bee-99d5-6274ac5b6dad,assigned_to
213601,assignment_history:f61d7429-dc67-4bee-99d5-6274ac5b6dad,TKT-1-202607-01658,level_id,LEVEL_UPDATE,"Level Updated",,L3,,L3,saroj.m,"2026-07-13 17:45:44","2026-07-13 17:45:44","Please look into this issue.",assignment_history,f61d7429-dc67-4bee-99d5-6274ac5b6dad,level_id
62700,status_history:7adb81d1-02bd-4c8f-ba08-f2a4695f9e6a,TKT-1-202607-01662,status_id,STATUS_UPDATE,"Status Updated",NULL,1,NULL,"Open (New)",284969,"2026-07-12 11:34:04","2026-07-12 06:04:04",New,status_history,7adb81d1-02bd-4c8f-ba08-f2a4695f9e6a,status_id
120150,status_history:eb5711c3-3e4e-4630-9eb0-7b778c9a952f,TKT-1-202607-01662,status_id,STATUS_UPDATE,"Status Updated",2,7,"Assigned (In Progress)",Resolved,sanjeet.k,"2026-07-14 15:16:54","2026-07-14 09:46:54","kindly check the comment section",status_history,eb5711c3-3e4e-4630-9eb0-7b778c9a952f,status_id
123624,status_history:f2272417-db4a-4035-9b2d-13546d7a0393,TKT-1-202607-01662,status_id,STATUS_UPDATE,"Status Updated",1,2,"Open (New)","Assigned (In Progress)",vikram6singh,"2026-07-13 08:56:49","2026-07-13 03:26:49","Please check.",status_history,f2272417-db4a-4035-9b2d-13546d7a0393,status_id
134907,division_history:4331ba89-e903-491e-be83-075f43ee1011,TKT-1-202607-01662,division,DIVISION_UPDATE,"Division Updated",NULL,DIV-003,NULL,"Movement Division",284969,"2026-07-12 11:34:04","2026-07-12 11:34:04",New,division_history,4331ba89-e903-491e-be83-075f43ee1011,division
213609,assignment_history:4a5703be-c9f3-4241-89fb-963580b2a843,TKT-1-202607-01662,assigned_to,ASSIGNED_TO_UPDATE,"Assigned To Updated",NULL,sanjeet.k,NULL,sanjeet.k,vikram6singh,"2026-07-13 08:56:49","2026-07-13 08:56:49","Please check.",assignment_history,4a5703be-c9f3-4241-89fb-963580b2a843,assigned_to
8238,status_history:1014ee29-ba15-43ed-9018-5ea40580f759,TKT-1-202607-01663,status_id,STATUS_UPDATE,"Status Updated",2,7,"Assigned (In Progress)",Resolved,sanjeet.k,"2026-07-14 15:18:45","2026-07-14 09:48:45","kindly check and do the needful",status_history,1014ee29-ba15-43ed-9018-5ea40580f759,status_id
110334,status_history:d81ac14e-1f67-4273-ab7c-239883040c0a,TKT-1-202607-01663,status_id,STATUS_UPDATE,"Status Updated",NULL,1,NULL,"Open (New)",284969,"2026-07-12 11:39:13","2026-07-12 06:09:13",New,status_history,d81ac14e-1f67-4273-ab7c-239883040c0a,status_id
111917,status_history:db473b50-e570-4df9-8d97-f4c641edf53a,TKT-1-202607-01663,status_id,STATUS_UPDATE,"Status Updated",1,2,"Open (New)","Assigned (In Progress)",vikram6singh,"2026-07-13 08:56:43","2026-07-13 03:26:43","Please check.",status_history,db473b50-e570-4df9-8d97-f4c641edf53a,status_id
136402,division_history:5b696041-af27-43f6-9d35-f87930c500eb,TKT-1-202607-01663,division,DIVISION_UPDATE,"Division Updated",NULL,DIV-003,NULL,"Movement Division",284969,"2026-07-12 11:39:13","2026-07-12 11:39:13",New,division_history,5b696041-af27-43f6-9d35-f87930c500eb,division
213610,assignment_history:0affb1ea-7298-43ef-bb39-bba3aaf23fd8,TKT-1-202607-01663,assigned_to,ASSIGNED_TO_UPDATE,"Assigned To Updated",NULL,sanjeet.k,NULL,sanjeet.k,vikram6singh,"2026-07-13 08:56:43","2026-07-13 08:56:43","Please check.",assignment_history,0affb1ea-7298-43ef-bb39-bba3aaf23fd8,assigned_to
36144,status_history:46c397c0-12dd-4d7e-bb5c-0fa5697d82d3,TKT-1-202607-01664,status_id,STATUS_UPDATE,"Status Updated",1,2,"Open (New)","Assigned (In Progress)",vikram6singh,"2026-07-13 08:56:36","2026-07-13 03:26:36","Please check.",status_history,46c397c0-12dd-4d7e-bb5c-0fa5697d82d3,status_id
61528,status_history:787d5717-46af-401b-9631-fca5b29c6b2a,TKT-1-202607-01664,status_id,STATUS_UPDATE,"Status Updated",2,7,"Assigned (In Progress)",Resolved,sanjeet.k,"2026-07-14 15:24:43","2026-07-14 09:54:43","kindly check the comment section",status_history,787d5717-46af-401b-9631-fca5b29c6b2a,status_id
64528,status_history:7e61486b-6bd9-4ace-ae41-4b0203587b84,TKT-1-202607-01664,status_id,STATUS_UPDATE,"Status Updated",NULL,1,NULL,"Open (New)",284969,"2026-07-12 11:49:51","2026-07-12 06:19:51",New,status_history,7e61486b-6bd9-4ace-ae41-4b0203587b84,status_id
142342,division_history:b9f8bd56-ed52-428d-9da0-b2002fd70694,TKT-1-202607-01664,division,DIVISION_UPDATE,"Division Updated",NULL,DIV-003,NULL,"Movement Division",284969,"2026-07-12 11:49:51","2026-07-12 11:49:51",New,division_history,b9f8bd56-ed52-428d-9da0-b2002fd70694,division
213611,assignment_history:cda9d81e-fd32-45a0-a575-9f4b144acb0a,TKT-1-202607-01664,assigned_to,ASSIGNED_TO_UPDATE,"Assigned To Updated",NULL,sanjeet.k,NULL,sanjeet.k,vikram6singh,"2026-07-13 08:56:36","2026-07-13 08:56:36","Please check.",assignment_history,cda9d81e-fd32-45a0-a575-9f4b144acb0a,assigned_to
12202,status_history:17b0739f-5242-4aeb-b285-7d0d20d0a0c4,TKT-1-202607-01763,status_id,STATUS_UPDATE,"Status Updated",2,3,"Assigned (In Progress)","On Hold (Pending with Requester)",anshu.r,"2026-07-14 14:20:36","2026-07-14 08:50:36","kindly share the supportive documents for our further investigation. For further assistance, please contact our support team at : 📞 1800-410-6688.",status_history,17b0739f-5242-4aeb-b285-7d0d20d0a0c4,status_id
14582,status_history:1c5caae7-32a6-4725-baac-5c39f89a6d85,TKT-1-202607-01763,status_id,STATUS_UPDATE,"Status Updated",2,3,"Assigned (In Progress)","On Hold (Pending with Requester)",umesh.k,"2026-07-27 11:37:58","2026-07-27 06:07:58","Dear sir/madam, once the rake is released. system will not allow to raise the quality complaint. we kindly request you to ensure to raise the quality before completing the rake operation. Thank you",status_history,1c5caae7-32a6-4725-baac-5c39f89a6d85,status_id
31561,status_history:3dced74f-a9a4-4dc0-8f07-08df62ca65a2,TKT-1-202607-01763,status_id,STATUS_UPDATE,"Status Updated",NULL,1,NULL,"Open (New)",171462,"2026-07-14 13:59:22","2026-07-14 08:29:22",New,status_history,3dced74f-a9a4-4dc0-8f07-08df62ca65a2,status_id
71418,status_history:8c073776-4166-4fa1-a2b7-54f249bdeb63,TKT-1-202607-01763,status_id,STATUS_UPDATE,"Status Updated",3,2,"On Hold (Pending with Requester)","Assigned (In Progress)",171462,"2026-07-23 23:17:58","2026-07-23 17:47:58","No additional documents to be attached. Kindly resolve the issue at the earliest.",status_history,8c073776-4166-4fa1-a2b7-54f249bdeb63,status_id
118840,status_history:e8c14673-ce6c-4b01-a30e-632834dbd620,TKT-1-202607-01763,status_id,STATUS_UPDATE,"Status Updated",1,2,"Open (New)","Assigned (In Progress)",vikram6singh,"2026-07-14 14:15:15","2026-07-14 08:45:15","Please check.",status_history,e8c14673-ce6c-4b01-a30e-632834dbd620,status_id
137994,division_history:7578703d-7ade-465f-9758-8e029dea803e,TKT-1-202607-01763,division,DIVISION_UPDATE,"Division Updated",NULL,DIV-004,NULL,"Quality Division",171462,"2026-07-14 13:59:22","2026-07-14 13:59:22",New,division_history,7578703d-7ade-465f-9758-8e029dea803e,division
213921,assignment_history:e64db0fd-396c-421f-8537-e7d9d88e5316,TKT-1-202607-01763,assigned_to,ASSIGNED_TO_UPDATE,"Assigned To Updated",NULL,anshu.r,NULL,anshu.r,vikram6singh,"2026-07-14 14:15:15","2026-07-14 14:15:15","Please check.",assignment_history,e64db0fd-396c-421f-8537-e7d9d88e5316,assigned_to
213922,assignment_history:f92bbd7a-a594-4b9e-ae68-b20d1308ef30,TKT-1-202607-01763,assigned_to,ASSIGNED_TO_UPDATE,"Assigned To Updated",anshu.r,umesh.k,anshu.r,umesh.k,anshu.r,"2026-07-24 17:46:00","2026-07-24 17:46:00","Kindly do the needful",assignment_history,f92bbd7a-a594-4b9e-ae68-b20d1308ef30,assigned_to
213923,assignment_history:f92bbd7a-a594-4b9e-ae68-b20d1308ef30,TKT-1-202607-01763,level_id,LEVEL_UPDATE,"Level Updated",,L2,,L2,anshu.r,"2026-07-24 17:46:00","2026-07-24 17:46:00","Kindly do the needful",assignment_history,f92bbd7a-a594-4b9e-ae68-b20d1308ef30,level_id
219542,c8fddd9a-21bd-4a38-acc1-833eaaacc29c,TKT-1-202607-01763,status_id,STATUS_UPDATE,"Status Updated",3,2,"On Hold (Pending with Requester)","Assigned (In Progress)",171462,"2026-07-31 12:51:45","2026-07-31 07:21:45","Please contact on 8135845236",NULL,NULL,NULL
219560,644347c1-f028-4731-8c19-7d29cf6444d5,TKT-1-202607-01763,assigned_to,ASSIGNED_TO_UPDATE,"Assigned To Updated",umesh.k,anshu.r,umesh.k,anshu.r,umesh.k,"2026-07-31 12:56:16","2026-07-31 07:26:16","already informed to the user that once after rake release , user has provided contact details to contact. please read the comments and update the user. close this ticket",NULL,NULL,NULL
219561,644347c1-f028-4731-8c19-7d29cf6444d5,TKT-1-202607-01763,assigned_to_level,ASSIGNED_TO_LEVEL_UPDATE,"Assigned To Level Updated",NULL,NULL,L2,,umesh.k,"2026-07-31 12:56:16","2026-07-31 07:26:16","already informed to the user that once after rake release , user has provided contact details to contact. please read the comments and update the user. close this ticket",NULL,NULL,NULL
220608,fa2dd40a-8544-4ddd-a82d-60030b94f7c1,TKT-1-202607-01763,status_id,STATUS_UPDATE,"Status Updated",2,7,"Assigned (In Progress)",Resolved,anshu.r,"2026-08-01 11:39:32","2026-08-01 06:09:32","As per the telephonic conversation, the user has confirmed that the issue has been resolved; therefore, I am closing the ticket. . For any further assistance, please contact our support team at 1800-410-6688.",NULL,NULL,NULL
260371,fb088795-6071-439e-9e74-aad69a796629,TKT-1-202607-01763,status_id,STATUS_UPDATE,"Status Updated",7,8,Resolved,Closed,171462,"2026-09-02 17:14:10","2026-09-02 11:44:10",CLOSED,NULL,NULL,NULL
3734,status_history:071c6cd5-4e07-45c2-9693-162aa264dc49,TKT-1-202607-01832,status_id,STATUS_UPDATE,"Status Updated",1,2,"Open (New)","Assigned (In Progress)",vikram6singh,"2026-07-15 12:42:27","2026-07-15 07:12:27","Please check.",status_history,071c6cd5-4e07-45c2-9693-162aa264dc49,status_id
20710,status_history:285d8c3e-c984-4886-80d2-d09153cd8c9e,TKT-1-202607-01832,status_id,STATUS_UPDATE,"Status Updated",2,7,"Assigned (In Progress)",Resolved,satish.d,"2026-07-23 10:43:37","2026-07-23 05:13:37","It should be updated as per DISFM",status_history,285d8c3e-c984-4886-80d2-d09153cd8c9e,status_id
39269,status_history:4cd6b14a-8a57-4658-9051-3073b4f779d0,TKT-1-202607-01832,status_id,STATUS_UPDATE,"Status Updated",2,7,"Assigned (In Progress)",Resolved,satish.d,"2026-07-17 14:34:26","2026-07-17 09:04:26","Please check the comment section.",status_history,4cd6b14a-8a57-4658-9051-3073b4f779d0,status_id
51771,status_history:658c08c0-f084-4117-b682-0e1dd67f365f,TKT-1-202607-01832,status_id,STATUS_UPDATE,"Status Updated",NULL,1,NULL,"Open (New)",130049,"2026-07-15 12:38:10","2026-07-15 07:08:10",New,status_history,658c08c0-f084-4117-b682-0e1dd67f365f,status_id
104989,status_history:cda4055a-cfbb-4eaf-ad4e-5d86c995d91c,TKT-1-202607-01832,status_id,STATUS_UPDATE,"Status Updated",10,2,Reopened,"Assigned (In Progress)",vikram6singh,"2026-07-18 15:20:25","2026-07-18 09:50:25","Please check.",status_history,cda4055a-cfbb-4eaf-ad4e-5d86c995d91c,status_id
105573,status_history:cec2942d-dc8c-498f-972f-dcb66002fa62,TKT-1-202607-01832,status_id,STATUS_UPDATE,"Status Updated",7,10,Resolved,Reopened,130049,"2026-07-18 14:13:53","2026-07-18 08:43:53","Kindly clarify whether stock figures should be updated as per IRRS or DISFM ,as DISFM shows 2 decimals. Even after updating as per IRRS, fig. in Anna Darpan DISFM reflect only up to 2 decimals. Please confirm which month's stock needs to be edited.",status_history,cec2942d-dc8c-498f-972f-dcb66002fa62,status_id
139865,division_history:93216f3d-d6c4-423e-abce-58fab8d9a50b,TKT-1-202607-01832,division,DIVISION_UPDATE,"Division Updated",NULL,DIV-002,NULL,"Storage Division",130049,"2026-07-15 12:38:10","2026-07-15 12:38:10",New,division_history,93216f3d-d6c4-423e-abce-58fab8d9a50b,division
214114,assignment_history:9c42b11a-9132-4c0c-9ffe-c1d1ec2fb752,TKT-1-202607-01832,assigned_to,ASSIGNED_TO_UPDATE,"Assigned To Updated",NULL,sanjeet.k,NULL,sanjeet.k,vikram6singh,"2026-07-15 12:42:27","2026-07-15 12:42:27","Please check.",assignment_history,9c42b11a-9132-4c0c-9ffe-c1d1ec2fb752,assigned_to
214115,assignment_history:9a000865-7fd9-4869-8ffb-beba06a35774,TKT-1-202607-01832,assigned_to,ASSIGNED_TO_UPDATE,"Assigned To Updated",sanjeet.k,umesh.k,sanjeet.k,umesh.k,sanjeet.k,"2026-07-15 16:39:23","2026-07-15 16:39:23","DISCREPANCY IN OPENING BALANCE OF JULY FIRST FORTNIGHT OF 2026. kindly check and do the needful.",assignment_history,9a000865-7fd9-4869-8ffb-beba06a35774,assigned_to
214116,assignment_history:9a000865-7fd9-4869-8ffb-beba06a35774,TKT-1-202607-01832,level_id,LEVEL_UPDATE,"Level Updated",,L2,,L2,sanjeet.k,"2026-07-15 16:39:23","2026-07-15 16:39:23","DISCREPANCY IN OPENING BALANCE OF JULY FIRST FORTNIGHT OF 2026. kindly check and do the needful.",assignment_history,9a000865-7fd9-4869-8ffb-beba06a35774,level_id
214117,assignment_history:765dcdca-96ec-4792-b14b-60359d0c2c92,TKT-1-202607-01832,assigned_to,ASSIGNED_TO_UPDATE,"Assigned To Updated",umesh.k,NONE,umesh.k,NONE,130049,"2026-07-18 14:13:53","2026-07-18 14:13:53","Kindly clarify whether stock figures should be updated as per IRRS or DISFM ,as DISFM shows 2 decimals. Even after updating as per IRRS, fig. in Anna Darpan DISFM reflect only up to 2 decimals. Please confirm which month's stock needs to be edited.",assignment_history,765dcdca-96ec-4792-b14b-60359d0c2c92,assigned_to
214118,assignment_history:8d756fd2-1d5b-4163-ac76-3b70bbf3103e,TKT-1-202607-01832,assigned_to,ASSIGNED_TO_UPDATE,"Assigned To Updated",NONE,sanjeet.k,NONE,sanjeet.k,vikram6singh,"2026-07-18 15:20:25","2026-07-18 15:20:25","Please check.",assignment_history,8d756fd2-1d5b-4163-ac76-3b70bbf3103e,assigned_to
214119,assignment_history:332fe672-7191-47d4-9cd3-820c19d1e0f6,TKT-1-202607-01832,assigned_to,ASSIGNED_TO_UPDATE,"Assigned To Updated",sanjeet.k,satish.d,sanjeet.k,satish.d,sanjeet.k,"2026-07-18 17:02:55","2026-07-18 17:02:55","kindly check and do confirm accordingly.",assignment_history,332fe672-7191-47d4-9cd3-820c19d1e0f6,assigned_to
214120,assignment_history:332fe672-7191-47d4-9cd3-820c19d1e0f6,TKT-1-202607-01832,level_id,LEVEL_UPDATE,"Level Updated",,L3,,L3,sanjeet.k,"2026-07-18 17:02:55","2026-07-18 17:02:55","kindly check and do confirm accordingly.",assignment_history,332fe672-7191-47d4-9cd3-820c19d1e0f6,level_id
22864,status_history:2c9b36dd-0d79-40f3-8ebf-d7ad3da93b54,TKT-1-202607-01997,status_id,STATUS_UPDATE,"Status Updated",2,3,"Assigned (In Progress)","On Hold (Pending with Requester)",inish.d,"2026-07-27 17:47:25","2026-07-27 12:17:25","please provide your credentials, we will try stack killing from our end.",status_history,2c9b36dd-0d79-40f3-8ebf-d7ad3da93b54,status_id
35450,status_history:456a72c8-0a6b-4469-b3c8-35710e9764d9,TKT-1-202607-01997,status_id,STATUS_UPDATE,"Status Updated",7,10,Resolved,Reopened,276377,"2026-07-22 14:02:59","2026-07-22 08:32:59","WHEN WE PERFORM THE PARTIAL KILLING THEN ERROR  SHOWING "Something went wrong. Please try again later"",status_history,456a72c8-0a6b-4469-b3c8-35710e9764d9,status_id
43116,status_history:546ad324-83f4-4d14-a591-b04d3707d697,TKT-1-202607-01997,status_id,STATUS_UPDATE,"Status Updated",10,2,Reopened,"Assigned (In Progress)",vikram6singh,"2026-07-22 14:04:48","2026-07-22 08:34:48","Please check.",status_history,546ad324-83f4-4d14-a591-b04d3707d697,status_id
45233,status_history:58b0ffb4-fa69-412d-96d1-b92f4213ebaf,TKT-1-202607-01997,status_id,STATUS_UPDATE,"Status Updated",2,3,"Assigned (In Progress)","On Hold (Pending with Requester)",inish.d,"2026-07-22 17:49:33","2026-07-22 12:19:33","System will show the pending transaction details, please attach that which will be helpful for further checking.",status_history,58b0ffb4-fa69-412d-96d1-b92f4213ebaf,status_id
45709,status_history:59a451f4-0dd4-494c-b0fd-1e5906a58163,TKT-1-202607-01997,status_id,STATUS_UPDATE,"Status Updated",2,7,"Assigned (In Progress)",Resolved,anshu.r,"2026-07-17 14:44:47","2026-07-17 09:14:47","Dear Sir , The stack will be issue to receipt mode when you will per =form the partial killing it will done then will be in recipt mode. For any assistance, please contact our support team at: 1800-410-6688.",status_history,59a451f4-0dd4-494c-b0fd-1e5906a58163,status_id
64929,status_history:7f2de4aa-94b8-444f-8a0d-374e86b8d54d,TKT-1-202607-01997,status_id,STATUS_UPDATE,"Status Updated",3,2,"On Hold (Pending with Requester)","Assigned (In Progress)",276377,"2026-07-23 12:37:49","2026-07-23 07:07:49","Screenshot 2026-07-23 123456 screenshot attached",status_history,7f2de4aa-94b8-444f-8a0d-374e86b8d54d,status_id
79957,status_history:9cad5052-3ab6-4e92-ada8-fd075a3f8126,TKT-1-202607-01997,status_id,STATUS_UPDATE,"Status Updated",1,2,"Open (New)","Assigned (In Progress)",vikram6singh,"2026-07-16 15:44:14","2026-07-16 10:14:14","Please check.",status_history,9cad5052-3ab6-4e92-ada8-fd075a3f8126,status_id
88470,status_history:ad9d9b48-1b95-4869-b14e-4cb8425efae6,TKT-1-202607-01997,status_id,STATUS_UPDATE,"Status Updated",NULL,1,NULL,"Open (New)",276377,"2026-07-16 15:20:18","2026-07-16 09:50:18",New,status_history,ad9d9b48-1b95-4869-b14e-4cb8425efae6,status_id
117083,status_history:e540e327-c262-474a-8d43-6d79f34124d5,TKT-1-202607-01997,status_id,STATUS_UPDATE,"Status Updated",3,2,"On Hold (Pending with Requester)","Assigned (In Progress)",276377,"2026-07-28 11:22:43","2026-07-28 05:52:43","ID - 276377, Password- Depot@123 for further information please contact on 9725752896",status_history,e540e327-c262-474a-8d43-6d79f34124d5,status_id
145911,division_history:f28f9ab4-d2ee-4763-b291-9fefcf5e58b7,TKT-1-202607-01997,division,DIVISION_UPDATE,"Division Updated",NULL,DIV-001,NULL,"Procurement Division",276377,"2026-07-16 15:20:18","2026-07-16 15:20:18",New,division_history,f28f9ab4-d2ee-4763-b291-9fefcf5e58b7,division
214569,assignment_history:215e610b-a6ed-40b1-9adf-8ab020800e09,TKT-1-202607-01997,assigned_to,ASSIGNED_TO_UPDATE,"Assigned To Updated",NULL,anshu.r,NULL,anshu.r,vikram6singh,"2026-07-16 15:44:14","2026-07-16 15:44:14","Please check.",assignment_history,215e610b-a6ed-40b1-9adf-8ab020800e09,assigned_to
214570,assignment_history:6bd3732b-1daa-49bd-9243-d98fe22b65c9,TKT-1-202607-01997,assigned_to,ASSIGNED_TO_UPDATE,"Assigned To Updated",anshu.r,NONE,anshu.r,NONE,276377,"2026-07-22 14:02:59","2026-07-22 14:02:59","WHEN WE PERFORM THE PARTIAL KILLING THEN ERROR  SHOWING "Something went wrong. Please try again later"",assignment_history,6bd3732b-1daa-49bd-9243-d98fe22b65c9,assigned_to
214571,assignment_history:e9ce6055-12ba-43a5-a7c9-d2e2dcfc3fd8,TKT-1-202607-01997,assigned_to,ASSIGNED_TO_UPDATE,"Assigned To Updated",NONE,anshu.r,NONE,anshu.r,vikram6singh,"2026-07-22 14:04:48","2026-07-22 14:04:48","Please check.",assignment_history,e9ce6055-12ba-43a5-a7c9-d2e2dcfc3fd8,assigned_to
214572,assignment_history:023a13b0-220e-4a12-b313-560128217cb5,TKT-1-202607-01997,assigned_to,ASSIGNED_TO_UPDATE,"Assigned To Updated",anshu.r,inish.d,anshu.r,inish.d,anshu.r,"2026-07-22 14:20:13","2026-07-22 14:20:13","Kindly do the needful",assignment_history,023a13b0-220e-4a12-b313-560128217cb5,assigned_to
214573,assignment_history:023a13b0-220e-4a12-b313-560128217cb5,TKT-1-202607-01997,level_id,LEVEL_UPDATE,"Level Updated",,L3,,L3,anshu.r,"2026-07-22 14:20:13","2026-07-22 14:20:13","Kindly do the needful",assignment_history,023a13b0-220e-4a12-b313-560128217cb5,level_id
221480,51f176b9-ae5f-4ffe-a4fc-723fe523d4d1,TKT-1-202607-01997,status_id,STATUS_UPDATE,"Status Updated",2,3,"Assigned (In Progress)","On Hold (Pending with Requester)",inish.d,"2026-08-03 11:46:11","2026-08-03 06:16:11","shall we try partial killing from our end? for 3B10?",NULL,NULL,NULL
226663,7506c2b2-2171-4e97-bd0b-185a186581a2,TKT-1-202607-01997,status_id,STATUS_UPDATE,"Status Updated",3,2,"On Hold (Pending with Requester)","Assigned (In Progress)",276377,"2026-08-06 14:36:15","2026-08-06 09:06:15","YES CONVERT SAID STACK TO RECEIPT MODE",NULL,NULL,NULL
247309,e19211ea-bbe1-42b0-a409-f44afa181830,TKT-1-202607-01997,status_id,STATUS_UPDATE,"Status Updated",2,7,"Assigned (In Progress)",Resolved,inish.d,"2026-08-21 17:39:01","2026-08-21 12:09:01","As mentioned 3B/10  has been converted to receipt state",NULL,NULL,NULL
18521,status_history:241e346b-d0f4-4297-8fd2-d2616d869a53,TKT-1-202607-02030,status_id,STATUS_UPDATE,"Status Updated",10,2,Reopened,"Assigned (In Progress)",vikram6singh,"2026-07-17 13:01:17","2026-07-17 07:31:17","Please check.",status_history,241e346b-d0f4-4297-8fd2-d2616d869a53,status_id
38946,status_history:4c3bbfad-a4c1-4a85-a116-813d2b6a040d,TKT-1-202607-02030,status_id,STATUS_UPDATE,"Status Updated",2,3,"Assigned (In Progress)","On Hold (Pending with Requester)",umesh.k,"2026-07-20 06:30:02","2026-07-20 06:30:02","kindly let us know wihich reports shows correct stock data?",status_history,4c3bbfad-a4c1-4a85-a116-813d2b6a040d,status_id
58190,status_history:721c0fb8-5229-40a5-9e78-5ebe1f522f12,TKT-1-202607-02030,status_id,STATUS_UPDATE,"Status Updated",7,10,Resolved,Reopened,se16003_01,"2026-07-17 12:55:13","2026-07-17 07:25:13",.,status_history,721c0fb8-5229-40a5-9e78-5ebe1f522f12,status_id
65587,status_history:8072ece2-483f-4e17-882c-d3b5dedc165f,TKT-1-202607-02030,status_id,STATUS_UPDATE,"Status Updated",NULL,1,NULL,"Open (New)",se16003_01,"2026-07-17 11:09:43","2026-07-17 05:39:43",New,status_history,8072ece2-483f-4e17-882c-d3b5dedc165f,status_id
92557,status_history:b5b50b1e-715a-41d0-a990-b5ab1d6a9275,TKT-1-202607-02030,status_id,STATUS_UPDATE,"Status Updated",2,7,"Assigned (In Progress)",Resolved,umesh.k,"2026-07-17 12:28:27","2026-07-17 06:58:27","Kindly refer the comment section for more details.",status_history,b5b50b1e-715a-41d0-a990-b5ab1d6a9275,status_id
98409,status_history:c120f86b-9d83-4b0e-a193-0f67d5c18402,TKT-1-202607-02030,status_id,STATUS_UPDATE,"Status Updated",3,2,"On Hold (Pending with Requester)","Assigned (In Progress)",se16003_01,"2026-07-22 17:21:32","2026-07-22 11:51:32",.,status_history,c120f86b-9d83-4b0e-a193-0f67d5c18402,status_id
117885,status_history:e6e8f71e-2bcf-4cce-965b-c2cc93936aba,TKT-1-202607-02030,status_id,STATUS_UPDATE,"Status Updated",1,2,"Open (New)","Assigned (In Progress)",vikram6singh,"2026-07-17 11:10:58","2026-07-17 05:40:58","Please check.",status_history,e6e8f71e-2bcf-4cce-965b-c2cc93936aba,status_id
141613,division_history:ae40557d-4640-48fa-868a-9d58f6796aa5,TKT-1-202607-02030,division,DIVISION_UPDATE,"Division Updated",NULL,DIV-005,NULL,"Stocks/PV Division",se16003_01,"2026-07-17 11:09:43","2026-07-17 11:09:43",New,division_history,ae40557d-4640-48fa-868a-9d58f6796aa5,division
214662,assignment_history:a483423e-e2a4-4052-98ac-082d873ae446,TKT-1-202607-02030,assigned_to,ASSIGNED_TO_UPDATE,"Assigned To Updated",NULL,inzemamul.h,NULL,inzemamul.h,vikram6singh,"2026-07-17 11:10:58","2026-07-17 11:10:58","Please check.",assignment_history,a483423e-e2a4-4052-98ac-082d873ae446,assigned_to
214663,assignment_history:61f61829-2955-4279-9780-d0a5c2ee19fe,TKT-1-202607-02030,assigned_to,ASSIGNED_TO_UPDATE,"Assigned To Updated",inzemamul.h,inish.d,inzemamul.h,inish.d,inzemamul.h,"2026-07-17 11:42:15","2026-07-17 11:42:15","Kindly do the needful.",assignment_history,61f61829-2955-4279-9780-d0a5c2ee19fe,assigned_to
214664,assignment_history:61f61829-2955-4279-9780-d0a5c2ee19fe,TKT-1-202607-02030,level_id,LEVEL_UPDATE,"Level Updated",,L3,,L3,inzemamul.h,"2026-07-17 11:42:15","2026-07-17 11:42:15","Kindly do the needful.",assignment_history,61f61829-2955-4279-9780-d0a5c2ee19fe,level_id
214665,assignment_history:fd7fc57f-c518-454f-ab59-7cdb8bba6216,TKT-1-202607-02030,assigned_to,ASSIGNED_TO_UPDATE,"Assigned To Updated",inish.d,NONE,inish.d,NONE,se16003_01,"2026-07-17 12:55:13","2026-07-17 12:55:13",.,assignment_history,fd7fc57f-c518-454f-ab59-7cdb8bba6216,assigned_to
214666,assignment_history:4933f5d0-a626-4a93-a29b-a1d4536713ca,TKT-1-202607-02030,assigned_to,ASSIGNED_TO_UPDATE,"Assigned To Updated",NONE,inzemamul.h,NONE,inzemamul.h,vikram6singh,"2026-07-17 13:01:17","2026-07-17 13:01:17","Please check.",assignment_history,4933f5d0-a626-4a93-a29b-a1d4536713ca,assigned_to
214667,assignment_history:d2adbbe6-f69f-4bd4-b049-217768380e58,TKT-1-202607-02030,assigned_to,ASSIGNED_TO_UPDATE,"Assigned To Updated",inzemamul.h,umesh.k,inzemamul.h,umesh.k,inzemamul.h,"2026-07-17 13:12:17","2026-07-17 13:12:17","Kindly do the needful.",assignment_history,d2adbbe6-f69f-4bd4-b049-217768380e58,assigned_to
214668,assignment_history:d2adbbe6-f69f-4bd4-b049-217768380e58,TKT-1-202607-02030,level_id,LEVEL_UPDATE,"Level Updated",,L2,,L2,inzemamul.h,"2026-07-17 13:12:17","2026-07-17 13:12:17","Kindly do the needful.",assignment_history,d2adbbe6-f69f-4bd4-b049-217768380e58,level_id
225256,e44cba8d-7b3c-47de-b79c-a96958767534,TKT-1-202607-02030,status_id,STATUS_UPDATE,"Status Updated",2,7,"Assigned (In Progress)",Resolved,umesh.k,"2026-08-05 14:50:16","2026-08-05 09:20:16","kindly refere comment section for more information.",NULL,NULL,NULL
268500,a1260802-1135-42d2-93ee-c2096bd966ed,TKT-1-202607-02030,status_id,STATUS_UPDATE,"Status Updated",7,8,Resolved,Closed,se16003_01,"2026-09-11 16:01:12","2026-09-11 10:31:12",.,NULL,NULL,NULL
16170,status_history:1f7507e9-ae15-40ab-b070-a2b0f8d5dadf,TKT-1-202607-02042,status_id,STATUS_UPDATE,"Status Updated",3,2,"On Hold (Pending with Requester)","Assigned (In Progress)",fb13005_01,"2026-07-23 12:59:02","2026-07-23 07:29:02","PV related issue has been resolved",status_history,1f7507e9-ae15-40ab-b070-a2b0f8d5dadf,status_id
32510,status_history:3fb000ce-7f8f-476e-b260-6d04bc558abb,TKT-1-202607-02042,status_id,STATUS_UPDATE,"Status Updated",2,7,"Assigned (In Progress)",Resolved,satish.d,"2026-07-23 14:44:57","2026-07-23 09:14:57","Issue has been resolved we are closing the ticket",status_history,3fb000ce-7f8f-476e-b260-6d04bc558abb,status_id
59152,status_history:73fa031a-7bab-4ce3-957c-bfa8d9f206bf,TKT-1-202607-02042,status_id,STATUS_UPDATE,"Status Updated",2,3,"Assigned (In Progress)","On Hold (Pending with Requester)",satish.d,"2026-07-20 15:15:27","2026-07-20 09:45:27","Please check",status_history,73fa031a-7bab-4ce3-957c-bfa8d9f206bf,status_id
74398,status_history:91c38f3e-7d02-457a-aa99-3958692c0958,TKT-1-202607-02042,status_id,STATUS_UPDATE,"Status Updated",2,3,"Assigned (In Progress)","On Hold (Pending with Requester)",satish.d,"2026-07-18 14:02:05","2026-07-18 08:32:05","Kindly check the comment section",status_history,91c38f3e-7d02-457a-aa99-3958692c0958,status_id
81648,status_history:9fd90f5a-42d2-4fec-a582-9b5117be332d,TKT-1-202607-02042,status_id,STATUS_UPDATE,"Status Updated",3,2,"On Hold (Pending with Requester)","Assigned (In Progress)",fb13005_01,"2026-07-18 15:59:02","2026-07-18 10:29:02","details provided",status_history,9fd90f5a-42d2-4fec-a582-9b5117be332d,status_id
115956,status_history:e30d36b7-73ee-412e-a131-711ab866119f,TKT-1-202607-02042,status_id,STATUS_UPDATE,"Status Updated",NULL,1,NULL,"Open (New)",fb13005_01,"2026-07-17 12:22:28","2026-07-17 06:52:28",New,status_history,e30d36b7-73ee-412e-a131-711ab866119f,status_id
119971,status_history:eafdd07f-487b-49d0-a90b-f039f71bf236,TKT-1-202607-02042,status_id,STATUS_UPDATE,"Status Updated",1,2,"Open (New)","Assigned (In Progress)",vikram6singh,"2026-07-17 12:27:49","2026-07-17 06:57:49","Please check.",status_history,eafdd07f-487b-49d0-a90b-f039f71bf236,status_id
143911,division_history:d304e14c-a939-4b72-b119-75770d9b2a88,TKT-1-202607-02042,division,DIVISION_UPDATE,"Division Updated",NULL,DIV-008,NULL,"IT Division",fb13005_01,"2026-07-17 12:22:28","2026-07-17 12:22:28",New,division_history,d304e14c-a939-4b72-b119-75770d9b2a88,division
214699,assignment_history:49820f5a-9dc8-44d7-aab7-005b6bee803e,TKT-1-202607-02042,assigned_to,ASSIGNED_TO_UPDATE,"Assigned To Updated",NULL,sanjeet.k,NULL,sanjeet.k,vikram6singh,"2026-07-17 12:27:49","2026-07-17 12:27:49","Please check.",assignment_history,49820f5a-9dc8-44d7-aab7-005b6bee803e,assigned_to
214700,assignment_history:ccf9d39b-e312-4726-8378-0f7ca14f2a51,TKT-1-202607-02042,assigned_to,ASSIGNED_TO_UPDATE,"Assigned To Updated",sanjeet.k,satish.d,sanjeet.k,satish.d,sanjeet.k,"2026-07-17 14:09:07","2026-07-17 14:09:07","The restacked stocks during ISI PV not reflecting correct number of bags and not showing for stack killing. kindly check and do the needful",assignment_history,ccf9d39b-e312-4726-8378-0f7ca14f2a51,assigned_to
214701,assignment_history:ccf9d39b-e312-4726-8378-0f7ca14f2a51,TKT-1-202607-02042,level_id,LEVEL_UPDATE,"Level Updated",,L3,,L3,sanjeet.k,"2026-07-17 14:09:07","2026-07-17 14:09:07","The restacked stocks during ISI PV not reflecting correct number of bags and not showing for stack killing. kindly check and do the needful",assignment_history,ccf9d39b-e312-4726-8378-0f7ca14f2a51,level_id
67726,status_history:84a5d4b7-bbfd-436f-a06d-ab8ac989071b,TKT-1-202607-02079,status_id,STATUS_UPDATE,"Status Updated",1,2,"Open (New)","Assigned (In Progress)",vikram6singh,"2026-07-17 16:54:42","2026-07-17 11:24:42","Please check.",status_history,84a5d4b7-bbfd-436f-a06d-ab8ac989071b,status_id
86466,status_history:a98f62b7-15fd-4ffb-b093-f32fa3ebebe1,TKT-1-202607-02079,status_id,STATUS_UPDATE,"Status Updated",2,7,"Assigned (In Progress)",Resolved,satish.d,"2026-07-22 17:30:36","2026-07-22 12:00:36","Please check with HQ, since updation of refractions and range for FAQ is provided to HQ and URS specification is provided to DGM (QC)",status_history,a98f62b7-15fd-4ffb-b093-f32fa3ebebe1,status_id
126839,status_history:f87ba883-7b1d-48bb-8ba1-23dfb2512c9e,TKT-1-202607-02079,status_id,STATUS_UPDATE,"Status Updated",NULL,1,NULL,"Open (New)",279203,"2026-07-17 16:28:51","2026-07-17 10:58:51",New,status_history,f87ba883-7b1d-48bb-8ba1-23dfb2512c9e,status_id
138363,division_history:7b44bcb1-3cf9-43e0-9dc6-a7dc90c6f8c6,TKT-1-202607-02079,division,DIVISION_UPDATE,"Division Updated",NULL,DIV-004,NULL,"Quality Division",279203,"2026-07-17 16:28:51","2026-07-17 16:28:51",New,division_history,7b44bcb1-3cf9-43e0-9dc6-a7dc90c6f8c6,division
214786,assignment_history:85644062-5804-4a76-9beb-5c86e2ac8e02,TKT-1-202607-02079,assigned_to,ASSIGNED_TO_UPDATE,"Assigned To Updated",NULL,anshu.r,NULL,anshu.r,vikram6singh,"2026-07-17 16:54:42","2026-07-17 16:54:42","Please check.",assignment_history,85644062-5804-4a76-9beb-5c86e2ac8e02,assigned_to
214787,assignment_history:65658b43-a25d-474f-bcf5-999b450ceee0,TKT-1-202607-02079,assigned_to,ASSIGNED_TO_UPDATE,"Assigned To Updated",anshu.r,satish.d,anshu.r,satish.d,anshu.r,"2026-07-17 16:58:06","2026-07-17 16:58:06","Kindly do the needful",assignment_history,65658b43-a25d-474f-bcf5-999b450ceee0,assigned_to
214788,assignment_history:65658b43-a25d-474f-bcf5-999b450ceee0,TKT-1-202607-02079,level_id,LEVEL_UPDATE,"Level Updated",,L3,,L3,anshu.r,"2026-07-17 16:58:06","2026-07-17 16:58:06","Kindly do the needful",assignment_history,65658b43-a25d-474f-bcf5-999b450ceee0,level_id
222151,bf4abae7-6304-4238-8914-40d3f486de44,TKT-1-202607-02079,status_id,STATUS_UPDATE,"Status Updated",7,8,Resolved,Closed,279203,"2026-08-03 15:33:20","2026-08-03 10:03:20","As directed, this matter is to be raised with HQ, hence the ticket is closed here.",NULL,NULL,NULL
7181,status_history:0df73e92-ee5e-41a8-a0af-a7b3218498db,TKT-1-202607-02082,status_id,STATUS_UPDATE,"Status Updated",3,2,"On Hold (Pending with Requester)","Assigned (In Progress)",ng18040_01,"2026-07-24 16:47:22","2026-07-24 11:17:22","screenshot attached plz look this issue",status_history,0df73e92-ee5e-41a8-a0af-a7b3218498db,status_id
66779,status_history:82d9be48-495d-4084-99df-3b02b06d7da8,TKT-1-202607-02082,status_id,STATUS_UPDATE,"Status Updated",NULL,1,NULL,"Open (New)",ng18040_01,"2026-07-17 16:52:19","2026-07-17 11:22:19",New,status_history,82d9be48-495d-4084-99df-3b02b06d7da8,status_id
96895,status_history:be3501b2-19d9-4d82-b793-cec25754a1d5,TKT-1-202607-02082,status_id,STATUS_UPDATE,"Status Updated",2,3,"Assigned (In Progress)","On Hold (Pending with Requester)",inzemamul.h,"2026-07-17 17:05:03","2026-07-17 11:35:03","kindly share the supportive documents for our further investigation. For further assistance, please contact our support team at : 📞 1800-410-6688.",status_history,be3501b2-19d9-4d82-b793-cec25754a1d5,status_id
115194,status_history:e1a2ae8f-d8c2-4b40-8bdf-64687e7c8ce3,TKT-1-202607-02082,status_id,STATUS_UPDATE,"Status Updated",1,2,"Open (New)","Assigned (In Progress)",vikram6singh,"2026-07-17 16:54:15","2026-07-17 11:24:15","Please check.",status_history,e1a2ae8f-d8c2-4b40-8bdf-64687e7c8ce3,status_id
132534,division_history:1d79410a-1874-4e12-94c4-cacafff25b00,TKT-1-202607-02082,division,DIVISION_UPDATE,"Division Updated",NULL,DIV-008,NULL,"IT Division",ng18040_01,"2026-07-17 16:52:19","2026-07-17 16:52:19",New,division_history,1d79410a-1874-4e12-94c4-cacafff25b00,division
144845,division_history:e1712a2f-eed5-4537-975e-d310682d496f,TKT-1-202607-02082,division,DIVISION_UPDATE,"Division Updated",DIV-008,DIV-002,"IT Division","Storage Division",inzemamul.h,"2026-07-17 17:03:59","2026-07-17 17:03:59",NULL,division_history,e1712a2f-eed5-4537-975e-d310682d496f,division
214795,assignment_history:aeb295b0-e406-48f7-8706-94e8c07439fe,TKT-1-202607-02082,assigned_to,ASSIGNED_TO_UPDATE,"Assigned To Updated",NULL,inzemamul.h,NULL,inzemamul.h,vikram6singh,"2026-07-17 16:54:15","2026-07-17 16:54:15","Please check.",assignment_history,aeb295b0-e406-48f7-8706-94e8c07439fe,assigned_to
214796,assignment_history:60c4546d-3b6e-4aa3-b354-b26ed2e3ec42,TKT-1-202607-02082,assigned_to,ASSIGNED_TO_UPDATE,"Assigned To Updated",inzemamul.h,inish.d,inzemamul.h,inish.d,inzemamul.h,"2026-07-24 17:31:22","2026-07-24 17:31:22","Kindly do the needful.",assignment_history,60c4546d-3b6e-4aa3-b354-b26ed2e3ec42,assigned_to
214797,assignment_history:60c4546d-3b6e-4aa3-b354-b26ed2e3ec42,TKT-1-202607-02082,level_id,LEVEL_UPDATE,"Level Updated",,L3,,L3,inzemamul.h,"2026-07-24 17:31:22","2026-07-24 17:31:22","Kindly do the needful.",assignment_history,60c4546d-3b6e-4aa3-b354-b26ed2e3ec42,level_id
225262,c4a9a166-a871-4c56-a6ae-e2f3bf67dff7,TKT-1-202607-02082,status_id,STATUS_UPDATE,"Status Updated",2,7,"Assigned (In Progress)",Resolved,umesh.k,"2026-08-05 14:51:29","2026-08-05 09:21:29","kindly refer comment section for more information.",NULL,NULL,NULL
414,status_history:00ce3a0f-2be8-4523-a842-1b29a513dc6b,TKT-1-202607-02109,status_id,STATUS_UPDATE,"Status Updated",NULL,1,NULL,"Open (New)",117291,"2026-07-18 12:01:48","2026-07-18 06:31:48",New,status_history,00ce3a0f-2be8-4523-a842-1b29a513dc6b,status_id
57709,status_history:713446b4-11e9-4e18-bbca-e2bf10b4c3ee,TKT-1-202607-02109,status_id,STATUS_UPDATE,"Status Updated",2,7,"Assigned (In Progress)",Resolved,anshu.r,"2026-07-21 11:36:41","2026-07-21 06:06:41","As per the telephonic conversation, the user has confirmed that the issue has been resolved; therefore, I am closing the ticket.For further assistance, please contact our support team at : 1800-410-6688",status_history,713446b4-11e9-4e18-bbca-e2bf10b4c3ee,status_id
68817,status_history:86d5c735-7044-4d05-8f9b-3dc798b47191,TKT-1-202607-02109,status_id,STATUS_UPDATE,"Status Updated",1,2,"Open (New)","Assigned (In Progress)",vikram6singh,"2026-07-18 12:13:41","2026-07-18 06:43:41","Please check",status_history,86d5c735-7044-4d05-8f9b-3dc798b47191,status_id
132268,division_history:18f1e522-86c9-41a8-a28c-b9645dc2a158,TKT-1-202607-02109,division,DIVISION_UPDATE,"Division Updated",NULL,DIV-002,NULL,"Storage Division",117291,"2026-07-18 12:01:48","2026-07-18 12:01:48",New,division_history,18f1e522-86c9-41a8-a28c-b9645dc2a158,division
214875,assignment_history:b6ccb11f-b91d-4f50-b534-db302096a387,TKT-1-202607-02109,assigned_to,ASSIGNED_TO_UPDATE,"Assigned To Updated",NULL,anshu.r,NULL,anshu.r,vikram6singh,"2026-07-18 12:13:41","2026-07-18 12:13:41","Please check",assignment_history,b6ccb11f-b91d-4f50-b534-db302096a387,assigned_to
25625,status_history:32132d06-1523-4316-856e-60da1c4a9da0,TKT-1-202607-02119,status_id,STATUS_UPDATE,"Status Updated",2,3,"Assigned (In Progress)","On Hold (Pending with Requester)",anshu.r,"2026-07-28 17:23:51","2026-07-28 11:53:51","Kindly check comment",status_history,32132d06-1523-4316-856e-60da1c4a9da0,status_id
45524,status_history:59475460-1929-4801-a92c-9ad35e157b76,TKT-1-202607-02119,status_id,STATUS_UPDATE,"Status Updated",1,2,"Open (New)","Assigned (In Progress)",vikram6singh,"2026-07-18 12:50:23","2026-07-18 07:20:23","Please check",status_history,59475460-1929-4801-a92c-9ad35e157b76,status_id
78468,status_history:99c9b298-17a2-4473-9606-f92ef97e3923,TKT-1-202607-02119,status_id,STATUS_UPDATE,"Status Updated",3,2,"On Hold (Pending with Requester)","Assigned (In Progress)",104427,"2026-07-28 09:35:39","2026-07-28 04:05:39","Option for mix bag is not seen in sales module. Kinldy direct.",status_history,99c9b298-17a2-4473-9606-f92ef97e3923,status_id
93288,status_history:b73d3a51-5385-4b01-9e2f-4711b8d16b73,TKT-1-202607-02119,status_id,STATUS_UPDATE,"Status Updated",2,3,"Assigned (In Progress)","On Hold (Pending with Requester)",umesh.k,"2026-07-27 15:44:32","2026-07-27 10:14:32","Kindly check our comments.",status_history,b73d3a51-5385-4b01-9e2f-4711b8d16b73,status_id
130470,status_history:ffa46894-55a0-4125-86d6-de5ca18800fc,TKT-1-202607-02119,status_id,STATUS_UPDATE,"Status Updated",NULL,1,NULL,"Open (New)",104427,"2026-07-18 12:39:03","2026-07-18 07:09:03",New,status_history,ffa46894-55a0-4125-86d6-de5ca18800fc,status_id
132390,division_history:1aecaa12-3025-4bc1-948c-98ba8543c406,TKT-1-202607-02119,division,DIVISION_UPDATE,"Division Updated",NULL,DIV-006,NULL,"Sales Division",104427,"2026-07-18 12:39:03","2026-07-18 12:39:03",New,division_history,1aecaa12-3025-4bc1-948c-98ba8543c406,division
214891,assignment_history:c81fbe86-2b76-49a1-84f1-19322bb2970b,TKT-1-202607-02119,assigned_to,ASSIGNED_TO_UPDATE,"Assigned To Updated",NULL,anshu.r,NULL,anshu.r,vikram6singh,"2026-07-18 12:50:23","2026-07-18 12:50:23","Please check",assignment_history,c81fbe86-2b76-49a1-84f1-19322bb2970b,assigned_to
214892,assignment_history:bb0f8e38-b793-47ef-bb85-67b964aaa766,TKT-1-202607-02119,assigned_to,ASSIGNED_TO_UPDATE,"Assigned To Updated",anshu.r,umesh.k,anshu.r,umesh.k,anshu.r,"2026-07-18 13:00:20","2026-07-18 13:00:20","Kindly do the needful",assignment_history,bb0f8e38-b793-47ef-bb85-67b964aaa766,assigned_to
214893,assignment_history:bb0f8e38-b793-47ef-bb85-67b964aaa766,TKT-1-202607-02119,level_id,LEVEL_UPDATE,"Level Updated",,L2,,L2,anshu.r,"2026-07-18 13:00:20","2026-07-18 13:00:20","Kindly do the needful",assignment_history,bb0f8e38-b793-47ef-bb85-67b964aaa766,level_id
214894,assignment_history:6ccc11c0-8bbc-4a6d-a8b6-8dd480ddcf17,TKT-1-202607-02119,assigned_to,ASSIGNED_TO_UPDATE,"Assigned To Updated",umesh.k,vikram6singh,umesh.k,vikram6singh,umesh.k,"2026-07-28 10:37:06","2026-07-28 10:37:06","Kindly contact the user and inform that user can select different bag type from the prioirty listing and inform the issue reported in this this  won't repeat again,if user is facing any other issues,let us know.",assignment_history,6ccc11c0-8bbc-4a6d-a8b6-8dd480ddcf17,assigned_to
214895,assignment_history:73ee7d18-b2e4-49a7-a2a5-7b3eabd0fc81,TKT-1-202607-02119,assigned_to,ASSIGNED_TO_UPDATE,"Assigned To Updated",vikram6singh,anshu.r,vikram6singh,anshu.r,vikram6singh,"2026-07-28 11:28:14","2026-07-28 11:28:14","Please connect with user and convey the info as per the comments/remarks.",assignment_history,73ee7d18-b2e4-49a7-a2a5-7b3eabd0fc81,assigned_to
214896,assignment_history:3b63df05-fb69-4ee3-8680-6a4d023acaba,TKT-1-202607-02119,assigned_to,ASSIGNED_TO_UPDATE,"Assigned To Updated",anshu.r,umesh.k,anshu.r,umesh.k,anshu.r,"2026-07-28 12:28:59","2026-07-28 12:28:59","Kindly do the needful",assignment_history,3b63df05-fb69-4ee3-8680-6a4d023acaba,assigned_to
214897,assignment_history:3b63df05-fb69-4ee3-8680-6a4d023acaba,TKT-1-202607-02119,level_id,LEVEL_UPDATE,"Level Updated",,L2,,L2,anshu.r,"2026-07-28 12:28:59","2026-07-28 12:28:59","Kindly do the needful",assignment_history,3b63df05-fb69-4ee3-8680-6a4d023acaba,level_id
214898,assignment_history:2b701c23-85e8-42ca-8187-90f2c088552d,TKT-1-202607-02119,assigned_to,ASSIGNED_TO_UPDATE,"Assigned To Updated",umesh.k,vikram6singh,umesh.k,vikram6singh,umesh.k,"2026-07-28 12:36:08","2026-07-28 12:36:08","Kindly contact the user and inform that user can select different bag type from the prioirty listing and inform the issue reported in this this won't repeat again,if user is facing any other issues,let us know.",assignment_history,2b701c23-85e8-42ca-8187-90f2c088552d,assigned_to
214899,assignment_history:0ac02656-8f7f-495d-b634-f87623e39111,TKT-1-202607-02119,assigned_to,ASSIGNED_TO_UPDATE,"Assigned To Updated",vikram6singh,anshu.r,vikram6singh,anshu.r,vikram6singh,"2026-07-28 12:44:50","2026-07-28 12:44:50","Please connect with the user and inform as per the comments/remarks.",assignment_history,0ac02656-8f7f-495d-b634-f87623e39111,assigned_to
217431,46b8ab02-1848-4b98-8666-dc38c6473309,TKT-1-202607-02119,status_id,STATUS_UPDATE,"Status Updated",3,2,"On Hold (Pending with Requester)","Assigned (In Progress)",104427,"2026-07-29 15:10:37","2026-07-29 09:40:37","Kindly look into it",NULL,NULL,NULL
217821,34e2cfd4-5840-4e55-87f7-0bc5d5644ca9,TKT-1-202607-02119,status_id,STATUS_UPDATE,"Status Updated",2,3,"Assigned (In Progress)","On Hold (Pending with Requester)",anshu.r,"2026-07-29 17:40:16","2026-07-29 12:10:16","Kindly check comment",NULL,NULL,NULL
218743,046bb4af-3ba5-4bcf-832e-57e7597069ba,TKT-1-202607-02119,status_id,STATUS_UPDATE,"Status Updated",3,2,"On Hold (Pending with Requester)","Assigned (In Progress)",104427,"2026-07-30 15:16:22","2026-07-30 09:46:22","Mix bag not avaliable. screen shot attached",NULL,NULL,NULL
218793,8f02cb62-5982-491f-879e-ba93f35fef9d,TKT-1-202607-02119,assigned_to,ASSIGNED_TO_UPDATE,"Assigned To Updated",anshu.r,umesh.k,anshu.r,umesh.k,anshu.r,"2026-07-30 15:36:57","2026-07-30 10:06:57","Kindly do the needful",NULL,NULL,NULL
218794,8f02cb62-5982-491f-879e-ba93f35fef9d,TKT-1-202607-02119,assigned_to_level,ASSIGNED_TO_LEVEL_UPDATE,"Assigned To Level Updated",NULL,NULL,,L2,anshu.r,"2026-07-30 15:36:57","2026-07-30 10:06:57","Kindly do the needful",NULL,NULL,NULL
219904,d5fcc5f0-181c-4b6e-9ee8-e0467ce3296b,TKT-1-202607-02119,status_id,STATUS_UPDATE,"Status Updated",2,3,"Assigned (In Progress)","On Hold (Pending with Requester)",umesh.k,"2026-07-31 15:03:44","2026-07-31 09:33:44","Kindly check our comments.",NULL,NULL,NULL
220169,74d49c08-c69b-43bb-8d35-ae8c97cc2565,TKT-1-202607-02119,status_id,STATUS_UPDATE,"Status Updated",3,2,"On Hold (Pending with Requester)","Assigned (In Progress)",104427,"2026-07-31 16:57:19","2026-07-31 11:27:19","If a stack has mixed gunny, then parent stack will show only one gunny type. In that case, if a truck is being loaded from that stack, then there should be option for mix bag in a truck. Kindly provide that option. DOS had that option.",NULL,NULL,NULL
220275,e833b22c-614e-4e3a-8fbe-4eb31970dadc,TKT-1-202607-02119,assigned_to,ASSIGNED_TO_UPDATE,"Assigned To Updated",umesh.k,vikram6singh,umesh.k,vikram6singh,umesh.k,"2026-07-31 17:49:51","2026-07-31 12:19:51","Kindly contact the user and obtain details of the mixed gunny stack issue. Inform the user that loading with two bag types from two different stacks is supported. If possible, share screenshots of the issue for further investigation. Thanks.",NULL,NULL,NULL
220276,e833b22c-614e-4e3a-8fbe-4eb31970dadc,TKT-1-202607-02119,assigned_to_level,ASSIGNED_TO_LEVEL_UPDATE,"Assigned To Level Updated",NULL,NULL,L2,,umesh.k,"2026-07-31 17:49:51","2026-07-31 12:19:51","Kindly contact the user and obtain details of the mixed gunny stack issue. Inform the user that loading with two bag types from two different stacks is supported. If possible, share screenshots of the issue for further investigation. Thanks.",NULL,NULL,NULL
220316,9631be38-47c1-4c1f-abb6-7d6a37b10aa2,TKT-1-202607-02119,assigned_to,ASSIGNED_TO_UPDATE,"Assigned To Updated",vikram6singh,anshu.r,vikram6singh,anshu.r,vikram6singh,"2026-07-31 18:01:21","2026-07-31 12:31:21","Please connect with the user and convey him as per the comments/remarks.",NULL,NULL,NULL
220615,221dfa9c-9194-4e61-b7e0-105f3a919fa7,TKT-1-202607-02119,assigned_to,ASSIGNED_TO_UPDATE,"Assigned To Updated",anshu.r,umesh.k,anshu.r,umesh.k,anshu.r,"2026-08-01 11:43:35","2026-08-01 06:13:35","Kindly check remarks",NULL,NULL,NULL
220616,221dfa9c-9194-4e61-b7e0-105f3a919fa7,TKT-1-202607-02119,assigned_to_level,ASSIGNED_TO_LEVEL_UPDATE,"Assigned To Level Updated",NULL,NULL,,L2,anshu.r,"2026-08-01 11:43:35","2026-08-01 06:13:35","Kindly check remarks",NULL,NULL,NULL
221244,6173db79-520b-4b53-85cc-0f174d699763,TKT-1-202607-02119,assigned_to,ASSIGNED_TO_UPDATE,"Assigned To Updated",umesh.k,vikram6singh,umesh.k,vikram6singh,umesh.k,"2026-08-03 10:13:45","2026-08-03 04:43:45","Kindly contact the user and obtain details of the mixed gunny stack issue. Inform the user that loading with two bag types from two different stacks is supported. If possible, share screenshots of the issue for further investigation. Thanks.",NULL,NULL,NULL
221245,6173db79-520b-4b53-85cc-0f174d699763,TKT-1-202607-02119,assigned_to_level,ASSIGNED_TO_LEVEL_UPDATE,"Assigned To Level Updated",NULL,NULL,L2,,umesh.k,"2026-08-03 10:13:45","2026-08-03 04:43:45","Kindly contact the user and obtain details of the mixed gunny stack issue. Inform the user that loading with two bag types from two different stacks is supported. If possible, share screenshots of the issue for further investigation. Thanks.",NULL,NULL,NULL
221312,19b2b9f0-d1e4-4a31-91ae-e73d1181a39e,TKT-1-202607-02119,assigned_to,ASSIGNED_TO_UPDATE,"Assigned To Updated",vikram6singh,anuj.s,vikram6singh,anuj.s,vikram6singh,"2026-08-03 10:42:23","2026-08-03 05:12:23","Please connect with the user and get the details as per the comments/remarks.",NULL,NULL,NULL
222385,a5f38ada-a2e4-463d-a1c2-446e8caef18d,TKT-1-202607-02119,assigned_to,ASSIGNED_TO_UPDATE,"Assigned To Updated",anuj.s,umesh.k,anuj.s,umesh.k,anuj.s,"2026-08-03 16:46:44","2026-08-03 11:16:44","Please look into the issue",NULL,NULL,NULL
222386,a5f38ada-a2e4-463d-a1c2-446e8caef18d,TKT-1-202607-02119,assigned_to_level,ASSIGNED_TO_LEVEL_UPDATE,"Assigned To Level Updated",NULL,NULL,,L2,anuj.s,"2026-08-03 16:46:44","2026-08-03 11:16:44","Please look into the issue",NULL,NULL,NULL
222866,26e9f055-bd16-4324-ba1f-45be8ae8da6b,TKT-1-202607-02119,assigned_to,ASSIGNED_TO_UPDATE,"Assigned To Updated",umesh.k,vikram6singh,umesh.k,vikram6singh,umesh.k,"2026-08-04 10:39:32","2026-08-04 05:09:32","Kindly convey below comments to user and get more information if user faces any issues.",NULL,NULL,NULL
222867,26e9f055-bd16-4324-ba1f-45be8ae8da6b,TKT-1-202607-02119,assigned_to_level,ASSIGNED_TO_LEVEL_UPDATE,"Assigned To Level Updated",NULL,NULL,L2,,umesh.k,"2026-08-04 10:39:32","2026-08-04 05:09:32","Kindly convey below comments to user and get more information if user faces any issues.",NULL,NULL,NULL
222896,952d3469-cbfd-42a8-b55a-c246f3443b5d,TKT-1-202607-02119,assigned_to,ASSIGNED_TO_UPDATE,"Assigned To Updated",vikram6singh,anshu.r,vikram6singh,anshu.r,vikram6singh,"2026-08-04 10:48:57","2026-08-04 05:18:57","Please connect with the user and convey him as per the comments/remarks.",NULL,NULL,NULL
222964,13b00b43-4b92-4724-bbc4-d537905dcac8,TKT-1-202607-02119,assigned_to,ASSIGNED_TO_UPDATE,"Assigned To Updated",anshu.r,anuj.s,anshu.r,anuj.s,vikram6singh,"2026-08-04 11:30:33","2026-08-04 06:00:33","Please check.",NULL,NULL,NULL
223539,79f58a66-42f4-4ab2-aa55-190d8cdb053b,TKT-1-202607-02119,status_id,STATUS_UPDATE,"Status Updated",2,3,"Assigned (In Progress)","On Hold (Pending with Requester)",anuj.s,"2026-08-04 14:53:45","2026-08-04 09:23:45","Please acknowledge so that we may proceed to close the ticket.",NULL,NULL,NULL
225373,706adead-0b95-49c1-afb0-e2affae2573f,TKT-1-202607-02119,status_id,STATUS_UPDATE,"Status Updated",3,2,"On Hold (Pending with Requester)","Assigned (In Progress)",104427,"2026-08-05 15:26:41","2026-08-05 09:56:41","In the screenshot attached, the bifurcation of bag types is mentioned. however, the tare calculation of gunnies is wrong.",NULL,NULL,NULL
234438,dc5cf113-0b33-46de-9e60-b7e218fcf7f7,TKT-1-202607-02119,status_id,STATUS_UPDATE,"Status Updated",2,3,"Assigned (In Progress)","On Hold (Pending with Requester)",anuj.s,"2026-08-13 11:16:19","2026-08-13 05:46:19","Please refer the comment box.",NULL,NULL,NULL
237718,65afdc3b-3c53-46e4-bbf1-58c082a234aa,TKT-1-202607-02119,status_id,STATUS_UPDATE,"Status Updated",3,2,"On Hold (Pending with Requester)","Assigned (In Progress)",104427,"2026-08-17 13:04:06","2026-08-17 07:34:06","kindly check",NULL,NULL,NULL
242475,a78e7437-96cc-41c6-a76f-cb11d210569c,TKT-1-202607-02119,status_id,STATUS_UPDATE,"Status Updated",2,3,"Assigned (In Progress)","On Hold (Pending with Requester)",anuj.s,"2026-08-19 11:43:21","2026-08-19 06:13:21","We attempt to contact 9400271056 but number was not reachable please share the correct contact details or contact us on our toll free number for earliest assistance.",NULL,NULL,NULL
242759,e72c0521-7774-42e1-b898-bca0e169b1ea,TKT-1-202607-02119,status_id,STATUS_UPDATE,"Status Updated",3,2,"On Hold (Pending with Requester)","Assigned (In Progress)",104427,"2026-08-19 12:42:15","2026-08-19 07:12:15","kindly check",NULL,NULL,NULL
247020,0414c126-2b13-46e3-a0cf-71cf16f68e43,TKT-1-202607-02119,assigned_to,ASSIGNED_TO_UPDATE,"Assigned To Updated",anuj.s,umesh.k,anuj.s,umesh.k,vikram6singh,"2026-08-21 16:08:56","2026-08-21 10:38:56","Please verify the mentioned both stack has different bag type but system displaying as single bag type on loading screen.",NULL,NULL,NULL
247021,0414c126-2b13-46e3-a0cf-71cf16f68e43,TKT-1-202607-02119,assigned_to_level,ASSIGNED_TO_LEVEL_UPDATE,"Assigned To Level Updated",NULL,NULL,,L2,vikram6singh,"2026-08-21 16:08:56","2026-08-21 10:38:56","Please verify the mentioned both stack has different bag type but system displaying as single bag type on loading screen.",NULL,NULL,NULL
249295,b709838f-8013-4eb5-978d-1acccb6cee4e,TKT-1-202607-02119,assigned_to,ASSIGNED_TO_UPDATE,"Assigned To Updated",umesh.k,vikram6singh,umesh.k,vikram6singh,umesh.k,"2026-08-24 10:03:36","2026-08-24 04:33:36","Kindly contact user and convey that there is no separate menu for Mixed Bag. While performing the Loading operation, the user can select different bag types from the available stacks, and the system allows loading with multiple bag types.Thanks.",NULL,NULL,NULL
249296,b709838f-8013-4eb5-978d-1acccb6cee4e,TKT-1-202607-02119,assigned_to_level,ASSIGNED_TO_LEVEL_UPDATE,"Assigned To Level Updated",NULL,NULL,L2,,umesh.k,"2026-08-24 10:03:36","2026-08-24 04:33:36","Kindly contact user and convey that there is no separate menu for Mixed Bag. While performing the Loading operation, the user can select different bag types from the available stacks, and the system allows loading with multiple bag types.Thanks.",NULL,NULL,NULL
252700,9e0bc27f-3548-4021-a0be-4acfcf6cdc2c,TKT-1-202607-02119,assigned_to,ASSIGNED_TO_UPDATE,"Assigned To Updated",vikram6singh,umesh.k,vikram6singh,umesh.k,vikram6singh,"2026-08-25 11:53:21","2026-08-25 06:23:21","Please verify the mentioned both stack has different bag type but system displaying as single bag type on loading screen.",NULL,NULL,NULL
252701,9e0bc27f-3548-4021-a0be-4acfcf6cdc2c,TKT-1-202607-02119,assigned_to_level,ASSIGNED_TO_LEVEL_UPDATE,"Assigned To Level Updated",NULL,NULL,,L2,vikram6singh,"2026-08-25 11:53:21","2026-08-25 06:23:21","Please verify the mentioned both stack has different bag type but system displaying as single bag type on loading screen.",NULL,NULL,NULL
253730,bf67dcf1-4e44-455d-ba51-0cec1f7e6b44,TKT-1-202607-02119,status_id,STATUS_UPDATE,"Status Updated",2,7,"Assigned (In Progress)",Resolved,umesh.k,"2026-08-25 16:56:18","2026-08-25 11:26:18","Kindly check our comments.Thanks.",NULL,NULL,NULL
35495,status_history:4580c966-2f7f-4800-8b24-6dbf68827526,TKT-1-202607-02129,status_id,STATUS_UPDATE,"Status Updated",1,2,"Open (New)","Assigned (In Progress)",vikram6singh,"2026-07-18 14:31:31","2026-07-18 09:01:31","Please check",status_history,4580c966-2f7f-4800-8b24-6dbf68827526,status_id
86656,status_history:a9f43e1a-3b4c-485d-aa22-81b86531b906,TKT-1-202607-02129,status_id,STATUS_UPDATE,"Status Updated",2,7,"Assigned (In Progress)",Resolved,arti.1.t,"2026-07-20 15:17:51","2026-07-20 09:47:51","This ticket appears to be a duplicate of TKT-1-202607-02128. Closing this ticket and redirecting all further updates to the referenced ticket.",status_history,a9f43e1a-3b4c-485d-aa22-81b86531b906,status_id
111669,status_history:dac3dfef-7ba4-42af-afaf-f84f43aaa2e3,TKT-1-202607-02129,status_id,STATUS_UPDATE,"Status Updated",NULL,1,NULL,"Open (New)",173179,"2026-07-18 14:26:09","2026-07-18 08:56:09",New,status_history,dac3dfef-7ba4-42af-afaf-f84f43aaa2e3,status_id
134501,division_history:3d1d568a-5307-44e7-adfc-f32b768e392d,TKT-1-202607-02129,division,DIVISION_UPDATE,"Division Updated",NULL,DIV-001,NULL,"Procurement Division",173179,"2026-07-18 14:26:09","2026-07-18 14:26:09",New,division_history,3d1d568a-5307-44e7-adfc-f32b768e392d,division
214919,assignment_history:2c6b48a7-cc7d-42e4-b1a5-d57978550991,TKT-1-202607-02129,assigned_to,ASSIGNED_TO_UPDATE,"Assigned To Updated",NULL,arti.1.t,NULL,arti.1.t,vikram6singh,"2026-07-18 14:31:31","2026-07-18 14:31:31","Please check",assignment_history,2c6b48a7-cc7d-42e4-b1a5-d57978550991,assigned_to
1103,status_history:01ff7771-4630-481f-874b-2490803d2405,TKT-1-202607-02131,status_id,STATUS_UPDATE,"Status Updated",7,10,Resolved,Reopened,173179,"2026-07-23 13:33:08","2026-07-23 08:03:08","TEC:1753372/673448 pls add this party, party name "BARNALA BIO COALS AND KIRTI RICE MILLS 105476-27890" stack number 1A16 Godown code nf22241 tokens are not generated for this party",status_history,01ff7771-4630-481f-874b-2490803d2405,status_id
11728,status_history:16b89271-502d-401b-8bc9-2d164ad21a66,TKT-1-202607-02131,status_id,STATUS_UPDATE,"Status Updated",2,3,"Assigned (In Progress)","On Hold (Pending with Requester)",inish.d,"2026-07-25 13:11:50","2026-07-25 07:41:50","please refer comments",status_history,16b89271-502d-401b-8bc9-2d164ad21a66,status_id
25798,status_history:32757804-736e-43e8-b4ae-94ca0e7b971d,TKT-1-202607-02131,status_id,STATUS_UPDATE,"Status Updated",2,3,"Assigned (In Progress)","On Hold (Pending with Requester)",inish.d,"2026-07-24 18:04:48","2026-07-24 12:34:48","Please contact wings team and ask them to sync again",status_history,32757804-736e-43e8-b4ae-94ca0e7b971d,status_id
29808,status_history:3a55b4da-985f-417a-b43a-8413da5b5a8a,TKT-1-202607-02131,status_id,STATUS_UPDATE,"Status Updated",1,2,"Open (New)","Assigned (In Progress)",vikram6singh,"2026-07-18 14:34:08","2026-07-18 09:04:08","Please check",status_history,3a55b4da-985f-417a-b43a-8413da5b5a8a,status_id
36697,status_history:47e19aec-381a-4d32-899d-47862519bfdc,TKT-1-202607-02131,status_id,STATUS_UPDATE,"Status Updated",2,3,"Assigned (In Progress)","On Hold (Pending with Requester)",inish.d,"2026-07-20 09:38:09","2026-07-20 04:08:09","Please share the TEC number, Depot Code, Millers wings Id, which will be helpful for further investigation",status_history,47e19aec-381a-4d32-899d-47862519bfdc,status_id
42983,status_history:5427681a-9546-4b9b-b481-3abea0e70379,TKT-1-202607-02131,status_id,STATUS_UPDATE,"Status Updated",NULL,1,NULL,"Open (New)",173179,"2026-07-18 14:33:01","2026-07-18 09:03:01",New,status_history,5427681a-9546-4b9b-b481-3abea0e70379,status_id
46712,status_history:5b9ad4c9-4903-421d-a180-1d0d8e7e4bd7,TKT-1-202607-02131,status_id,STATUS_UPDATE,"Status Updated",3,2,"On Hold (Pending with Requester)","Assigned (In Progress)",173179,"2026-07-18 17:51:33","2026-07-18 12:21:33","MILLER CONTRACT NO. NOT SHOWING IN ANNADARPAN ID",status_history,5b9ad4c9-4903-421d-a180-1d0d8e7e4bd7,status_id
53834,status_history:699a4321-53b2-405c-bd75-b4e23ae3f480,TKT-1-202607-02131,status_id,STATUS_UPDATE,"Status Updated",2,3,"Assigned (In Progress)","On Hold (Pending with Requester)",inish.d,"2026-07-21 16:22:27","2026-07-21 10:52:27","Please check comments",status_history,699a4321-53b2-405c-bd75-b4e23ae3f480,status_id
54396,status_history:6aab4e21-e005-4f46-9e30-5f722fa21231,TKT-1-202607-02131,status_id,STATUS_UPDATE,"Status Updated",10,2,Reopened,"Assigned (In Progress)",vikram6singh,"2026-07-23 13:55:13","2026-07-23 08:25:13","Please check.",status_history,6aab4e21-e005-4f46-9e30-5f722fa21231,status_id
55711,status_history:6d4a8f95-6994-4bbd-9416-0b2f09ece908,TKT-1-202607-02131,status_id,STATUS_UPDATE,"Status Updated",3,2,"On Hold (Pending with Requester)","Assigned (In Progress)",173179,"2026-07-23 17:45:14","2026-07-23 12:15:14","except this party , resolved for all other parties, u r requested to pls generate  token for this particular party.",status_history,6d4a8f95-6994-4bbd-9416-0b2f09ece908,status_id
60745,status_history:76fe34fa-6435-4fb9-9780-3777a759dcd3,TKT-1-202607-02131,status_id,STATUS_UPDATE,"Status Updated",2,3,"Assigned (In Progress)","On Hold (Pending with Requester)",sanjeet.k,"2026-07-23 17:12:07","2026-07-23 11:42:07","We tried to contact you multiple times regarding the issue but no response was received from your end. kindly confirm us whether the issue has been resolved or not. if not kindly contact us on 📞 1800-410-6688 for the further assistance.",status_history,76fe34fa-6435-4fb9-9780-3777a759dcd3,status_id
70028,status_history:893825dc-1592-4e8a-bfb7-2088e006e9c6,TKT-1-202607-02131,status_id,STATUS_UPDATE,"Status Updated",2,3,"Assigned (In Progress)","On Hold (Pending with Requester)",sanjeet.k,"2026-07-18 17:32:07","2026-07-18 12:02:07","As per discussed over the call, kindly share the screenshot of the issue you are facing while syncing with the AD through wings for the further assistance.",status_history,893825dc-1592-4e8a-bfb7-2088e006e9c6,status_id
74522,status_history:920aa2c9-41f6-4acc-890d-acfa484d3d8c,TKT-1-202607-02131,status_id,STATUS_UPDATE,"Status Updated",3,2,"On Hold (Pending with Requester)","Assigned (In Progress)",173179,"2026-07-22 11:52:40","2026-07-22 06:22:40","ISSUE RESOLVED",status_history,920aa2c9-41f6-4acc-890d-acfa484d3d8c,status_id
77290,status_history:978087f8-94cd-4dae-a553-efee6efe4689,TKT-1-202607-02131,status_id,STATUS_UPDATE,"Status Updated",3,2,"On Hold (Pending with Requester)","Assigned (In Progress)",173179,"2026-07-21 12:18:29","2026-07-21 06:48:29","plzz see 21 jul 2026 screenshot",status_history,978087f8-94cd-4dae-a553-efee6efe4689,status_id
82268,status_history:a12ce3a1-b56d-4a32-bcc8-537510b48947,TKT-1-202607-02131,status_id,STATUS_UPDATE,"Status Updated",3,2,"On Hold (Pending with Requester)","Assigned (In Progress)",173179,"2026-07-28 13:19:16","2026-07-28 07:49:16",""As per the information available in WINGS, TEC got synced with AD. Kindly raise a ticket with Annadarpan Helpdesk sharing the screenshot of WINGS." comments from wings support team",status_history,a12ce3a1-b56d-4a32-bcc8-537510b48947,status_id
90761,status_history:b21ec37d-9870-4fc7-bdf3-38ae177c00ba,TKT-1-202607-02131,status_id,STATUS_UPDATE,"Status Updated",3,2,"On Hold (Pending with Requester)","Assigned (In Progress)",173179,"2026-07-20 16:23:40","2026-07-20 10:53:40","Required images is attached, depo code nf22241 , total 27 parties , screenshots of wings is uploaded pls check ( date 20/07/2026)",status_history,b21ec37d-9870-4fc7-bdf3-38ae177c00ba,status_id
92804,status_history:b640d9df-6688-495b-8ef5-15c6d29b9c06,TKT-1-202607-02131,status_id,STATUS_UPDATE,"Status Updated",2,3,"Assigned (In Progress)","On Hold (Pending with Requester)",inish.d,"2026-07-20 19:05:26","2026-07-20 13:35:26","please check comments",status_history,b640d9df-6688-495b-8ef5-15c6d29b9c06,status_id
102945,status_history:c9bbe1cc-da7e-4474-8e31-1c0dc2e0428b,TKT-1-202607-02131,status_id,STATUS_UPDATE,"Status Updated",2,3,"Assigned (In Progress)","On Hold (Pending with Requester)",inish.d,"2026-07-27 17:45:52","2026-07-27 12:15:52","It seems like, issue has been occoured during TEC sync , we asked WINGS team to sync again, Anyway please check with WINGS team and ask for re sync.",status_history,c9bbe1cc-da7e-4474-8e31-1c0dc2e0428b,status_id
122877,status_history:f0b2d709-e37a-4622-af9e-c8277ec040a0,TKT-1-202607-02131,status_id,STATUS_UPDATE,"Status Updated",3,2,"On Hold (Pending with Requester)","Assigned (In Progress)",173179,"2026-07-25 13:49:31","2026-07-25 08:19:31","pls refer attachments ss.1 and ss.2 , it is clearly mentioned ADSynced in wings",status_history,f0b2d709-e37a-4622-af9e-c8277ec040a0,status_id
128688,status_history:fc059182-e632-4f30-922d-df487d0493df,TKT-1-202607-02131,status_id,STATUS_UPDATE,"Status Updated",3,2,"On Hold (Pending with Requester)","Assigned (In Progress)",173179,"2026-07-25 12:46:14","2026-07-25 07:16:14",""As per the information available in WINGS, TEC got synced with AD. Kindly raise a ticket with Annadarpan Helpdesk sharing the screenshot of WINGS." comments from wings support team",status_history,fc059182-e632-4f30-922d-df487d0493df,status_id
130291,status_history:ff44242f-17dc-49b9-b5b5-111d480a2430,TKT-1-202607-02131,status_id,STATUS_UPDATE,"Status Updated",2,7,"Assigned (In Progress)",Resolved,inish.d,"2026-07-22 14:08:23","2026-07-22 08:38:23","As per the given remarks by the user that "Resolved" and hence resolving this ticket. For any further assistance, please feel free to contact our support team at +91-9205515314 or +91-9217020104.",status_history,ff44242f-17dc-49b9-b5b5-111d480a2430,status_id
141260,division_history:a8d2b865-f516-4c02-bbe1-8bfb5b53a533,TKT-1-202607-02131,division,DIVISION_UPDATE,"Division Updated",NULL,DIV-001,NULL,"Procurement Division",173179,"2026-07-18 14:33:01","2026-07-18 14:33:01",New,division_history,a8d2b865-f516-4c02-bbe1-8bfb5b53a533,division
214921,assignment_history:535ad8f4-33bf-4747-93b2-414e203d263e,TKT-1-202607-02131,assigned_to,ASSIGNED_TO_UPDATE,"Assigned To Updated",NULL,sanjeet.k,NULL,sanjeet.k,vikram6singh,"2026-07-18 14:34:08","2026-07-18 14:34:08","Please check",assignment_history,535ad8f4-33bf-4747-93b2-414e203d263e,assigned_to
214922,assignment_history:92db3eea-6f3c-4bfc-a233-fbc3e76d14da,TKT-1-202607-02131,assigned_to,ASSIGNED_TO_UPDATE,"Assigned To Updated",sanjeet.k,inish.d,sanjeet.k,inish.d,sanjeet.k,"2026-07-18 18:13:05","2026-07-18 18:13:05","as discussed over the call and advised about the issue resolution, user is still not able to sync the tec with AD. kindly check and do the needful as the supporting document regarding this issue has been attached by the user.",assignment_history,92db3eea-6f3c-4bfc-a233-fbc3e76d14da,assigned_to
214923,assignment_history:92db3eea-6f3c-4bfc-a233-fbc3e76d14da,TKT-1-202607-02131,level_id,LEVEL_UPDATE,"Level Updated",,L3,,L3,sanjeet.k,"2026-07-18 18:13:05","2026-07-18 18:13:05","as discussed over the call and advised about the issue resolution, user is still not able to sync the tec with AD. kindly check and do the needful as the supporting document regarding this issue has been attached by the user.",assignment_history,92db3eea-6f3c-4bfc-a233-fbc3e76d14da,level_id
214924,assignment_history:a4c55078-0cca-4140-a3d4-9f4915f5c4fb,TKT-1-202607-02131,assigned_to,ASSIGNED_TO_UPDATE,"Assigned To Updated",inish.d,NONE,inish.d,NONE,173179,"2026-07-23 13:33:08","2026-07-23 13:33:08","TEC:1753372/673448 pls add this party, party name "BARNALA BIO COALS AND KIRTI RICE MILLS 105476-27890" stack number 1A16 Godown code nf22241 tokens are not generated for this party",assignment_history,a4c55078-0cca-4140-a3d4-9f4915f5c4fb,assigned_to
214925,assignment_history:c4187fe8-5132-4fd7-a3cd-9b810c4bd9bf,TKT-1-202607-02131,assigned_to,ASSIGNED_TO_UPDATE,"Assigned To Updated",NONE,sanjeet.k,NONE,sanjeet.k,vikram6singh,"2026-07-23 13:55:13","2026-07-23 13:55:13","Please check.",assignment_history,c4187fe8-5132-4fd7-a3cd-9b810c4bd9bf,assigned_to
214926,assignment_history:09369e49-cfb0-42da-8d43-fd0ac5f3d7ac,TKT-1-202607-02131,assigned_to,ASSIGNED_TO_UPDATE,"Assigned To Updated",sanjeet.k,inish.d,sanjeet.k,inish.d,sanjeet.k,"2026-07-24 13:03:04","2026-07-24 13:03:04","user requested to create token of  BARNALA BIO COALS AND KIRTI RICE MILLS 105476-27890" TEC:1753372/673448 as all other parties have been processed through token creation. kindly check and do the needful",assignment_history,09369e49-cfb0-42da-8d43-fd0ac5f3d7ac,assigned_to
214927,assignment_history:09369e49-cfb0-42da-8d43-fd0ac5f3d7ac,TKT-1-202607-02131,level_id,LEVEL_UPDATE,"Level Updated",,L3,,L3,sanjeet.k,"2026-07-24 13:03:04","2026-07-24 13:03:04","user requested to create token of  BARNALA BIO COALS AND KIRTI RICE MILLS 105476-27890" TEC:1753372/673448 as all other parties have been processed through token creation. kindly check and do the needful",assignment_history,09369e49-cfb0-42da-8d43-fd0ac5f3d7ac,level_id
219503,d02100ce-e83e-44bf-955d-dfeed447d5bd,TKT-1-202607-02131,status_id,STATUS_UPDATE,"Status Updated",2,7,"Assigned (In Progress)",Resolved,inish.d,"2026-07-31 12:35:39","2026-07-31 07:05:39","As per the given remarks by the user that "Resolved" and hence resolving this ticket. For any further assistance, please feel free to contact our support team at +91-9205515314 or +91-9217020104.",NULL,NULL,NULL
224134,c0f55472-cc9a-4394-84e9-1d8cc3120ba3,TKT-1-202607-02131,status_id,STATUS_UPDATE,"Status Updated",7,8,Resolved,Closed,173179,"2026-08-04 17:26:44","2026-08-04 11:56:44",RESOLVED,NULL,NULL,NULL
25533,status_history:31e29e10-8762-4865-8eee-5bde24c050d2,TKT-1-202607-02132,status_id,STATUS_UPDATE,"Status Updated",10,2,Reopened,"Assigned (In Progress)",vikram6singh,"2026-07-25 16:59:09","2026-07-25 11:29:09","Please check.",status_history,31e29e10-8762-4865-8eee-5bde24c050d2,status_id
29143,status_history:3915fd5d-32c7-46e0-971a-e7c42db598ed,TKT-1-202607-02132,status_id,STATUS_UPDATE,"Status Updated",7,10,Resolved,Reopened,172044,"2026-07-25 16:20:22","2026-07-25 10:50:22","Matter is not resolved ,",status_history,3915fd5d-32c7-46e0-971a-e7c42db598ed,status_id
52725,status_history:676f3e1c-f429-4f65-b8db-536deb52a6dc,TKT-1-202607-02132,status_id,STATUS_UPDATE,"Status Updated",2,7,"Assigned (In Progress)",Resolved,anshu.r,"2026-07-25 17:08:37","2026-07-25 11:38:37","As per the telephonic conversation, the user has confirmed that the issue has been resolved; therefore, I am closing the ticket For further assistance, please contact our support team at : 1800-410-6688",status_history,676f3e1c-f429-4f65-b8db-536deb52a6dc,status_id
56879,status_history:6fa4994b-0d2c-4465-be44-ffae9274a624,TKT-1-202607-02132,status_id,STATUS_UPDATE,"Status Updated",2,7,"Assigned (In Progress)",Resolved,satish.d,"2026-07-20 14:44:07","2026-07-20 09:14:07","Dear sir/madam, you have not been assigned by the DGMQC for Quarterly inspection for the month of July",status_history,6fa4994b-0d2c-4465-be44-ffae9274a624,status_id
109279,status_history:d60fc96a-77da-4c4f-8496-fd2ded1c58d6,TKT-1-202607-02132,status_id,STATUS_UPDATE,"Status Updated",NULL,1,NULL,"Open (New)",172044,"2026-07-18 15:07:26","2026-07-18 09:37:26",New,status_history,d60fc96a-77da-4c4f-8496-fd2ded1c58d6,status_id
128329,status_history:fb43d435-a3be-4135-95bf-cead7c718381,TKT-1-202607-02132,status_id,STATUS_UPDATE,"Status Updated",1,2,"Open (New)","Assigned (In Progress)",vikram6singh,"2026-07-18 15:18:26","2026-07-18 09:48:26","Please check.",status_history,fb43d435-a3be-4135-95bf-cead7c718381,status_id
140139,division_history:97c7f393-9cb9-4461-bdbf-3619e3d8ae08,TKT-1-202607-02132,division,DIVISION_UPDATE,"Division Updated",NULL,DIV-004,NULL,"Quality Division",172044,"2026-07-18 15:07:26","2026-07-18 15:07:26",New,division_history,97c7f393-9cb9-4461-bdbf-3619e3d8ae08,division
214928,assignment_history:4141d7d6-7309-4ac0-9680-82c850407df7,TKT-1-202607-02132,assigned_to,ASSIGNED_TO_UPDATE,"Assigned To Updated",NULL,anshu.r,NULL,anshu.r,vikram6singh,"2026-07-18 15:18:26","2026-07-18 15:18:26","Please check.",assignment_history,4141d7d6-7309-4ac0-9680-82c850407df7,assigned_to
214929,assignment_history:1c3ed489-5161-4b61-8c0e-307b9eee9cd5,TKT-1-202607-02132,assigned_to,ASSIGNED_TO_UPDATE,"Assigned To Updated",anshu.r,satish.d,anshu.r,satish.d,anshu.r,"2026-07-18 16:59:35","2026-07-18 16:59:35","Kindly do the needful",assignment_history,1c3ed489-5161-4b61-8c0e-307b9eee9cd5,assigned_to
214930,assignment_history:1c3ed489-5161-4b61-8c0e-307b9eee9cd5,TKT-1-202607-02132,level_id,LEVEL_UPDATE,"Level Updated",,L3,,L3,anshu.r,"2026-07-18 16:59:35","2026-07-18 16:59:35","Kindly do the needful",assignment_history,1c3ed489-5161-4b61-8c0e-307b9eee9cd5,level_id
214931,assignment_history:04c23ebb-b6c0-49b3-8db1-1140a65244fb,TKT-1-202607-02132,assigned_to,ASSIGNED_TO_UPDATE,"Assigned To Updated",satish.d,NONE,satish.d,NONE,172044,"2026-07-25 16:20:22","2026-07-25 16:20:22","Matter is not resolved ,",assignment_history,04c23ebb-b6c0-49b3-8db1-1140a65244fb,assigned_to
214932,assignment_history:98dc2cbb-00bf-4e28-b360-558bc123afe2,TKT-1-202607-02132,assigned_to,ASSIGNED_TO_UPDATE,"Assigned To Updated",NONE,anshu.r,NONE,anshu.r,vikram6singh,"2026-07-25 16:59:09","2026-07-25 16:59:09","Please check.",assignment_history,98dc2cbb-00bf-4e28-b360-558bc123afe2,assigned_to
15008,status_history:1d2ba71e-f008-4e2e-bdac-3dec524417d6,TKT-1-202607-02138,status_id,STATUS_UPDATE,"Status Updated",3,2,"On Hold (Pending with Requester)","Assigned (In Progress)",114816,"2026-07-22 12:00:34","2026-07-22 06:30:34","Screenshot attached for reference. The "Wagon Loading from Depot" module allows only wagon-wise bag distribution and does not provide any wagon-wise weight entry option.     Please contact 7981831558 for any query related this",status_history,1d2ba71e-f008-4e2e-bdac-3dec524417d6,status_id
41066,status_history:50593d8b-2587-4efc-aac0-d802e88848fc,TKT-1-202607-02138,status_id,STATUS_UPDATE,"Status Updated",NULL,1,NULL,"Open (New)",114816,"2026-07-18 15:42:09","2026-07-18 10:12:09",New,status_history,50593d8b-2587-4efc-aac0-d802e88848fc,status_id
45846,status_history:59ec974d-9348-4185-8e7f-551a5937df3a,TKT-1-202607-02138,status_id,STATUS_UPDATE,"Status Updated",2,3,"Assigned (In Progress)","On Hold (Pending with Requester)",umesh.k,"2026-07-24 16:35:44","2026-07-24 11:05:44","Dear sir/madam, we are kindly requesting you to check the comments added by us and as we informed earlier entering the quantity against each wagon while loading the bags is completely a new requirement which has to be discussed and planned, Thank you",status_history,59ec974d-9348-4185-8e7f-551a5937df3a,status_id
64709,status_history:7ec3ef18-1c77-4a8d-af58-801488db46d1,TKT-1-202607-02138,status_id,STATUS_UPDATE,"Status Updated",3,2,"On Hold (Pending with Requester)","Assigned (In Progress)",114816,"2026-07-27 09:43:03","2026-07-27 04:13:03","Sir, please check the comment. without weight entry facility we can not release the rake.",status_history,7ec3ef18-1c77-4a8d-af58-801488db46d1,status_id
74988,status_history:92fd1a23-26fa-43b1-a5f8-284a717db28e,TKT-1-202607-02138,status_id,STATUS_UPDATE,"Status Updated",2,3,"Assigned (In Progress)","On Hold (Pending with Requester)",saroj.m,"2026-07-20 09:20:55","2026-07-20 03:50:55","You are kindly requested to please share the relevant screenshots and supporting documents, so that we may review the matter and determine the further course of action. For any assistance, please contact our support team at: 1800-410-6688.",status_history,92fd1a23-26fa-43b1-a5f8-284a717db28e,status_id
86557,status_history:a9c08243-1e68-4abf-b9f9-c1fdef5b1beb,TKT-1-202607-02138,status_id,STATUS_UPDATE,"Status Updated",1,2,"Open (New)","Assigned (In Progress)",vikram6singh,"2026-07-18 15:49:09","2026-07-18 10:19:09","Please check.",status_history,a9c08243-1e68-4abf-b9f9-c1fdef5b1beb,status_id
87401,status_history:ab7d0f12-63aa-4487-8862-388ff7b37b04,TKT-1-202607-02138,status_id,STATUS_UPDATE,"Status Updated",3,2,"On Hold (Pending with Requester)","Assigned (In Progress)",114816,"2026-07-28 13:33:47","2026-07-28 08:03:47","Ok sir I understood the problem. Please close the ticket at your end",status_history,ab7d0f12-63aa-4487-8862-388ff7b37b04,status_id
116830,status_history:e4bfac49-e009-45bf-8c01-67f7fb711796,TKT-1-202607-02138,status_id,STATUS_UPDATE,"Status Updated",2,3,"Assigned (In Progress)","On Hold (Pending with Requester)",umesh.k,"2026-07-27 10:57:35","2026-07-27 05:27:35","Dear sir/madam, could you please check the latest comments added by us. Thank you",status_history,e4bfac49-e009-45bf-8c01-67f7fb711796,status_id
123375,status_history:f1a50a15-ee2e-4f54-84c9-624e86235de1,TKT-1-202607-02138,status_id,STATUS_UPDATE,"Status Updated",2,7,"Assigned (In Progress)",Resolved,umesh.k,"2026-07-28 15:12:19","2026-07-28 09:42:19","Closing this ticket",status_history,f1a50a15-ee2e-4f54-84c9-624e86235de1,status_id
144194,division_history:d7740c54-47bb-493b-ac46-144fe6d57564,TKT-1-202607-02138,division,DIVISION_UPDATE,"Division Updated",NULL,DIV-003,NULL,"Movement Division",114816,"2026-07-18 15:42:09","2026-07-18 15:42:09",New,division_history,d7740c54-47bb-493b-ac46-144fe6d57564,division
214946,assignment_history:e3f17910-ad85-47f5-a5b5-d58e0ddc0aa5,TKT-1-202607-02138,assigned_to,ASSIGNED_TO_UPDATE,"Assigned To Updated",NULL,saroj.m,NULL,saroj.m,vikram6singh,"2026-07-18 15:49:09","2026-07-18 15:49:09","Please check.",assignment_history,e3f17910-ad85-47f5-a5b5-d58e0ddc0aa5,assigned_to
214947,assignment_history:5dcff8e1-a92e-4f84-afdc-f0c9dc547d3f,TKT-1-202607-02138,assigned_to,ASSIGNED_TO_UPDATE,"Assigned To Updated",saroj.m,sanjeet.k,saroj.m,sanjeet.k,vikram6singh,"2026-07-22 15:43:40","2026-07-22 15:43:40","Please check.",assignment_history,5dcff8e1-a92e-4f84-afdc-f0c9dc547d3f,assigned_to
214948,assignment_history:035b25f7-baf8-4a6a-9a8b-ac8ba8f5b250,TKT-1-202607-02138,assigned_to,ASSIGNED_TO_UPDATE,"Assigned To Updated",sanjeet.k,umesh.k,sanjeet.k,umesh.k,sanjeet.k,"2026-07-22 16:37:06","2026-07-22 16:37:06","Wagon Loading from Depot" module allows only wagon-wise bag distribution and does not provide any wagon-wise weight entry option. kindly check and do the needful",assignment_history,035b25f7-baf8-4a6a-9a8b-ac8ba8f5b250,assigned_to
214949,assignment_history:035b25f7-baf8-4a6a-9a8b-ac8ba8f5b250,TKT-1-202607-02138,level_id,LEVEL_UPDATE,"Level Updated",,L2,,L2,sanjeet.k,"2026-07-22 16:37:06","2026-07-22 16:37:06","Wagon Loading from Depot" module allows only wagon-wise bag distribution and does not provide any wagon-wise weight entry option. kindly check and do the needful",assignment_history,035b25f7-baf8-4a6a-9a8b-ac8ba8f5b250,level_id
214950,assignment_history:f7819a67-122d-40e3-b2f7-e49e57f87ca0,TKT-1-202607-02138,assigned_to,ASSIGNED_TO_UPDATE,"Assigned To Updated",umesh.k,saroj.m,umesh.k,saroj.m,umesh.k,"2026-07-22 17:09:03","2026-07-22 17:09:03","Please read the comments added and explain to the user. Thank you",assignment_history,f7819a67-122d-40e3-b2f7-e49e57f87ca0,assigned_to
214951,assignment_history:c00d9c3d-801b-4b1b-aa8d-a3eae8a3e2fc,TKT-1-202607-02138,assigned_to,ASSIGNED_TO_UPDATE,"Assigned To Updated",saroj.m,umesh.k,saroj.m,umesh.k,saroj.m,"2026-07-24 15:04:23","2026-07-24 15:04:23","Please look into this issue.",assignment_history,c00d9c3d-801b-4b1b-aa8d-a3eae8a3e2fc,assigned_to
214952,assignment_history:c00d9c3d-801b-4b1b-aa8d-a3eae8a3e2fc,TKT-1-202607-02138,level_id,LEVEL_UPDATE,"Level Updated",,L2,,L2,saroj.m,"2026-07-24 15:04:23","2026-07-24 15:04:23","Please look into this issue.",assignment_history,c00d9c3d-801b-4b1b-aa8d-a3eae8a3e2fc,level_id
217058,08087de9-0768-46aa-b802-266a3f319a2e,TKT-1-202607-02138,status_id,STATUS_UPDATE,"Status Updated",7,8,Resolved,Closed,114816,"2026-07-29 12:18:00","2026-07-29 06:48:00","Thank You",NULL,NULL,NULL
17782,status_history:229f5ff9-08a9-42b9-82cc-75e4238c64ea,TKT-1-202607-02142,status_id,STATUS_UPDATE,"Status Updated",2,7,"Assigned (In Progress)",Resolved,shivaniyadav091298,"2026-07-25 14:25:15","2026-07-25 08:55:15","As per telephonic conversation on (9440517189), the concerned user has confirmed that issue has been resolved and hence this ticket is marked as resolved. For any further assistance, please contact our support team at : 1800-410-6688.",status_history,229f5ff9-08a9-42b9-82cc-75e4238c64ea,status_id
38505,status_history:4b729138-4399-40eb-a9bf-024fee7f07f6,TKT-1-202607-02142,status_id,STATUS_UPDATE,"Status Updated",2,3,"Assigned (In Progress)","On Hold (Pending with Requester)",umesh.k,"2026-07-22 10:36:35","2026-07-22 05:06:35","Kindly check our comments.",status_history,4b729138-4399-40eb-a9bf-024fee7f07f6,status_id
44698,status_history:579bf224-1e02-49cb-a3a4-2ab8054d4c90,TKT-1-202607-02142,status_id,STATUS_UPDATE,"Status Updated",3,2,"On Hold (Pending with Requester)","Assigned (In Progress)",shivaniyadav091298,"2026-07-25 14:24:05","2026-07-25 08:54:05","Please check",status_history,579bf224-1e02-49cb-a3a4-2ab8054d4c90,status_id
72627,status_history:8e5d693b-23a4-414f-9ab0-57558f8befbe,TKT-1-202607-02142,status_id,STATUS_UPDATE,"Status Updated",1,2,"Open (New)","Assigned (In Progress)",vikram6singh,"2026-07-18 16:26:48","2026-07-18 10:56:48","Please check",status_history,8e5d693b-23a4-414f-9ab0-57558f8befbe,status_id
129187,status_history:fd04f032-be1f-478c-8deb-a3a1d45ccd82,TKT-1-202607-02142,status_id,STATUS_UPDATE,"Status Updated",NULL,1,NULL,"Open (New)",141280,"2026-07-18 16:23:36","2026-07-18 10:53:36",New,status_history,fd04f032-be1f-478c-8deb-a3a1d45ccd82,status_id
143088,division_history:c61ee693-3fea-47e9-bcd4-37a53aca9906,TKT-1-202607-02142,division,DIVISION_UPDATE,"Division Updated",NULL,DIV-006,NULL,"Sales Division",141280,"2026-07-18 16:23:36","2026-07-18 16:23:36",New,division_history,c61ee693-3fea-47e9-bcd4-37a53aca9906,division
214958,assignment_history:9a094baa-838a-487e-9166-8f57cb894518,TKT-1-202607-02142,assigned_to,ASSIGNED_TO_UPDATE,"Assigned To Updated",NULL,anshu.r,NULL,anshu.r,vikram6singh,"2026-07-18 16:26:48","2026-07-18 16:26:48","Please check",assignment_history,9a094baa-838a-487e-9166-8f57cb894518,assigned_to
214959,assignment_history:6149743b-ab62-4ef5-9ab6-fa3571688d93,TKT-1-202607-02142,assigned_to,ASSIGNED_TO_UPDATE,"Assigned To Updated",anshu.r,umesh.k,anshu.r,umesh.k,anshu.r,"2026-07-21 11:40:08","2026-07-21 11:40:08","Kindly do the needful",assignment_history,6149743b-ab62-4ef5-9ab6-fa3571688d93,assigned_to
214960,assignment_history:6149743b-ab62-4ef5-9ab6-fa3571688d93,TKT-1-202607-02142,level_id,LEVEL_UPDATE,"Level Updated",,L2,,L2,anshu.r,"2026-07-21 11:40:08","2026-07-21 11:40:08","Kindly do the needful",assignment_history,6149743b-ab62-4ef5-9ab6-fa3571688d93,level_id
214961,assignment_history:e393e7a6-2003-4942-9be0-e820bf464ab2,TKT-1-202607-02142,assigned_to,ASSIGNED_TO_UPDATE,"Assigned To Updated",umesh.k,shivaniyadav091298,umesh.k,shivaniyadav091298,shivaniyadav091298,"2026-07-25 14:24:15","2026-07-25 14:24:15","Please check",assignment_history,e393e7a6-2003-4942-9be0-e820bf464ab2,assigned_to
214962,assignment_history:e393e7a6-2003-4942-9be0-e820bf464ab2,TKT-1-202607-02142,level_id,LEVEL_UPDATE,"Level Updated",L2,L1,L2,L1,shivaniyadav091298,"2026-07-25 14:24:15","2026-07-25 14:24:15","Please check",assignment_history,e393e7a6-2003-4942-9be0-e820bf464ab2,level_id
7983,status_history:0f874414-4f19-4dea-bc6b-5c7d7a1dbf37,TKT-1-202607-02144,status_id,STATUS_UPDATE,"Status Updated",2,3,"Assigned (In Progress)","On Hold (Pending with Requester)",arti.1.t,"2026-07-21 14:07:03","2026-07-21 08:37:03","I tried to contact you regarding your reported issue, but could not connect with you. If you are still facing the issue, kindly coordinate with us and share the relevant details so that we can assist you further in resolving the problem.",status_history,0f874414-4f19-4dea-bc6b-5c7d7a1dbf37,status_id
14554,status_history:1c4937a2-35c8-4210-9732-4fa768fa0985,TKT-1-202607-02144,status_id,STATUS_UPDATE,"Status Updated",NULL,1,NULL,"Open (New)",179227,"2026-07-18 16:35:55","2026-07-18 11:05:55",New,status_history,1c4937a2-35c8-4210-9732-4fa768fa0985,status_id
31297,status_history:3d4d889a-296d-4cdd-904e-05719ef03eb3,TKT-1-202607-02144,status_id,STATUS_UPDATE,"Status Updated",3,2,"On Hold (Pending with Requester)","Assigned (In Progress)",179227,"2026-07-22 16:28:51","2026-07-22 10:58:51","plz see comment section PLEASE CONTACT ME. MY PHONE NUMBER IS 9079386878.",status_history,3d4d889a-296d-4cdd-904e-05719ef03eb3,status_id
33525,status_history:41a9eed0-19a6-4e4a-8216-089ec60a7574,TKT-1-202607-02144,status_id,STATUS_UPDATE,"Status Updated",2,7,"Assigned (In Progress)",Resolved,satish.d,"2026-07-28 10:40:22","2026-07-28 05:10:22","it has been resolved please check now",status_history,41a9eed0-19a6-4e4a-8216-089ec60a7574,status_id
69111,status_history:876de2a9-3928-4a57-9842-18aaa13fdc93,TKT-1-202607-02144,status_id,STATUS_UPDATE,"Status Updated",1,2,"Open (New)","Assigned (In Progress)",vikram6singh,"2026-07-18 16:42:13","2026-07-18 11:12:13","Please check",status_history,876de2a9-3928-4a57-9842-18aaa13fdc93,status_id
134735,division_history:407b3ba2-3636-462e-9b75-d0ee336dc7a2,TKT-1-202607-02144,division,DIVISION_UPDATE,"Division Updated",NULL,DIV-004,NULL,"Quality Division",179227,"2026-07-18 16:35:55","2026-07-18 16:35:55",New,division_history,407b3ba2-3636-462e-9b75-d0ee336dc7a2,division
214971,assignment_history:689ff9ec-660e-43eb-8e5a-b05d13f6cc23,TKT-1-202607-02144,assigned_to,ASSIGNED_TO_UPDATE,"Assigned To Updated",NULL,arti.1.t,NULL,arti.1.t,vikram6singh,"2026-07-18 16:42:13","2026-07-18 16:42:13","Please check",assignment_history,689ff9ec-660e-43eb-8e5a-b05d13f6cc23,assigned_to
214972,assignment_history:6306880a-ab82-4e54-9dee-a52db17815c2,TKT-1-202607-02144,assigned_to,ASSIGNED_TO_UPDATE,"Assigned To Updated",arti.1.t,satish.d,arti.1.t,satish.d,arti.1.t,"2026-07-25 10:43:05","2026-07-25 10:43:05","Sprey date is not capturing correctly.Kindly do the needful",assignment_history,6306880a-ab82-4e54-9dee-a52db17815c2,assigned_to
214973,assignment_history:6306880a-ab82-4e54-9dee-a52db17815c2,TKT-1-202607-02144,level_id,LEVEL_UPDATE,"Level Updated",,L3,,L3,arti.1.t,"2026-07-25 10:43:05","2026-07-25 10:43:05","Sprey date is not capturing correctly.Kindly do the needful",assignment_history,6306880a-ab82-4e54-9dee-a52db17815c2,level_id
2795,status_history:054f93e3-5dad-42cd-99a7-a9bc8ec27b9e,TKT-1-202607-02149,status_id,STATUS_UPDATE,"Status Updated",3,2,"On Hold (Pending with Requester)","Assigned (In Progress)",293085,"2026-07-21 11:56:15","2026-07-21 06:26:15","kindly change one wagon bearing the number- 00137, from FAQ 2026-27 to LUSTER LOSS 2026-27 (URS) as per loading particular which was given by dispatching end. ( BAG= 1180 WEIGHT =588.15604)",status_history,054f93e3-5dad-42cd-99a7-a9bc8ec27b9e,status_id
25868,status_history:32983abe-90a3-40d9-9ca4-984b2a02281d,TKT-1-202607-02149,status_id,STATUS_UPDATE,"Status Updated",2,7,"Assigned (In Progress)",Resolved,inzemamul.h,"2026-07-27 16:56:50","2026-07-27 11:26:50","kindly refer to the comment box.",status_history,32983abe-90a3-40d9-9ca4-984b2a02281d,status_id
35503,status_history:4585d40d-e83c-455c-8431-79fd668626a2,TKT-1-202607-02149,status_id,STATUS_UPDATE,"Status Updated",3,2,"On Hold (Pending with Requester)","Assigned (In Progress)",inzemamul.h,"2026-07-27 16:55:58","2026-07-27 11:25:58","Please check.",status_history,4585d40d-e83c-455c-8431-79fd668626a2,status_id
52495,status_history:66f98771-da19-4268-a557-bae898c557f5,TKT-1-202607-02149,status_id,STATUS_UPDATE,"Status Updated",3,2,"On Hold (Pending with Requester)","Assigned (In Progress)",293085,"2026-07-24 16:08:00","2026-07-24 10:38:00","Kindly Change the specification of the stack 14B10B which was converted to FAQ 2026-27 instead of URS 2026-27 (Luster Loss) . Find the attachments accordingly.",status_history,66f98771-da19-4268-a557-bae898c557f5,status_id
58806,status_history:734dce74-174e-4a91-986b-74e6e1fce488,TKT-1-202607-02149,status_id,STATUS_UPDATE,"Status Updated",2,3,"Assigned (In Progress)","On Hold (Pending with Requester)",umesh.k,"2026-07-20 09:45:10","2026-07-20 04:15:10","Dear sir/madam, while performing add inward wagon for one wagon - 00137, the specification was selected as "FAQ - 216497". please check loading statement of incoming rakes so there specification which was selected will be shown against each wagon",status_history,734dce74-174e-4a91-986b-74e6e1fce488,status_id
72632,status_history:8e5f594b-a912-4433-8cd3-08b50fa6ffb3,TKT-1-202607-02149,status_id,STATUS_UPDATE,"Status Updated",NULL,1,NULL,"Open (New)",293085,"2026-07-18 17:00:39","2026-07-18 11:30:39",New,status_history,8e5f594b-a912-4433-8cd3-08b50fa6ffb3,status_id
74078,status_history:9122e705-d411-4fae-acbb-c15e549fdda8,TKT-1-202607-02149,status_id,STATUS_UPDATE,"Status Updated",3,2,"On Hold (Pending with Requester)","Assigned (In Progress)",293085,"2026-07-27 12:51:35","2026-07-27 07:21:35","Sir,  This end is waiting since a long time for these issue , till date no resolution has been provided by the Customer support.",status_history,9122e705-d411-4fae-acbb-c15e549fdda8,status_id
92530,status_history:b5a392b6-5624-49a8-8c4a-7fa4ffb5da11,TKT-1-202607-02149,status_id,STATUS_UPDATE,"Status Updated",2,3,"Assigned (In Progress)","On Hold (Pending with Requester)",umesh.k,"2026-07-23 12:11:31","2026-07-23 06:41:31","Dear Sir/Madam,    Please note that no corrections can be made once the commodities have been accounted for in the stack. We request your understanding in this matter, Thank you.",status_history,b5a392b6-5624-49a8-8c4a-7fa4ffb5da11,status_id
94596,status_history:b9c7b74f-0248-4ab8-a7ed-88520e0db3a4,TKT-1-202607-02149,status_id,STATUS_UPDATE,"Status Updated",2,3,"Assigned (In Progress)","On Hold (Pending with Requester)",inzemamul.h,"2026-07-25 17:38:04","2026-07-25 12:08:04","Kindly refer to the comment box.",status_history,b9c7b74f-0248-4ab8-a7ed-88520e0db3a4,status_id
124306,status_history:f373aba0-230f-4715-a056-b58ecb938c66,TKT-1-202607-02149,status_id,STATUS_UPDATE,"Status Updated",1,2,"Open (New)","Assigned (In Progress)",vikram6singh,"2026-07-18 17:02:09","2026-07-18 11:32:09","Please check",status_history,f373aba0-230f-4715-a056-b58ecb938c66,status_id
126453,status_history:f7b9414e-3018-4162-8da5-25dae1ac31f1,TKT-1-202607-02149,status_id,STATUS_UPDATE,"Status Updated",2,3,"Assigned (In Progress)","On Hold (Pending with Requester)",inzemamul.h,"2026-07-27 14:19:30","2026-07-27 08:49:30","Please refer the comment box.",status_history,f7b9414e-3018-4162-8da5-25dae1ac31f1,status_id
139463,division_history:8c6932e6-59de-4940-9eb6-a1522e3d478b,TKT-1-202607-02149,division,DIVISION_UPDATE,"Division Updated",NULL,DIV-003,NULL,"Movement Division",293085,"2026-07-18 17:00:39","2026-07-18 17:00:39",New,division_history,8c6932e6-59de-4940-9eb6-a1522e3d478b,division
214994,assignment_history:6809d2f1-726b-438b-84f0-0cccf93af332,TKT-1-202607-02149,assigned_to,ASSIGNED_TO_UPDATE,"Assigned To Updated",NULL,inzemamul.h,NULL,inzemamul.h,vikram6singh,"2026-07-18 17:02:09","2026-07-18 17:02:09","Please check",assignment_history,6809d2f1-726b-438b-84f0-0cccf93af332,assigned_to
214995,assignment_history:2a4d9023-fbfc-4f06-a58b-61303c4817d5,TKT-1-202607-02149,assigned_to,ASSIGNED_TO_UPDATE,"Assigned To Updated",inzemamul.h,umesh.k,inzemamul.h,umesh.k,inzemamul.h,"2026-07-18 17:06:26","2026-07-18 17:06:26","Kindly do the needful.",assignment_history,2a4d9023-fbfc-4f06-a58b-61303c4817d5,assigned_to
214996,assignment_history:2a4d9023-fbfc-4f06-a58b-61303c4817d5,TKT-1-202607-02149,level_id,LEVEL_UPDATE,"Level Updated",,L2,,L2,inzemamul.h,"2026-07-18 17:06:26","2026-07-18 17:06:26","Kindly do the needful.",assignment_history,2a4d9023-fbfc-4f06-a58b-61303c4817d5,level_id
214997,assignment_history:7bc82778-6454-48ca-9373-2ebd42a41ee7,TKT-1-202607-02149,assigned_to,ASSIGNED_TO_UPDATE,"Assigned To Updated",umesh.k,inzemamul.h,umesh.k,inzemamul.h,umesh.k,"2026-07-24 16:37:06","2026-07-24 16:37:06","please do inform to the user that once the stack is accounted the correction cannot be made, please discuss with mukesh and contact the user. Thank you",assignment_history,7bc82778-6454-48ca-9373-2ebd42a41ee7,assigned_to
9197,status_history:11daa97d-3b17-467d-a93b-e6d16a9119b5,TKT-1-202607-02156,status_id,STATUS_UPDATE,"Status Updated",2,7,"Assigned (In Progress)",Resolved,sanjeet.k,"2026-07-21 11:26:19","2026-07-21 05:56:19","kindly check the comment section.",status_history,11daa97d-3b17-467d-a93b-e6d16a9119b5,status_id
20241,status_history:2777068f-6b5d-4766-baa9-a6ee2cfa1d32,TKT-1-202607-02156,status_id,STATUS_UPDATE,"Status Updated",1,2,"Open (New)","Assigned (In Progress)",vikram6singh,"2026-07-20 09:34:32","2026-07-20 04:04:32","Please check.",status_history,2777068f-6b5d-4766-baa9-a6ee2cfa1d32,status_id
99661,status_history:c37fa234-a883-46c2-8444-c4df63412367,TKT-1-202607-02156,status_id,STATUS_UPDATE,"Status Updated",NULL,1,NULL,"Open (New)",wc17035_02,"2026-07-18 18:32:21","2026-07-18 13:02:21",New,status_history,c37fa234-a883-46c2-8444-c4df63412367,status_id
141743,division_history:b0548b6d-4943-42a1-a700-84f8a1294693,TKT-1-202607-02156,division,DIVISION_UPDATE,"Division Updated",NULL,DIV-004,NULL,"Quality Division",wc17035_02,"2026-07-18 18:32:21","2026-07-18 18:32:21",New,division_history,b0548b6d-4943-42a1-a700-84f8a1294693,division
215009,assignment_history:a19dacfe-60cf-4a4f-ab31-e0f574ef92e4,TKT-1-202607-02156,assigned_to,ASSIGNED_TO_UPDATE,"Assigned To Updated",NULL,sanjeet.k,NULL,sanjeet.k,vikram6singh,"2026-07-20 09:34:32","2026-07-20 09:34:32","Please check.",assignment_history,a19dacfe-60cf-4a4f-ab31-e0f574ef92e4,assigned_to
50269,status_history:629fa228-1a5a-4f96-bcb9-556be725f16f,TKT-1-202607-02157,status_id,STATUS_UPDATE,"Status Updated",2,3,"Assigned (In Progress)","On Hold (Pending with Requester)",richa.k,"2026-07-20 09:47:02","2026-07-20 04:17:02","Kindly share the supporting documents for further investigation. For further assistance, contact the support team at 📞 1800‑410‑6688.",status_history,629fa228-1a5a-4f96-bcb9-556be725f16f,status_id
59356,status_history:74596bb0-0cde-4fa1-b02a-b03932d5310f,TKT-1-202607-02157,status_id,STATUS_UPDATE,"Status Updated",3,2,"On Hold (Pending with Requester)","Assigned (In Progress)",152805,"2026-07-21 10:49:40","2026-07-21 05:19:40","I have uploaded the supporting documents.",status_history,74596bb0-0cde-4fa1-b02a-b03932d5310f,status_id
75304,status_history:939f83e1-6d9f-45a3-af0b-9d839500914f,TKT-1-202607-02157,status_id,STATUS_UPDATE,"Status Updated",NULL,1,NULL,"Open (New)",152805,"2026-07-18 19:11:44","2026-07-18 13:41:44",New,status_history,939f83e1-6d9f-45a3-af0b-9d839500914f,status_id
80447,status_history:9d904de6-3823-4dfc-bc74-789e7bf404aa,TKT-1-202607-02157,status_id,STATUS_UPDATE,"Status Updated",1,2,"Open (New)","Assigned (In Progress)",vikram6singh,"2026-07-20 09:34:28","2026-07-20 04:04:28","Please check.",status_history,9d904de6-3823-4dfc-bc74-789e7bf404aa,status_id
128154,status_history:faec8143-9368-439d-82f0-e49ad9a78aa0,TKT-1-202607-02157,status_id,STATUS_UPDATE,"Status Updated",2,3,"Assigned (In Progress)","On Hold (Pending with Requester)",umesh.k,"2026-07-23 11:14:29","2026-07-23 05:44:29","Dear sir, the documents you have shared is for the depot PEG GUMLA I, where in the description you have mentioned the issue was for depot PEG Nagri-II . Could you please share the document for the mentioned depot.",status_history,faec8143-9368-439d-82f0-e49ad9a78aa0,status_id
136031,division_history:55c3b504-bf67-4b95-a60b-61d0270dd481,TKT-1-202607-02157,division,DIVISION_UPDATE,"Division Updated",NULL,DIV-006,NULL,"Sales Division",152805,"2026-07-18 19:11:44","2026-07-18 19:11:44",New,division_history,55c3b504-bf67-4b95-a60b-61d0270dd481,division
215010,assignment_history:8cb199fb-f6db-41e4-9327-ee66a6debbc8,TKT-1-202607-02157,assigned_to,ASSIGNED_TO_UPDATE,"Assigned To Updated",NULL,richa.k,NULL,richa.k,vikram6singh,"2026-07-20 09:34:28","2026-07-20 09:34:28","Please check.",assignment_history,8cb199fb-f6db-41e4-9327-ee66a6debbc8,assigned_to
215011,assignment_history:08b2329e-2718-4799-b5a8-cba92d38c95d,TKT-1-202607-02157,assigned_to,ASSIGNED_TO_UPDATE,"Assigned To Updated",richa.k,umesh.k,richa.k,umesh.k,richa.k,"2026-07-21 11:10:12","2026-07-21 11:10:12","Please check",assignment_history,08b2329e-2718-4799-b5a8-cba92d38c95d,assigned_to
215012,assignment_history:08b2329e-2718-4799-b5a8-cba92d38c95d,TKT-1-202607-02157,level_id,LEVEL_UPDATE,"Level Updated",,L2,,L2,richa.k,"2026-07-21 11:10:12","2026-07-21 11:10:12","Please check",assignment_history,08b2329e-2718-4799-b5a8-cba92d38c95d,level_id
217531,4213866d-ae74-4442-b01a-66e943d090e6,TKT-1-202607-02157,status_id,STATUS_UPDATE,"Status Updated",3,2,"On Hold (Pending with Requester)","Assigned (In Progress)",152805,"2026-07-29 15:51:43","2026-07-29 10:21:43","We have attached the required document.",NULL,NULL,NULL
217886,88f02117-4815-49a8-b1f4-3d1684fa5c14,TKT-1-202607-02157,status_id,STATUS_UPDATE,"Status Updated",2,3,"Assigned (In Progress)","On Hold (Pending with Requester)",satish.d,"2026-07-29 18:17:39","2026-07-29 12:47:39","this comparison doesnt add up, as DSI is daily basis and DISFM is fortnight basis , so if further details requires please check with HQ",NULL,NULL,NULL
218377,39e504ac-817c-44e0-ba7d-047adfc659db,TKT-1-202607-02157,status_id,STATUS_UPDATE,"Status Updated",3,2,"On Hold (Pending with Requester)","Assigned (In Progress)",152805,"2026-07-30 12:37:21","2026-07-30 07:07:21","Please close this ticket.",NULL,NULL,NULL
218952,4601cf03-80eb-4a07-b961-37225a87329f,TKT-1-202607-02157,status_id,STATUS_UPDATE,"Status Updated",2,7,"Assigned (In Progress)",Resolved,satish.d,"2026-07-30 16:40:18","2026-07-30 11:10:18","closing this ticket",NULL,NULL,NULL
4408,status_history:08709f95-ae8e-44cb-b305-24c7c11857bd,TKT-1-202607-02252,status_id,STATUS_UPDATE,"Status Updated",NULL,1,NULL,"Open (New)",292215,"2026-07-21 10:07:35","2026-07-21 04:37:35",New,status_history,08709f95-ae8e-44cb-b305-24c7c11857bd,status_id
6254,status_history:0c1f3ea6-8d30-4af1-a5bd-7e7916c82be9,TKT-1-202607-02252,status_id,STATUS_UPDATE,"Status Updated",2,3,"Assigned (In Progress)","On Hold (Pending with Requester)",umesh.k,"2026-07-21 11:25:23","2026-07-21 05:55:23","kindly provide login details, so that we can check the issue.",status_history,0c1f3ea6-8d30-4af1-a5bd-7e7916c82be9,status_id
36048,status_history:469355ac-a915-45a2-87b0-380ffa363ffa,TKT-1-202607-02252,status_id,STATUS_UPDATE,"Status Updated",2,3,"Assigned (In Progress)","On Hold (Pending with Requester)",sanjeet.k,"2026-07-21 10:58:48","2026-07-21 05:28:48","kindly share the supporting documents/screenshots related to your query for the further assistance.",status_history,469355ac-a915-45a2-87b0-380ffa363ffa,status_id
38472,status_history:4b5e7245-1967-454d-984f-7ea55367c058,TKT-1-202607-02252,status_id,STATUS_UPDATE,"Status Updated",1,2,"Open (New)","Assigned (In Progress)",vikram6singh,"2026-07-21 10:43:25","2026-07-21 05:13:25","Please check.",status_history,4b5e7245-1967-454d-984f-7ea55367c058,status_id
49115,status_history:605cdee7-22fd-413f-b73f-a6e30401a90b,TKT-1-202607-02252,status_id,STATUS_UPDATE,"Status Updated",2,7,"Assigned (In Progress)",Resolved,umesh.k,"2026-07-28 09:59:30","2026-07-28 04:29:30","Issue has been resolved.",status_history,605cdee7-22fd-413f-b73f-a6e30401a90b,status_id
56523,status_history:6ee4385a-1ea1-4c9d-b15d-459ba36830be,TKT-1-202607-02252,status_id,STATUS_UPDATE,"Status Updated",3,2,"On Hold (Pending with Requester)","Assigned (In Progress)",292215,"2026-07-21 11:39:33","2026-07-21 06:09:33","The credentials are shared, kindly resolve the issue.",status_history,6ee4385a-1ea1-4c9d-b15d-459ba36830be,status_id
119343,status_history:e9caf0d2-3dd6-484f-9040-d9c36e8e663f,TKT-1-202607-02252,status_id,STATUS_UPDATE,"Status Updated",3,2,"On Hold (Pending with Requester)","Assigned (In Progress)",292215,"2026-07-21 11:05:49","2026-07-21 05:35:49","The screenshot is attached, kindly look into it.",status_history,e9caf0d2-3dd6-484f-9040-d9c36e8e663f,status_id
142440,division_history:bbc2c00a-d3b8-4a5d-af77-664d1aca9194,TKT-1-202607-02252,division,DIVISION_UPDATE,"Division Updated",NULL,DIV-005,NULL,"Stocks/PV Division",292215,"2026-07-21 10:07:35","2026-07-21 10:07:35",New,division_history,bbc2c00a-d3b8-4a5d-af77-664d1aca9194,division
215273,assignment_history:dee72e11-2091-4bad-8065-fa9e929b81fd,TKT-1-202607-02252,assigned_to,ASSIGNED_TO_UPDATE,"Assigned To Updated",NULL,sanjeet.k,NULL,sanjeet.k,vikram6singh,"2026-07-21 10:43:25","2026-07-21 10:43:25","Please check.",assignment_history,dee72e11-2091-4bad-8065-fa9e929b81fd,assigned_to
215274,assignment_history:cd3c396b-c184-4f18-bd04-9091b200c8ec,TKT-1-202607-02252,assigned_to,ASSIGNED_TO_UPDATE,"Assigned To Updated",sanjeet.k,inish.d,sanjeet.k,inish.d,sanjeet.k,"2026-07-21 11:13:20","2026-07-21 11:13:20","Difference noticed in DSR and wagon wise unloading datat for same rake. kindly check and do the needful",assignment_history,cd3c396b-c184-4f18-bd04-9091b200c8ec,assigned_to
215275,assignment_history:cd3c396b-c184-4f18-bd04-9091b200c8ec,TKT-1-202607-02252,level_id,LEVEL_UPDATE,"Level Updated",,L3,,L3,sanjeet.k,"2026-07-21 11:13:20","2026-07-21 11:13:20","Difference noticed in DSR and wagon wise unloading datat for same rake. kindly check and do the needful",assignment_history,cd3c396b-c184-4f18-bd04-9091b200c8ec,level_id
17936,status_history:22ee4083-629b-4e52-a416-c47a08ab3e1c,TKT-1-202607-02255,status_id,STATUS_UPDATE,"Status Updated",2,3,"Assigned (In Progress)","On Hold (Pending with Requester)",umesh.k,"2026-07-21 11:23:23","2026-07-21 05:53:23","kindly provide login details, so that we can check the issue.",status_history,22ee4083-629b-4e52-a416-c47a08ab3e1c,status_id
77390,status_history:97ad2732-6d2e-4ac0-bbcb-5a93c4910ffe,TKT-1-202607-02255,status_id,STATUS_UPDATE,"Status Updated",NULL,1,NULL,"Open (New)",167498,"2026-07-21 10:28:22","2026-07-21 04:58:22",New,status_history,97ad2732-6d2e-4ac0-bbcb-5a93c4910ffe,status_id
97408,status_history:bf384744-541b-43d2-a56d-11ea0fa45ea3,TKT-1-202607-02255,status_id,STATUS_UPDATE,"Status Updated",3,2,"On Hold (Pending with Requester)","Assigned (In Progress)",167498,"2026-07-21 11:39:19","2026-07-21 06:09:19","User ID - 167498 Password - AnnaDarpan@123",status_history,bf384744-541b-43d2-a56d-11ea0fa45ea3,status_id
114997,status_history:e1403c1e-a488-4893-bbff-9ea3305f2588,TKT-1-202607-02255,status_id,STATUS_UPDATE,"Status Updated",1,2,"Open (New)","Assigned (In Progress)",vikram6singh,"2026-07-21 10:42:46","2026-07-21 05:12:46","Please check.",status_history,e1403c1e-a488-4893-bbff-9ea3305f2588,status_id
145586,division_history:edbb0ce2-7019-4d32-8259-3a46cb58283f,TKT-1-202607-02255,division,DIVISION_UPDATE,"Division Updated",NULL,DIV-005,NULL,"Stocks/PV Division",167498,"2026-07-21 10:28:22","2026-07-21 10:28:22",New,division_history,edbb0ce2-7019-4d32-8259-3a46cb58283f,division
215283,assignment_history:119371d2-942b-4f54-ace9-ab94bd15a1ed,TKT-1-202607-02255,assigned_to,ASSIGNED_TO_UPDATE,"Assigned To Updated",NULL,arti.1.t,NULL,arti.1.t,vikram6singh,"2026-07-21 10:42:46","2026-07-21 10:42:46","Please check.",assignment_history,119371d2-942b-4f54-ace9-ab94bd15a1ed,assigned_to
215284,assignment_history:6deefa60-6ed1-4529-a3df-76b75ba5b0df,TKT-1-202607-02255,assigned_to,ASSIGNED_TO_UPDATE,"Assigned To Updated",arti.1.t,inish.d,arti.1.t,inish.d,arti.1.t,"2026-07-21 10:53:38","2026-07-21 10:53:38","there is a diffrence of 01 gram in stock position of wheat25-26 due to technical glitch pl rectify it ASAP.Kindly do the needful",assignment_history,6deefa60-6ed1-4529-a3df-76b75ba5b0df,assigned_to
215285,assignment_history:6deefa60-6ed1-4529-a3df-76b75ba5b0df,TKT-1-202607-02255,level_id,LEVEL_UPDATE,"Level Updated",,L3,,L3,arti.1.t,"2026-07-21 10:53:38","2026-07-21 10:53:38","there is a diffrence of 01 gram in stock position of wheat25-26 due to technical glitch pl rectify it ASAP.Kindly do the needful",assignment_history,6deefa60-6ed1-4529-a3df-76b75ba5b0df,level_id
225264,7761a6c4-0bb4-40f5-b070-92a0f7a47bd2,TKT-1-202607-02255,status_id,STATUS_UPDATE,"Status Updated",2,7,"Assigned (In Progress)",Resolved,umesh.k,"2026-08-05 14:53:21","2026-08-05 09:23:21","kindly refer comment section for more information.",NULL,NULL,NULL
49812,status_history:61aebe97-328d-4f7a-ace7-282afea96ee2,TKT-1-202607-02263,status_id,STATUS_UPDATE,"Status Updated",NULL,1,NULL,"Open (New)",292215,"2026-07-21 11:30:25","2026-07-21 06:00:25",New,status_history,61aebe97-328d-4f7a-ace7-282afea96ee2,status_id
60415,status_history:765da782-d7d0-4dbe-b5c1-4e09ac3af363,TKT-1-202607-02263,status_id,STATUS_UPDATE,"Status Updated",1,2,"Open (New)","Assigned (In Progress)",vikram6singh,"2026-07-21 11:42:01","2026-07-21 06:12:01","Please check.",status_history,765da782-d7d0-4dbe-b5c1-4e09ac3af363,status_id
106365,status_history:d059ddf9-6304-4bb3-93a9-11542ab3fbd2,TKT-1-202607-02263,status_id,STATUS_UPDATE,"Status Updated",2,7,"Assigned (In Progress)",Resolved,umesh.k,"2026-07-28 09:59:05","2026-07-28 04:29:05","Issue has been resolved.",status_history,d059ddf9-6304-4bb3-93a9-11542ab3fbd2,status_id
131215,division_history:090883f8-67af-40ad-8016-ee9d9c43bcc9,TKT-1-202607-02263,division,DIVISION_UPDATE,"Division Updated",NULL,DIV-005,NULL,"Stocks/PV Division",292215,"2026-07-21 11:30:25","2026-07-21 11:30:25",New,division_history,090883f8-67af-40ad-8016-ee9d9c43bcc9,division
215303,assignment_history:099825fe-a5b9-42f0-8ec8-c6aeb5893af8,TKT-1-202607-02263,assigned_to,ASSIGNED_TO_UPDATE,"Assigned To Updated",NULL,anshu.r,NULL,anshu.r,vikram6singh,"2026-07-21 11:42:01","2026-07-21 11:42:01","Please check.",assignment_history,099825fe-a5b9-42f0-8ec8-c6aeb5893af8,assigned_to
215304,assignment_history:9b1c475e-4353-49a0-a22c-ec4cca6bd2b2,TKT-1-202607-02263,assigned_to,ASSIGNED_TO_UPDATE,"Assigned To Updated",anshu.r,inish.d,anshu.r,inish.d,anshu.r,"2026-07-21 11:53:28","2026-07-21 11:53:28","Kindly do the needful",assignment_history,9b1c475e-4353-49a0-a22c-ec4cca6bd2b2,assigned_to
215305,assignment_history:9b1c475e-4353-49a0-a22c-ec4cca6bd2b2,TKT-1-202607-02263,level_id,LEVEL_UPDATE,"Level Updated",,L3,,L3,anshu.r,"2026-07-21 11:53:28","2026-07-21 11:53:28","Kindly do the needful",assignment_history,9b1c475e-4353-49a0-a22c-ec4cca6bd2b2,level_id
46483,status_history:5b2766fe-2250-446d-b08c-b161fe805cab,TKT-1-202607-02312,status_id,STATUS_UPDATE,"Status Updated",1,2,"Open (New)","Assigned (In Progress)",vikram6singh,"2026-07-21 16:24:14","2026-07-21 10:54:14","Please check.",status_history,5b2766fe-2250-446d-b08c-b161fe805cab,status_id
55627,status_history:6d265488-3a46-47e7-93c4-2f528fd8b838,TKT-1-202607-02312,status_id,STATUS_UPDATE,"Status Updated",NULL,1,NULL,"Open (New)",294767,"2026-07-21 16:10:06","2026-07-21 10:40:06",New,status_history,6d265488-3a46-47e7-93c4-2f528fd8b838,status_id
71962,status_history:8d0a0d0e-2cd3-43c5-a0d4-d53f147b3260,TKT-1-202607-02312,status_id,STATUS_UPDATE,"Status Updated",2,3,"Assigned (In Progress)","On Hold (Pending with Requester)",satish.d,"2026-07-22 15:34:35","2026-07-22 10:04:35","there is no integration for moisture meter with AD",status_history,8d0a0d0e-2cd3-43c5-a0d4-d53f147b3260,status_id
106987,status_history:d198726c-f5c2-4807-9414-9a312a8480d8,TKT-1-202607-02312,status_id,STATUS_UPDATE,"Status Updated",2,7,"Assigned (In Progress)",Resolved,mukeshkumar,"2026-07-23 17:38:16","2026-07-23 12:08:16","Please refer the comment sections.",status_history,d198726c-f5c2-4807-9414-9a312a8480d8,status_id
119265,status_history:e9a0e6e6-11d7-41ff-9a4f-7ebab15285ee,TKT-1-202607-02312,status_id,STATUS_UPDATE,"Status Updated",3,2,"On Hold (Pending with Requester)","Assigned (In Progress)",294767,"2026-07-23 13:04:32","2026-07-23 07:34:32","As per CAG observation of point no. (o) attached, Moisture meter needs to be integrated in Annadarpan.",status_history,e9a0e6e6-11d7-41ff-9a4f-7ebab15285ee,status_id
143458,division_history:cc2c6ea8-c4f9-4ac4-8053-028daa7eb5d4,TKT-1-202607-02312,division,DIVISION_UPDATE,"Division Updated",NULL,DIV-005,NULL,"Stocks/PV Division",294767,"2026-07-21 16:10:06","2026-07-21 16:10:06",New,division_history,cc2c6ea8-c4f9-4ac4-8053-028daa7eb5d4,division
215436,assignment_history:bc9669f3-6f0e-4358-beb7-4fc908e064e8,TKT-1-202607-02312,assigned_to,ASSIGNED_TO_UPDATE,"Assigned To Updated",NULL,inzemamul.h,NULL,inzemamul.h,vikram6singh,"2026-07-21 16:24:14","2026-07-21 16:24:14","Please check.",assignment_history,bc9669f3-6f0e-4358-beb7-4fc908e064e8,assigned_to
215437,assignment_history:7511b058-c1fc-416b-8cae-34e8339d1368,TKT-1-202607-02312,assigned_to,ASSIGNED_TO_UPDATE,"Assigned To Updated",inzemamul.h,satish.d,inzemamul.h,satish.d,inzemamul.h,"2026-07-21 17:08:19","2026-07-21 17:08:19","Kindly do the needful.",assignment_history,7511b058-c1fc-416b-8cae-34e8339d1368,assigned_to
215438,assignment_history:7511b058-c1fc-416b-8cae-34e8339d1368,TKT-1-202607-02312,level_id,LEVEL_UPDATE,"Level Updated",,L3,,L3,inzemamul.h,"2026-07-21 17:08:19","2026-07-21 17:08:19","Kindly do the needful.",assignment_history,7511b058-c1fc-416b-8cae-34e8339d1368,level_id
215439,assignment_history:470deb0e-5b6b-43d2-93db-128dab1ca30a,TKT-1-202607-02312,assigned_to,ASSIGNED_TO_UPDATE,"Assigned To Updated",satish.d,mukeshkumar,satish.d,mukeshkumar,satish.d,"2026-07-23 15:08:38","2026-07-23 15:08:38","please check this ticket",assignment_history,470deb0e-5b6b-43d2-93db-128dab1ca30a,assigned_to
14092,status_history:1b65b021-b5ff-4f9c-9232-7a6ebc70800d,TKT-1-202607-02397,status_id,STATUS_UPDATE,"Status Updated",NULL,1,NULL,"Open (New)",ng15044_01,"2026-07-22 14:23:36","2026-07-22 08:53:36",New,status_history,1b65b021-b5ff-4f9c-9232-7a6ebc70800d,status_id
39951,status_history:4e1ab903-2d0d-4207-9707-619247c25735,TKT-1-202607-02397,status_id,STATUS_UPDATE,"Status Updated",1,2,"Open (New)","Assigned (In Progress)",vikram6singh,"2026-07-22 14:27:25","2026-07-22 08:57:25","Please check.",status_history,4e1ab903-2d0d-4207-9707-619247c25735,status_id
85885,status_history:a869f94a-bdf6-4fc1-970a-7dca8e9c9e2f,TKT-1-202607-02397,status_id,STATUS_UPDATE,"Status Updated",2,3,"Assigned (In Progress)","On Hold (Pending with Requester)",umesh.k,"2026-07-22 15:23:11","2026-07-22 09:53:11","kindly provide login details.",status_history,a869f94a-bdf6-4fc1-970a-7dca8e9c9e2f,status_id
113104,status_history:dd995da1-2f97-4793-8745-9b4ce453b6f5,TKT-1-202607-02397,status_id,STATUS_UPDATE,"Status Updated",3,2,"On Hold (Pending with Requester)","Assigned (In Progress)",ng15044_01,"2026-07-27 12:20:33","2026-07-27 06:50:33","user id-ng15044_01,password-Annadarpan@123-mob no-9799685001",status_history,dd995da1-2f97-4793-8745-9b4ce453b6f5,status_id
145815,division_history:f17aaee4-90fa-4369-84f7-d03674023a25,TKT-1-202607-02397,division,DIVISION_UPDATE,"Division Updated",NULL,DIV-002,NULL,"Storage Division",ng15044_01,"2026-07-22 14:23:36","2026-07-22 14:23:36",New,division_history,f17aaee4-90fa-4369-84f7-d03674023a25,division
215652,assignment_history:6b34da22-d26a-4aef-a20b-1eda047f9452,TKT-1-202607-02397,assigned_to,ASSIGNED_TO_UPDATE,"Assigned To Updated",NULL,saroj.m,NULL,saroj.m,vikram6singh,"2026-07-22 14:27:25","2026-07-22 14:27:25","Please check.",assignment_history,6b34da22-d26a-4aef-a20b-1eda047f9452,assigned_to
215653,assignment_history:296bffe8-5b91-4f4b-9bc2-c69081b6a91f,TKT-1-202607-02397,assigned_to,ASSIGNED_TO_UPDATE,"Assigned To Updated",saroj.m,umesh.k,saroj.m,umesh.k,saroj.m,"2026-07-22 14:52:21","2026-07-22 14:52:21","Please lok into this issue.",assignment_history,296bffe8-5b91-4f4b-9bc2-c69081b6a91f,assigned_to
215654,assignment_history:296bffe8-5b91-4f4b-9bc2-c69081b6a91f,TKT-1-202607-02397,level_id,LEVEL_UPDATE,"Level Updated",,L2,,L2,saroj.m,"2026-07-22 14:52:21","2026-07-22 14:52:21","Please lok into this issue.",assignment_history,296bffe8-5b91-4f4b-9bc2-c69081b6a91f,level_id
225300,f6570619-8f58-420c-a0f7-0d1e2fae888d,TKT-1-202607-02397,status_id,STATUS_UPDATE,"Status Updated",2,7,"Assigned (In Progress)",Resolved,umesh.k,"2026-08-05 15:03:15","2026-08-05 09:33:15","kindly refer comment section for more information.",NULL,NULL,NULL
82917,status_history:a28a1026-104f-46b0-b3c1-f739c1828268,TKT-1-202607-02473,status_id,STATUS_UPDATE,"Status Updated",NULL,1,NULL,"Open (New)",nh15039_01,"2026-07-23 10:05:18","2026-07-23 04:35:18",New,status_history,a28a1026-104f-46b0-b3c1-f739c1828268,status_id
94408,status_history:b9678b13-f373-41cd-96bc-aafa7f8e08f4,TKT-1-202607-02473,status_id,STATUS_UPDATE,"Status Updated",1,2,"Open (New)","Assigned (In Progress)",vikram6singh,"2026-07-23 10:11:57","2026-07-23 04:41:57","Please check.",status_history,b9678b13-f373-41cd-96bc-aafa7f8e08f4,status_id
106467,status_history:d08e0c5c-4c9a-4f9e-b14e-64fae2a75c52,TKT-1-202607-02473,status_id,STATUS_UPDATE,"Status Updated",2,3,"Assigned (In Progress)","On Hold (Pending with Requester)",richa.k,"2026-07-24 11:08:46","2026-07-24 05:38:46","Please share your contact details for discussion, For any further assistance, please contact our support team at:📞1800-410-6688",status_history,d08e0c5c-4c9a-4f9e-b14e-64fae2a75c52,status_id
132147,division_history:1717e969-04c8-4ade-a816-247a8afc6650,TKT-1-202607-02473,division,DIVISION_UPDATE,"Division Updated",NULL,DIV-005,NULL,"Stocks/PV Division",nh15039_01,"2026-07-23 10:05:18","2026-07-23 10:05:18",New,division_history,1717e969-04c8-4ade-a816-247a8afc6650,division
215858,assignment_history:e8ba1a84-72dc-4dba-9788-b0c8f7221831,TKT-1-202607-02473,assigned_to,ASSIGNED_TO_UPDATE,"Assigned To Updated",NULL,richa.k,NULL,richa.k,vikram6singh,"2026-07-23 10:11:57","2026-07-23 10:11:57","Please check.",assignment_history,e8ba1a84-72dc-4dba-9788-b0c8f7221831,assigned_to
220627,05b7c776-9bfc-45bb-9c3b-34e347c9f22f,TKT-1-202607-02473,status_id,STATUS_UPDATE,"Status Updated",3,2,"On Hold (Pending with Requester)","Assigned (In Progress)",shrutipan966,"2026-08-01 11:48:29","2026-08-01 06:18:29","Please check.",NULL,NULL,NULL
220628,05b7c776-9bfc-45bb-9c3b-34e347c9f22f,TKT-1-202607-02473,assigned_to,ASSIGNED_TO_UPDATE,"Assigned To Updated",richa.k,shrutipan966,richa.k,shrutipan966,shrutipan966,"2026-08-01 11:48:29","2026-08-01 06:18:29","Please check.",NULL,NULL,NULL
220629,05b7c776-9bfc-45bb-9c3b-34e347c9f22f,TKT-1-202607-02473,assigned_to_level,ASSIGNED_TO_LEVEL_UPDATE,"Assigned To Level Updated",NULL,NULL,,L1,shrutipan966,"2026-08-01 11:48:29","2026-08-01 06:18:29","Please check.",NULL,NULL,NULL
220630,50c35cd0-9ac8-4627-8c4e-94e07a7b1462,TKT-1-202607-02473,status_id,STATUS_UPDATE,"Status Updated",2,7,"Assigned (In Progress)",Resolved,shrutipan966,"2026-08-01 11:49:14","2026-08-01 06:19:14","Please refer to the comment section.",NULL,NULL,NULL
11536,status_history:1654910c-39c6-4faf-b6f8-fb604bb58def,TKT-1-202607-02507,status_id,STATUS_UPDATE,"Status Updated",3,2,"On Hold (Pending with Requester)","Assigned (In Progress)",294675,"2026-07-24 16:08:48","2026-07-24 10:38:48","Unable to create token for CMR receipts through scanning of QR available on E-way bill in procurement module.Kindly resolve the issue",status_history,1654910c-39c6-4faf-b6f8-fb604bb58def,status_id
43180,status_history:548b311a-0985-4513-b7d2-d3c43d33053e,TKT-1-202607-02507,status_id,STATUS_UPDATE,"Status Updated",2,3,"Assigned (In Progress)","On Hold (Pending with Requester)",umesh.k,"2026-07-23 16:57:47","2026-07-23 11:27:47","Kindly check our comments.",status_history,548b311a-0985-4513-b7d2-d3c43d33053e,status_id
57925,status_history:7198b10e-fd57-42a6-af48-d87b23990d69,TKT-1-202607-02507,status_id,STATUS_UPDATE,"Status Updated",1,2,"Open (New)","Assigned (In Progress)",vikram6singh,"2026-07-23 12:16:21","2026-07-23 06:46:21","Please check.",status_history,7198b10e-fd57-42a6-af48-d87b23990d69,status_id
68894,status_history:8701342a-eddd-4dad-916e-94724e162ef6,TKT-1-202607-02507,status_id,STATUS_UPDATE,"Status Updated",NULL,1,NULL,"Open (New)",294675,"2026-07-23 12:14:09","2026-07-23 06:44:09",New,status_history,8701342a-eddd-4dad-916e-94724e162ef6,status_id
92518,status_history:b59ed244-f988-4893-bbcd-2d0e4d6d5d8d,TKT-1-202607-02507,status_id,STATUS_UPDATE,"Status Updated",2,3,"Assigned (In Progress)","On Hold (Pending with Requester)",inish.d,"2026-07-28 14:23:14","2026-07-28 08:53:14","Currently system will not support QR reading for this , system will support QR read only if QR generated in AD.",status_history,b59ed244-f988-4893-bbcd-2d0e4d6d5d8d,status_id
95859,status_history:bc14c491-3339-4380-9dd1-3408b187def9,TKT-1-202607-02507,status_id,STATUS_UPDATE,"Status Updated",3,2,"On Hold (Pending with Requester)","Assigned (In Progress)",294675,"2026-07-28 12:42:44","2026-07-28 07:12:44","Please find the attached E-way bill copy",status_history,bc14c491-3339-4380-9dd1-3408b187def9,status_id
116670,status_history:e474ec16-504b-407e-b28a-0158499c9124,TKT-1-202607-02507,status_id,STATUS_UPDATE,"Status Updated",2,3,"Assigned (In Progress)","On Hold (Pending with Requester)",inish.d,"2026-07-27 16:46:07","2026-07-27 11:16:07","can you please attach full e-way bill with QR code",status_history,e474ec16-504b-407e-b28a-0158499c9124,status_id
146141,division_history:f664b060-8871-4127-9053-51d81790bc45,TKT-1-202607-02507,division,DIVISION_UPDATE,"Division Updated",NULL,DIV-001,NULL,"Procurement Division",294675,"2026-07-23 12:14:09","2026-07-23 12:14:09",New,division_history,f664b060-8871-4127-9053-51d81790bc45,division
215937,assignment_history:ab2a3f5c-2cd0-4a90-a982-8f844044e691,TKT-1-202607-02507,assigned_to,ASSIGNED_TO_UPDATE,"Assigned To Updated",NULL,saroj.m,NULL,saroj.m,vikram6singh,"2026-07-23 12:16:21","2026-07-23 12:16:21","Please check.",assignment_history,ab2a3f5c-2cd0-4a90-a982-8f844044e691,assigned_to
215938,assignment_history:f0979ed3-72bc-424e-b163-6358a43362fd,TKT-1-202607-02507,assigned_to,ASSIGNED_TO_UPDATE,"Assigned To Updated",saroj.m,inish.d,saroj.m,inish.d,saroj.m,"2026-07-23 12:46:52","2026-07-23 12:46:52","Please look into this issue.",assignment_history,f0979ed3-72bc-424e-b163-6358a43362fd,assigned_to
215939,assignment_history:f0979ed3-72bc-424e-b163-6358a43362fd,TKT-1-202607-02507,level_id,LEVEL_UPDATE,"Level Updated",,L3,,L3,saroj.m,"2026-07-23 12:46:52","2026-07-23 12:46:52","Please look into this issue.",assignment_history,f0979ed3-72bc-424e-b163-6358a43362fd,level_id
217318,f5882301-6d84-41cb-b517-6ba214dfb9b0,TKT-1-202607-02507,status_id,STATUS_UPDATE,"Status Updated",3,2,"On Hold (Pending with Requester)","Assigned (In Progress)",294675,"2026-07-29 14:29:21","2026-07-29 08:59:21","Okay sir,kindly close the ticket",NULL,NULL,NULL
217565,934c22ce-f8c9-474f-9c7c-c5ca72f95dc8,TKT-1-202607-02507,assigned_to,ASSIGNED_TO_UPDATE,"Assigned To Updated",inish.d,shrutipan966,inish.d,shrutipan966,shrutipan966,"2026-07-29 15:57:44","2026-07-29 10:27:44","Please check",NULL,NULL,NULL
217566,934c22ce-f8c9-474f-9c7c-c5ca72f95dc8,TKT-1-202607-02507,assigned_to_level,ASSIGNED_TO_LEVEL_UPDATE,"Assigned To Level Updated",NULL,NULL,L3,L1,shrutipan966,"2026-07-29 15:57:44","2026-07-29 10:27:44","Please check",NULL,NULL,NULL
217568,f65db81d-32c0-4ee8-8c91-448635b5bd79,TKT-1-202607-02507,status_id,STATUS_UPDATE,"Status Updated",2,7,"Assigned (In Progress)",Resolved,shrutipan966,"2026-07-29 15:58:04","2026-07-29 10:28:04","As per User's remarks (Okay sir,kindly close the ticket)",NULL,NULL,NULL
261481,8f968ec2-bdfa-4c4d-a043-86614b76bbb5,TKT-1-202607-02507,status_id,STATUS_UPDATE,"Status Updated",7,8,Resolved,Closed,294675,"2026-09-04 13:02:06","2026-09-04 07:32:06","CLOSE THE TICKET",NULL,NULL,NULL
48332,status_history:5ec66ddf-aa4c-4a67-8077-4d0583e6fd4a,TKT-1-202607-02515,status_id,STATUS_UPDATE,"Status Updated",1,2,"Open (New)","Assigned (In Progress)",vikram6singh,"2026-07-23 13:00:44","2026-07-23 07:30:44","Please check",status_history,5ec66ddf-aa4c-4a67-8077-4d0583e6fd4a,status_id
79978,status_history:9cb510ea-48ed-4c2c-ab46-266e1e37f29b,TKT-1-202607-02515,status_id,STATUS_UPDATE,"Status Updated",NULL,1,NULL,"Open (New)",292558,"2026-07-23 13:00:22","2026-07-23 07:30:22",New,status_history,9cb510ea-48ed-4c2c-ab46-266e1e37f29b,status_id
138718,division_history:8116a09f-5818-4e4b-b7c8-11719d9b60d1,TKT-1-202607-02515,division,DIVISION_UPDATE,"Division Updated",NULL,DIV-005,NULL,"Stocks/PV Division",292558,"2026-07-23 13:00:22","2026-07-23 13:00:22",New,division_history,8116a09f-5818-4e4b-b7c8-11719d9b60d1,division
215967,assignment_history:12e67182-6e18-4f25-9482-80258fb86570,TKT-1-202607-02515,assigned_to,ASSIGNED_TO_UPDATE,"Assigned To Updated",NULL,inzemamul.h,NULL,inzemamul.h,vikram6singh,"2026-07-23 13:00:44","2026-07-23 13:00:44","Please check",assignment_history,12e67182-6e18-4f25-9482-80258fb86570,assigned_to
215968,assignment_history:133f7a12-cb50-44e6-9f0a-c0490df2e966,TKT-1-202607-02515,assigned_to,ASSIGNED_TO_UPDATE,"Assigned To Updated",inzemamul.h,umesh.k,inzemamul.h,umesh.k,inzemamul.h,"2026-07-23 13:43:20","2026-07-23 13:43:20","Kindly do the needful.",assignment_history,133f7a12-cb50-44e6-9f0a-c0490df2e966,assigned_to
215969,assignment_history:133f7a12-cb50-44e6-9f0a-c0490df2e966,TKT-1-202607-02515,level_id,LEVEL_UPDATE,"Level Updated",,L2,,L2,inzemamul.h,"2026-07-23 13:43:20","2026-07-23 13:43:20","Kindly do the needful.",assignment_history,133f7a12-cb50-44e6-9f0a-c0490df2e966,level_id
215970,assignment_history:2d7ecb8a-8d9d-48d8-a9fd-91914a0a886d,TKT-1-202607-02515,assigned_to,ASSIGNED_TO_UPDATE,"Assigned To Updated",umesh.k,inish.d,umesh.k,inish.d,inzemamul.h,"2026-07-28 10:15:36","2026-07-28 10:15:36","Kindly do the needful.",assignment_history,2d7ecb8a-8d9d-48d8-a9fd-91914a0a886d,assigned_to
215971,assignment_history:2d7ecb8a-8d9d-48d8-a9fd-91914a0a886d,TKT-1-202607-02515,level_id,LEVEL_UPDATE,"Level Updated",L2,L3,L2,L3,inzemamul.h,"2026-07-28 10:15:36","2026-07-28 10:15:36","Kindly do the needful.",assignment_history,2d7ecb8a-8d9d-48d8-a9fd-91914a0a886d,level_id
225304,052e7029-6d6f-4096-b854-5e2291a8b728,TKT-1-202607-02515,status_id,STATUS_UPDATE,"Status Updated",2,7,"Assigned (In Progress)",Resolved,umesh.k,"2026-08-05 15:04:19","2026-08-05 09:34:19","kindly refer comment section for more information.",NULL,NULL,NULL
228786,a8f5902b-d8d6-4a62-bbb8-253a24d5ee2a,TKT-1-202607-02515,status_id,STATUS_UPDATE,"Status Updated",7,10,Resolved,Reopened,292558,"2026-08-07 15:55:10","2026-08-07 10:25:10","Issue was not solved reports are showing as earlier.",NULL,NULL,NULL
228787,a8f5902b-d8d6-4a62-bbb8-253a24d5ee2a,TKT-1-202607-02515,assigned_to,ASSIGNED_TO_UPDATE,"Assigned To Updated",inish.d,NULL,inish.d,NULL,292558,"2026-08-07 15:55:10","2026-08-07 10:25:10","Issue was not solved reports are showing as earlier.",NULL,NULL,NULL
228788,a8f5902b-d8d6-4a62-bbb8-253a24d5ee2a,TKT-1-202607-02515,assigned_to_level,ASSIGNED_TO_LEVEL_UPDATE,"Assigned To Level Updated",NULL,NULL,L3,NULL,292558,"2026-08-07 15:55:10","2026-08-07 10:25:10","Issue was not solved reports are showing as earlier.",NULL,NULL,NULL
228832,ed8641ae-1fdf-478f-807e-090af33b7bad,TKT-1-202607-02515,status_id,STATUS_UPDATE,"Status Updated",10,2,Reopened,"Assigned (In Progress)",vikram6singh,"2026-08-07 16:07:39","2026-08-07 10:37:39","Please check.",NULL,NULL,NULL
228833,ed8641ae-1fdf-478f-807e-090af33b7bad,TKT-1-202607-02515,assigned_to,ASSIGNED_TO_UPDATE,"Assigned To Updated",NULL,inzemamul.h,NULL,inzemamul.h,vikram6singh,"2026-08-07 16:07:39","2026-08-07 10:37:39","Please check.",NULL,NULL,NULL
228834,ed8641ae-1fdf-478f-807e-090af33b7bad,TKT-1-202607-02515,assigned_to_level,ASSIGNED_TO_LEVEL_UPDATE,"Assigned To Level Updated",NULL,NULL,NULL,,vikram6singh,"2026-08-07 16:07:39","2026-08-07 10:37:39","Please check.",NULL,NULL,NULL
229021,701c8f34-bbba-477d-ae2b-7948064e5d5b,TKT-1-202607-02515,assigned_to,ASSIGNED_TO_UPDATE,"Assigned To Updated",inzemamul.h,umesh.k,inzemamul.h,umesh.k,inzemamul.h,"2026-08-07 16:56:04","2026-08-07 11:26:04","Kindly do the needful.",NULL,NULL,NULL
229022,701c8f34-bbba-477d-ae2b-7948064e5d5b,TKT-1-202607-02515,assigned_to_level,ASSIGNED_TO_LEVEL_UPDATE,"Assigned To Level Updated",NULL,NULL,,L2,inzemamul.h,"2026-08-07 16:56:04","2026-08-07 11:26:04","Kindly do the needful.",NULL,NULL,NULL
229079,73acb6e9-ca2d-4749-b310-0fa258580707,TKT-1-202607-02515,status_id,STATUS_UPDATE,"Status Updated",2,7,"Assigned (In Progress)",Resolved,umesh.k,"2026-08-07 17:06:53","2026-08-07 11:36:53","Dear sir, kindly go through the comment section and try to understand the matter.",NULL,NULL,NULL
233563,3dfac24d-ff66-49c9-9e12-0daff21c1069,TKT-1-202607-02515,status_id,STATUS_UPDATE,"Status Updated",7,10,Resolved,Reopened,292558,"2026-08-12 15:16:24","2026-08-12 09:46:24","The issue is not resolved and contact me on 9685162668",NULL,NULL,NULL
233564,3dfac24d-ff66-49c9-9e12-0daff21c1069,TKT-1-202607-02515,assigned_to,ASSIGNED_TO_UPDATE,"Assigned To Updated",umesh.k,NULL,umesh.k,NULL,292558,"2026-08-12 15:16:24","2026-08-12 09:46:24","The issue is not resolved and contact me on 9685162668",NULL,NULL,NULL
233565,3dfac24d-ff66-49c9-9e12-0daff21c1069,TKT-1-202607-02515,assigned_to_level,ASSIGNED_TO_LEVEL_UPDATE,"Assigned To Level Updated",NULL,NULL,L2,NULL,292558,"2026-08-12 15:16:24","2026-08-12 09:46:24","The issue is not resolved and contact me on 9685162668",NULL,NULL,NULL
233603,4c8d87da-d5d2-4e35-8533-a2227f788dd0,TKT-1-202607-02515,status_id,STATUS_UPDATE,"Status Updated",10,2,Reopened,"Assigned (In Progress)",vikram6singh,"2026-08-12 15:24:19","2026-08-12 09:54:19","Please check.",NULL,NULL,NULL
233604,4c8d87da-d5d2-4e35-8533-a2227f788dd0,TKT-1-202607-02515,assigned_to,ASSIGNED_TO_UPDATE,"Assigned To Updated",NULL,inzemamul.h,NULL,inzemamul.h,vikram6singh,"2026-08-12 15:24:19","2026-08-12 09:54:19","Please check.",NULL,NULL,NULL
233605,4c8d87da-d5d2-4e35-8533-a2227f788dd0,TKT-1-202607-02515,assigned_to_level,ASSIGNED_TO_LEVEL_UPDATE,"Assigned To Level Updated",NULL,NULL,NULL,,vikram6singh,"2026-08-12 15:24:19","2026-08-12 09:54:19","Please check.",NULL,NULL,NULL
233638,9959175c-f0dc-41a5-9bf3-005f0cf3f987,TKT-1-202607-02515,status_id,STATUS_UPDATE,"Status Updated",2,7,"Assigned (In Progress)",Resolved,inzemamul.h,"2026-08-12 15:35:42","2026-08-12 10:05:42","kindly refer to the comment box.",NULL,NULL,NULL
25512,status_history:31db0764-f12c-4bd3-90a8-6984a420f1d0,TKT-1-202607-02518,status_id,STATUS_UPDATE,"Status Updated",3,2,"On Hold (Pending with Requester)","Assigned (In Progress)",160042,"2026-07-24 13:25:24","2026-07-24 07:55:24","Uploaded supporting document",status_history,31db0764-f12c-4bd3-90a8-6984a420f1d0,status_id
48860,status_history:5fd7dcde-158b-409b-94ae-9ace84294dc4,TKT-1-202607-02518,status_id,STATUS_UPDATE,"Status Updated",2,3,"Assigned (In Progress)","On Hold (Pending with Requester)",anshu.r,"2026-07-23 13:21:00","2026-07-23 07:51:00","kindly share the supportive documents for our further investigation. For further assistance, please contact our support team at : 📞 1800-410-6688.",status_history,5fd7dcde-158b-409b-94ae-9ace84294dc4,status_id
80731,status_history:9e1384b5-63fa-4988-9ba6-71e7fb398333,TKT-1-202607-02518,status_id,STATUS_UPDATE,"Status Updated",1,2,"Open (New)","Assigned (In Progress)",vikram6singh,"2026-07-23 13:18:05","2026-07-23 07:48:05","Please check",status_history,9e1384b5-63fa-4988-9ba6-71e7fb398333,status_id
84628,status_history:a5f429bc-34bd-4064-b3d4-9c3f0f41002d,TKT-1-202607-02518,status_id,STATUS_UPDATE,"Status Updated",NULL,1,NULL,"Open (New)",160042,"2026-07-23 13:13:52","2026-07-23 07:43:52",New,status_history,a5f429bc-34bd-4064-b3d4-9c3f0f41002d,status_id
143498,division_history:ccc7151b-2059-4eac-822b-1c94f8df92e5,TKT-1-202607-02518,division,DIVISION_UPDATE,"Division Updated",NULL,DIV-002,NULL,"Storage Division",160042,"2026-07-23 13:13:52","2026-07-23 13:13:52",New,division_history,ccc7151b-2059-4eac-822b-1c94f8df92e5,division
215978,assignment_history:ffed1bcd-cd3d-4733-a52d-bb3a3baa56c7,TKT-1-202607-02518,assigned_to,ASSIGNED_TO_UPDATE,"Assigned To Updated",NULL,anshu.r,NULL,anshu.r,vikram6singh,"2026-07-23 13:18:05","2026-07-23 13:18:05","Please check",assignment_history,ffed1bcd-cd3d-4733-a52d-bb3a3baa56c7,assigned_to
215979,assignment_history:b56cd1c6-9906-4a35-8ded-32c3b3d8ec1a,TKT-1-202607-02518,assigned_to,ASSIGNED_TO_UPDATE,"Assigned To Updated",anshu.r,inish.d,anshu.r,inish.d,anshu.r,"2026-07-24 14:06:41","2026-07-24 14:06:41","Kindly do the needful",assignment_history,b56cd1c6-9906-4a35-8ded-32c3b3d8ec1a,assigned_to
215980,assignment_history:b56cd1c6-9906-4a35-8ded-32c3b3d8ec1a,TKT-1-202607-02518,level_id,LEVEL_UPDATE,"Level Updated",,L3,,L3,anshu.r,"2026-07-24 14:06:41","2026-07-24 14:06:41","Kindly do the needful",assignment_history,b56cd1c6-9906-4a35-8ded-32c3b3d8ec1a,level_id
261433,677e8bb0-db34-4607-878a-4707d7d47a7e,TKT-1-202607-02518,status_id,STATUS_UPDATE,"Status Updated",2,7,"Assigned (In Progress)",Resolved,umesh.k,"2026-09-04 11:56:32","2026-09-04 06:26:32","issue has been resolved.",NULL,NULL,NULL
9625,status_history:12ae3dbd-5c98-4484-a19f-fdf8a1238f46,TKT-1-202607-02531,status_id,STATUS_UPDATE,"Status Updated",NULL,1,NULL,"Open (New)",298303,"2026-07-23 14:38:52","2026-07-23 09:08:52",New,status_history,12ae3dbd-5c98-4484-a19f-fdf8a1238f46,status_id
53746,status_history:696eefe0-f9ca-490f-9e33-30f4965dd6e0,TKT-1-202607-02531,status_id,STATUS_UPDATE,"Status Updated",1,2,"Open (New)","Assigned (In Progress)",vikram6singh,"2026-07-23 14:41:28","2026-07-23 09:11:28","Please check",status_history,696eefe0-f9ca-490f-9e33-30f4965dd6e0,status_id
104843,status_history:cd57aa11-1607-41cf-86ef-d901a589cb57,TKT-1-202607-02531,status_id,STATUS_UPDATE,"Status Updated",3,2,"On Hold (Pending with Requester)","Assigned (In Progress)",298303,"2026-07-27 12:07:49","2026-07-27 06:37:49","login id 298303, password : Depot@123456",status_history,cd57aa11-1607-41cf-86ef-d901a589cb57,status_id
113296,status_history:ddff50a3-61b5-457e-aaac-caacd3dcd2ca,TKT-1-202607-02531,status_id,STATUS_UPDATE,"Status Updated",2,3,"Assigned (In Progress)","On Hold (Pending with Requester)",umesh.k,"2026-07-24 14:27:09","2026-07-24 08:57:09","kindly share login details.",status_history,ddff50a3-61b5-457e-aaac-caacd3dcd2ca,status_id
145991,division_history:f3e8b0ba-5163-408d-ab88-a8b5814f88ab,TKT-1-202607-02531,division,DIVISION_UPDATE,"Division Updated",NULL,DIV-002,NULL,"Storage Division",298303,"2026-07-23 14:38:52","2026-07-23 14:38:52",New,division_history,f3e8b0ba-5163-408d-ab88-a8b5814f88ab,division
216006,assignment_history:a4ae41cd-b768-447c-a656-cd468e326818,TKT-1-202607-02531,assigned_to,ASSIGNED_TO_UPDATE,"Assigned To Updated",NULL,anshu.r,NULL,anshu.r,vikram6singh,"2026-07-23 14:41:28","2026-07-23 14:41:28","Please check",assignment_history,a4ae41cd-b768-447c-a656-cd468e326818,assigned_to
216007,assignment_history:cd179385-451e-4b05-8db2-baae9bbc3ba4,TKT-1-202607-02531,assigned_to,ASSIGNED_TO_UPDATE,"Assigned To Updated",anshu.r,inish.d,anshu.r,inish.d,anshu.r,"2026-07-23 15:09:06","2026-07-23 15:09:06","Kindly do the needful",assignment_history,cd179385-451e-4b05-8db2-baae9bbc3ba4,assigned_to
216008,assignment_history:cd179385-451e-4b05-8db2-baae9bbc3ba4,TKT-1-202607-02531,level_id,LEVEL_UPDATE,"Level Updated",,L3,,L3,anshu.r,"2026-07-23 15:09:06","2026-07-23 15:09:06","Kindly do the needful",assignment_history,cd179385-451e-4b05-8db2-baae9bbc3ba4,level_id
225320,48b28617-b0ba-417d-8bc8-288f8093a8e0,TKT-1-202607-02531,status_id,STATUS_UPDATE,"Status Updated",2,7,"Assigned (In Progress)",Resolved,umesh.k,"2026-08-05 15:07:41","2026-08-05 09:37:41","kindly refer comment section for more information.",NULL,NULL,NULL
10297,status_history:140495f4-4272-41a3-b9a9-dfb4d8a72eb1,TKT-1-202607-02555,status_id,STATUS_UPDATE,"Status Updated",2,3,"Assigned (In Progress)","On Hold (Pending with Requester)",sanjeet.k,"2026-07-27 14:51:05","2026-07-27 09:21:05","kindly share the supporting documents/screenshots related to your query for the further assistance.",status_history,140495f4-4272-41a3-b9a9-dfb4d8a72eb1,status_id
11752,status_history:16c915ba-3e15-4d3a-ac98-ad99ba18c189,TKT-1-202607-02555,status_id,STATUS_UPDATE,"Status Updated",NULL,1,NULL,"Open (New)",233491,"2026-07-23 17:04:00","2026-07-23 11:34:00",New,status_history,16c915ba-3e15-4d3a-ac98-ad99ba18c189,status_id
78594,status_history:9a0ae6f5-3895-42b1-b37d-5d13941b7484,TKT-1-202607-02555,status_id,STATUS_UPDATE,"Status Updated",1,2,"Open (New)","Assigned (In Progress)",vikram6singh,"2026-07-23 17:17:39","2026-07-23 11:47:39","Please check",status_history,9a0ae6f5-3895-42b1-b37d-5d13941b7484,status_id
87315,status_history:ab4ef28c-9d4e-4091-a489-0a6338ec4132,TKT-1-202607-02555,status_id,STATUS_UPDATE,"Status Updated",3,2,"On Hold (Pending with Requester)","Assigned (In Progress)",233491,"2026-07-27 14:47:31","2026-07-27 09:17:31","supporting documents attached",status_history,ab4ef28c-9d4e-4091-a489-0a6338ec4132,status_id
89125,status_history:aef42515-8016-4110-8351-8e272d67da29,TKT-1-202607-02555,status_id,STATUS_UPDATE,"Status Updated",2,3,"Assigned (In Progress)","On Hold (Pending with Requester)",sanjeet.k,"2026-07-23 17:58:17","2026-07-23 12:28:17","kindly share the supporting documents/screenshots related to your query for the further assistance.",status_history,aef42515-8016-4110-8351-8e272d67da29,status_id
108429,status_history:d469a0e5-1443-4e34-a124-871389963266,TKT-1-202607-02555,status_id,STATUS_UPDATE,"Status Updated",3,2,"On Hold (Pending with Requester)","Assigned (In Progress)",233491,"2026-07-27 15:30:55","2026-07-27 10:00:55","supporting documents attached",status_history,d469a0e5-1443-4e34-a124-871389963266,status_id
141150,division_history:a7392100-b63f-4835-b212-ec96080c43ed,TKT-1-202607-02555,division,DIVISION_UPDATE,"Division Updated",NULL,DIV-005,NULL,"Stocks/PV Division",233491,"2026-07-23 17:04:00","2026-07-23 17:04:00",New,division_history,a7392100-b63f-4835-b212-ec96080c43ed,division
216087,assignment_history:1a16fefd-f68c-4511-812c-c1c6ab56634f,TKT-1-202607-02555,assigned_to,ASSIGNED_TO_UPDATE,"Assigned To Updated",NULL,sanjeet.k,NULL,sanjeet.k,vikram6singh,"2026-07-23 17:17:39","2026-07-23 17:17:39","Please check",assignment_history,1a16fefd-f68c-4511-812c-c1c6ab56634f,assigned_to
216088,assignment_history:60500271-a01e-4d41-924e-0a48380eb79d,TKT-1-202607-02555,assigned_to,ASSIGNED_TO_UPDATE,"Assigned To Updated",sanjeet.k,inish.d,sanjeet.k,inish.d,sanjeet.k,"2026-07-27 15:43:00","2026-07-27 15:43:00","mismatch found in IRRS and MSA statements. kindly check and do the needful",assignment_history,60500271-a01e-4d41-924e-0a48380eb79d,assigned_to
216089,assignment_history:60500271-a01e-4d41-924e-0a48380eb79d,TKT-1-202607-02555,level_id,LEVEL_UPDATE,"Level Updated",,L3,,L3,sanjeet.k,"2026-07-27 15:43:00","2026-07-27 15:43:00","mismatch found in IRRS and MSA statements. kindly check and do the needful",assignment_history,60500271-a01e-4d41-924e-0a48380eb79d,level_id
241400,f9632b65-f0e0-4e1e-baaa-8fc1b90170be,TKT-1-202607-02555,is_master,MASTER_FLAG_UPDATE,"Master Flag Updated",NULL,NULL,false,true,sanjeet.k,"2026-08-18 16:24:24","2026-08-18 10:54:24","Marked as master ticket",NULL,NULL,NULL
261432,f80fe33b-87df-4b9d-bb0a-12e3025b6a6f,TKT-1-202607-02555,status_id,STATUS_UPDATE,"Status Updated",2,7,"Assigned (In Progress)",Resolved,umesh.k,"2026-09-04 11:56:10","2026-09-04 06:26:10","Issue has been resolved.",NULL,NULL,NULL
19474,status_history:25fc488e-5a66-455b-b91d-aa8b5f0ae14f,TKT-1-202607-02634,status_id,STATUS_UPDATE,"Status Updated",2,3,"Assigned (In Progress)","On Hold (Pending with Requester)",umesh.k,"2026-07-27 12:26:38","2026-07-27 06:56:38","Dear sir/madam, there is no stack available in shed -8 with the stack name - 8B11. kindly check, Thank you",status_history,25fc488e-5a66-455b-b91d-aa8b5f0ae14f,status_id
22845,status_history:2c90fd50-3944-48bf-a1a6-feb488d622c5,TKT-1-202607-02634,status_id,STATUS_UPDATE,"Status Updated",NULL,1,NULL,"Open (New)",179548,"2026-07-24 12:38:11","2026-07-24 07:08:11",New,status_history,2c90fd50-3944-48bf-a1a6-feb488d622c5,status_id
45811,status_history:59dbcda0-0780-42bc-9c30-346a93b35ed3,TKT-1-202607-02634,status_id,STATUS_UPDATE,"Status Updated",2,3,"Assigned (In Progress)","On Hold (Pending with Requester)",anshu.r,"2026-07-24 13:12:26","2026-07-24 07:42:26","kindly share the supportive documents for our further investigation. For further assistance, please contact our support team at : 📞 1800-410-6688.",status_history,59dbcda0-0780-42bc-9c30-346a93b35ed3,status_id
70832,status_history:8ad94d26-df83-41af-bed9-945eebd03cd2,TKT-1-202607-02634,status_id,STATUS_UPDATE,"Status Updated",3,2,"On Hold (Pending with Requester)","Assigned (In Progress)",179548,"2026-07-24 13:36:56","2026-07-24 08:06:56","SCREEN SHOT ATTACHED",status_history,8ad94d26-df83-41af-bed9-945eebd03cd2,status_id
81588,status_history:9fb54be9-ed08-4a97-91ca-3ea2f8514577,TKT-1-202607-02634,status_id,STATUS_UPDATE,"Status Updated",1,2,"Open (New)","Assigned (In Progress)",vikram6singh,"2026-07-24 12:43:10","2026-07-24 07:13:10","Please check",status_history,9fb54be9-ed08-4a97-91ca-3ea2f8514577,status_id
133152,division_history:2737b042-4a1d-470e-8fcf-e8ef6e3bf8e2,TKT-1-202607-02634,division,DIVISION_UPDATE,"Division Updated",NULL,DIV-002,NULL,"Storage Division",179548,"2026-07-24 12:38:11","2026-07-24 12:38:11",New,division_history,2737b042-4a1d-470e-8fcf-e8ef6e3bf8e2,division
216249,assignment_history:76a9b1e5-5851-453d-9b99-f19ed832f764,TKT-1-202607-02634,assigned_to,ASSIGNED_TO_UPDATE,"Assigned To Updated",NULL,anshu.r,NULL,anshu.r,vikram6singh,"2026-07-24 12:43:10","2026-07-24 12:43:10","Please check",assignment_history,76a9b1e5-5851-453d-9b99-f19ed832f764,assigned_to
216250,assignment_history:cceaa79d-40af-4605-91f3-62ab04123479,TKT-1-202607-02634,assigned_to,ASSIGNED_TO_UPDATE,"Assigned To Updated",anshu.r,umesh.k,anshu.r,umesh.k,anshu.r,"2026-07-24 13:55:50","2026-07-24 13:55:50","Kindly do the needful",assignment_history,cceaa79d-40af-4605-91f3-62ab04123479,assigned_to
216251,assignment_history:cceaa79d-40af-4605-91f3-62ab04123479,TKT-1-202607-02634,level_id,LEVEL_UPDATE,"Level Updated",,L2,,L2,anshu.r,"2026-07-24 13:55:50","2026-07-24 13:55:50","Kindly do the needful",assignment_history,cceaa79d-40af-4605-91f3-62ab04123479,level_id
217371,13578931-cd0c-4b07-907d-433363541d73,TKT-1-202607-02634,status_id,STATUS_UPDATE,"Status Updated",3,2,"On Hold (Pending with Requester)","Assigned (In Progress)",shrutipan966,"2026-07-29 14:47:20","2026-07-29 09:17:20","Please check",NULL,NULL,NULL
217372,13578931-cd0c-4b07-907d-433363541d73,TKT-1-202607-02634,assigned_to,ASSIGNED_TO_UPDATE,"Assigned To Updated",umesh.k,shrutipan966,umesh.k,shrutipan966,shrutipan966,"2026-07-29 14:47:20","2026-07-29 09:17:20","Please check",NULL,NULL,NULL
217373,13578931-cd0c-4b07-907d-433363541d73,TKT-1-202607-02634,assigned_to_level,ASSIGNED_TO_LEVEL_UPDATE,"Assigned To Level Updated",NULL,NULL,L2,L1,shrutipan966,"2026-07-29 14:47:20","2026-07-29 09:17:20","Please check",NULL,NULL,NULL
217375,04a8a4a8-3c97-4ae8-a1d1-4bf0d0c482f3,TKT-1-202607-02634,status_id,STATUS_UPDATE,"Status Updated",2,7,"Assigned (In Progress)",Resolved,shrutipan966,"2026-07-29 14:47:52","2026-07-29 09:17:52","Please refer the comment section.",NULL,NULL,NULL
9198,status_history:11dbd13a-3d8e-4b09-acbe-12d63c5b231f,TKT-1-202607-02702,status_id,STATUS_UPDATE,"Status Updated",1,2,"Open (New)","Assigned (In Progress)",vikram6singh,"2026-07-25 12:08:22","2026-07-25 06:38:22","Please check",status_history,11dbd13a-3d8e-4b09-acbe-12d63c5b231f,status_id
44612,status_history:576e649f-5ae6-4050-9c51-483ad802331a,TKT-1-202607-02702,status_id,STATUS_UPDATE,"Status Updated",2,7,"Assigned (In Progress)",Resolved,satish.d,"2026-07-28 12:20:03","2026-07-28 06:50:03","Kindly check the comemnt section",status_history,576e649f-5ae6-4050-9c51-483ad802331a,status_id
107424,status_history:d2721a0e-37b3-4287-bda0-e3392ef44e8f,TKT-1-202607-02702,status_id,STATUS_UPDATE,"Status Updated",NULL,1,NULL,"Open (New)",283207,"2026-07-25 12:06:01","2026-07-25 06:36:01",New,status_history,d2721a0e-37b3-4287-bda0-e3392ef44e8f,status_id
136572,division_history:5e6f66cc-7ddc-4b93-abe3-bd28146971d0,TKT-1-202607-02702,division,DIVISION_UPDATE,"Division Updated",NULL,DIV-004,NULL,"Quality Division",283207,"2026-07-25 12:06:01","2026-07-25 12:06:01",New,division_history,5e6f66cc-7ddc-4b93-abe3-bd28146971d0,division
216404,assignment_history:7c0c260b-2057-4477-a065-8b493cb65c59,TKT-1-202607-02702,assigned_to,ASSIGNED_TO_UPDATE,"Assigned To Updated",NULL,arti.1.t,NULL,arti.1.t,vikram6singh,"2026-07-25 12:08:22","2026-07-25 12:08:22","Please check",assignment_history,7c0c260b-2057-4477-a065-8b493cb65c59,assigned_to
216405,assignment_history:5e7cc932-2811-4029-a9ec-6dd3ec9e9559,TKT-1-202607-02702,assigned_to,ASSIGNED_TO_UPDATE,"Assigned To Updated",arti.1.t,satish.d,arti.1.t,satish.d,arti.1.t,"2026-07-25 12:16:13","2026-07-25 12:16:13","Issue in Updating Prophylactic Treatment of Deltamethrin in Anna Darpan.Kindly do the needful",assignment_history,5e7cc932-2811-4029-a9ec-6dd3ec9e9559,assigned_to
216406,assignment_history:5e7cc932-2811-4029-a9ec-6dd3ec9e9559,TKT-1-202607-02702,level_id,LEVEL_UPDATE,"Level Updated",,L3,,L3,arti.1.t,"2026-07-25 12:16:13","2026-07-25 12:16:13","Issue in Updating Prophylactic Treatment of Deltamethrin in Anna Darpan.Kindly do the needful",assignment_history,5e7cc932-2811-4029-a9ec-6dd3ec9e9559,level_id
56872,status_history:6fa1f1a1-fc38-458f-8d97-7b665d87695f,TKT-1-202607-02709,status_id,STATUS_UPDATE,"Status Updated",1,2,"Open (New)","Assigned (In Progress)",vikram6singh,"2026-07-25 13:21:39","2026-07-25 07:51:39","Please check",status_history,6fa1f1a1-fc38-458f-8d97-7b665d87695f,status_id
74268,status_history:918c1b76-c93b-4516-9fe7-17919e96266d,TKT-1-202607-02709,status_id,STATUS_UPDATE,"Status Updated",NULL,1,NULL,"Open (New)",277033,"2026-07-25 13:15:41","2026-07-25 07:45:41",New,status_history,918c1b76-c93b-4516-9fe7-17919e96266d,status_id
103056,status_history:c9f2147c-7400-44c6-b438-3e7bc4e6dc3d,TKT-1-202607-02709,status_id,STATUS_UPDATE,"Status Updated",2,7,"Assigned (In Progress)",Resolved,umesh.k,"2026-07-28 10:08:23","2026-07-28 04:38:23","Issue has been resolved, kindly check with qntls, currently for MT we are doing fixes.",status_history,c9f2147c-7400-44c6-b438-3e7bc4e6dc3d,status_id
139125,division_history:8709adfd-6027-4f66-a60f-3b9c8c519ca8,TKT-1-202607-02709,division,DIVISION_UPDATE,"Division Updated",NULL,DIV-008,NULL,"IT Division",277033,"2026-07-25 13:15:41","2026-07-25 13:15:41",New,division_history,8709adfd-6027-4f66-a60f-3b9c8c519ca8,division
216417,assignment_history:5e25b492-9b27-410d-a630-96d8db5ee507,TKT-1-202607-02709,assigned_to,ASSIGNED_TO_UPDATE,"Assigned To Updated",NULL,sanjeet.k,NULL,sanjeet.k,vikram6singh,"2026-07-25 13:21:39","2026-07-25 13:21:39","Please check",assignment_history,5e25b492-9b27-410d-a630-96d8db5ee507,assigned_to
216418,assignment_history:868a2d8c-2cb6-4f1c-93aa-3d6bfcc270f5,TKT-1-202607-02709,assigned_to,ASSIGNED_TO_UPDATE,"Assigned To Updated",sanjeet.k,inish.d,sanjeet.k,inish.d,sanjeet.k,"2026-07-25 14:19:52","2026-07-25 14:19:52","1g difference shows between shed wise stack report and DSR for the stack U4/A7. kindly check and do the needful",assignment_history,868a2d8c-2cb6-4f1c-93aa-3d6bfcc270f5,assigned_to
216419,assignment_history:868a2d8c-2cb6-4f1c-93aa-3d6bfcc270f5,TKT-1-202607-02709,level_id,LEVEL_UPDATE,"Level Updated",,L3,,L3,sanjeet.k,"2026-07-25 14:19:52","2026-07-25 14:19:52","1g difference shows between shed wise stack report and DSR for the stack U4/A7. kindly check and do the needful",assignment_history,868a2d8c-2cb6-4f1c-93aa-3d6bfcc270f5,level_id
16579,status_history:204a6466-9848-4c18-b976-bab41709b7dd,TKT-1-202607-02711,status_id,STATUS_UPDATE,"Status Updated",NULL,1,NULL,"Open (New)",290552,"2026-07-25 13:29:46","2026-07-25 07:59:46",New,status_history,204a6466-9848-4c18-b976-bab41709b7dd,status_id
83001,status_history:a2befb36-ef05-4f11-9e1e-1da5a7118ba0,TKT-1-202607-02711,status_id,STATUS_UPDATE,"Status Updated",1,2,"Open (New)","Assigned (In Progress)",vikram6singh,"2026-07-25 13:36:24","2026-07-25 08:06:24","Please check",status_history,a2befb36-ef05-4f11-9e1e-1da5a7118ba0,status_id
143889,division_history:d2b88024-df1c-4bea-b22e-6b3fda8c1385,TKT-1-202607-02711,division,DIVISION_UPDATE,"Division Updated",NULL,DIV-003,NULL,"Movement Division",290552,"2026-07-25 13:29:46","2026-07-25 13:29:46",New,division_history,d2b88024-df1c-4bea-b22e-6b3fda8c1385,division
216423,assignment_history:54b546be-6d61-4b5a-aca2-be3b40e54deb,TKT-1-202607-02711,assigned_to,ASSIGNED_TO_UPDATE,"Assigned To Updated",NULL,inzemamul.h,NULL,inzemamul.h,vikram6singh,"2026-07-25 13:36:24","2026-07-25 13:36:24","Please check",assignment_history,54b546be-6d61-4b5a-aca2-be3b40e54deb,assigned_to
216424,assignment_history:5a90a4b7-4597-4620-9600-88277ab3bbf3,TKT-1-202607-02711,assigned_to,ASSIGNED_TO_UPDATE,"Assigned To Updated",inzemamul.h,umesh.k,inzemamul.h,umesh.k,inzemamul.h,"2026-07-25 13:40:52","2026-07-25 13:40:52","Kindly do the needful.",assignment_history,5a90a4b7-4597-4620-9600-88277ab3bbf3,assigned_to
216425,assignment_history:5a90a4b7-4597-4620-9600-88277ab3bbf3,TKT-1-202607-02711,level_id,LEVEL_UPDATE,"Level Updated",,L2,,L2,inzemamul.h,"2026-07-25 13:40:52","2026-07-25 13:40:52","Kindly do the needful.",assignment_history,5a90a4b7-4597-4620-9600-88277ab3bbf3,level_id
217515,971eb166-0460-475d-aa1e-f0c9380627b3,TKT-1-202607-02711,category,CATEGORY_UPDATE,"Category Updated",14,8,Movement,"Reporting & Analytics Tools",umesh.k,"2026-07-29 15:46:44","2026-07-29 10:16:44",NULL,NULL,NULL,NULL
217516,971eb166-0460-475d-aa1e-f0c9380627b3,TKT-1-202607-02711,sub_category,SUB_CATEGORY_UPDATE,"Sub Category Updated",14053,8001,"Movement by Rail > Rake Release","Dashboard Not Loading",umesh.k,"2026-07-29 15:46:44","2026-07-29 10:16:44",NULL,NULL,NULL,NULL
227150,c0568369-7c5f-4f6c-a9cc-982a2f9bb8db,TKT-1-202607-02711,status_id,STATUS_UPDATE,"Status Updated",2,3,"Assigned (In Progress)","On Hold (Pending with Requester)",umesh.k,"2026-08-06 16:32:03","2026-08-06 11:02:03","Dear Sir/Madam,  There are no rakes in your division that have been released during the free time. Therefore, the chart is displaying empty data. I hope this clarifies the reason.  Thank you.",NULL,NULL,NULL
233732,2445c0a3-8118-4745-ba7f-1369f52c6288,TKT-1-202607-02711,status_id,STATUS_UPDATE,"Status Updated",3,2,"On Hold (Pending with Requester)","Assigned (In Progress)",290552,"2026-08-12 15:49:32","2026-08-12 10:19:32","Ok ticket may be closed",NULL,NULL,NULL
233990,e99f76e5-d8ef-4591-8234-c2aba7181568,TKT-1-202607-02711,assigned_to,ASSIGNED_TO_UPDATE,"Assigned To Updated",umesh.k,shivaniyadav091298,umesh.k,shivaniyadav091298,shivaniyadav091298,"2026-08-12 17:15:18","2026-08-12 11:45:18","Please check",NULL,NULL,NULL
233991,e99f76e5-d8ef-4591-8234-c2aba7181568,TKT-1-202607-02711,assigned_to_level,ASSIGNED_TO_LEVEL_UPDATE,"Assigned To Level Updated",NULL,NULL,L2,L1,shivaniyadav091298,"2026-08-12 17:15:18","2026-08-12 11:45:18","Please check",NULL,NULL,NULL
234059,2925c207-862c-4198-8754-824184acc6fe,TKT-1-202607-02711,status_id,STATUS_UPDATE,"Status Updated",2,7,"Assigned (In Progress)",Resolved,shivaniyadav091298,"2026-08-12 17:30:11","2026-08-12 12:00:11","As per the user's remarks on this ticket, "The issue has been resolved now", this ticket is being marked as resolved. For further assistance, please contact our support team at 1800-410-6688.",NULL,NULL,NULL
13386,status_history:19f6aead-2a98-43ad-b33f-2e73235d4a9e,TKT-1-202607-02723,status_id,STATUS_UPDATE,"Status Updated",NULL,1,NULL,"Open (New)",nf22177_08,"2026-07-25 15:24:23","2026-07-25 09:54:23",New,status_history,19f6aead-2a98-43ad-b33f-2e73235d4a9e,status_id
89218,status_history:af28d5f8-718a-4eff-9134-6c7c21cb1d50,TKT-1-202607-02723,status_id,STATUS_UPDATE,"Status Updated",2,7,"Assigned (In Progress)",Resolved,satish.d,"2026-07-27 17:52:52","2026-07-27 12:22:52","Issue has been resolved.",status_history,af28d5f8-718a-4eff-9134-6c7c21cb1d50,status_id
121528,status_history:ee0b185c-c442-4f2b-b026-63c39660e0c7,TKT-1-202607-02723,status_id,STATUS_UPDATE,"Status Updated",1,2,"Open (New)","Assigned (In Progress)",vikram6singh,"2026-07-25 15:25:55","2026-07-25 09:55:55","Please check",status_history,ee0b185c-c442-4f2b-b026-63c39660e0c7,status_id
133528,division_history:2d48d4ed-b543-4be8-a41a-b8aecd495482,TKT-1-202607-02723,division,DIVISION_UPDATE,"Division Updated",NULL,DIV-004,NULL,"Quality Division",nf22177_08,"2026-07-25 15:24:23","2026-07-25 15:24:23",New,division_history,2d48d4ed-b543-4be8-a41a-b8aecd495482,division
216451,assignment_history:a83c5e65-eb2e-43e8-b0cf-f959bfe315ed,TKT-1-202607-02723,assigned_to,ASSIGNED_TO_UPDATE,"Assigned To Updated",NULL,arti.1.t,NULL,arti.1.t,vikram6singh,"2026-07-25 15:25:55","2026-07-25 15:25:55","Please check",assignment_history,a83c5e65-eb2e-43e8-b0cf-f959bfe315ed,assigned_to
216452,assignment_history:928f8690-1d99-4d7c-a60b-a2d64d879b68,TKT-1-202607-02723,assigned_to,ASSIGNED_TO_UPDATE,"Assigned To Updated",arti.1.t,satish.d,arti.1.t,satish.d,arti.1.t,"2026-07-25 15:43:46","2026-07-25 15:43:46","Correction Request: Incorrect Small Broken Entry in Annadarpan for Lot Accepted on 24/07/2026 (Shri Krishna Mandvi) / Contract/Lot No : K2025-26_NF22177@28554_1752016_FRRA/653.KIndly do the needful",assignment_history,928f8690-1d99-4d7c-a60b-a2d64d879b68,assigned_to
216453,assignment_history:928f8690-1d99-4d7c-a60b-a2d64d879b68,TKT-1-202607-02723,level_id,LEVEL_UPDATE,"Level Updated",,L3,,L3,arti.1.t,"2026-07-25 15:43:46","2026-07-25 15:43:46","Correction Request: Incorrect Small Broken Entry in Annadarpan for Lot Accepted on 24/07/2026 (Shri Krishna Mandvi) / Contract/Lot No : K2025-26_NF22177@28554_1752016_FRRA/653.KIndly do the needful",assignment_history,928f8690-1d99-4d7c-a60b-a2d64d879b68,level_id
216454,assignment_history:74f072a3-b197-4411-bf8f-d3f52497cedd,TKT-1-202607-02723,assigned_to,ASSIGNED_TO_UPDATE,"Assigned To Updated",satish.d,inish.d,satish.d,inish.d,inish.d,"2026-07-27 09:58:19","2026-07-27 09:58:19",.,assignment_history,74f072a3-b197-4411-bf8f-d3f52497cedd,assigned_to
216455,assignment_history:74f072a3-b197-4411-bf8f-d3f52497cedd,TKT-1-202607-02723,level_id,LEVEL_UPDATE,"Level Updated",L3,L3,L3,L3,inish.d,"2026-07-27 09:58:19","2026-07-27 09:58:19",.,assignment_history,74f072a3-b197-4411-bf8f-d3f52497cedd,level_id
63045,status_history:7b7ce3bd-3c77-4f93-9984-3d6ea7c3f417,TKT-1-202607-02744,status_id,STATUS_UPDATE,"Status Updated",2,3,"Assigned (In Progress)","On Hold (Pending with Requester)",satish.d,"2026-07-28 10:56:23","2026-07-28 05:26:23","check the comment section",status_history,7b7ce3bd-3c77-4f93-9984-3d6ea7c3f417,status_id
67219,status_history:83af2347-7fe7-45af-b041-7de1556be3a4,TKT-1-202607-02744,status_id,STATUS_UPDATE,"Status Updated",1,2,"Open (New)","Assigned (In Progress)",vikram6singh,"2026-07-27 09:17:39","2026-07-27 03:47:39","Please check.",status_history,83af2347-7fe7-45af-b041-7de1556be3a4,status_id
68484,status_history:862f4952-111f-421a-9643-7ab5d790643b,TKT-1-202607-02744,status_id,STATUS_UPDATE,"Status Updated",NULL,1,NULL,"Open (New)",157538,"2026-07-25 19:43:30","2026-07-25 14:13:30",New,status_history,862f4952-111f-421a-9643-7ab5d790643b,status_id
145833,division_history:f1b4d397-8b55-4e2e-88d3-893c99c42e8b,TKT-1-202607-02744,division,DIVISION_UPDATE,"Division Updated",NULL,DIV-004,NULL,"Quality Division",157538,"2026-07-25 19:43:30","2026-07-25 19:43:30",New,division_history,f1b4d397-8b55-4e2e-88d3-893c99c42e8b,division
216508,assignment_history:ff125e64-fe1e-48c8-b85d-6d01c7ff0e68,TKT-1-202607-02744,assigned_to,ASSIGNED_TO_UPDATE,"Assigned To Updated",NULL,saroj.m,NULL,saroj.m,vikram6singh,"2026-07-27 09:17:39","2026-07-27 09:17:39","Please check.",assignment_history,ff125e64-fe1e-48c8-b85d-6d01c7ff0e68,assigned_to
216509,assignment_history:9f33d9d2-fbd3-46a9-94ed-fde8f7b42cf8,TKT-1-202607-02744,assigned_to,ASSIGNED_TO_UPDATE,"Assigned To Updated",saroj.m,satish.d,saroj.m,satish.d,saroj.m,"2026-07-27 10:08:52","2026-07-27 10:08:52","Please look into this issue.",assignment_history,9f33d9d2-fbd3-46a9-94ed-fde8f7b42cf8,assigned_to
216510,assignment_history:9f33d9d2-fbd3-46a9-94ed-fde8f7b42cf8,TKT-1-202607-02744,level_id,LEVEL_UPDATE,"Level Updated",,L3,,L3,saroj.m,"2026-07-27 10:08:52","2026-07-27 10:08:52","Please look into this issue.",assignment_history,9f33d9d2-fbd3-46a9-94ed-fde8f7b42cf8,level_id
217827,ca337f6c-f5a6-429c-8567-5f7fea8af433,TKT-1-202607-02744,status_id,STATUS_UPDATE,"Status Updated",3,2,"On Hold (Pending with Requester)","Assigned (In Progress)",157538,"2026-07-29 17:46:31","2026-07-29 12:16:31","Issue resolved",NULL,NULL,NULL
217844,c3f29db2-a76f-4cce-9f99-f35cf50f1d87,TKT-1-202607-02744,status_id,STATUS_UPDATE,"Status Updated",2,7,"Assigned (In Progress)",Resolved,satish.d,"2026-07-29 17:53:10","2026-07-29 12:23:10","closing this ticket",NULL,NULL,NULL
232072,a4dad298-4b3b-452a-8ffb-26732981c49b,TKT-1-202607-02744,status_id,STATUS_UPDATE,"Status Updated",7,8,Resolved,Closed,157538,"2026-08-11 14:54:20","2026-08-11 09:24:20",close,NULL,NULL,NULL
32909,status_history:406c8c28-f6ec-4c14-9e9c-701ab1e32d5d,TKT-1-202607-02780,status_id,STATUS_UPDATE,"Status Updated",1,2,"Open (New)","Assigned (In Progress)",vikram6singh,"2026-07-27 13:26:14","2026-07-27 07:56:14","Please check",status_history,406c8c28-f6ec-4c14-9e9c-701ab1e32d5d,status_id
48397,status_history:5eefd3ea-1787-4e16-b95c-b813e082b497,TKT-1-202607-02780,status_id,STATUS_UPDATE,"Status Updated",NULL,1,NULL,"Open (New)",292751,"2026-07-27 12:51:46","2026-07-27 07:21:46",New,status_history,5eefd3ea-1787-4e16-b95c-b813e082b497,status_id
131243,division_history:097c97b9-f09b-4323-a9f3-e73e3340ec25,TKT-1-202607-02780,division,DIVISION_UPDATE,"Division Updated",NULL,DIV-003,NULL,"Movement Division",292751,"2026-07-27 12:51:46","2026-07-27 12:51:46",New,division_history,097c97b9-f09b-4323-a9f3-e73e3340ec25,division
216580,assignment_history:21c927cc-9381-493a-9e25-0ee34f730989,TKT-1-202607-02780,assigned_to,ASSIGNED_TO_UPDATE,"Assigned To Updated",NULL,sanjeet.k,NULL,sanjeet.k,vikram6singh,"2026-07-27 13:26:14","2026-07-27 13:26:14","Please check",assignment_history,21c927cc-9381-493a-9e25-0ee34f730989,assigned_to
216581,assignment_history:3ed9956f-566e-4179-98eb-6f2cd2ed39de,TKT-1-202607-02780,assigned_to,ASSIGNED_TO_UPDATE,"Assigned To Updated",sanjeet.k,umesh.k,sanjeet.k,umesh.k,sanjeet.k,"2026-07-27 17:48:55","2026-07-27 17:48:55","as per discussed on the call with the user, the user said loading statement differ in multicommodity rake. also he has mentioned some points regarding DDR and evening stock reports. kindly check and do the needful",assignment_history,3ed9956f-566e-4179-98eb-6f2cd2ed39de,assigned_to
216582,assignment_history:3ed9956f-566e-4179-98eb-6f2cd2ed39de,TKT-1-202607-02780,level_id,LEVEL_UPDATE,"Level Updated",,L2,,L2,sanjeet.k,"2026-07-27 17:48:55","2026-07-27 17:48:55","as per discussed on the call with the user, the user said loading statement differ in multicommodity rake. also he has mentioned some points regarding DDR and evening stock reports. kindly check and do the needful",assignment_history,3ed9956f-566e-4179-98eb-6f2cd2ed39de,level_id
217418,92006a11-36b5-49ba-8029-ae40eba8b878,TKT-1-202607-02780,status_id,STATUS_UPDATE,"Status Updated",2,3,"Assigned (In Progress)","On Hold (Pending with Requester)",umesh.k,"2026-07-29 15:03:45","2026-07-29 09:33:45","Dear Sir/Madam,  Kindly share the wagon details where you are seeing the excess bags, along with the original bag count. This will help us investigate the issue and identify the cause.  Thank you.",NULL,NULL,NULL
224867,2980518d-9ac5-4c23-bbdd-21aa9ab1822e,TKT-1-202607-02780,status_id,STATUS_UPDATE,"Status Updated",3,2,"On Hold (Pending with Requester)","Assigned (In Progress)",292751,"2026-08-05 12:34:31","2026-08-05 07:04:31","loadiong statement is attached for your reference.",NULL,NULL,NULL
233185,a7345823-b2ee-4796-8560-ad33cc5cbaa3,TKT-1-202607-02780,category,CATEGORY_UPDATE,"Category Updated",14,19,Movement,Reports,umesh.k,"2026-08-12 12:52:07","2026-08-12 07:22:07","Changing to Reports",NULL,NULL,NULL
233186,4e4b0d7a-ca96-469d-b2fe-692df2703a57,TKT-1-202607-02780,sub_category,SUB_CATEGORY_UPDATE,"Sub Category Updated",14039,19005,"Movement by Rail > Loading at Siding for non control wagon","Reports > Movement Reports",umesh.k,"2026-08-12 12:52:12","2026-08-12 07:22:12",.,NULL,NULL,NULL
245415,5be93801-41f2-4ef4-a755-af214fe86757,TKT-1-202607-02780,category,CATEGORY_UPDATE,"Category Updated",19,14,Reports,Movement,umesh.k,"2026-08-20 16:31:54","2026-08-20 11:01:54",Movement,NULL,NULL,NULL
264905,b19449e1-1493-4ca3-a4e5-d7c60044b9a0,TKT-1-202607-02780,status_id,STATUS_UPDATE,"Status Updated",2,3,"Assigned (In Progress)","On Hold (Pending with Requester)",umesh.k,"2026-09-08 18:34:07","2026-09-08 13:04:07","Dear sir/madam, kindly check the comments added. Thank you",NULL,NULL,NULL
265576,34ab33f7-1d60-4014-be30-8954d4627bcb,TKT-1-202607-02780,status_id,STATUS_UPDATE,"Status Updated",3,2,"On Hold (Pending with Requester)","Assigned (In Progress)",292751,"2026-09-09 13:31:01","2026-09-09 08:01:01","please closed The Ticket issue has been Resolve",NULL,NULL,NULL
265863,3f986374-f72e-4846-b221-e211f767bb80,TKT-1-202607-02780,status_id,STATUS_UPDATE,"Status Updated",2,7,"Assigned (In Progress)",Resolved,umesh.k,"2026-09-09 15:38:27","2026-09-09 10:08:27","Closing this ticket as the issue is resolved",NULL,NULL,NULL
12443,status_history:182cc5ea-e019-4e0f-947a-244a8be9b304,TKT-1-202607-02801,status_id,STATUS_UPDATE,"Status Updated",1,2,"Open (New)","Assigned (In Progress)",vikram6singh,"2026-07-27 15:59:36","2026-07-27 10:29:36","Please check.",status_history,182cc5ea-e019-4e0f-947a-244a8be9b304,status_id
113260,status_history:ddee9c12-8874-4f2b-a730-b1ddc9b3f58c,TKT-1-202607-02801,status_id,STATUS_UPDATE,"Status Updated",NULL,1,NULL,"Open (New)",286858,"2026-07-27 15:51:34","2026-07-27 10:21:34",New,status_history,ddee9c12-8874-4f2b-a730-b1ddc9b3f58c,status_id
131191,division_history:088d934d-b4c7-408d-a6ff-f703a03c8d21,TKT-1-202607-02801,division,DIVISION_UPDATE,"Division Updated",NULL,DIV-004,NULL,"Quality Division",286858,"2026-07-27 15:51:34","2026-07-27 15:51:34",New,division_history,088d934d-b4c7-408d-a6ff-f703a03c8d21,division
216639,assignment_history:6d7462a3-85f8-460c-b384-9ac30171a7ea,TKT-1-202607-02801,assigned_to,ASSIGNED_TO_UPDATE,"Assigned To Updated",NULL,sanjeet.k,NULL,sanjeet.k,vikram6singh,"2026-07-27 15:59:36","2026-07-27 15:59:36","Please check.",assignment_history,6d7462a3-85f8-460c-b384-9ac30171a7ea,assigned_to
216640,assignment_history:410c388a-5ecf-4fc6-8c5f-d6ab32f5e555,TKT-1-202607-02801,assigned_to,ASSIGNED_TO_UPDATE,"Assigned To Updated",sanjeet.k,satish.d,sanjeet.k,satish.d,sanjeet.k,"2026-07-27 17:36:26","2026-07-27 17:36:26","Autogenerated Priority of stacks in Anna Darpan is not in sequence and same date receipt stacks showing different sequence and other date stacks comes in between the same date. kindly check and do the needful",assignment_history,410c388a-5ecf-4fc6-8c5f-d6ab32f5e555,assigned_to
216641,assignment_history:410c388a-5ecf-4fc6-8c5f-d6ab32f5e555,TKT-1-202607-02801,level_id,LEVEL_UPDATE,"Level Updated",,L3,,L3,sanjeet.k,"2026-07-27 17:36:26","2026-07-27 17:36:26","Autogenerated Priority of stacks in Anna Darpan is not in sequence and same date receipt stacks showing different sequence and other date stacks comes in between the same date. kindly check and do the needful",assignment_history,410c388a-5ecf-4fc6-8c5f-d6ab32f5e555,level_id
217905,0a132722-7aa8-42af-83be-9270adc12108,TKT-1-202607-02801,status_id,STATUS_UPDATE,"Status Updated",2,3,"Assigned (In Progress)","On Hold (Pending with Requester)",satish.d,"2026-07-29 19:04:58","2026-07-29 13:34:58","where the order has been changed?",NULL,NULL,NULL
218680,bb18524c-5758-47c7-a39e-d4744a119a6d,TKT-1-202607-02801,status_id,STATUS_UPDATE,"Status Updated",3,2,"On Hold (Pending with Requester)","Assigned (In Progress)",286858,"2026-07-30 14:56:33","2026-07-30 09:26:33","plz see comment section",NULL,NULL,NULL
226698,fee5f7b1-edf9-4925-a95b-50b79f9cf631,TKT-1-202607-02801,status_id,STATUS_UPDATE,"Status Updated",2,3,"Assigned (In Progress)","On Hold (Pending with Requester)",satish.d,"2026-08-06 14:43:46","2026-08-06 09:13:46","Please be informed, the conditions for generating priority list is not only based on date of issue, but also on other factors like grade, age, luster loss, etc., so please check as per the rules",NULL,NULL,NULL
233309,346b44ad-5002-478e-857b-3097029029d3,TKT-1-202607-02801,status_id,STATUS_UPDATE,"Status Updated",3,2,"On Hold (Pending with Requester)","Assigned (In Progress)",kshitiz.s,"2026-08-12 14:05:23","2026-08-12 08:35:23","Please check.",NULL,NULL,NULL
233310,346b44ad-5002-478e-857b-3097029029d3,TKT-1-202607-02801,assigned_to,ASSIGNED_TO_UPDATE,"Assigned To Updated",satish.d,kshitiz.s,satish.d,kshitiz.s,kshitiz.s,"2026-08-12 14:05:23","2026-08-12 08:35:23","Please check.",NULL,NULL,NULL
233311,346b44ad-5002-478e-857b-3097029029d3,TKT-1-202607-02801,assigned_to_level,ASSIGNED_TO_LEVEL_UPDATE,"Assigned To Level Updated",NULL,NULL,L3,,kshitiz.s,"2026-08-12 14:05:23","2026-08-12 08:35:23","Please check.",NULL,NULL,NULL
233333,70e8c60d-67ac-4117-a2e5-5e0b83e40bae,TKT-1-202607-02801,status_id,STATUS_UPDATE,"Status Updated",2,7,"Assigned (In Progress)",Resolved,kshitiz.s,"2026-08-12 14:06:18","2026-08-12 08:36:18","Please refer to the comment section.",NULL,NULL,NULL
28864,status_history:3895053f-5ddd-46f9-b186-22c06924c6c5,TKT-1-202607-02818,status_id,STATUS_UPDATE,"Status Updated",1,2,"Open (New)","Assigned (In Progress)",vikram6singh,"2026-07-28 09:00:30","2026-07-28 03:30:30","Please check.",status_history,3895053f-5ddd-46f9-b186-22c06924c6c5,status_id
45226,status_history:58ae6a84-c58e-4b52-9837-9bbbd24999ef,TKT-1-202607-02818,status_id,STATUS_UPDATE,"Status Updated",2,3,"Assigned (In Progress)","On Hold (Pending with Requester)",arti.1.t,"2026-07-28 09:58:44","2026-07-28 04:28:44","Your attachment is missing. Kindly reattach the document/file for our reference and further investigation.",status_history,58ae6a84-c58e-4b52-9837-9bbbd24999ef,status_id
96426,status_history:bd37ad15-185f-43bd-93f0-7134559e2d2e,TKT-1-202607-02818,status_id,STATUS_UPDATE,"Status Updated",NULL,1,NULL,"Open (New)",wc18062_01,"2026-07-27 18:06:23","2026-07-27 12:36:23",New,status_history,bd37ad15-185f-43bd-93f0-7134559e2d2e,status_id
132435,division_history:1bc532e4-d3d0-4dff-ac28-979f242fdc29,TKT-1-202607-02818,division,DIVISION_UPDATE,"Division Updated",NULL,DIV-003,NULL,"Movement Division",wc18062_01,"2026-07-27 18:06:23","2026-07-27 18:06:23",New,division_history,1bc532e4-d3d0-4dff-ac28-979f242fdc29,division
216680,assignment_history:73a0a262-49ba-47a6-8584-d0416ee9dd80,TKT-1-202607-02818,assigned_to,ASSIGNED_TO_UPDATE,"Assigned To Updated",NULL,arti.1.t,NULL,arti.1.t,vikram6singh,"2026-07-28 09:00:30","2026-07-28 09:00:30","Please check.",assignment_history,73a0a262-49ba-47a6-8584-d0416ee9dd80,assigned_to
218363,fb954203-c765-4697-a0bc-057cab998a29,TKT-1-202607-02818,status_id,STATUS_UPDATE,"Status Updated",3,2,"On Hold (Pending with Requester)","Assigned (In Progress)",wc18062_01,"2026-07-30 12:29:36","2026-07-30 06:59:36","DESIRED DOCUMENTS ATTACHED",NULL,NULL,NULL
218910,fa6c6bbd-d4f3-4e7e-9d06-2b08a567ca88,TKT-1-202607-02818,assigned_to,ASSIGNED_TO_UPDATE,"Assigned To Updated",arti.1.t,umesh.k,arti.1.t,umesh.k,arti.1.t,"2026-07-30 16:21:00","2026-07-30 10:51:00","Request to change the specification of wagon no. NR 37748...reg.Kindly do the needful",NULL,NULL,NULL
218911,fa6c6bbd-d4f3-4e7e-9d06-2b08a567ca88,TKT-1-202607-02818,assigned_to_level,ASSIGNED_TO_LEVEL_UPDATE,"Assigned To Level Updated",NULL,NULL,,L2,arti.1.t,"2026-07-30 16:21:00","2026-07-30 10:51:00","Request to change the specification of wagon no. NR 37748...reg.Kindly do the needful",NULL,NULL,NULL
227744,efd92a55-e794-48ef-ac32-d0fb28e96447,TKT-1-202607-02818,status_id,STATUS_UPDATE,"Status Updated",2,3,"Assigned (In Progress)","On Hold (Pending with Requester)",umesh.k,"2026-08-07 09:47:35","2026-08-07 04:17:35","Dear Sir/Madam,  Please note that once the transaction is completed, the details cannot be modified from the backend, as it may affect the rake receipt process. Kindly verify all details before completing the transaction.  Thank you.",NULL,NULL,NULL
230855,96561bde-1f0b-4b72-8ad5-325640e6ca8e,TKT-1-202607-02818,status_id,STATUS_UPDATE,"Status Updated",3,2,"On Hold (Pending with Requester)","Assigned (In Progress)",shivaniyadav091298,"2026-08-10 16:36:21","2026-08-10 11:06:21","Please check",NULL,NULL,NULL
230856,96561bde-1f0b-4b72-8ad5-325640e6ca8e,TKT-1-202607-02818,assigned_to,ASSIGNED_TO_UPDATE,"Assigned To Updated",umesh.k,shivaniyadav091298,umesh.k,shivaniyadav091298,shivaniyadav091298,"2026-08-10 16:36:21","2026-08-10 11:06:21","Please check",NULL,NULL,NULL
230857,96561bde-1f0b-4b72-8ad5-325640e6ca8e,TKT-1-202607-02818,assigned_to_level,ASSIGNED_TO_LEVEL_UPDATE,"Assigned To Level Updated",NULL,NULL,L2,L1,shivaniyadav091298,"2026-08-10 16:36:21","2026-08-10 11:06:21","Please check",NULL,NULL,NULL
230881,ac0b2644-21f0-4737-9489-8d81fa2d79ac,TKT-1-202607-02818,status_id,STATUS_UPDATE,"Status Updated",2,7,"Assigned (In Progress)",Resolved,shivaniyadav091298,"2026-08-10 16:42:25","2026-08-10 11:12:25","Please check the comment section.",NULL,NULL,NULL
64149,status_history:7da7d67f-fad1-482b-b428-4d20924642b4,TKT-1-202607-02842,status_id,STATUS_UPDATE,"Status Updated",1,2,"Open (New)","Assigned (In Progress)",vikram6singh,"2026-07-28 12:28:33","2026-07-28 06:58:33","Please check.",status_history,7da7d67f-fad1-482b-b428-4d20924642b4,status_id
90265,status_history:b12dbdf2-7eee-48d7-9259-4d3ed6d0d294,TKT-1-202607-02842,status_id,STATUS_UPDATE,"Status Updated",NULL,1,NULL,"Open (New)",298113,"2026-07-28 12:28:08","2026-07-28 06:58:08",New,status_history,b12dbdf2-7eee-48d7-9259-4d3ed6d0d294,status_id
117740,status_history:e69d688e-46e3-4349-b0a3-e8600c7fcafb,TKT-1-202607-02842,status_id,STATUS_UPDATE,"Status Updated",2,3,"Assigned (In Progress)","On Hold (Pending with Requester)",satish.d,"2026-07-28 14:36:54","2026-07-28 09:06:54","WHOLE QUANTITY NEEDS TO BE REPLACED THEN ONLY IT WILL COME IN COMPLETE BRL REPLACEMENT",status_history,e69d688e-46e3-4349-b0a3-e8600c7fcafb,status_id
117975,status_history:e71f1b70-9526-43db-bcd5-f39b49d1eb32,TKT-1-202607-02842,status_id,STATUS_UPDATE,"Status Updated",3,2,"On Hold (Pending with Requester)","Assigned (In Progress)",298113,"2026-07-28 15:20:51","2026-07-28 09:50:51","Only one lot declared BRL& it is required to replace that lot only. Kindly allow that procedure so that it can be done at earliest",status_history,e71f1b70-9526-43db-bcd5-f39b49d1eb32,status_id
132694,division_history:1fb25d44-07ea-4c1c-8f3a-080527567707,TKT-1-202607-02842,division,DIVISION_UPDATE,"Division Updated",NULL,DIV-004,NULL,"Quality Division",298113,"2026-07-28 12:28:08","2026-07-28 12:28:08",New,division_history,1fb25d44-07ea-4c1c-8f3a-080527567707,division
216720,assignment_history:ccde3753-8c61-4127-b150-ab2c94b38e6f,TKT-1-202607-02842,assigned_to,ASSIGNED_TO_UPDATE,"Assigned To Updated",NULL,sanjeet.k,NULL,sanjeet.k,vikram6singh,"2026-07-28 12:28:33","2026-07-28 12:28:33","Please check.",assignment_history,ccde3753-8c61-4127-b150-ab2c94b38e6f,assigned_to
216721,assignment_history:b97178d6-0e2b-45a6-8a3f-bfbb8d8a09d6,TKT-1-202607-02842,assigned_to,ASSIGNED_TO_UPDATE,"Assigned To Updated",sanjeet.k,inish.d,sanjeet.k,inish.d,sanjeet.k,"2026-07-28 12:42:17","2026-07-28 12:42:17","BRL Number fetching neither automatically nor manually. kindly check and do the needful",assignment_history,b97178d6-0e2b-45a6-8a3f-bfbb8d8a09d6,assigned_to
216722,assignment_history:b97178d6-0e2b-45a6-8a3f-bfbb8d8a09d6,TKT-1-202607-02842,level_id,LEVEL_UPDATE,"Level Updated",,L3,,L3,sanjeet.k,"2026-07-28 12:42:17","2026-07-28 12:42:17","BRL Number fetching neither automatically nor manually. kindly check and do the needful",assignment_history,b97178d6-0e2b-45a6-8a3f-bfbb8d8a09d6,level_id
217354,804191e8-b75e-4882-b285-1afa75400f8f,TKT-1-202607-02842,status_id,STATUS_UPDATE,"Status Updated",2,3,"Assigned (In Progress)","On Hold (Pending with Requester)",satish.d,"2026-07-29 14:38:22","2026-07-29 09:08:22","please share the brl number and the user details to check this issue",NULL,NULL,NULL
217631,0a50027a-aaf0-4a81-8e38-c3f93ccb48ef,TKT-1-202607-02842,status_id,STATUS_UPDATE,"Status Updated",3,2,"On Hold (Pending with Requester)","Assigned (In Progress)",298113,"2026-07-29 16:20:19","2026-07-29 10:50:19","BRL Number:EE1601426PC1D0707260028",NULL,NULL,NULL
217655,23fe4b31-573d-4d54-b194-4a8b4d94c853,TKT-1-202607-02842,status_id,STATUS_UPDATE,"Status Updated",2,3,"Assigned (In Progress)","On Hold (Pending with Requester)",satish.d,"2026-07-29 16:28:26","2026-07-29 10:58:26","The total BRL quantity is 289.736000, but they have replaced only 289.536000. Since the entire BRL quantity has not been replaced, it is not appearing under Complete BRL Replacement",NULL,NULL,NULL
217887,da5bac60-c8d2-4326-aa8c-78cc1ef43a71,TKT-1-202607-02842,status_id,STATUS_UPDATE,"Status Updated",3,2,"On Hold (Pending with Requester)","Assigned (In Progress)",298113,"2026-07-29 18:18:27","2026-07-29 12:48:27","total quantity received via lot no 23(replacement lot) is Q289.736.You are requested to visit all in weight and out weight recordings recorded earlier. I have attached out weight slip. 20kg deducted automatically on AD..",NULL,NULL,NULL
219547,b5295cb0-957b-4c34-92c2-c2964a38575b,TKT-1-202607-02842,issue_type_id,ISSUE_TYPE_UPDATE,"Issue Type Updated",2,4,"Service Request","Change Request",satish.d,"2026-07-31 12:52:42","2026-07-31 07:22:42","Change request",NULL,NULL,NULL
219554,f2e8788f-cb2d-49e6-806e-86ecc81c1526,TKT-1-202607-02842,issue_type_id,ISSUE_TYPE_UPDATE,"Issue Type Updated",4,2,"Change Request","Service Request",satish.d,"2026-07-31 12:53:18","2026-07-31 07:23:18","By mistakenly marked as CR..Changin to SR",NULL,NULL,NULL
220701,5898a171-b0ed-49e4-80f4-fe5ac903fb97,TKT-1-202607-02842,status_id,STATUS_UPDATE,"Status Updated",2,3,"Assigned (In Progress)","On Hold (Pending with Requester)",vikram6singh,"2026-08-01 12:40:16","2026-08-01 07:10:16","Please refer the comment box.",NULL,NULL,NULL
222150,c57a1582-2d7e-44ea-8489-7faabe0f9704,TKT-1-202607-02842,status_id,STATUS_UPDATE,"Status Updated",3,2,"On Hold (Pending with Requester)","Assigned (In Progress)",satish.d,"2026-08-03 15:33:12","2026-08-03 10:03:12","it is fixed now",NULL,NULL,NULL
222153,09f64042-f02c-4750-a051-11a6a9685ed4,TKT-1-202607-02842,status_id,STATUS_UPDATE,"Status Updated",2,7,"Assigned (In Progress)",Resolved,satish.d,"2026-08-03 15:33:34","2026-08-03 10:03:34","as it is fixed, resolving this ticket",NULL,NULL,NULL
30568,status_history:3bde90ca-91a8-4765-adfc-c8b00b2d0e22,TKT-1-202607-02867,status_id,STATUS_UPDATE,"Status Updated",NULL,1,NULL,"Open (New)",318634,"2026-07-28 15:20:03","2026-07-28 09:50:03",New,status_history,3bde90ca-91a8-4765-adfc-c8b00b2d0e22,status_id
130252,status_history:ff33491a-ff2c-432f-8a1f-2df5840da3de,TKT-1-202607-02867,status_id,STATUS_UPDATE,"Status Updated",1,2,"Open (New)","Assigned (In Progress)",vikram6singh,"2026-07-28 15:44:04","2026-07-28 10:14:04","Please check.",status_history,ff33491a-ff2c-432f-8a1f-2df5840da3de,status_id
142670,division_history:bf7c1236-bf33-4f78-a6e8-29ac3c710ae9,TKT-1-202607-02867,division,DIVISION_UPDATE,"Division Updated",NULL,DIV-009,NULL,"General/House Keeping Division",318634,"2026-07-28 15:20:03","2026-07-28 15:20:03",New,division_history,bf7c1236-bf33-4f78-a6e8-29ac3c710ae9,division
216763,assignment_history:a8fa2c9a-1b42-4074-8e44-f6e4c6c17115,TKT-1-202607-02867,assigned_to,ASSIGNED_TO_UPDATE,"Assigned To Updated",NULL,arti.1.t,NULL,arti.1.t,vikram6singh,"2026-07-28 15:44:04","2026-07-28 15:44:04","Please check.",assignment_history,a8fa2c9a-1b42-4074-8e44-f6e4c6c17115,assigned_to
216764,assignment_history:32de7d8d-57d1-4a40-b663-d906d1ea3991,TKT-1-202607-02867,assigned_to,ASSIGNED_TO_UPDATE,"Assigned To Updated",arti.1.t,inish.d,arti.1.t,inish.d,arti.1.t,"2026-07-28 15:53:06","2026-07-28 15:53:06","Issue in Asset Entry and Allocation of BOX under Furniture & Fixture Category.Kindly do the needful",assignment_history,32de7d8d-57d1-4a40-b663-d906d1ea3991,assigned_to
216765,assignment_history:32de7d8d-57d1-4a40-b663-d906d1ea3991,TKT-1-202607-02867,level_id,LEVEL_UPDATE,"Level Updated",,L3,,L3,arti.1.t,"2026-07-28 15:53:06","2026-07-28 15:53:06","Issue in Asset Entry and Allocation of BOX under Furniture & Fixture Category.Kindly do the needful",assignment_history,32de7d8d-57d1-4a40-b663-d906d1ea3991,level_id
217417,c238123e-ee33-4864-9636-51897f4569b8,TKT-1-202607-02867,status_id,STATUS_UPDATE,"Status Updated",2,7,"Assigned (In Progress)",Resolved,satish.d,"2026-07-29 15:03:16","2026-07-29 09:33:16","Kindly check the comment section",NULL,NULL,NULL
48254,status_history:5e9bc583-bd9e-4ae1-9c80-8840c4c6d324,TKT-1-202607-02870,status_id,STATUS_UPDATE,"Status Updated",1,2,"Open (New)","Assigned (In Progress)",vikram6singh,"2026-07-28 15:43:44","2026-07-28 10:13:44","Please check.",status_history,5e9bc583-bd9e-4ae1-9c80-8840c4c6d324,status_id
53009,status_history:67fe35ce-77ae-4aac-b1bc-4019b09827ab,TKT-1-202607-02870,status_id,STATUS_UPDATE,"Status Updated",NULL,1,NULL,"Open (New)",264516,"2026-07-28 15:41:47","2026-07-28 10:11:47",New,status_history,67fe35ce-77ae-4aac-b1bc-4019b09827ab,status_id
57712,status_history:7135a22c-372b-4d97-aeff-fa69fc198299,TKT-1-202607-02870,status_id,STATUS_UPDATE,"Status Updated",2,7,"Assigned (In Progress)",Resolved,umesh.k,"2026-07-28 16:46:56","2026-07-28 11:16:56","Issue has been Resolved. kindly check with qtls unit.",status_history,7135a22c-372b-4d97-aeff-fa69fc198299,status_id
143049,division_history:c5a32a40-9ee9-4494-bbab-93e2dcc5b33f,TKT-1-202607-02870,division,DIVISION_UPDATE,"Division Updated",NULL,DIV-005,NULL,"Stocks/PV Division",264516,"2026-07-28 15:41:47","2026-07-28 15:41:47",New,division_history,c5a32a40-9ee9-4494-bbab-93e2dcc5b33f,division
216768,assignment_history:d4e6111a-be55-4159-ab9e-04401d33c457,TKT-1-202607-02870,assigned_to,ASSIGNED_TO_UPDATE,"Assigned To Updated",NULL,anshu.r,NULL,anshu.r,vikram6singh,"2026-07-28 15:43:44","2026-07-28 15:43:44","Please check.",assignment_history,d4e6111a-be55-4159-ab9e-04401d33c457,assigned_to
216769,assignment_history:30110e14-2153-4613-85c0-3aa48c42c117,TKT-1-202607-02870,assigned_to,ASSIGNED_TO_UPDATE,"Assigned To Updated",anshu.r,inish.d,anshu.r,inish.d,anshu.r,"2026-07-28 15:53:21","2026-07-28 15:53:21","Kindly do the needful",assignment_history,30110e14-2153-4613-85c0-3aa48c42c117,assigned_to
216770,assignment_history:30110e14-2153-4613-85c0-3aa48c42c117,TKT-1-202607-02870,level_id,LEVEL_UPDATE,"Level Updated",,L3,,L3,anshu.r,"2026-07-28 15:53:21","2026-07-28 15:53:21","Kindly do the needful",assignment_history,30110e14-2153-4613-85c0-3aa48c42c117,level_id
218281,a4aa0bda-8430-4473-a071-5c1f58e645ab,TKT-1-202607-02870,status_id,STATUS_UPDATE,"Status Updated",7,10,Resolved,Reopened,264516,"2026-07-30 12:11:06","2026-07-30 06:41:06","Ticket not resolved.Still variation in DSR.Kindly do the neeful.The DSR weight is wrong in Qtls.Now also variation between receipt weight in Evening stock position and DSR as on 27.07.2026. receipt weight in qtls also.",NULL,NULL,NULL
218282,a4aa0bda-8430-4473-a071-5c1f58e645ab,TKT-1-202607-02870,assigned_to,ASSIGNED_TO_UPDATE,"Assigned To Updated",inish.d,NULL,inish.d,NULL,264516,"2026-07-30 12:11:06","2026-07-30 06:41:06","Ticket not resolved.Still variation in DSR.Kindly do the neeful.The DSR weight is wrong in Qtls.Now also variation between receipt weight in Evening stock position and DSR as on 27.07.2026. receipt weight in qtls also.",NULL,NULL,NULL
218283,a4aa0bda-8430-4473-a071-5c1f58e645ab,TKT-1-202607-02870,assigned_to_level,ASSIGNED_TO_LEVEL_UPDATE,"Assigned To Level Updated",NULL,NULL,L3,NULL,264516,"2026-07-30 12:11:06","2026-07-30 06:41:06","Ticket not resolved.Still variation in DSR.Kindly do the neeful.The DSR weight is wrong in Qtls.Now also variation between receipt weight in Evening stock position and DSR as on 27.07.2026. receipt weight in qtls also.",NULL,NULL,NULL
218298,09bcd661-df5e-42dc-811a-5113d2d9b7ba,TKT-1-202607-02870,status_id,STATUS_UPDATE,"Status Updated",10,2,Reopened,"Assigned (In Progress)",vikram6singh,"2026-07-30 12:11:47","2026-07-30 06:41:47","Please check.",NULL,NULL,NULL
218299,09bcd661-df5e-42dc-811a-5113d2d9b7ba,TKT-1-202607-02870,assigned_to,ASSIGNED_TO_UPDATE,"Assigned To Updated",NULL,anshu.r,NULL,anshu.r,vikram6singh,"2026-07-30 12:11:47","2026-07-30 06:41:47","Please check.",NULL,NULL,NULL
218300,09bcd661-df5e-42dc-811a-5113d2d9b7ba,TKT-1-202607-02870,assigned_to_level,ASSIGNED_TO_LEVEL_UPDATE,"Assigned To Level Updated",NULL,NULL,NULL,,vikram6singh,"2026-07-30 12:11:47","2026-07-30 06:41:47","Please check.",NULL,NULL,NULL
218364,7de69030-bc32-4c91-87e4-38543d9bc039,TKT-1-202607-02870,assigned_to,ASSIGNED_TO_UPDATE,"Assigned To Updated",anshu.r,umesh.k,anshu.r,umesh.k,anshu.r,"2026-07-30 12:30:25","2026-07-30 07:00:25","Kindly do the needful",NULL,NULL,NULL
218365,7de69030-bc32-4c91-87e4-38543d9bc039,TKT-1-202607-02870,assigned_to_level,ASSIGNED_TO_LEVEL_UPDATE,"Assigned To Level Updated",NULL,NULL,,L2,anshu.r,"2026-07-30 12:30:25","2026-07-30 07:00:25","Kindly do the needful",NULL,NULL,NULL
225326,8705cc80-4aba-48bb-95b0-7fd45a1e0a91,TKT-1-202607-02870,status_id,STATUS_UPDATE,"Status Updated",2,7,"Assigned (In Progress)",Resolved,umesh.k,"2026-08-05 15:11:16","2026-08-05 09:41:16","kindly refer comment section for more information.",NULL,NULL,NULL
217065,24e003e2-79a0-4dc0-9083-c96727741912,TKT-1-202607-02923,status_id,STATUS_UPDATE,"Status Updated",1,2,"Open (New)","Assigned (In Progress)",vikram6singh,"2026-07-29 12:19:47","2026-07-29 06:49:47","Please check.",NULL,NULL,NULL
217066,24e003e2-79a0-4dc0-9083-c96727741912,TKT-1-202607-02923,assigned_to,ASSIGNED_TO_UPDATE,"Assigned To Updated",NULL,arti.1.t,NULL,arti.1.t,vikram6singh,"2026-07-29 12:19:47","2026-07-29 06:49:47","Please check.",NULL,NULL,NULL
217067,24e003e2-79a0-4dc0-9083-c96727741912,TKT-1-202607-02923,assigned_to_level,ASSIGNED_TO_LEVEL_UPDATE,"Assigned To Level Updated",NULL,NULL,NULL,,vikram6singh,"2026-07-29 12:19:47","2026-07-29 06:49:47","Please check.",NULL,NULL,NULL
217090,621dcb2c-83bb-4d0d-b8e0-0a7b4a1e3810,TKT-1-202607-02923,issue_type_id,ISSUE_TYPE_UPDATE,"Issue Type Updated",3,2,"Problem / Bug","Service Request",arti.1.t,"2026-07-29 12:28:20","2026-07-29 06:58:20","As I checked, this is not a problem/bug. After verification, I changed the ticket category to a Service Request. Kindly proceed accordingly.",NULL,NULL,NULL
217091,4c2fdba2-eb59-42e6-b520-b636c01c1b43,TKT-1-202607-02923,priority,PRIORITY_UPDATE,"Priority Updated",NULL,NULL,P1,P4,arti.1.t,"2026-07-29 12:28:47","2026-07-29 06:58:47","I changed in Priority 4",NULL,NULL,NULL
217420,ad5b8793-4d97-4d57-90fd-54b7180fa8e7,TKT-1-202607-02923,assigned_to,ASSIGNED_TO_UPDATE,"Assigned To Updated",arti.1.t,umesh.k,arti.1.t,umesh.k,arti.1.t,"2026-07-29 15:04:54","2026-07-29 09:34:54","Gram difference reflects in multiple reports after receiving rake on 28.07.2026.Kindly do the needful",NULL,NULL,NULL
217421,ad5b8793-4d97-4d57-90fd-54b7180fa8e7,TKT-1-202607-02923,assigned_to_level,ASSIGNED_TO_LEVEL_UPDATE,"Assigned To Level Updated",NULL,NULL,,L2,arti.1.t,"2026-07-29 15:04:54","2026-07-29 09:34:54","Gram difference reflects in multiple reports after receiving rake on 28.07.2026.Kindly do the needful",NULL,NULL,NULL
218071,a0685609-be24-4863-82b7-a8b495df9cd2,TKT-1-202607-02923,category,CATEGORY_UPDATE,"Category Updated",3,19,"Data Management",Reports,umesh.k,"2026-07-30 11:12:42","2026-07-30 05:42:42","Assigning to reports module",NULL,NULL,NULL
218074,50d40c24-3cd9-47bd-b9bd-5dbf18fe1f5b,TKT-1-202607-02923,sub_category,SUB_CATEGORY_UPDATE,"Sub Category Updated",3003,19009,"Data Synchronization Issues","Reports > Storage Reports",umesh.k,"2026-07-30 11:13:26","2026-07-30 05:43:26","storage reprots.",NULL,NULL,NULL
222074,45ddc5d4-a44b-4e7a-b344-589f76740013,TKT-1-202607-02923,category,CATEGORY_UPDATE,"Category Updated",19,12,Reports,Storage,umesh.k,"2026-08-03 15:10:09","2026-08-03 09:40:09",-,NULL,NULL,NULL
222075,5bab9baa-7b84-4163-8047-97587b2955d6,TKT-1-202607-02923,sub_category,SUB_CATEGORY_UPDATE,"Sub Category Updated",19009,12057,"Reports > Storage Reports",Others,umesh.k,"2026-08-03 15:10:11","2026-08-03 09:40:11",-,NULL,NULL,NULL
222107,d674d288-c02c-410c-9ebc-5b761a5c8156,TKT-1-202607-02923,status_id,STATUS_UPDATE,"Status Updated",2,3,"Assigned (In Progress)","On Hold (Pending with Requester)",inish.d,"2026-08-03 15:20:40","2026-08-03 09:50:40","Sir/Madam, Please use Other transaction to adjust the grams different.",NULL,NULL,NULL
222285,c7e62595-17eb-4d8b-9719-1ece9afa0d15,TKT-1-202607-02923,status_id,STATUS_UPDATE,"Status Updated",3,2,"On Hold (Pending with Requester)","Assigned (In Progress)",se16003_01,"2026-08-03 16:25:02","2026-08-03 10:55:02",.,NULL,NULL,NULL
222480,23360533-6845-4c43-8d90-9d41b01af775,TKT-1-202607-02923,status_id,STATUS_UPDATE,"Status Updated",2,3,"Assigned (In Progress)","On Hold (Pending with Requester)",inish.d,"2026-08-03 17:12:31","2026-08-03 11:42:31","Sir/Madam, Please use Other transaction to adjust the grams different.",NULL,NULL,NULL
225902,64e1aab1-1cc6-4bd6-a72c-2762626cb032,TKT-1-202607-02923,status_id,STATUS_UPDATE,"Status Updated",3,2,"On Hold (Pending with Requester)","Assigned (In Progress)",se16003_01,"2026-08-05 18:41:37","2026-08-05 13:11:37","I have attached screenshot of other transaction [ot]. it wont submit if bags not entered. please tell me how to use other transaction for adjusting gram difference",NULL,NULL,NULL
225936,c935ba87-f8eb-4c83-9e3f-349bc03fa8f0,TKT-1-202607-02923,status_id,STATUS_UPDATE,"Status Updated",2,3,"Assigned (In Progress)","On Hold (Pending with Requester)",inish.d,"2026-08-05 20:45:14","2026-08-05 15:15:14","Sir/Madam, Please share the screenshot for OT.",NULL,NULL,NULL
226656,2c7faae6-238c-47d7-8f8a-5ca61ba59107,TKT-1-202607-02923,status_id,STATUS_UPDATE,"Status Updated",3,2,"On Hold (Pending with Requester)","Assigned (In Progress)",se16003_01,"2026-08-06 14:33:41","2026-08-06 09:03:41",.,NULL,NULL,NULL
226700,091664be-ca0d-40e2-bf4b-c2c745d2de19,TKT-1-202607-02923,status_id,STATUS_UPDATE,"Status Updated",2,3,"Assigned (In Progress)","On Hold (Pending with Requester)",inish.d,"2026-08-06 14:44:12","2026-08-06 09:14:12","Sir/Madam, Please provide the transaction bags as zero and remarks in Other Transaction",NULL,NULL,NULL
227753,4a9bd046-24ea-48ae-b3de-51055462291c,TKT-1-202607-02923,status_id,STATUS_UPDATE,"Status Updated",3,2,"On Hold (Pending with Requester)","Assigned (In Progress)",se16003_01,"2026-08-07 10:13:18","2026-08-07 04:43:18",.,NULL,NULL,NULL
227776,543962d0-066b-46ae-ba5f-555d52b077c9,TKT-1-202607-02923,category,CATEGORY_UPDATE,"Category Updated",12,19,Storage,Reports,inish.d,"2026-08-07 10:38:25","2026-08-07 05:08:25",-,NULL,NULL,NULL
227788,7f116a7d-2378-461c-a0f9-f6b74eac26ad,TKT-1-202607-02923,status_id,STATUS_UPDATE,"Status Updated",2,7,"Assigned (In Progress)",Resolved,umesh.k,"2026-08-07 10:46:37","2026-08-07 05:16:37","kindly refer comment section for more information.",NULL,NULL,NULL
268517,950e87c7-0a5b-4414-8230-1ea658481f80,TKT-1-202607-02923,status_id,STATUS_UPDATE,"Status Updated",7,8,Resolved,Closed,se16003_01,"2026-09-11 16:07:09","2026-09-11 10:37:09",..,NULL,NULL,NULL
217225,dd09051b-53e4-42de-ba0e-3777fbc37063,TKT-1-202607-02944,status_id,STATUS_UPDATE,"Status Updated",1,2,"Open (New)","Assigned (In Progress)",vikram6singh,"2026-07-29 13:35:10","2026-07-29 08:05:10","Please check.",NULL,NULL,NULL
217226,dd09051b-53e4-42de-ba0e-3777fbc37063,TKT-1-202607-02944,assigned_to,ASSIGNED_TO_UPDATE,"Assigned To Updated",NULL,pooja.11,NULL,pooja.11,vikram6singh,"2026-07-29 13:35:10","2026-07-29 08:05:10","Please check.",NULL,NULL,NULL
217227,dd09051b-53e4-42de-ba0e-3777fbc37063,TKT-1-202607-02944,assigned_to_level,ASSIGNED_TO_LEVEL_UPDATE,"Assigned To Level Updated",NULL,NULL,NULL,,vikram6singh,"2026-07-29 13:35:10","2026-07-29 08:05:10","Please check.",NULL,NULL,NULL
217510,7311eaf4-477a-439a-8058-aef97d4b9f88,TKT-1-202607-02944,priority,PRIORITY_UPDATE,"Priority Updated",NULL,NULL,P2,P4,pooja.11,"2026-07-29 15:42:09","2026-07-29 10:12:09","As checked and observed, the said Priority does not seem to be a P1 and it seems to be a P4 and hence changing the priority P4 type.",NULL,NULL,NULL
217514,3c31ab93-b702-4e21-8ed8-f42d5b1bb244,TKT-1-202607-02944,issue_type_id,ISSUE_TYPE_UPDATE,"Issue Type Updated",5,2,"Routine Task","Service Request",pooja.11,"2026-07-29 15:43:53","2026-07-29 10:13:53","As checked and observed, the said issue does not seem to be a Routine Task, and it seems to be a Service Request and hence changing the issue type to Service Request.",NULL,NULL,NULL
217729,08d474e7-4b0e-4929-b8ec-37c89a8178df,TKT-1-202607-02944,assigned_to,ASSIGNED_TO_UPDATE,"Assigned To Updated",pooja.11,satish.d,pooja.11,satish.d,pooja.11,"2026-07-29 16:51:42","2026-07-29 11:21:42","Kindly do the needful.",NULL,NULL,NULL
217730,08d474e7-4b0e-4929-b8ec-37c89a8178df,TKT-1-202607-02944,assigned_to_level,ASSIGNED_TO_LEVEL_UPDATE,"Assigned To Level Updated",NULL,NULL,,L3,pooja.11,"2026-07-29 16:51:42","2026-07-29 11:21:42","Kindly do the needful.",NULL,NULL,NULL
217903,db9a4e59-5730-4781-b8f9-031fb1ae8545,TKT-1-202607-02944,status_id,STATUS_UPDATE,"Status Updated",2,3,"Assigned (In Progress)","On Hold (Pending with Requester)",satish.d,"2026-07-29 19:00:26","2026-07-29 13:30:26","please share the credentials to check this issue",NULL,NULL,NULL
219774,bb398e23-894b-438b-a05c-67ef88af3193,TKT-1-202607-02944,status_id,STATUS_UPDATE,"Status Updated",3,2,"On Hold (Pending with Requester)","Assigned (In Progress)",262296,"2026-07-31 14:31:07","2026-07-31 09:01:07","username-262296 , Password -  Depot@354",NULL,NULL,NULL
226734,2a751be3-35d5-4210-af18-962401caf023,TKT-1-202607-02944,status_id,STATUS_UPDATE,"Status Updated",2,7,"Assigned (In Progress)",Resolved,umesh.k,"2026-08-06 14:53:47","2026-08-06 09:23:47","Kindly check our comments.",NULL,NULL,NULL
217591,362bfd38-b51a-4e9b-aef7-be6dda1ab98a,TKT-1-202607-02972,status_id,STATUS_UPDATE,"Status Updated",1,2,"Open (New)","Assigned (In Progress)",vikram6singh,"2026-07-29 16:11:11","2026-07-29 10:41:11","Please check.",NULL,NULL,NULL
217592,362bfd38-b51a-4e9b-aef7-be6dda1ab98a,TKT-1-202607-02972,assigned_to,ASSIGNED_TO_UPDATE,"Assigned To Updated",NULL,arti.1.t,NULL,arti.1.t,vikram6singh,"2026-07-29 16:11:11","2026-07-29 10:41:11","Please check.",NULL,NULL,NULL
217593,362bfd38-b51a-4e9b-aef7-be6dda1ab98a,TKT-1-202607-02972,assigned_to_level,ASSIGNED_TO_LEVEL_UPDATE,"Assigned To Level Updated",NULL,NULL,NULL,,vikram6singh,"2026-07-29 16:11:11","2026-07-29 10:41:11","Please check.",NULL,NULL,NULL
217605,8f9fa411-85cb-4d6a-87a8-35e39786bb45,TKT-1-202607-02972,issue_type_id,ISSUE_TYPE_UPDATE,"Issue Type Updated",3,2,"Problem / Bug","Service Request",arti.1.t,"2026-07-29 16:13:49","2026-07-29 10:43:49","As I checked, this is not a problem/bug. After verification, I changed the ticket category to a Service Request. Kindly proceed accordingly.",NULL,NULL,NULL
217609,bc9eb46e-d099-43c9-97e4-403f71d29a6d,TKT-1-202607-02972,priority,PRIORITY_UPDATE,"Priority Updated",NULL,NULL,P1,P4,arti.1.t,"2026-07-29 16:14:08","2026-07-29 10:44:08","I changed into Priority 4",NULL,NULL,NULL
217621,5815465b-b9aa-4354-8e46-45b8f21eb1a5,TKT-1-202607-02972,assigned_to,ASSIGNED_TO_UPDATE,"Assigned To Updated",arti.1.t,satish.d,arti.1.t,satish.d,arti.1.t,"2026-07-29 16:16:13","2026-07-29 10:46:13","Unable to select the sheds 1c 2c 4c for curative treatment as they are not available in drop down list.Kindly do the needful",NULL,NULL,NULL
217622,5815465b-b9aa-4354-8e46-45b8f21eb1a5,TKT-1-202607-02972,assigned_to_level,ASSIGNED_TO_LEVEL_UPDATE,"Assigned To Level Updated",NULL,NULL,,L3,arti.1.t,"2026-07-29 16:16:13","2026-07-29 10:46:13","Unable to select the sheds 1c 2c 4c for curative treatment as they are not available in drop down list.Kindly do the needful",NULL,NULL,NULL
217890,3b84a558-27d8-4fa8-b294-b0fc38fdb24c,TKT-1-202607-02972,status_id,STATUS_UPDATE,"Status Updated",2,3,"Assigned (In Progress)","On Hold (Pending with Requester)",satish.d,"2026-07-29 18:35:30","2026-07-29 13:05:30","as those are CAP storage , please check under CAP in type of fumigation",NULL,NULL,NULL
218825,7de3bcc6-0106-4699-99d3-fd7a84db6074,TKT-1-202607-02972,status_id,STATUS_UPDATE,"Status Updated",3,2,"On Hold (Pending with Requester)","Assigned (In Progress)",sf12045_01,"2026-07-30 15:48:58","2026-07-30 10:18:58","1c 2c 3c shed total capacity is 5000 mt, we need to change these 3 sheds from cap to cover. need to do it without OT process. last time in shed no 3suddala depot we emptied all stock deleted it and changed cap to cover  . SO WE NEED WITH OUT ot",NULL,NULL,NULL
218866,5cffa9ff-fc53-4c51-b5d8-5d222c6194f8,TKT-1-202607-02972,assigned_to,ASSIGNED_TO_UPDATE,"Assigned To Updated",satish.d,vikram6singh,satish.d,vikram6singh,satish.d,"2026-07-30 16:03:55","2026-07-30 10:33:55","Please check with Mukesh for this ticket",NULL,NULL,NULL
218867,5cffa9ff-fc53-4c51-b5d8-5d222c6194f8,TKT-1-202607-02972,assigned_to_level,ASSIGNED_TO_LEVEL_UPDATE,"Assigned To Level Updated",NULL,NULL,L3,,satish.d,"2026-07-30 16:03:55","2026-07-30 10:33:55","Please check with Mukesh for this ticket",NULL,NULL,NULL
218923,1e3dad9d-0d69-4767-b2d6-2b87c5ab1f19,TKT-1-202607-02972,assigned_to,ASSIGNED_TO_UPDATE,"Assigned To Updated",vikram6singh,arti.1.t,vikram6singh,arti.1.t,vikram6singh,"2026-07-30 16:29:07","2026-07-30 10:59:07","Please check and coordinate as per the comments/remarks.",NULL,NULL,NULL
218926,d364da55-f16b-4ef0-9673-cf3613ad0747,TKT-1-202607-02972,assigned_to,ASSIGNED_TO_UPDATE,"Assigned To Updated",arti.1.t,anuj.s,arti.1.t,anuj.s,vikram6singh,"2026-07-30 16:30:12","2026-07-30 11:00:12","Please connect with the user as per the comments/remarks.",NULL,NULL,NULL
218981,93e3a291-6c40-4cce-97f9-677cf63cc451,TKT-1-202607-02972,assigned_to,ASSIGNED_TO_UPDATE,"Assigned To Updated",anuj.s,arti.1.t,anuj.s,arti.1.t,vikram6singh,"2026-07-30 16:48:53","2026-07-30 11:18:53","Please connect with the user as per the comments/remarks.",NULL,NULL,NULL
219137,d816b61e-03bc-499a-905c-573e188ec3bd,TKT-1-202607-02972,status_id,STATUS_UPDATE,"Status Updated",2,3,"Assigned (In Progress)","On Hold (Pending with Requester)",arti.1.t,"2026-07-30 17:59:10","2026-07-30 12:29:10","Kindly share your contact details so that we can discuss the issue further and assist you accordingly.",NULL,NULL,NULL
220595,426f331a-85c0-46f7-b578-3cad03b138d3,TKT-1-202607-02972,status_id,STATUS_UPDATE,"Status Updated",3,2,"On Hold (Pending with Requester)","Assigned (In Progress)",sf12045_01,"2026-08-01 11:30:33","2026-08-01 06:00:33","This is my contact details 8328032127",NULL,NULL,NULL
220735,da7b634b-1fa2-4203-af19-344633209978,TKT-1-202607-02972,assigned_to,ASSIGNED_TO_UPDATE,"Assigned To Updated",arti.1.t,satish.d,arti.1.t,satish.d,arti.1.t,"2026-08-01 12:59:30","2026-08-01 07:29:30","Unable to select the sheds 1c 2c 4c for curative treatment as they are not available in drop down list.KIndly do the needful",NULL,NULL,NULL
220736,da7b634b-1fa2-4203-af19-344633209978,TKT-1-202607-02972,assigned_to_level,ASSIGNED_TO_LEVEL_UPDATE,"Assigned To Level Updated",NULL,NULL,,L3,arti.1.t,"2026-08-01 12:59:30","2026-08-01 07:29:30","Unable to select the sheds 1c 2c 4c for curative treatment as they are not available in drop down list.KIndly do the needful",NULL,NULL,NULL
221750,e300e5fa-9868-47d3-9630-b9af65fa7df8,TKT-1-202607-02972,assigned_to,ASSIGNED_TO_UPDATE,"Assigned To Updated",satish.d,mukeshkumar,satish.d,mukeshkumar,satish.d,"2026-08-03 12:54:22","2026-08-03 07:24:22","PLEASE CHECK THIS",NULL,NULL,NULL
221751,e300e5fa-9868-47d3-9630-b9af65fa7df8,TKT-1-202607-02972,assigned_to_level,ASSIGNED_TO_LEVEL_UPDATE,"Assigned To Level Updated",NULL,NULL,L3,,satish.d,"2026-08-03 12:54:22","2026-08-03 07:24:22","PLEASE CHECK THIS",NULL,NULL,NULL
222390,24642ccb-52ec-400d-bfa4-c045741fe25d,TKT-1-202607-02972,assigned_to,ASSIGNED_TO_UPDATE,"Assigned To Updated",mukeshkumar,arti.1.t,mukeshkumar,arti.1.t,mukeshkumar,"2026-08-03 16:48:12","2026-08-03 11:18:12","Please coordinate with the user",NULL,NULL,NULL
222473,57fcaaff-b4c5-4fe6-a17e-0f30ae5597fd,TKT-1-202607-02972,status_id,STATUS_UPDATE,"Status Updated",2,7,"Assigned (In Progress)",Resolved,arti.1.t,"2026-08-03 17:10:09","2026-08-03 11:40:09","To convert a CAP Shed into a Covered Shed, the existing shed must first be vacated and made empty. Once the shed is completely cleared, the reconstruction/conversion process can be initiated as per the prescribed procedure.",NULL,NULL,NULL
223836,8ebbf4cf-3857-476a-ac4c-b31fec68c4c0,TKT-1-202607-02972,status_id,STATUS_UPDATE,"Status Updated",7,10,Resolved,Reopened,sf12045_01,"2026-08-04 16:16:22","2026-08-04 10:46:22","Last time we have  done existed shed made empty process like :  mark to issue, outward&inward operation on other transactions,but this other transactions are not  being accepted by competent autharity  at RO level  ,So kindly give other process.",NULL,NULL,NULL
223837,8ebbf4cf-3857-476a-ac4c-b31fec68c4c0,TKT-1-202607-02972,assigned_to,ASSIGNED_TO_UPDATE,"Assigned To Updated",arti.1.t,NULL,arti.1.t,NULL,sf12045_01,"2026-08-04 16:16:22","2026-08-04 10:46:22","Last time we have  done existed shed made empty process like :  mark to issue, outward&inward operation on other transactions,but this other transactions are not  being accepted by competent autharity  at RO level  ,So kindly give other process.",NULL,NULL,NULL
223838,8ebbf4cf-3857-476a-ac4c-b31fec68c4c0,TKT-1-202607-02972,assigned_to_level,ASSIGNED_TO_LEVEL_UPDATE,"Assigned To Level Updated",NULL,NULL,,NULL,sf12045_01,"2026-08-04 16:16:22","2026-08-04 10:46:22","Last time we have  done existed shed made empty process like :  mark to issue, outward&inward operation on other transactions,but this other transactions are not  being accepted by competent autharity  at RO level  ,So kindly give other process.",NULL,NULL,NULL
223915,c1395d5c-8bd2-49d7-8ac2-05e3a80e1fc8,TKT-1-202607-02972,status_id,STATUS_UPDATE,"Status Updated",10,2,Reopened,"Assigned (In Progress)",vikram6singh,"2026-08-04 16:39:28","2026-08-04 11:09:28","Please check.",NULL,NULL,NULL
223916,c1395d5c-8bd2-49d7-8ac2-05e3a80e1fc8,TKT-1-202607-02972,assigned_to,ASSIGNED_TO_UPDATE,"Assigned To Updated",NULL,arti.1.t,NULL,arti.1.t,vikram6singh,"2026-08-04 16:39:28","2026-08-04 11:09:28","Please check.",NULL,NULL,NULL
223917,c1395d5c-8bd2-49d7-8ac2-05e3a80e1fc8,TKT-1-202607-02972,assigned_to_level,ASSIGNED_TO_LEVEL_UPDATE,"Assigned To Level Updated",NULL,NULL,NULL,,vikram6singh,"2026-08-04 16:39:28","2026-08-04 11:09:28","Please check.",NULL,NULL,NULL
224025,fb47a127-a2eb-4d2f-9e06-87ff18dd3c53,TKT-1-202607-02972,assigned_to,ASSIGNED_TO_UPDATE,"Assigned To Updated",arti.1.t,satish.d,arti.1.t,satish.d,arti.1.t,"2026-08-04 17:05:43","2026-08-04 11:35:43","Unable to select the sheds 1c 2c 4c for curative treatment as they are not available in drop down list.Kindly do the needful",NULL,NULL,NULL
224026,fb47a127-a2eb-4d2f-9e06-87ff18dd3c53,TKT-1-202607-02972,assigned_to_level,ASSIGNED_TO_LEVEL_UPDATE,"Assigned To Level Updated",NULL,NULL,,L3,arti.1.t,"2026-08-04 17:05:43","2026-08-04 11:35:43","Unable to select the sheds 1c 2c 4c for curative treatment as they are not available in drop down list.Kindly do the needful",NULL,NULL,NULL
225241,7a7ad30c-b4fb-45a0-9b8f-cb5ec0447c77,TKT-1-202607-02972,assigned_to,ASSIGNED_TO_UPDATE,"Assigned To Updated",satish.d,mukeshkumar,satish.d,mukeshkumar,satish.d,"2026-08-05 14:44:00","2026-08-05 09:14:00","please check this ticket",NULL,NULL,NULL
225242,7a7ad30c-b4fb-45a0-9b8f-cb5ec0447c77,TKT-1-202607-02972,assigned_to_level,ASSIGNED_TO_LEVEL_UPDATE,"Assigned To Level Updated",NULL,NULL,L3,,satish.d,"2026-08-05 14:44:00","2026-08-05 09:14:00","please check this ticket",NULL,NULL,NULL
225434,7d5fad36-a5c3-402c-9903-ea4e9c049e70,TKT-1-202607-02972,assigned_to,ASSIGNED_TO_UPDATE,"Assigned To Updated",mukeshkumar,arti.1.t,mukeshkumar,arti.1.t,mukeshkumar,"2026-08-05 15:38:18","2026-08-05 10:08:18","Please coordinate with the user.",NULL,NULL,NULL
226590,fae43883-b211-4521-a83e-82ead38536ed,TKT-1-202607-02972,status_id,STATUS_UPDATE,"Status Updated",2,7,"Assigned (In Progress)",Resolved,arti.1.t,"2026-08-06 14:12:09","2026-08-06 08:42:09","As discussed over the call and clarified, kindly coordinate with your competent authority for the approval of the Other Transaction. Hence closing this ticket. For Further assistance, please contact our Support team at: 1800 410 6688.",NULL,NULL,NULL
266527,06f34409-a199-4e33-9b78-4132a3dc82ec,TKT-1-202607-02972,status_id,STATUS_UPDATE,"Status Updated",7,8,Resolved,Closed,sf12045_01,"2026-09-10 11:11:34","2026-09-10 05:41:34","Close this ticket",NULL,NULL,NULL
218095,bb01578a-f67a-4274-9a8e-18d85478dcb4,TKT-1-202607-03003,status_id,STATUS_UPDATE,"Status Updated",1,2,"Open (New)","Assigned (In Progress)",vikram6singh,"2026-07-30 11:23:53","2026-07-30 05:53:53","Please check.",NULL,NULL,NULL
218096,bb01578a-f67a-4274-9a8e-18d85478dcb4,TKT-1-202607-03003,assigned_to,ASSIGNED_TO_UPDATE,"Assigned To Updated",NULL,inish.d,NULL,inish.d,vikram6singh,"2026-07-30 11:23:53","2026-07-30 05:53:53","Please check.",NULL,NULL,NULL
218097,bb01578a-f67a-4274-9a8e-18d85478dcb4,TKT-1-202607-03003,assigned_to_level,ASSIGNED_TO_LEVEL_UPDATE,"Assigned To Level Updated",NULL,NULL,NULL,L3,vikram6singh,"2026-07-30 11:23:53","2026-07-30 05:53:53","Please check.",NULL,NULL,NULL
221359,2d91d8b9-c8ff-4efb-8070-603cc16b8fc5,TKT-1-202607-03003,status_id,STATUS_UPDATE,"Status Updated",2,7,"Assigned (In Progress)",Resolved,inish.d,"2026-08-03 11:04:38","2026-08-03 05:34:38","changes done",NULL,NULL,NULL
218229,04bcb332-dd7b-45b3-8d69-4a6eb179d4ca,TKT-1-202607-03017,status_id,STATUS_UPDATE,"Status Updated",1,2,"Open (New)","Assigned (In Progress)",vikram6singh,"2026-07-30 11:58:15","2026-07-30 06:28:15","Please check.",NULL,NULL,NULL
218230,04bcb332-dd7b-45b3-8d69-4a6eb179d4ca,TKT-1-202607-03017,assigned_to,ASSIGNED_TO_UPDATE,"Assigned To Updated",NULL,anshu.r,NULL,anshu.r,vikram6singh,"2026-07-30 11:58:15","2026-07-30 06:28:15","Please check.",NULL,NULL,NULL
218231,04bcb332-dd7b-45b3-8d69-4a6eb179d4ca,TKT-1-202607-03017,assigned_to_level,ASSIGNED_TO_LEVEL_UPDATE,"Assigned To Level Updated",NULL,NULL,NULL,,vikram6singh,"2026-07-30 11:58:15","2026-07-30 06:28:15","Please check.",NULL,NULL,NULL
218243,8f26d848-22c3-476e-a6dc-8d93432dd067,TKT-1-202607-03017,priority,PRIORITY_UPDATE,"Priority Updated",NULL,NULL,P1,P4,anshu.r,"2026-07-30 12:03:36","2026-07-30 06:33:36","As checked and observed, the said Priority does not seem to be a P1 and it seems to be a P4 and hence changing the priority P4 type.",NULL,NULL,NULL
218246,2388ed52-cee7-41cf-90b0-6a70b99e6a1e,TKT-1-202607-03017,assigned_to,ASSIGNED_TO_UPDATE,"Assigned To Updated",anshu.r,satish.d,anshu.r,satish.d,anshu.r,"2026-07-30 12:05:12","2026-07-30 06:35:12","Kindly do the needful",NULL,NULL,NULL
218247,2388ed52-cee7-41cf-90b0-6a70b99e6a1e,TKT-1-202607-03017,assigned_to_level,ASSIGNED_TO_LEVEL_UPDATE,"Assigned To Level Updated",NULL,NULL,,L3,anshu.r,"2026-07-30 12:05:12","2026-07-30 06:35:12","Kindly do the needful",NULL,NULL,NULL
219156,1bcc2415-b229-4f61-b2c0-a1687f3a2706,TKT-1-202607-03017,category,CATEGORY_UPDATE,"Category Updated",10,19,"Any other issues related to Anna Darpan only",Reports,satish.d,"2026-07-30 18:06:11","2026-07-30 12:36:11","Assigning to Reports",NULL,NULL,NULL
219157,1dcd20ca-bca3-4456-86ee-0203bd6cd762,TKT-1-202607-03017,sub_category,SUB_CATEGORY_UPDATE,"Sub Category Updated",10001,19001,"<Given By User>",Others,satish.d,"2026-07-30 18:06:18","2026-07-30 12:36:18","Assigning to Others",NULL,NULL,NULL
219262,3fd1f2c5-f177-48cd-92a4-d30a29ce7d3c,TKT-1-202607-03017,is_master,MASTER_FLAG_UPDATE,"Master Flag Updated",NULL,NULL,false,true,satish.d,"2026-07-31 10:25:35","2026-07-31 04:55:35","Marked as master ticket",NULL,NULL,NULL
219466,fbfb879f-16ac-4e37-ab93-06c7c6e56c05,TKT-1-202607-03017,status_id,STATUS_UPDATE,"Status Updated",2,7,"Assigned (In Progress)",Resolved,umesh.k,"2026-07-31 12:17:05","2026-07-31 06:47:05","kindly refer comment section.",NULL,NULL,NULL
218359,66eec9da-6c33-453d-bbb1-b0dc4e93ab60,TKT-1-202607-03032,status_id,STATUS_UPDATE,"Status Updated",1,2,"Open (New)","Assigned (In Progress)",inish.d,"2026-07-30 12:29:14","2026-07-30 06:59:14","Assigned to l3 team",NULL,NULL,NULL
218360,66eec9da-6c33-453d-bbb1-b0dc4e93ab60,TKT-1-202607-03032,assigned_to,ASSIGNED_TO_UPDATE,"Assigned To Updated",NULL,inish.d,NULL,inish.d,inish.d,"2026-07-30 12:29:14","2026-07-30 06:59:14","Assigned to l3 team",NULL,NULL,NULL
218361,66eec9da-6c33-453d-bbb1-b0dc4e93ab60,TKT-1-202607-03032,assigned_to_level,ASSIGNED_TO_LEVEL_UPDATE,"Assigned To Level Updated",NULL,NULL,NULL,L3,inish.d,"2026-07-30 12:29:14","2026-07-30 06:59:14","Assigned to l3 team",NULL,NULL,NULL
235229,fa3e6c6f-5471-4ef6-8929-16b188daec00,TKT-1-202607-03032,status_id,STATUS_UPDATE,"Status Updated",2,7,"Assigned (In Progress)",Resolved,inish.d,"2026-08-13 16:34:00","2026-08-13 11:04:00",closed,NULL,NULL,NULL
218782,fc59cd22-f64f-4483-8b13-9c600942b3a1,TKT-1-202607-03069,status_id,STATUS_UPDATE,"Status Updated",1,2,"Open (New)","Assigned (In Progress)",vikram6singh,"2026-07-30 15:33:35","2026-07-30 10:03:35","Please check",NULL,NULL,NULL
218783,fc59cd22-f64f-4483-8b13-9c600942b3a1,TKT-1-202607-03069,assigned_to,ASSIGNED_TO_UPDATE,"Assigned To Updated",NULL,inzemamul.h,NULL,inzemamul.h,vikram6singh,"2026-07-30 15:33:35","2026-07-30 10:03:35","Please check",NULL,NULL,NULL
218784,fc59cd22-f64f-4483-8b13-9c600942b3a1,TKT-1-202607-03069,assigned_to_level,ASSIGNED_TO_LEVEL_UPDATE,"Assigned To Level Updated",NULL,NULL,NULL,,vikram6singh,"2026-07-30 15:33:35","2026-07-30 10:03:35","Please check",NULL,NULL,NULL
218786,ddef7f79-e5ba-4841-a997-cad05a78a725,TKT-1-202607-03069,issue_type_id,ISSUE_TYPE_UPDATE,"Issue Type Updated",3,2,"Problem / Bug","Service Request",inzemamul.h,"2026-07-30 15:34:58","2026-07-30 10:04:58","As checked and observed, the said issue does not seem to be a Problem bug and it seems to be a service  request and hence changing the issue type to service  request.",NULL,NULL,NULL
218789,14b5597f-da1c-4d4a-8001-0bf1f1f4d310,TKT-1-202607-03069,assigned_to,ASSIGNED_TO_UPDATE,"Assigned To Updated",inzemamul.h,inish.d,inzemamul.h,inish.d,inzemamul.h,"2026-07-30 15:35:51","2026-07-30 10:05:51","Kindly do needful.",NULL,NULL,NULL
218790,14b5597f-da1c-4d4a-8001-0bf1f1f4d310,TKT-1-202607-03069,assigned_to_level,ASSIGNED_TO_LEVEL_UPDATE,"Assigned To Level Updated",NULL,NULL,,L3,inzemamul.h,"2026-07-30 15:35:51","2026-07-30 10:05:51","Kindly do needful.",NULL,NULL,NULL
218859,1fce3caf-2611-43aa-beff-adc0fd845b3f,TKT-1-202607-03069,priority,PRIORITY_UPDATE,"Priority Updated",NULL,NULL,P1,P3,umesh.k,"2026-07-30 16:02:52","2026-07-30 10:32:52",NULL,NULL,NULL,NULL
218860,1fce3caf-2611-43aa-beff-adc0fd845b3f,TKT-1-202607-03069,recommended_severity,RECOMMENDED_SEVERITY_UPDATE,"Recommended Severity Updated",NULL,NULL,NULL,,umesh.k,"2026-07-30 16:02:52","2026-07-30 10:32:52",NULL,NULL,NULL,NULL
222104,6fdec259-ede6-415d-9467-f56fdec02cf7,TKT-1-202607-03069,status_id,STATUS_UPDATE,"Status Updated",2,7,"Assigned (In Progress)",Resolved,umesh.k,"2026-08-03 15:19:45","2026-08-03 09:49:45","issue has been resolved.",NULL,NULL,NULL
219675,b028102f-0c3e-41e2-beb1-49dee4cf940a,TKT-1-202607-03139,status_id,STATUS_UPDATE,"Status Updated",1,2,"Open (New)","Assigned (In Progress)",vikram6singh,"2026-07-31 13:52:04","2026-07-31 08:22:04","Please check.",NULL,NULL,NULL
219676,b028102f-0c3e-41e2-beb1-49dee4cf940a,TKT-1-202607-03139,assigned_to,ASSIGNED_TO_UPDATE,"Assigned To Updated",NULL,pooja.11,NULL,pooja.11,vikram6singh,"2026-07-31 13:52:04","2026-07-31 08:22:04","Please check.",NULL,NULL,NULL
219677,b028102f-0c3e-41e2-beb1-49dee4cf940a,TKT-1-202607-03139,assigned_to_level,ASSIGNED_TO_LEVEL_UPDATE,"Assigned To Level Updated",NULL,NULL,NULL,,vikram6singh,"2026-07-31 13:52:04","2026-07-31 08:22:04","Please check.",NULL,NULL,NULL
220286,d33c1274-2aaf-4233-8fa4-4f579f25ec26,TKT-1-202607-03139,assigned_to,ASSIGNED_TO_UPDATE,"Assigned To Updated",pooja.11,umesh.k,pooja.11,umesh.k,pooja.11,"2026-07-31 17:51:53","2026-07-31 12:21:53","Kindly do the needful.",NULL,NULL,NULL
220287,d33c1274-2aaf-4233-8fa4-4f579f25ec26,TKT-1-202607-03139,assigned_to_level,ASSIGNED_TO_LEVEL_UPDATE,"Assigned To Level Updated",NULL,NULL,,L2,pooja.11,"2026-07-31 17:51:53","2026-07-31 12:21:53","Kindly do the needful.",NULL,NULL,NULL
221477,73046311-97f4-4025-9ad4-aed42c98b389,TKT-1-202607-03139,issue_type_id,ISSUE_TYPE_UPDATE,"Issue Type Updated",2,4,"Service Request","Change Request",inish.d,"2026-08-03 11:45:51","2026-08-03 06:15:51","Change the issue type as CR",NULL,NULL,NULL
221479,9e7c3130-cb16-4e57-a92d-01ae75e04ce4,TKT-1-202607-03139,is_master,MASTER_FLAG_UPDATE,"Master Flag Updated",NULL,NULL,false,true,inish.d,"2026-08-03 11:46:07","2026-08-03 06:16:07","Marked as master ticket",NULL,NULL,NULL
225930,0e9ff19d-e976-41bd-a31f-db7686e66fec,TKT-1-202607-03139,assigned_to,ASSIGNED_TO_UPDATE,"Assigned To Updated",umesh.k,inish.d,umesh.k,inish.d,inish.d,"2026-08-05 19:29:58","2026-08-05 13:59:58",.,NULL,NULL,NULL
225931,0e9ff19d-e976-41bd-a31f-db7686e66fec,TKT-1-202607-03139,assigned_to_level,ASSIGNED_TO_LEVEL_UPDATE,"Assigned To Level Updated",NULL,NULL,L2,L3,inish.d,"2026-08-05 19:29:58","2026-08-05 13:59:58",.,NULL,NULL,NULL
259943,023eb853-9545-4b08-a5f0-92a7c95981d5,TKT-1-202607-03139,status_id,STATUS_UPDATE,"Status Updated",2,7,"Assigned (In Progress)",Resolved,inish.d,"2026-09-02 12:09:43","2026-09-02 06:39:43","Issue has been resolved.Required enhancements are done please check",NULL,NULL,NULL
219979,db83d88a-7580-429c-9aef-6bd5fd1dfc50,TKT-1-202607-03165,status_id,STATUS_UPDATE,"Status Updated",1,2,"Open (New)","Assigned (In Progress)",vikram6singh,"2026-07-31 15:35:53","2026-07-31 10:05:53","Please check.",NULL,NULL,NULL
219980,db83d88a-7580-429c-9aef-6bd5fd1dfc50,TKT-1-202607-03165,assigned_to,ASSIGNED_TO_UPDATE,"Assigned To Updated",NULL,inzemamul.h,NULL,inzemamul.h,vikram6singh,"2026-07-31 15:35:53","2026-07-31 10:05:53","Please check.",NULL,NULL,NULL
219981,db83d88a-7580-429c-9aef-6bd5fd1dfc50,TKT-1-202607-03165,assigned_to_level,ASSIGNED_TO_LEVEL_UPDATE,"Assigned To Level Updated",NULL,NULL,NULL,,vikram6singh,"2026-07-31 15:35:53","2026-07-31 10:05:53","Please check.",NULL,NULL,NULL
220057,5d0cf828-8793-4393-93a5-e1013b23fb03,TKT-1-202607-03165,assigned_to,ASSIGNED_TO_UPDATE,"Assigned To Updated",inzemamul.h,inish.d,inzemamul.h,inish.d,inzemamul.h,"2026-07-31 16:03:35","2026-07-31 10:33:35","Kindly do the needful.",NULL,NULL,NULL
220058,5d0cf828-8793-4393-93a5-e1013b23fb03,TKT-1-202607-03165,assigned_to_level,ASSIGNED_TO_LEVEL_UPDATE,"Assigned To Level Updated",NULL,NULL,,L3,inzemamul.h,"2026-07-31 16:03:35","2026-07-31 10:33:35","Kindly do the needful.",NULL,NULL,NULL
222260,ddf32832-12c8-4c0b-b054-79f7b844239d,TKT-1-202607-03165,category,CATEGORY_UPDATE,"Category Updated",8,19,"Reporting & Analytics Tools",Reports,satish.d,"2026-08-03 16:07:35","2026-08-03 10:37:35","TIcket related to IRRS Reports",NULL,NULL,NULL
222799,a6d00d54-6170-4f82-83f6-ec7f34a6967e,TKT-1-202607-03165,priority,PRIORITY_UPDATE,"Priority Updated",NULL,NULL,P1,P3,umesh.k,"2026-08-04 09:59:18","2026-08-04 04:29:18","As checked and observed, the said Priority does not seem to be a P1 and it seems to be a P3 and hence changing the priority P3 type.",NULL,NULL,NULL
225459,815b2b17-bc09-43ca-bd2e-3ae9f9cb63e6,TKT-1-202607-03165,status_id,STATUS_UPDATE,"Status Updated",2,7,"Assigned (In Progress)",Resolved,umesh.k,"2026-08-05 15:46:08","2026-08-05 10:16:08","kindly refer comment section for more information.",NULL,NULL,NULL
220161,953d1e0c-cbb0-42d7-ab89-cd11852204b7,TKT-1-202607-03181,status_id,STATUS_UPDATE,"Status Updated",1,2,"Open (New)","Assigned (In Progress)",vikram6singh,"2026-07-31 16:51:56","2026-07-31 11:21:56","Please check.",NULL,NULL,NULL
220162,953d1e0c-cbb0-42d7-ab89-cd11852204b7,TKT-1-202607-03181,assigned_to,ASSIGNED_TO_UPDATE,"Assigned To Updated",NULL,saroj.m,NULL,saroj.m,vikram6singh,"2026-07-31 16:51:56","2026-07-31 11:21:56","Please check.",NULL,NULL,NULL
220163,953d1e0c-cbb0-42d7-ab89-cd11852204b7,TKT-1-202607-03181,assigned_to_level,ASSIGNED_TO_LEVEL_UPDATE,"Assigned To Level Updated",NULL,NULL,NULL,,vikram6singh,"2026-07-31 16:51:56","2026-07-31 11:21:56","Please check.",NULL,NULL,NULL
220288,e80bd210-83c8-4ddb-a61a-9447c42b54d5,TKT-1-202607-03181,assigned_to,ASSIGNED_TO_UPDATE,"Assigned To Updated",saroj.m,umesh.k,saroj.m,umesh.k,saroj.m,"2026-07-31 17:52:25","2026-07-31 12:22:25","Please look into this issue.",NULL,NULL,NULL
220289,e80bd210-83c8-4ddb-a61a-9447c42b54d5,TKT-1-202607-03181,assigned_to_level,ASSIGNED_TO_LEVEL_UPDATE,"Assigned To Level Updated",NULL,NULL,,L2,saroj.m,"2026-07-31 17:52:25","2026-07-31 12:22:25","Please look into this issue.",NULL,NULL,NULL
221975,61af4c8f-1512-4f79-912d-6ced79d17bbb,TKT-1-202607-03181,status_id,STATUS_UPDATE,"Status Updated",2,7,"Assigned (In Progress)",Resolved,umesh.k,"2026-08-03 14:40:37","2026-08-03 09:10:37","This issue is already being tracked under master ticket TKT-1-202604-02629. so we are Closing this ticket.",NULL,NULL,NULL
